timestamp_p,height,x_speed,y_speed,z_speed,pitch,roll,yaw,temperature,distance,barometer,flight_time,battery,mp_distance_x,mp_distance_y,mp_distance_z,class,class_raw
28123.02875,80,0,0,0,0,0,0,68,84,19309,7,65,-15,-5,86,benign,benign
28123.55962,80,0,0,0,0,0,0,68,84,19305,7,65,-13,-6,86,benign,benign
28124.0769,80,0,0,0,0,0,0,68,83,19303,8,65,-18,-6,85,benign,benign
28124.602,80,0,0,0,-1,0,0,67,83,19307,8,65,-21,-9,84,benign,benign
28125.1291,80,0,0,0,-1,0,0,67,85,19309,9,65,-24,-10,84,benign,benign
28125.6552,80,0,0,0,-1,0,0,68,85,19306,9,65,-25,-10,85,benign,benign
28126.17095,80,0,0,0,-1,0,0,68,85,19305,10,65,-26,-15,84,benign,benign
28126.68745,80,1,0,0,-3,-1,0,68,84,19302,10,65,-25,-11,85,benign,benign
28127.21861,80,1,0,0,-1,0,0,68,82,19307,11,65,-21,-6,83,benign,benign
28127.76447,80,1,0,0,0,0,0,68,80,19309,11,65,-13,-4,82,benign,benign
28128.28109,70,1,0,0,-1,0,0,68,79,19299,12,65,-12,-3,82,benign,benign
28128.8293,70,0,0,0,-1,0,0,68,80,19306,12,65,-10,-4,81,benign,benign
28129.35926,70,1,0,0,-1,-2,0,68,80,19305,13,65,-7,-4,82,benign,benign
28129.89923,70,0,0,0,-1,0,0,68,80,19306,13,65,-7,-4,82,benign,benign
28130.42769,70,0,0,0,-1,0,0,68,80,19306,14,65,-7,-5,82,benign,benign
28130.94434,80,0,0,0,-1,-1,0,68,81,19306,14,65,-10,-9,83,benign,benign
28131.47493,80,0,0,0,-1,0,0,68,81,19310,15,65,-19,-13,82,benign,benign
28132.00354,80,0,0,0,-1,0,0,68,82,19311,15,65,-24,-18,81,benign,benign
28132.51575,80,3,0,0,-8,0,0,68,83,19310,16,65,-22,-17,83,benign,benign
28133.03198,80,2,0,0,0,0,0,68,82,19311,16,65,-10,-16,85,benign,benign
28133.56432,80,2,0,0,-1,0,0,69,83,19316,17,65,1,-19,87,benign,benign
28134.07471,80,2,0,0,-1,0,0,69,83,19305,18,65,12,-22,89,benign,benign
28134.58785,80,2,0,0,-1,0,0,68,84,19309,18,65,20,-27,88,benign,benign
28135.11485,80,2,0,0,-1,0,0,68,84,19311,19,65,23,-23,92,benign,benign
28135.63131,80,2,0,0,-1,0,0,68,84,19311,19,65,30,-15,95,benign,benign
28136.17475,80,1,0,0,-1,1,0,68,83,19319,20,65,41,-11,92,benign,benign
28136.70185,80,0,0,0,0,-3,0,68,82,19313,20,65,47,14,82,benign,benign
28137.20849,80,0,0,0,-4,0,0,68,83,19310,21,65,48,11,81,benign,benign
28137.73902,80,0,0,0,2,0,0,67,82,19316,21,65,47,12,83,benign,benign
28138.26662,80,0,0,0,-1,0,0,67,81,19319,22,65,48,15,80,benign,benign
28138.78774,70,-2,-1,0,4,-4,0,68,80,19312,22,65,53,21,80,benign,benign
28139.32481,70,-3,-3,0,-1,0,0,68,81,19315,23,65,19,-20,87,benign,benign
28139.8504,70,-2,-2,0,-2,0,0,68,80,19317,23,65,2,-10,84,benign,benign
28140.3745,70,0,-1,0,-1,0,0,68,80,19316,24,65,-8,-7,82,benign,benign
28140.9023,70,0,0,0,-3,0,0,69,80,19321,24,65,-11,-5,81,benign,benign
28141.42891,70,0,0,0,0,0,0,69,79,19313,25,65,-9,-2,81,benign,benign
28141.9565,70,0,0,0,0,0,0,68,80,19314,25,65,-7,-4,82,benign,benign
28142.49793,80,0,0,0,0,0,0,68,81,19318,26,65,-8,-4,83,benign,benign
28143.02851,80,4,0,0,0,0,0,67,80,19307,27,65,5,-12,84,benign,benign
28143.5382,70,2,0,0,-1,-1,0,67,81,19319,27,65,22,-21,82,benign,benign
28144.07224,80,2,0,0,-1,-1,0,67,81,19321,28,65,34,-22,85,benign,benign
28144.59947,80,2,0,0,-1,-1,0,67,80,19317,28,65,47,-17,85,benign,benign
28145.12485,70,2,-1,0,-1,-1,0,68,80,19313,29,65,39,11,80,benign,benign
28145.65643,80,1,-1,0,2,-1,0,68,80,19318,29,65,34,8,78,benign,benign
28146.18728,80,0,0,0,0,0,0,68,80,19325,30,65,29,4,79,benign,benign
28146.71786,80,2,0,0,-1,0,0,67,81,19322,30,65,29,7,79,benign,benign
28147.23613,80,1,0,0,0,0,0,67,81,19327,31,65,17,9,81,benign,benign
28147.76472,80,1,0,0,0,0,0,67,81,19327,31,65,4,7,83,benign,benign
28148.31227,80,0,0,0,0,-1,0,67,80,19317,32,65,0,8,82,benign,benign
28148.829,70,0,0,0,0,0,0,68,79,19320,32,65,0,7,81,benign,benign
28149.35905,70,0,0,0,0,0,0,68,79,19321,33,65,1,6,81,benign,benign
28149.88918,70,0,0,0,0,-1,0,68,79,19327,33,65,3,8,81,benign,benign
28150.41521,70,0,0,0,-1,-1,0,68,79,19319,34,65,6,14,80,benign,benign
28150.94367,70,4,0,0,0,0,0,67,78,19320,34,65,6,17,79,benign,benign
28151.46926,70,2,0,0,-1,-1,0,67,79,19321,35,65,-16,25,77,benign,benign
28151.9882,70,2,0,0,-1,0,0,68,79,19325,35,65,-23,27,79,benign,benign
28152.54621,70,2,0,0,-2,0,0,68,78,19318,36,65,-34,27,79,benign,benign
28153.10921,70,2,0,0,-2,-1,0,68,78,19322,37,65,-45,40,69,benign,benign
28153.62533,70,2,-1,0,-1,-1,0,68,78,19321,37,65,-25,-22,82,benign,benign
28154.16405,70,0,0,0,1,0,0,68,79,19326,38,65,-21,-26,78,benign,benign
28154.69463,80,0,0,0,-4,-5,0,68,80,19323,38,65,-17,-29,79,benign,benign
28155.2083,80,1,-2,0,-1,0,0,68,80,19327,39,65,-16,-24,79,benign,benign
28155.72349,70,1,-1,0,-1,0,0,68,79,19325,39,65,-10,-14,80,benign,benign
28156.24011,70,1,-1,0,-1,0,0,68,78,19326,40,65,-4,-6,80,benign,benign
28156.77022,70,0,0,0,0,1,0,68,77,19324,40,65,-3,-3,79,benign,benign
28157.29831,70,0,0,0,0,0,19,68,78,19325,41,65,-3,-4,79,benign,benign
28157.82724,70,0,0,0,0,-1,55,68,77,19324,41,65,-2,-8,78,benign,benign
28158.35815,70,0,0,0,0,0,85,68,77,19323,42,65,-2,-10,78,benign,benign
28158.88785,70,0,0,0,0,0,121,68,78,19323,42,65,-2,-14,78,benign,benign
28159.41344,70,0,0,0,0,0,151,68,78,19322,43,65,0,-15,80,benign,benign
28159.93971,70,0,0,0,0,0,172,68,77,19329,43,65,-2,-19,78,benign,benign
28160.46787,70,0,0,0,0,0,178,68,76,19325,44,65,-4,-17,77,benign,benign
28161.00793,70,0,0,0,0,0,178,68,76,19323,45,65,-4,-13,77,benign,benign
28161.52868,70,0,0,0,0,0,178,68,77,19333,45,65,-3,-12,78,benign,benign
28162.05907,70,-4,0,0,-4,0,178,68,78,19320,46,65,-9,-13,78,benign,benign
28162.5921,70,-2,0,0,0,0,178,68,78,19330,46,65,-31,-9,79,benign,benign
28163.12268,70,-2,0,0,0,0,178,68,78,19327,47,65,-39,-8,82,benign,benign
28163.64804,70,-2,0,0,-1,0,178,68,78,19321,47,65,-30,26,75,benign,benign
28164.16891,70,-2,0,0,0,0,178,68,78,19332,48,65,-14,22,77,benign,benign
28164.69604,70,0,0,0,0,0,178,68,78,19327,48,65,-3,12,80,benign,benign
28165.20479,70,0,-1,0,0,0,178,68,79,19330,49,65,4,9,80,benign,benign
28165.76333,80,0,0,0,0,-1,178,68,80,19323,49,65,3,5,81,benign,benign
28166.29391,80,0,0,0,0,0,178,68,80,19322,50,65,3,3,82,benign,benign
28166.81535,80,0,0,0,0,0,178,68,80,19328,50,65,3,3,82,benign,benign
28167.3416,80,-4,0,0,1,0,178,67,81,19326,51,65,14,0,82,benign,benign
28167.87418,80,-2,0,0,-1,0,178,68,81,19327,51,65,35,-1,79,benign,benign
28168.39709,80,-2,0,0,-1,0,178,68,80,19322,52,65,47,-6,77,benign,benign
28168.95896,80,-2,0,0,0,0,178,68,80,19322,52,65,34,0,85,benign,benign
28169.48265,80,-1,0,0,0,-3,178,68,80,19324,53,65,24,-5,82,benign,benign
28169.99811,80,0,0,0,0,0,178,68,80,19324,54,65,12,-6,83,benign,benign
28170.5247,80,-1,0,0,-1,0,178,68,80,19327,54,65,14,-8,82,benign,benign
28171.05372,80,0,0,0,0,0,178,67,79,19327,55,65,1,0,83,benign,benign
28171.61173,70,0,0,0,0,0,178,67,78,19324,55,64,0,0,82,benign,benign
28172.12401,70,0,0,0,0,0,178,68,78,19324,56,64,1,0,82,benign,benign
28172.65507,70,-4,0,0,-3,0,178,68,79,19322,56,64,6,-1,81,benign,benign
28173.20351,80,-2,0,0,0,0,178,68,80,19323,57,64,-11,-3,81,benign,benign
28173.73263,80,-2,0,0,-1,0,178,68,80,19327,57,64,-22,-2,81,benign,benign
28174.25922,70,-2,0,0,-1,0,178,68,78,19324,58,64,-39,-2,76,benign,benign
28174.78781,70,-2,0,0,0,0,178,68,77,19325,58,64,-47,4,78,benign,benign
28175.29999,70,-1,0,0,0,0,178,68,77,19327,59,64,-54,-4,74,benign,benign
28175.81392,70,0,1,0,0,2,178,68,78,19321,59,64,-54,-4,74,benign,benign
28176.33032,70,0,0,0,6,0,178,68,78,19324,60,64,-54,-4,74,benign,benign
28176.84893,80,4,0,0,0,-1,178,68,80,19330,60,64,-54,-4,74,benign,benign
28177.36706,80,3,0,0,-1,0,178,68,79,19328,61,63,-27,2,79,benign,benign
28177.89457,80,1,0,0,-1,0,178,68,79,19325,61,63,-9,1,80,benign,benign
28178.42229,80,0,0,0,-2,0,178,68,79,19322,62,63,-4,3,81,benign,benign
28178.96391,80,0,0,0,0,0,-146,68,80,19321,62,63,0,3,82,benign,benign
28179.49708,80,0,0,0,0,0,-115,68,80,19333,63,63,0,3,82,benign,benign
28180.02584,80,0,0,0,0,0,-84,68,82,19325,63,63,-4,5,83,benign,benign
28180.55596,80,0,0,0,0,0,-46,68,83,19326,64,63,-4,8,84,benign,benign
28181.08097,80,0,0,0,0,0,-17,68,82,19324,65,63,-3,8,85,benign,benign
28181.60856,80,0,0,0,0,0,-5,68,81,19333,65,63,-2,9,84,benign,benign
28182.12319,80,0,0,0,0,0,-3,68,80,19324,66,63,-200,-200,-200,benign,benign
28182.65245,80,0,0,0,0,0,-3,68,80,19331,66,62,-200,-200,-200,benign,benign
28183.16112,70,0,0,2,0,0,-3,67,76,19319,67,62,-200,-200,-200,benign,benign
28183.67527,50,0,0,4,0,0,-3,67,56,19305,67,62,-200,-200,-200,benign,benign
28184.18343,20,0,0,4,0,0,-3,68,26,19266,68,62,-200,-200,-200,benign,benign
28184.69258,0,0,0,3,0,0,-3,68,10,19011,68,62,-200,-200,-200,benign,benign
28185.20103,0,-1,0,0,-1,0,-4,68,10,19081,69,62,-200,-200,-200,benign,benign
28185.74757,0,-1,0,0,-1,0,-4,68,10,19176,69,62,-200,-200,-200,benign,benign
28314.65562,70,0,0,0,0,0,0,72,84,19341,11,52,-6,-4,86,benign,benign
28315.18418,70,0,0,0,0,0,0,72,84,19341,12,52,-7,-5,86,benign,benign
28315.71427,70,0,0,0,0,0,0,72,84,19346,12,52,-6,-6,86,benign,benign
28316.23128,70,0,0,0,0,0,0,72,84,19347,13,52,-6,-8,86,benign,benign
28316.76236,70,0,0,0,0,0,0,72,84,19346,13,52,-5,-9,86,benign,benign
28317.30593,70,0,-1,0,0,-1,0,72,84,19347,14,52,-4,-10,86,benign,benign
28317.82456,70,0,-1,0,0,0,0,72,82,19342,14,52,-3,-7,85,benign,benign
28318.35514,70,0,0,0,0,2,0,72,81,19345,15,52,-3,-5,84,benign,benign
28318.88294,70,0,0,0,0,0,0,72,82,19351,15,52,-4,-7,83,benign,benign
28319.41109,70,0,0,0,0,0,0,71,82,19343,16,52,-1,-10,85,benign,benign
28319.94068,70,0,0,0,0,0,0,71,83,19344,16,52,-1,-11,86,benign,benign
28320.46667,70,0,0,0,0,0,0,72,84,19352,17,52,0,-15,86,benign,benign
28320.99577,70,0,0,0,0,0,0,72,84,19343,17,52,0,-15,87,benign,benign
28321.54231,70,0,0,0,-9,0,0,71,85,19344,18,52,1,-15,87,benign,benign
28322.06599,70,3,0,0,1,0,0,71,84,19346,19,52,19,-16,88,benign,benign
28322.59317,70,2,0,0,-1,0,0,71,84,19344,19,52,31,-15,91,benign,benign
28323.12226,70,2,0,0,-1,-1,0,71,83,19339,20,52,44,9,82,benign,benign
28323.63937,70,2,0,0,0,-1,0,72,83,19339,20,52,31,15,80,benign,benign
28324.1989,70,0,0,0,2,2,0,72,82,19341,21,52,18,13,82,benign,benign
28324.72002,70,0,0,0,-2,-2,0,71,84,19342,21,52,13,11,83,benign,benign
28325.25854,70,1,0,0,0,-1,0,71,83,19344,22,52,10,11,83,benign,benign
28325.78165,70,0,-1,0,0,-1,0,71,80,19344,22,52,3,9,81,benign,benign
28326.30907,70,0,-1,0,0,0,0,71,79,19330,23,52,0,6,79,benign,benign
28326.83666,60,0,0,0,0,0,0,71,78,19340,23,52,0,5,79,benign,benign
28327.36617,60,0,0,0,0,0,0,71,78,19334,24,52,0,7,79,benign,benign
28327.9146,70,2,0,0,-8,0,0,71,79,19334,24,52,0,12,79,benign,benign
28328.44421,70,3,0,0,0,0,0,71,79,19333,25,52,-25,22,75,benign,benign
28328.97377,70,2,0,0,0,-1,0,71,79,19339,25,52,-34,24,77,benign,benign
28329.47564,70,2,0,0,-1,-1,0,71,79,19337,26,52,-34,-35,76,benign,benign
28330.00673,70,2,-1,0,0,-1,0,71,79,19334,27,52,-23,-23,82,benign,benign
28330.53669,70,1,-1,0,0,-1,0,70,78,19336,27,52,-13,-25,78,benign,benign
28331.06553,70,0,0,0,0,2,0,70,79,19339,28,52,-11,-20,78,benign,benign
28331.5939,70,0,0,0,-2,-2,0,70,79,19345,28,52,-8,-18,79,benign,benign
28332.10451,70,0,-1,0,0,0,0,70,79,19337,29,52,-8,-19,79,benign,benign
28332.65376,70,0,-1,0,0,0,0,70,78,19339,29,52,-3,-9,80,benign,benign
28333.16519,70,0,-1,0,0,0,0,70,78,19339,30,52,-3,-6,79,benign,benign
28333.72615,60,0,0,0,0,0,0,71,77,19338,30,52,-4,-4,78,benign,benign
28334.25535,60,0,0,0,0,0,0,71,77,19342,31,52,-4,-8,78,benign,benign
28334.78033,60,2,0,0,-8,0,0,70,79,19336,31,52,-6,-10,78,benign,benign
28335.28089,70,3,0,0,0,0,0,70,78,19338,32,52,10,-16,78,benign,benign
28335.82744,70,2,0,0,-1,-1,0,70,78,19337,32,52,21,-21,77,benign,benign
28336.34415,60,2,0,0,-1,-1,0,70,77,19329,33,52,34,-24,78,benign,benign
28336.87538,60,2,0,0,-1,0,0,70,78,19337,33,52,-31,-3,81,benign,benign
28337.40302,70,2,-1,0,-1,-1,0,71,79,19340,34,52,-21,-9,81,benign,benign
28337.95281,70,0,0,0,0,0,0,71,81,19338,34,52,-12,-4,83,benign,benign
28338.46947,70,0,0,0,-1,0,0,70,80,19334,35,52,-7,-2,83,benign,benign
28338.99183,70,0,0,0,0,0,0,70,79,19338,35,52,-4,-8,81,benign,benign
28339.52086,60,0,0,0,0,0,0,70,78,19335,36,52,-4,-9,80,benign,benign
28340.04966,70,0,0,0,0,0,3,70,79,19342,37,52,-3,-5,81,benign,benign
28340.57594,70,0,0,0,0,0,33,70,79,19334,37,52,-4,-4,81,benign,benign
28341.1056,70,0,0,0,0,0,68,70,80,19335,38,52,-3,-7,81,benign,benign
28341.63472,70,0,0,0,0,0,99,70,78,19334,38,52,-6,-11,80,benign,benign
28342.16761,60,0,0,0,0,0,135,70,77,19342,39,52,-3,-13,79,benign,benign
28342.71528,60,0,0,0,0,0,164,70,77,19337,39,52,-6,-15,78,benign,benign
28343.24339,60,0,0,0,0,0,176,70,76,19333,40,52,-3,-16,78,benign,benign
28343.75965,60,0,0,0,0,0,178,70,77,19333,40,52,-5,-15,79,benign,benign
28344.28923,70,0,0,0,0,0,178,70,78,19335,41,52,-5,-13,80,benign,benign
28344.80683,70,0,0,0,-5,0,178,70,79,19335,41,52,-4,-12,81,benign,benign
28345.32232,70,-4,0,0,-1,0,178,70,79,19343,42,52,-15,-13,80,benign,benign
28345.8391,70,-2,0,0,0,0,178,70,78,19339,42,52,-35,-5,86,benign,benign
28346.35222,70,-2,0,0,0,0,178,70,78,19346,43,52,-35,-5,86,benign,benign
28346.88329,70,-2,0,0,0,0,178,70,78,19343,43,52,12,-30,76,benign,benign
28347.39931,70,-1,0,0,5,0,178,70,77,19337,44,52,3,-29,76,benign,benign
28347.91221,60,0,0,0,0,2,178,70,76,19341,44,52,-4,-29,75,benign,benign
28348.47472,70,0,-2,0,0,0,178,70,77,19341,45,52,-5,-17,78,benign,benign
28349.00395,70,0,-1,0,0,0,178,70,77,19338,45,52,-6,-7,78,benign,benign
28349.53055,70,0,0,0,0,-1,178,70,78,19340,46,52,-6,-3,79,benign,benign
28350.05914,70,0,0,0,0,0,178,70,79,19339,47,52,-8,-1,79,benign,benign
28350.58673,70,0,0,0,0,0,178,70,79,19343,47,52,-13,1,78,benign,benign
28351.10238,70,-2,0,0,-1,0,178,70,78,19339,48,52,-13,0,79,benign,benign
28351.62495,70,-2,0,0,-1,0,178,69,78,19329,48,52,-28,0,78,benign,benign
28352.14307,70,-2,0,0,4,0,178,69,77,19329,49,52,-52,-3,70,benign,benign
28352.65356,60,0,0,0,6,0,178,69,78,19345,49,52,-37,6,77,benign,benign
28353.18421,70,2,0,0,0,0,179,69,78,19344,50,52,-61,8,60,benign,benign
28353.6984,70,2,0,0,0,0,178,69,79,19341,50,52,-32,0,78,benign,benign
28354.2108,70,2,0,0,-5,0,178,69,80,19340,51,52,-18,0,80,benign,benign
28354.72841,70,0,0,0,2,0,178,69,80,19341,51,52,-8,-2,81,benign,benign
28355.24915,70,1,0,0,0,0,178,69,80,19346,52,52,-6,-2,81,benign,benign
28355.78025,70,0,0,0,-5,0,178,69,80,19337,52,52,-10,0,80,benign,benign
28356.31085,70,-4,0,0,0,0,179,69,80,19337,53,52,-13,-5,80,benign,benign
28356.83951,70,-2,0,0,0,0,178,70,81,19342,53,52,-34,0,80,benign,benign
28357.3659,70,-2,0,0,0,0,178,70,81,19332,54,52,-48,-7,76,benign,benign
28357.89056,70,-2,0,0,0,0,178,70,81,19336,54,52,-25,5,80,benign,benign
28358.42114,70,-1,0,0,2,0,178,70,80,19339,55,52,-5,3,82,benign,benign
28358.94651,70,0,0,0,0,0,178,70,80,19340,55,52,-3,2,82,benign,benign
28359.46382,70,0,0,0,0,0,178,70,83,19337,56,52,-3,2,83,benign,benign
28360.00294,70,0,0,0,0,0,178,70,82,19338,57,52,-3,2,84,benign,benign
28360.51979,70,-4,0,0,-2,0,178,70,81,19339,57,52,-2,2,82,benign,benign
28361.04474,70,-2,0,0,0,0,178,69,81,19339,58,52,19,0,81,benign,benign
28361.54861,70,-2,0,0,0,0,178,69,80,19334,58,52,33,-1,78,benign,benign
28362.07527,70,-2,0,0,-1,0,178,69,80,19337,59,52,46,-2,79,benign,benign
28362.60682,70,-2,0,0,0,0,178,69,80,19334,59,52,35,-3,83,benign,benign
28363.12421,70,0,0,0,0,0,178,69,79,19335,60,52,27,-9,81,benign,benign
28363.6508,70,0,0,0,-2,0,178,69,79,19336,60,52,24,-8,80,benign,benign
28364.17785,70,-1,0,0,0,0,178,69,80,19331,61,52,17,-7,81,benign,benign
28364.67939,70,-1,0,0,-1,0,178,69,79,19336,61,52,7,-5,81,benign,benign
28365.21595,70,0,0,0,1,0,178,70,77,19333,62,51,-1,-2,80,benign,benign
28365.74006,70,0,0,0,0,0,-155,69,78,19333,62,51,1,-3,80,benign,benign
28366.26589,70,0,0,0,0,0,-131,69,77,19326,63,51,2,-5,79,benign,benign
28366.78057,70,0,0,0,0,0,-95,69,78,19343,63,51,0,0,80,benign,benign
28367.3105,70,0,0,0,0,0,-65,69,78,19341,64,51,2,0,80,benign,benign
28367.84363,70,0,0,0,0,0,-30,69,81,19339,64,51,1,2,82,benign,benign
28368.35925,70,0,0,0,0,0,-8,69,82,19344,65,51,-1,2,84,benign,benign
28368.88782,70,0,0,0,0,0,-3,69,82,19340,65,51,0,3,84,benign,benign
28369.41193,70,0,0,0,0,0,-2,69,81,19336,66,51,-200,-200,-200,benign,benign
28369.91322,70,0,0,1,0,0,-3,69,78,19332,66,51,-200,-200,-200,benign,benign
28370.44386,50,0,0,4,0,0,-3,69,61,19316,67,50,-200,-200,-200,benign,benign
28370.971,30,0,0,4,0,0,-2,69,38,19300,67,50,-200,-200,-200,benign,benign
28371.49759,0,0,0,4,0,0,-2,69,18,19246,68,50,-200,-200,-200,benign,benign
28372.02718,0,0,0,0,-1,0,0,69,10,19000,69,50,-200,-200,-200,benign,benign
28372.55477,0,0,0,0,-1,0,0,69,10,19177,69,50,-200,-200,-200,benign,benign
28422.47751,70,0,0,0,0,0,0,68,82,19359,11,40,-10,-4,84,benign,benign
28423.00365,70,0,0,0,0,0,0,68,82,19355,11,40,-10,-5,83,benign,benign
28423.53196,70,0,0,0,0,0,0,69,82,19347,12,40,-9,-7,84,benign,benign
28424.0486,70,0,0,0,0,-1,0,69,83,19352,12,40,-11,-6,84,benign,benign
28424.57718,70,0,0,0,0,-1,0,69,84,19352,13,40,-7,-7,85,benign,benign
28425.10635,70,0,0,0,0,0,0,69,84,19360,13,40,-10,-8,85,benign,benign
28425.63586,70,0,0,0,0,-1,0,68,84,19355,14,40,-10,-7,86,benign,benign
28426.16353,70,1,0,0,0,-1,0,68,83,19354,14,40,-8,-7,85,benign,benign
28426.68926,70,0,0,0,0,-1,0,68,81,19356,15,40,-6,-5,84,benign,benign
28427.23514,60,0,0,0,0,0,0,68,81,19353,16,40,-4,-7,83,benign,benign
28427.75346,70,0,0,0,0,0,0,68,82,19346,16,40,-3,-10,84,benign,benign
28428.28108,70,0,0,0,0,-1,0,68,83,19351,17,40,-6,-14,85,benign,benign
28428.82359,70,0,0,0,0,-1,0,68,83,19345,17,40,-5,-18,85,benign,benign
28429.36638,70,2,0,0,-8,0,0,68,85,19347,18,40,-4,-22,86,benign,benign
28429.89548,70,3,0,0,0,0,0,68,84,19346,18,40,11,-22,88,benign,benign
28430.42359,70,2,0,0,-1,-1,0,68,83,19340,19,40,24,-22,95,benign,benign
28430.95069,70,2,0,0,-1,-1,0,68,82,19343,19,40,24,-22,95,benign,benign
28431.46831,70,2,0,0,-1,-1,0,68,81,19344,20,40,43,19,81,benign,benign
28431.98563,70,1,-1,0,0,-1,0,68,80,19338,20,40,30,20,79,benign,benign
28432.51385,70,0,0,0,0,0,0,68,80,19348,21,40,26,17,78,benign,benign
28433.03845,60,1,-1,0,-4,-3,0,68,80,19338,21,40,26,15,79,benign,benign
28433.55452,60,1,-1,0,0,0,0,69,80,19339,22,40,15,12,80,benign,benign
28434.07015,60,1,0,0,0,-1,0,69,79,19344,22,40,7,8,80,benign,benign
28434.58531,60,0,0,0,1,-1,0,69,78,19341,23,40,2,5,80,benign,benign
28435.13185,60,0,0,0,0,-1,0,69,79,19337,23,40,2,5,80,benign,benign
28435.66209,60,0,0,0,0,0,0,69,80,19345,24,40,4,6,81,benign,benign
28436.17596,70,0,0,0,0,0,0,69,81,19346,24,40,5,7,82,benign,benign
28436.71692,70,0,0,0,-9,0,0,68,82,19345,25,40,10,13,82,benign,benign
28437.24647,70,3,0,0,0,0,0,68,80,19347,26,40,-2,15,83,benign,benign
28437.75764,70,2,0,0,-1,-1,0,68,81,19349,26,40,-22,25,80,benign,benign
28438.27525,60,2,0,0,-1,0,0,68,80,19349,27,40,-33,29,78,benign,benign
28438.80445,60,2,0,0,-1,0,0,69,80,19347,27,40,-46,-32,74,benign,benign
28439.33111,70,2,-1,0,-1,0,0,69,81,19336,28,40,-30,-30,81,benign,benign
28439.84266,70,1,-1,0,3,-1,0,68,81,19338,28,40,-18,-25,82,benign,benign
28440.36598,70,0,0,0,0,0,0,68,81,19348,29,40,-15,-27,80,benign,benign
28440.88299,60,1,-2,0,0,0,0,68,80,19340,29,40,-14,-26,80,benign,benign
28441.39714,60,0,-1,0,0,0,0,68,81,19338,30,40,-8,-16,81,benign,benign
28441.92239,70,0,-1,0,-1,-1,0,68,81,19351,30,40,-5,-11,83,benign,benign
28442.45101,60,0,-1,0,0,0,0,68,81,19346,31,40,-4,-8,82,benign,benign
28442.96307,60,0,0,0,-1,-1,0,68,81,19346,31,40,-3,-6,82,benign,benign
28443.49413,60,0,0,0,-1,1,0,69,80,19337,32,40,-3,-4,82,benign,benign
28444.05668,60,0,0,0,0,0,0,69,80,19352,32,40,-2,-8,82,benign,benign
28444.58579,70,0,0,0,0,-1,0,69,81,19351,33,40,-4,-10,82,benign,benign
28445.11437,60,4,0,0,-1,0,0,69,81,19350,33,40,0,-14,82,benign,benign
28445.6454,70,2,0,0,-1,0,0,68,81,19350,34,40,18,-25,79,benign,benign
28446.17289,60,2,0,0,-1,-1,0,68,80,19349,34,40,26,-26,80,benign,benign
28446.70112,60,2,0,0,-1,-1,0,68,79,19338,35,40,-52,-8,78,benign,benign
28447.21669,60,1,0,0,-2,-1,0,68,80,19342,35,40,-38,-12,82,benign,benign
28447.74715,60,1,-1,0,-1,0,0,69,80,19347,36,40,-20,-14,83,benign,benign
28448.26194,60,0,0,0,0,0,0,69,81,19350,37,40,-16,-11,82,benign,benign
28448.78036,60,0,0,0,-1,0,0,69,81,19346,37,40,-13,-12,83,benign,benign
28449.29598,60,0,-1,0,0,0,0,69,80,19346,38,40,-8,-9,82,benign,benign
28449.82271,60,0,0,0,0,1,0,68,79,19346,38,40,-3,-4,81,benign,benign
28450.36977,60,0,0,0,0,0,27,68,80,19351,39,40,-2,-4,81,benign,benign
28450.89743,60,0,0,0,0,0,57,68,79,19352,39,40,-2,-4,82,benign,benign
28451.41655,60,0,0,0,0,0,88,68,79,19350,40,40,-1,-9,81,benign,benign
28451.93585,60,0,0,0,0,0,125,68,77,19352,40,40,0,-12,79,benign,benign
28452.46353,60,0,0,0,0,0,156,68,77,19349,41,40,-1,-15,78,benign,benign
28452.97879,60,0,0,0,0,0,174,68,78,19345,41,40,-4,-16,79,benign,benign
28453.50695,60,0,0,0,0,0,178,68,79,19351,42,40,-2,-13,81,benign,benign
28454.02368,60,0,0,0,0,0,178,69,79,19354,42,40,-3,-11,81,benign,benign
28454.55434,60,0,0,0,-9,0,178,69,79,19356,43,40,-5,-10,81,benign,benign
28455.08419,60,-3,0,0,1,0,177,69,78,19351,43,40,-21,-10,80,benign,benign
28455.60236,60,-2,0,0,0,0,177,68,79,19355,44,40,-33,-5,83,benign,benign
28456.11499,60,-2,0,0,0,0,178,68,79,19358,44,40,-60,-2,76,benign,benign
28456.63161,60,-2,0,0,0,0,178,68,79,19362,45,40,-60,-2,76,benign,benign
28457.16206,60,-1,0,0,0,0,178,68,79,19353,45,40,5,-17,80,benign,benign
28457.67565,60,0,0,0,0,0,178,68,78,19364,46,40,0,-14,80,benign,benign
28458.21088,60,0,-1,0,0,0,178,68,79,19360,46,40,0,-12,79,benign,benign
28458.73903,60,0,0,0,0,-2,178,69,79,19359,47,40,-1,-6,80,benign,benign
28459.26662,60,0,0,0,0,0,178,69,79,19365,47,40,-1,-4,80,benign,benign
28459.79311,60,0,0,0,0,0,178,68,77,19364,48,40,-9,-2,79,benign,benign
28460.30844,60,0,0,0,0,0,-156,68,77,19362,49,40,0,-3,79,benign,benign
28460.82857,60,0,0,0,0,0,-145,68,78,19354,49,40,2,-5,79,benign,benign
28461.3586,60,0,0,0,0,0,-144,68,79,19358,50,40,0,-3,79,benign,benign
28461.87223,60,0,0,0,0,0,-167,68,78,19359,50,40,-1,-3,80,benign,benign
28462.4215,60,0,0,0,0,0,178,68,80,19363,51,40,-1,-3,81,benign,benign
28462.95002,70,0,0,0,0,0,176,68,80,19358,51,40,-1,-3,82,benign,benign
28463.48459,70,-4,0,0,-2,0,174,68,81,19361,52,40,0,-4,82,benign,benign
28464.014,70,-2,0,0,0,0,174,69,80,19357,52,40,-20,2,81,benign,benign
28464.54109,70,-2,0,0,0,0,174,69,80,19365,53,40,-38,2,81,benign,benign
28465.05921,70,-2,0,0,0,0,174,68,81,19354,53,40,-37,1,80,benign,benign
28465.577,70,-2,1,0,0,1,174,68,80,19354,54,40,-21,-2,82,benign,benign
28466.09694,70,0,0,0,-1,0,174,68,79,19360,54,40,-9,1,82,benign,benign
28466.62616,60,-1,0,0,0,0,174,68,79,19355,55,40,-5,0,81,benign,benign
28467.17039,60,0,0,0,0,0,174,68,79,19363,55,40,-2,-1,81,benign,benign
28467.72864,60,0,0,0,0,0,174,69,79,19357,56,40,-2,-3,81,benign,benign
28468.25797,60,-2,0,0,-8,0,174,69,80,19353,57,40,-1,-4,81,benign,benign
28468.78795,60,-3,0,0,0,0,174,68,80,19357,57,40,9,-5,81,benign,benign
28469.30624,70,-2,0,0,-1,0,174,68,79,19356,58,40,33,-8,78,benign,benign
28469.83493,60,-2,0,0,-1,0,174,68,77,19348,58,40,46,-8,76,benign,benign
28470.33563,60,-2,0,0,-1,0,174,68,76,19353,59,40,43,-11,81,benign,benign
28470.88119,60,-1,0,0,3,0,174,68,75,19354,59,40,30,-5,77,benign,benign
28471.39195,60,0,0,0,0,0,174,68,75,19352,60,40,24,-5,77,benign,benign
28471.92081,60,-1,0,0,0,0,174,68,79,19362,60,40,14,-4,81,benign,benign
28472.46889,60,-1,0,0,0,0,174,68,79,19364,61,40,4,-3,82,benign,benign
28472.99186,60,0,0,0,0,0,174,69,79,19360,61,40,1,-3,82,benign,benign
28473.51453,60,0,0,0,0,0,-168,69,79,19362,62,40,-2,-3,82,benign,benign
28474.04367,60,0,0,0,0,0,-138,68,80,19358,62,40,1,-4,82,benign,benign
28474.55938,60,0,0,0,0,0,-109,68,80,19358,63,40,0,-2,83,benign,benign
28475.12244,70,0,0,0,0,0,-67,68,81,19362,63,40,0,-2,84,benign,benign
28475.62446,70,0,0,0,0,0,-37,68,82,19357,64,40,0,-1,84,benign,benign
28476.15608,70,0,0,0,0,0,-14,68,81,19365,64,40,-3,0,84,benign,benign
28476.66872,60,0,0,0,0,0,-7,68,80,19363,65,40,-2,0,83,benign,benign
28477.1788,60,0,0,0,0,0,-7,68,80,19365,66,40,-200,-200,-200,benign,benign
28477.67983,60,0,0,0,0,0,-7,68,79,19363,66,40,-200,-200,-200,benign,benign
28478.19366,60,0,0,3,0,0,-7,68,70,19364,66,40,-200,-200,-200,benign,benign
28478.7235,30,0,0,4,0,0,-6,68,42,19324,67,40,-200,-200,-200,benign,benign
28479.25088,10,0,0,4,0,0,-7,68,18,19296,68,40,-200,-200,-200,benign,benign
28479.79344,0,0,0,1,0,1,-7,68,6553,18909,68,40,-200,-200,-200,benign,benign
28480.31251,0,0,0,0,0,1,-8,68,10,19185,69,40,-200,-200,-200,benign,benign
28519.8986,80,0,0,0,0,0,0,67,83,19376,7,29,-8,-5,85,benign,benign
28520.42943,80,0,0,0,0,0,0,67,84,19381,8,29,-8,-3,86,benign,benign
28520.95877,80,0,0,0,0,0,0,67,84,19380,8,29,-7,-3,87,benign,benign
28521.52027,80,0,0,0,0,0,0,68,84,19374,9,29,-8,-5,87,benign,benign
28522.04418,80,0,0,0,0,0,0,68,84,19375,9,29,-8,-5,87,benign,benign
28522.56835,80,0,0,0,0,0,0,67,84,19375,10,29,-9,-6,87,benign,benign
28523.09594,80,0,0,0,0,0,0,67,84,19373,10,29,-8,-7,86,benign,benign
28523.62305,80,1,0,0,0,0,0,67,83,19376,11,29,-8,-9,85,benign,benign
28524.13869,80,0,0,0,0,0,0,67,80,19367,12,29,-4,-5,84,benign,benign
28524.6692,70,0,0,0,0,0,0,67,80,19374,12,29,0,-7,83,benign,benign
28525.19834,80,0,0,0,0,0,0,67,81,19365,13,29,-4,-8,84,benign,benign
28525.74738,80,0,0,0,0,0,0,68,82,19374,13,29,-5,-15,85,benign,benign
28526.27834,80,0,0,0,0,0,0,68,82,19376,14,29,-5,-17,86,benign,benign
28526.80924,80,0,0,0,0,0,1,67,83,19373,14,29,-6,-20,85,benign,benign
28527.33808,80,0,0,0,0,0,1,67,83,19373,15,29,-7,-20,85,benign,benign
28527.86367,80,4,0,0,-4,0,0,67,83,19380,15,29,0,-21,86,benign,benign
28528.38182,80,2,0,0,-1,0,0,67,83,19368,16,29,14,-21,89,benign,benign
28528.91339,80,2,0,0,-1,-1,0,68,83,19372,16,29,27,-22,92,benign,benign
28529.43197,80,2,0,0,-1,0,0,68,83,19370,17,29,27,-19,96,benign,benign
28529.98193,80,2,0,0,-1,-1,0,67,82,19370,17,29,45,14,83,benign,benign
28530.51427,80,1,-1,0,-1,-1,0,67,83,19367,18,29,34,18,81,benign,benign
28531.03542,80,0,0,0,0,0,0,67,82,19372,18,29,25,16,83,benign,benign
28531.55753,80,1,-1,0,-3,-2,1,67,83,19368,19,29,26,11,84,benign,benign
28532.08663,80,1,-1,0,-1,0,1,67,82,19364,19,29,14,16,83,benign,benign
28532.59953,80,1,0,0,0,0,1,67,81,19371,20,29,7,9,83,benign,benign
28533.12837,80,0,0,0,0,-1,0,67,80,19367,20,29,5,7,82,benign,benign
28533.65496,80,0,-1,0,0,-1,0,67,80,19375,21,29,2,5,82,benign,benign
28534.18405,80,0,0,0,-2,-1,0,67,81,19370,22,29,2,6,82,benign,benign
28534.71414,80,0,0,0,0,0,0,67,82,19365,22,29,4,6,83,benign,benign
28535.23279,80,0,0,0,0,-1,0,67,83,19377,23,29,4,9,85,benign,benign
28535.7496,80,3,0,0,-8,0,0,67,84,19374,23,29,9,16,84,benign,benign
28536.279,80,3,0,0,0,0,0,67,84,19377,24,29,-8,18,85,benign,benign
28536.79499,80,2,0,0,-1,-1,0,68,84,19375,24,29,-28,28,81,benign,benign
28537.33792,80,2,0,0,-1,-1,0,68,83,19366,25,29,-39,27,82,benign,benign
28537.86261,80,2,-1,0,-1,-1,0,67,82,19366,25,29,-35,-24,85,benign,benign
28538.38143,80,2,-1,0,-1,-1,0,67,81,19369,26,29,-22,-21,83,benign,benign
28538.91226,80,0,0,0,1,1,0,67,80,19371,26,29,-17,-17,82,benign,benign
28539.42658,80,0,0,0,-3,-3,1,67,80,19366,27,29,-10,-16,82,benign,benign
28539.94519,80,0,-1,0,-1,-1,0,67,79,19370,27,29,-10,-15,81,benign,benign
28540.46271,80,0,-1,0,-1,0,0,67,79,19362,28,29,-6,-12,80,benign,benign
28540.99345,80,0,-1,0,0,-1,0,67,78,19364,28,29,-4,-7,81,benign,benign
28541.5164,80,0,0,0,0,1,0,68,79,19373,29,29,-4,-7,81,benign,benign
28542.03437,80,0,0,0,-1,0,1,68,80,19368,29,29,-2,-5,82,benign,benign
28542.54906,80,0,0,0,-1,0,0,67,81,19372,30,29,-3,-9,82,benign,benign
28543.06281,80,2,0,0,-8,0,0,67,82,19366,30,29,-3,-13,82,benign,benign
28543.57743,80,3,0,0,0,0,0,67,81,19365,31,29,6,-16,82,benign,benign
28544.10502,80,2,0,0,-1,-1,0,67,82,19367,31,29,26,-29,81,benign,benign
28544.64895,80,2,0,0,-1,-1,0,67,81,19364,32,29,29,-40,79,benign,benign
28545.16573,80,2,-1,0,-1,-1,0,67,80,19361,33,29,-25,-13,84,benign,benign
28545.68729,80,1,-1,0,0,-1,0,67,79,19366,33,29,-19,-14,81,benign,benign
28546.20232,70,0,0,0,0,0,0,67,78,19366,34,29,-9,-8,81,benign,benign
28546.72339,70,1,-1,0,-1,-1,0,67,78,19372,34,29,-10,-13,80,benign,benign
28547.2333,70,0,-1,0,1,0,0,67,78,19374,35,29,-5,-9,81,benign,benign
28547.74822,70,0,0,0,0,-1,0,67,78,19374,35,29,-3,-6,81,benign,benign
28548.27945,80,0,0,0,0,0,11,67,79,19377,36,29,-6,-5,82,benign,benign
28548.8057,80,0,0,0,0,-1,43,67,79,19381,36,29,-6,-6,82,benign,benign
28549.32428,80,0,0,0,0,-1,81,67,80,19382,37,29,-8,-12,82,benign,benign
28549.85335,80,0,0,0,0,0,105,68,80,19378,37,29,-2,-18,82,benign,benign
28550.38995,80,0,0,0,1,0,140,68,80,19380,38,29,-10,-20,82,benign,benign
28550.90959,80,0,0,0,0,0,167,68,80,19375,38,29,-11,-23,81,benign,benign
28551.43839,80,0,0,0,1,0,176,68,80,19379,39,29,-8,-20,83,benign,benign
28551.96825,80,0,0,0,0,0,178,67,80,19376,39,29,-11,-19,82,benign,benign
28552.4992,80,0,0,0,0,0,178,67,81,19371,40,29,-8,-12,84,benign,benign
28553.03075,80,0,0,0,0,0,178,67,81,19372,40,29,-7,-10,84,benign,benign
28553.56433,80,-4,0,0,-6,0,178,67,80,19370,41,29,-12,-9,83,benign,benign
28554.11835,80,-2,0,0,-1,0,178,67,80,19376,42,29,-35,-3,84,benign,benign
28554.6323,80,-2,0,0,0,0,178,67,80,19376,42,29,28,-23,82,benign,benign
28555.15416,80,-2,0,0,0,-1,179,67,79,19376,43,29,19,-21,80,benign,benign
28555.65781,80,-2,0,0,0,1,179,67,79,19377,43,29,5,-18,79,benign,benign
28556.18778,70,0,1,0,0,-3,179,66,78,19376,44,29,-2,-15,80,benign,benign
28556.71871,70,0,0,0,0,0,179,68,78,19375,44,29,-5,-15,80,benign,benign
28557.24785,80,0,-1,0,0,0,179,68,79,19374,45,29,-4,-12,80,benign,benign
28557.77546,80,0,0,0,0,0,178,67,79,19372,45,29,-4,-5,81,benign,benign
28558.29729,80,0,0,0,0,0,178,67,80,19374,46,29,-3,0,81,benign,benign
28558.84382,80,0,0,0,-2,0,178,67,80,19375,46,29,-4,1,81,benign,benign
28559.37399,80,-3,0,0,0,0,178,67,79,19381,47,29,-14,6,80,benign,benign
28559.92008,80,-2,0,0,0,0,179,67,79,19374,47,29,-33,13,78,benign,benign
28560.44856,80,-2,0,0,0,0,179,67,79,19369,48,29,-41,12,80,benign,benign
28560.95571,70,-2,0,0,0,0,179,67,77,19376,48,29,-31,-10,79,benign,benign
28561.48092,70,-1,1,0,0,-1,179,67,77,19374,49,29,-21,-13,77,benign,benign
28561.99166,70,0,0,0,0,0,179,67,75,19375,49,29,-8,-6,78,benign,benign
28562.52175,70,0,0,0,-2,-2,179,67,77,19377,50,29,-8,-9,78,benign,benign
28563.05028,70,0,0,0,0,0,178,67,77,19372,50,29,-4,-7,80,benign,benign
28563.59321,80,0,0,0,0,0,179,67,79,19379,51,29,-3,-4,81,benign,benign
28564.12077,80,0,0,0,0,0,178,67,79,19374,51,29,-5,-5,82,benign,benign
28564.63445,80,0,0,0,0,0,179,67,80,19373,52,29,-6,-7,83,benign,benign
28565.16489,80,-4,0,0,-3,0,178,68,81,19379,53,29,-9,-12,82,benign,benign
28565.71045,80,-2,0,0,0,-1,178,68,81,19367,53,29,13,-17,81,benign,benign
28566.24052,80,-2,0,0,-1,0,178,67,80,19367,54,29,34,-20,77,benign,benign
28566.80427,80,-2,0,0,-1,0,178,68,79,19373,54,29,45,-15,79,benign,benign
28567.33385,80,-2,0,0,-1,0,179,68,79,19375,55,29,56,-13,73,benign,benign
28567.85899,80,-1,0,0,1,0,178,68,78,19375,55,29,34,3,81,benign,benign
28568.38898,70,0,0,0,-1,0,178,68,79,19375,56,29,31,1,80,benign,benign
28568.90557,80,-2,0,0,0,0,178,68,80,19366,56,29,29,3,81,benign,benign
28569.43466,80,-1,0,0,0,0,178,68,80,19369,57,29,10,4,83,benign,benign
28569.96561,80,-1,0,0,0,0,178,67,81,19378,57,29,2,4,83,benign,benign
28570.47671,80,0,0,0,0,-1,178,67,81,19374,58,29,0,3,84,benign,benign
28571.0073,80,0,0,0,0,0,-172,67,82,19380,58,29,0,3,84,benign,benign
28571.51993,80,0,0,0,0,0,-136,67,84,19378,59,29,3,2,85,benign,benign
28572.05254,80,0,0,0,0,0,-106,67,83,19374,59,29,2,4,85,benign,benign
28572.57085,80,0,0,0,0,0,-76,67,82,19381,60,29,2,5,84,benign,benign
28573.13088,80,0,0,0,0,0,-40,68,81,19375,61,29,2,4,84,benign,benign
28573.63168,80,0,0,0,0,0,-13,68,79,19373,61,29,0,9,82,benign,benign
28574.16451,80,0,0,0,0,0,-3,68,80,19375,62,29,1,11,82,benign,benign
28574.70912,80,0,0,0,0,0,-2,68,81,19376,62,29,-200,-200,-200,benign,benign
28575.22674,80,0,0,0,0,0,-2,67,80,19382,63,29,-200,-200,-200,benign,benign
28575.7313,70,0,0,3,0,0,-2,67,72,19367,63,29,-200,-200,-200,benign,benign
28576.23412,50,0,0,4,0,0,-2,67,50,19351,64,29,-200,-200,-200,benign,benign
28576.7799,30,0,0,4,0,0,-2,67,26,19333,64,29,-200,-200,-200,benign,benign
28577.2809,10,0,0,3,0,0,-2,68,10,19202,65,29,-200,-200,-200,benign,benign
28577.80661,0,0,0,0,-1,0,-2,68,10,19129,65,29,-200,-200,-200,benign,benign
28578.33122,10,0,0,0,-1,0,-2,68,10,19227,66,29,-200,-200,-200,benign,benign
30721.40238,80,0,0,0,0,0,0,62,83,19684,7,82,-11,-4,85,benign,benign
30721.9298,80,0,0,0,0,0,0,62,83,19691,7,82,-10,-4,85,benign,benign
30722.44515,80,0,0,0,0,0,0,62,82,19687,8,82,-11,-2,85,benign,benign
30722.9736,80,0,0,0,-3,0,0,62,82,19687,8,82,-10,-4,85,benign,benign
30723.48549,80,0,0,0,0,0,0,62,82,19689,9,82,-7,-3,85,benign,benign
30724.01065,80,0,0,0,0,0,0,62,81,19686,10,82,-6,-4,84,benign,benign
30724.53792,80,0,0,0,0,0,0,63,81,19688,10,82,-7,-6,84,benign,benign
30725.06756,80,0,0,0,0,0,0,63,82,19683,11,82,-9,-11,84,benign,benign
30725.58642,80,0,0,0,0,0,0,62,83,19682,11,82,-10,-10,86,benign,benign
30726.14198,80,0,0,0,-1,0,0,62,83,19692,12,82,-8,-14,86,benign,benign
30726.67058,80,0,0,0,0,0,0,62,84,19687,12,82,-11,-16,86,benign,benign
30727.18748,80,3,0,0,-8,0,0,62,85,19681,13,82,-13,-18,85,benign,benign
30727.71443,80,2,0,0,0,0,0,62,84,19683,13,82,7,-18,87,benign,benign
30728.24065,80,2,0,0,-1,0,0,62,84,19686,14,82,21,-19,89,benign,benign
30728.75625,80,2,0,0,-1,0,0,63,83,19680,14,82,32,-20,89,benign,benign
30729.27063,80,2,0,0,-1,-1,0,63,83,19681,15,82,43,-14,93,benign,benign
30729.80069,80,2,-1,0,-1,-1,0,63,83,19683,15,82,40,12,83,benign,benign
30730.31281,80,0,0,0,2,1,0,63,81,19681,16,82,33,10,82,benign,benign
30730.83042,80,0,0,0,-7,-2,0,63,82,19693,16,82,33,13,80,benign,benign
30731.35781,80,2,0,0,-1,0,0,63,81,19672,17,82,30,13,80,benign,benign
30731.87394,80,1,0,0,0,0,0,63,80,19685,17,82,15,9,82,benign,benign
30732.40258,80,1,0,0,-1,-1,0,63,80,19677,18,82,7,7,81,benign,benign
30732.91822,80,0,0,0,0,0,0,63,79,19677,18,82,3,5,82,benign,benign
30733.44382,80,0,0,0,0,0,0,63,80,19683,19,82,2,5,81,benign,benign
30733.96969,80,0,0,0,0,0,0,63,80,19679,19,82,5,8,81,benign,benign
30734.49645,80,0,0,0,-3,0,0,63,80,19679,20,82,7,14,82,benign,benign
30735.01315,80,3,0,0,0,0,0,63,80,19680,21,82,-3,16,83,benign,benign
30735.52881,80,2,0,0,-1,-1,0,63,80,19685,21,82,-16,21,81,benign,benign
30736.05939,80,2,0,0,-1,0,0,63,80,19682,22,82,-31,28,78,benign,benign
30736.60293,80,2,0,0,-1,-1,0,64,80,19679,22,82,-40,29,80,benign,benign
30737.11987,80,2,-1,0,-1,-1,0,64,80,19679,23,82,-37,-28,81,benign,benign
30737.63053,80,2,-1,0,-1,-1,0,63,80,19679,23,82,-28,-20,84,benign,benign
30738.14423,80,1,-1,0,0,2,0,63,81,19684,24,82,-20,-20,81,benign,benign
30738.69123,80,0,0,0,-3,-3,0,64,81,19679,24,82,-18,-19,81,benign,benign
30739.20736,80,1,-1,0,-1,0,0,64,80,19682,25,82,-14,-17,82,benign,benign
30739.73346,80,1,-1,0,-1,0,0,63,79,19679,25,82,-9,-12,82,benign,benign
30740.25766,80,0,-1,0,-1,0,0,63,78,19680,26,82,-6,-7,81,benign,benign
30740.77452,80,0,0,0,0,0,0,65,79,19681,26,82,-5,-6,81,benign,benign
30741.29114,80,0,0,0,0,0,0,65,79,19689,27,82,-5,-6,82,benign,benign
30741.82189,80,0,0,0,-1,0,0,64,81,19687,27,82,-7,-7,82,benign,benign
30742.35198,80,0,0,0,-7,0,0,64,82,19686,28,82,-10,-12,83,benign,benign
30742.88111,80,3,0,0,0,0,0,64,82,19686,28,82,1,-13,84,benign,benign
30743.42421,80,2,0,0,-1,0,0,64,82,19691,29,82,13,-21,82,benign,benign
30743.95082,80,2,0,0,-1,0,0,64,82,19682,29,82,23,-28,81,benign,benign
30744.46898,80,2,0,0,-1,-1,0,64,82,19684,30,82,31,-29,81,benign,benign
30744.98176,80,2,0,0,-1,-1,0,64,81,19679,31,82,-44,-6,83,benign,benign
30745.5224,80,1,-1,0,-1,0,0,64,81,19680,31,82,-27,-12,84,benign,benign
30746.05082,80,0,0,0,0,0,0,64,81,19690,32,82,-22,-6,84,benign,benign
30746.57076,80,1,0,0,-4,-1,0,64,81,19686,32,82,-21,-9,84,benign,benign
30747.07222,80,1,0,0,-1,0,0,64,81,19688,33,82,-16,-11,84,benign,benign
30747.5909,80,1,0,0,-1,-1,0,64,81,19688,33,82,-6,-9,84,benign,benign
30748.11583,80,1,0,0,0,0,0,64,80,19687,34,82,-4,-8,83,benign,benign
30748.63529,80,0,0,0,0,0,8,64,80,19688,34,82,-2,-6,83,benign,benign
30749.1556,80,0,0,0,0,0,43,64,81,19685,35,82,-7,-6,83,benign,benign
30749.69936,80,0,0,0,0,0,73,64,81,19692,35,82,-2,-11,84,benign,benign
30750.22033,80,0,0,0,0,0,102,64,81,19688,36,82,-3,-14,84,benign,benign
30750.74916,80,0,0,0,0,0,132,65,82,19686,36,82,-4,-16,84,benign,benign
30751.28023,80,0,0,0,0,0,161,65,82,19689,37,82,-5,-20,84,benign,benign
30751.83955,80,0,0,0,0,0,177,65,81,19682,37,82,-6,-20,84,benign,benign
30752.37035,80,0,0,0,0,0,178,65,81,19686,38,82,-8,-14,85,benign,benign
30752.8977,80,0,0,0,0,0,178,64,81,19689,38,82,-9,-12,85,benign,benign
30753.39962,80,0,0,0,-5,0,178,64,82,19680,39,82,-5,-7,85,benign,benign
30753.92805,80,-4,0,0,1,0,178,64,80,19692,39,82,-15,-7,85,benign,benign
30754.44468,80,-2,0,0,0,0,178,64,80,19689,40,82,-36,-1,84,benign,benign
30754.97477,80,-2,0,0,-1,0,178,65,80,19686,40,82,-55,2,79,benign,benign
30755.50778,80,-2,0,0,0,-1,178,65,80,19693,41,82,5,-17,82,benign,benign
30756.02742,80,0,0,0,2,0,178,65,80,19690,42,82,-2,-16,82,benign,benign
30756.55559,80,0,0,0,1,3,178,65,79,19686,42,82,-5,-13,82,benign,benign
30757.08419,80,0,-1,0,-1,-2,178,65,80,19694,43,82,-5,-7,82,benign,benign
30757.60088,80,0,0,0,0,0,178,65,81,19690,43,82,-10,0,82,benign,benign
30758.12849,80,0,0,0,0,0,178,65,82,19686,44,82,-7,3,84,benign,benign
30758.63978,80,-3,0,0,-8,0,178,65,83,19695,44,82,-12,3,83,benign,benign
30759.17078,80,-2,0,0,0,0,178,65,82,19694,45,82,-30,17,80,benign,benign
30759.70087,80,-2,0,0,-1,0,178,64,83,19693,45,82,-39,19,81,benign,benign
30760.219,80,-2,0,0,-1,-1,178,64,84,19683,46,82,-34,-16,87,benign,benign
30760.73564,80,-1,1,0,-1,-1,178,65,84,19691,46,82,-28,-17,86,benign,benign
30761.24924,80,-1,1,0,-1,-1,178,65,83,19685,47,82,-20,-19,84,benign,benign
30761.78188,80,0,0,0,0,2,178,66,82,19695,47,82,-8,-8,85,benign,benign
30762.29523,80,0,0,0,-3,-3,178,66,82,19686,48,82,-10,-12,84,benign,benign
30762.85525,80,0,1,0,-1,-1,178,66,81,19689,48,82,-8,-9,84,benign,benign
30763.37187,80,0,1,0,1,0,178,66,80,19690,49,82,-10,-12,82,benign,benign
30763.90243,80,0,0,0,0,0,178,65,80,19695,49,82,-6,-6,82,benign,benign
30764.43153,80,0,0,0,-1,0,178,65,81,19691,50,82,-9,-11,83,benign,benign
30764.95912,80,-1,0,0,-8,0,178,65,82,19695,51,82,-15,-17,83,benign,benign
30765.48023,80,-3,0,0,0,-1,178,65,82,19690,51,82,0,-19,84,benign,benign
30765.99834,80,-2,0,0,-1,0,178,65,82,19687,51,82,13,-23,83,benign,benign
30766.52593,80,-2,0,0,-1,0,178,65,81,19690,52,82,30,-29,79,benign,benign
30767.05771,80,-2,0,0,-1,-1,178,66,81,19689,53,82,34,-26,83,benign,benign
30767.55847,80,-2,0,0,-1,-1,178,66,80,19691,53,82,51,-32,71,benign,benign
30768.08349,80,-1,1,0,-1,-1,178,66,80,19688,54,82,66,-27,61,benign,benign
30768.61157,80,-1,1,0,3,3,178,66,80,19695,54,82,34,10,84,benign,benign
30769.13863,80,0,0,0,-7,-2,178,65,80,19693,55,82,31,11,85,benign,benign
30769.66422,80,-2,0,0,0,-1,178,65,80,19692,55,82,28,9,85,benign,benign
30770.19514,80,-1,0,0,0,-1,178,65,80,19692,56,82,17,13,81,benign,benign
30770.72527,80,-1,1,0,0,-1,178,65,79,19690,56,82,5,8,82,benign,benign
30771.25279,80,0,1,0,1,-1,178,65,79,19697,57,82,3,6,82,benign,benign
30771.78053,80,0,0,0,-3,0,178,66,79,19692,57,82,2,2,82,benign,benign
30772.29852,80,0,0,0,0,-2,178,66,79,19692,58,81,2,3,82,benign,benign
30772.82508,80,0,0,0,0,0,-168,66,79,19689,58,81,2,4,82,benign,benign
30773.3657,80,0,0,0,0,-1,-133,66,81,19694,59,81,10,6,83,benign,benign
30773.86896,80,0,0,0,0,-1,-104,66,82,19699,59,81,10,10,85,benign,benign
30774.39856,80,0,0,0,1,0,-67,66,82,19704,60,81,10,20,83,benign,benign
30774.91169,80,0,0,0,0,0,-42,66,82,19696,60,81,13,15,85,benign,benign
30775.44278,80,0,0,0,0,1,-14,66,81,19698,61,81,11,20,83,benign,benign
30775.97194,80,0,0,0,0,1,-4,66,81,19704,61,81,16,18,83,benign,benign
30776.51872,80,0,0,0,0,0,-3,66,81,19704,62,81,-200,-200,-200,benign,benign
30777.04271,80,0,0,0,0,0,-3,66,81,19701,63,81,-200,-200,-200,benign,benign
30777.57286,70,0,0,2,0,0,-3,66,76,19696,63,81,-200,-200,-200,benign,benign
30778.10323,50,0,0,4,0,0,-3,66,51,19675,64,81,-200,-200,-200,benign,benign
30778.62148,30,0,0,4,0,0,-3,66,27,19650,64,81,-200,-200,-200,benign,benign
30779.13812,10,0,0,3,0,0,-3,66,10,19451,65,81,-200,-200,-200,benign,benign
30779.66203,0,0,0,1,0,0,1,66,10,19379,65,81,-200,-200,-200,benign,benign
30780.16273,0,-1,-1,0,0,0,1,66,10,19486,66,80,-200,-200,-200,benign,benign
30850.88887,80,0,0,0,0,0,0,66,85,19716,7,72,-7,-1,86,benign,benign
30851.42169,80,0,0,0,0,0,0,66,85,19711,8,72,-7,-1,86,benign,benign
30851.94932,80,0,0,0,0,0,0,66,85,19715,8,72,-8,-2,87,benign,benign
30852.47487,80,0,0,0,0,0,0,66,84,19718,9,72,-6,-2,87,benign,benign
30853.00599,80,0,0,0,0,0,0,67,84,19714,9,72,-9,-2,86,benign,benign
30853.52378,80,0,0,0,0,0,0,67,85,19715,10,72,-8,-2,86,benign,benign
30854.04911,80,0,0,0,0,0,0,66,84,19715,11,72,-10,-4,86,benign,benign
30854.57526,80,1,0,0,-1,0,0,66,84,19713,11,72,-8,-4,86,benign,benign
30855.08744,80,0,0,0,0,0,0,66,82,19715,12,72,-5,-2,85,benign,benign
30855.60358,80,0,0,0,0,0,0,66,82,19712,12,72,-3,-5,84,benign,benign
30856.13117,80,0,0,0,0,0,0,67,82,19712,13,72,-3,-8,85,benign,benign
30856.64359,80,0,0,0,0,0,0,66,83,19710,13,72,-4,-11,86,benign,benign
30857.18507,80,0,0,0,0,0,0,66,83,19714,14,72,-5,-13,86,benign,benign
30857.70227,80,0,0,0,0,0,0,66,83,19722,14,72,-5,-13,86,benign,benign
30858.2323,80,0,0,0,-1,0,0,66,83,19717,15,72,-2,-14,86,benign,benign
30858.76377,80,3,0,0,-8,0,0,67,84,19713,15,72,-3,-14,86,benign,benign
30859.29273,80,3,0,0,0,0,0,67,85,19713,16,72,17,-20,89,benign,benign
30859.80309,80,2,0,0,-1,0,0,66,84,19714,16,72,29,-18,94,benign,benign
30860.32869,80,2,0,0,-1,-1,0,66,83,19712,17,72,49,-15,87,benign,benign
30860.85919,80,2,0,0,-1,-1,0,67,83,19714,17,72,40,16,83,benign,benign
30861.38981,80,1,-1,0,0,1,0,67,82,19705,18,72,32,18,83,benign,benign
30861.9346,80,0,0,0,-4,-3,0,67,83,19715,18,72,30,20,80,benign,benign
30862.45063,80,2,-1,0,0,0,0,67,81,19708,19,72,24,16,81,benign,benign
30862.96925,80,1,-1,0,0,0,0,67,80,19707,19,72,13,9,81,benign,benign
30863.50016,80,1,0,0,-1,0,0,67,79,19705,20,72,6,4,81,benign,benign
30864.03004,80,0,0,0,-1,0,0,67,80,19699,21,72,4,4,81,benign,benign
30864.5576,80,0,0,0,0,0,0,67,80,19708,21,72,4,5,81,benign,benign
30865.08419,80,0,0,0,-1,0,0,66,80,19715,22,72,6,6,82,benign,benign
30865.61328,80,2,0,0,-8,0,0,66,82,19713,22,72,11,11,82,benign,benign
30866.1668,80,2,0,0,0,0,0,67,82,19714,23,72,0,15,84,benign,benign
30866.69569,80,2,0,0,-1,0,0,67,83,19707,23,72,-10,20,84,benign,benign
30867.19635,80,2,0,0,-1,0,0,67,82,19704,24,72,-27,28,80,benign,benign
30867.72459,80,2,0,0,-1,0,0,67,82,19707,24,72,-33,29,80,benign,benign
30868.25069,80,2,0,0,-1,0,0,67,81,19709,25,72,-39,-30,81,benign,benign
30868.77758,80,1,-1,0,-1,0,0,67,81,19707,25,72,-3,-36,82,benign,benign
30869.28825,80,0,0,0,1,0,0,67,81,19709,26,72,-23,-20,81,benign,benign
30869.81505,80,1,0,0,-4,-4,0,67,82,19712,26,72,-24,-24,81,benign,benign
30870.33217,80,1,-1,0,-1,0,0,67,82,19719,27,72,-17,-21,82,benign,benign
30870.85117,80,1,-1,0,0,0,0,67,81,19706,27,72,-10,-14,82,benign,benign
30871.36862,80,0,-1,0,-1,0,0,67,80,19707,28,72,-8,-11,81,benign,benign
30871.89516,80,0,0,0,-1,0,0,67,80,19707,28,72,-6,-5,81,benign,benign
30872.39614,80,0,0,0,0,0,0,67,79,19707,29,72,-5,-5,81,benign,benign
30872.92043,80,0,0,0,0,0,0,67,80,19710,29,72,-5,-6,81,benign,benign
30873.45083,80,0,0,0,-1,0,0,67,81,19703,30,72,-5,-9,82,benign,benign
30873.96463,80,4,0,0,-5,0,0,68,82,19708,30,72,-5,-15,82,benign,benign
30874.49122,80,2,0,0,-1,0,0,68,82,19707,31,72,6,-20,82,benign,benign
30875.01729,80,2,0,0,-1,-1,0,67,82,19712,31,72,20,-27,81,benign,benign
30875.53093,80,2,0,0,-1,-1,0,67,82,19707,32,72,24,-35,83,benign,benign
30876.058,80,2,0,0,-1,-1,0,67,82,19712,32,72,-41,-9,90,benign,benign
30876.58812,80,1,-1,0,-1,-1,0,67,82,19710,33,72,-28,-12,89,benign,benign
30877.10009,80,1,-1,0,-1,-1,0,67,81,19712,33,72,-26,-12,85,benign,benign
30877.63233,80,0,0,0,0,0,0,67,81,19704,34,72,-18,-16,83,benign,benign
30878.15828,80,1,0,0,-1,0,0,67,81,19709,35,72,-16,-17,83,benign,benign
30878.6853,80,0,0,0,-1,0,0,67,80,19703,35,72,-10,-14,83,benign,benign
30879.23062,80,0,-1,0,0,-1,0,68,79,19707,36,72,-6,-10,82,benign,benign
30879.74419,80,0,0,0,0,0,0,68,80,19707,36,72,-6,-8,82,benign,benign
30880.27078,80,0,0,0,-1,0,7,67,80,19711,37,72,-5,-5,83,benign,benign
30880.78782,80,0,0,0,0,-1,36,67,81,19709,37,72,-10,-10,84,benign,benign
30881.30513,80,0,0,0,0,-1,65,66,81,19709,38,72,-12,-13,83,benign,benign
30881.89831,80,0,0,0,0,0,100,67,80,19707,38,72,-10,-16,83,benign,benign
30882.42774,80,0,0,0,0,0,130,67,81,19704,39,72,-11,-18,83,benign,benign
30882.94462,80,0,0,0,0,0,159,67,80,19702,39,72,-10,-30,78,benign,benign
30883.47508,80,0,0,0,0,0,175,67,80,19706,40,72,-15,-23,81,benign,benign
30884.00534,80,0,0,0,0,0,178,67,81,19714,40,72,-14,-17,83,benign,benign
30884.52235,80,0,0,0,0,0,178,67,80,19713,41,72,-13,-16,82,benign,benign
30885.04686,80,0,0,0,-8,0,178,67,81,19709,42,72,-13,-13,82,benign,benign
30885.57783,80,-4,0,0,0,0,178,67,79,19704,42,72,-18,-8,83,benign,benign
30886.10693,80,-2,0,0,0,0,178,67,78,19713,43,72,-51,5,76,benign,benign
30886.63655,80,-2,0,0,0,0,178,67,78,19707,43,72,-51,3,81,benign,benign
30887.16962,80,-2,0,0,-1,-1,178,67,78,19711,44,72,15,-18,77,benign,benign
30887.69827,80,-2,0,0,0,2,178,67,78,19715,44,72,-3,-12,79,benign,benign
30888.21286,80,0,0,0,0,-4,178,67,78,19713,45,72,-6,-10,79,benign,benign
30888.72658,80,0,-1,0,1,2,178,67,78,19716,45,72,-8,-12,79,benign,benign
30889.27176,80,0,0,0,-2,-2,178,67,79,19710,46,72,-7,-5,80,benign,benign
30889.7979,80,0,0,0,0,0,178,67,79,19717,46,72,-6,0,80,benign,benign
30890.32523,80,0,0,0,-4,0,178,67,78,19717,47,72,-7,3,79,benign,benign
30890.85609,80,-4,0,0,1,-1,177,67,79,19717,47,72,-15,3,79,benign,benign
30891.3742,80,-2,0,0,0,0,178,67,80,19709,48,72,-36,14,78,benign,benign
30891.89852,80,-2,0,0,0,0,178,67,79,19715,48,72,-39,-9,82,benign,benign
30892.44457,80,-2,0,0,-1,0,178,66,78,19715,49,72,-26,-15,79,benign,benign
30892.95235,80,-1,1,0,0,-2,178,66,78,19712,49,72,-17,-17,79,benign,benign
30893.45418,80,0,0,0,0,2,178,67,77,19712,50,72,-5,-10,80,benign,benign
30894.01403,80,0,0,0,0,-3,178,67,78,19708,50,72,-7,-14,79,benign,benign
30894.55516,80,0,1,0,-1,0,178,67,78,19710,51,72,-7,-10,80,benign,benign
30895.08675,80,0,0,0,0,2,178,67,78,19711,52,72,-4,-5,80,benign,benign
30895.60735,80,0,0,0,0,0,178,67,78,19712,52,71,-6,-7,81,benign,benign
30896.13398,80,0,0,0,0,-1,178,68,79,19716,53,71,-9,-11,81,benign,benign
30896.65958,80,-3,0,0,-8,0,178,68,79,19714,53,71,-12,-17,80,benign,benign
30897.18338,80,-2,0,0,-1,0,178,67,79,19717,54,71,15,-23,79,benign,benign
30897.70015,80,-2,0,0,-1,0,178,67,80,19702,54,71,29,-27,78,benign,benign
30898.21335,80,-2,0,0,-1,0,178,67,80,19708,55,71,37,-27,79,benign,benign
30898.72697,80,-2,0,0,-1,0,178,67,78,19709,55,71,47,-33,72,benign,benign
30899.25697,80,-2,1,0,0,2,178,67,76,19712,56,71,44,9,73,benign,benign
30899.78196,70,0,0,0,0,0,178,67,76,19710,56,71,31,12,77,benign,benign
30900.28283,80,-2,1,0,-1,-1,178,67,77,19702,57,71,34,10,75,benign,benign
30900.79981,80,-1,0,0,0,0,178,67,79,19711,57,71,12,12,80,benign,benign
30901.32542,80,-1,0,0,0,-1,178,67,79,19715,58,71,6,8,82,benign,benign
30901.8352,80,0,0,0,0,-1,178,67,79,19717,58,70,4,5,82,benign,benign
30902.3481,80,0,0,0,0,0,-174,67,78,19711,59,70,2,4,80,benign,benign
30902.85907,80,0,0,0,0,0,-145,67,78,19723,59,70,6,4,80,benign,benign
30903.37404,80,0,0,0,0,0,-121,67,79,19716,60,70,9,3,81,benign,benign
30903.87444,80,0,0,0,0,0,-91,67,80,19712,60,70,5,5,83,benign,benign
30904.37472,80,0,0,0,0,0,-54,68,80,19720,61,70,6,3,82,benign,benign
30904.89767,80,0,0,0,0,0,-36,68,79,19718,61,70,5,4,82,benign,benign
30905.41719,80,0,0,0,0,0,-7,67,82,19719,62,70,3,9,83,benign,benign
30905.94799,80,0,0,0,0,0,-3,67,82,19721,62,70,5,9,84,benign,benign
30906.47135,80,0,0,0,0,0,-3,67,82,19713,63,70,-200,-200,-200,benign,benign
30906.98508,80,0,0,1,0,0,-3,67,79,19712,63,70,-200,-200,-200,benign,benign
30907.518,60,0,0,4,0,0,-3,68,57,19700,64,70,-200,-200,-200,benign,benign
30908.07551,30,0,0,4,0,0,-3,68,32,19671,64,70,-200,-200,-200,benign,benign
30908.60575,10,0,0,3,0,0,-3,67,10,19482,65,69,-200,-200,-200,benign,benign
30909.13493,0,0,0,0,-1,0,-3,67,10,19420,66,69,-200,-200,-200,benign,benign
30909.66193,0,0,0,0,0,0,-3,67,10,19571,66,69,-200,-200,-200,benign,benign
30941.5536,70,0,0,0,0,0,0,66,86,19725,2,63,-6,-1,88,benign,benign
30942.06224,70,0,0,0,0,0,0,66,86,19726,3,63,-8,0,88,benign,benign
30942.57309,70,0,0,0,0,0,0,66,85,19719,3,63,-7,0,87,benign,benign
30943.10464,70,0,0,0,0,0,0,66,84,19724,4,63,-6,0,86,benign,benign
30943.63132,70,0,0,0,0,0,0,66,83,19719,4,63,-6,-1,85,benign,benign
30944.16203,70,0,0,0,0,0,0,66,83,19725,5,63,-6,-2,85,benign,benign
30944.68803,70,0,0,0,0,0,0,66,84,19725,6,63,-5,-2,85,benign,benign
30945.21717,70,0,0,0,0,0,0,66,83,19725,6,63,-4,-2,85,benign,benign
30945.74435,70,0,0,0,0,0,0,66,82,19720,7,63,-4,-1,85,benign,benign
30946.27457,70,0,0,0,0,0,0,66,82,19719,7,63,-5,-4,84,benign,benign
30946.80401,70,0,0,0,0,0,0,66,83,19721,8,63,-5,-2,85,benign,benign
30947.31967,70,0,0,0,0,0,0,66,84,19720,8,63,-5,-2,86,benign,benign
30947.84744,70,0,0,0,0,0,0,66,84,19724,9,63,-5,-3,86,benign,benign
30948.37503,70,0,0,0,0,0,0,66,84,19722,9,63,-6,-3,86,benign,benign
30948.89165,70,0,0,0,0,0,0,66,84,19728,10,63,-7,-4,86,benign,benign
30949.46377,70,3,0,0,-8,0,0,66,85,19724,10,63,-2,-8,86,benign,benign
30949.99037,70,2,0,0,0,0,0,66,84,19728,11,63,7,-11,87,benign,benign
30950.58182,70,2,0,0,-1,-1,0,66,83,19721,11,63,29,-14,88,benign,benign
30951.10037,70,2,0,0,-1,0,0,66,83,19714,12,63,41,-11,92,benign,benign
30951.61131,70,2,0,0,-1,-1,0,66,82,19717,12,63,42,7,82,benign,benign
30952.14109,70,1,-1,0,0,-1,0,66,82,19718,13,63,32,6,80,benign,benign
30952.66939,70,0,0,0,0,0,0,66,81,19721,14,63,27,3,80,benign,benign
30953.18747,70,0,0,0,0,0,0,66,81,19727,14,63,28,7,80,benign,benign
30953.71935,70,0,0,0,0,-1,0,66,83,19727,15,63,29,14,80,benign,benign
30954.24844,70,4,0,0,0,0,0,66,83,19726,15,63,23,14,83,benign,benign
30954.79265,70,2,0,0,-1,-1,0,66,85,19719,16,63,1,17,85,benign,benign
30955.33628,70,2,0,0,-1,-1,0,66,85,19721,16,63,-7,16,87,benign,benign
30955.86315,70,2,0,0,-1,-1,0,66,84,19720,17,63,-21,27,82,benign,benign
30956.42377,70,2,0,0,-1,-1,0,67,84,19721,17,63,-32,26,82,benign,benign
30956.95335,70,2,-1,0,-1,-1,0,67,84,19727,18,63,-39,32,80,benign,benign
30957.49358,70,0,0,0,0,0,0,67,84,19735,18,63,-40,-13,83,benign,benign
30958.02041,70,0,0,0,-1,0,0,66,83,19728,19,63,-33,-13,89,benign,benign
30958.53257,70,-1,0,0,7,-5,0,66,82,19729,19,63,-41,-20,83,benign,benign
30959.05519,70,-2,-2,0,-1,0,0,66,81,19726,20,63,-35,13,79,benign,benign
30959.58459,70,-1,-1,0,-1,0,0,66,81,19728,20,63,-10,9,82,benign,benign
30960.1026,70,0,-1,0,-1,0,0,66,80,19726,21,63,-2,3,83,benign,benign
30960.63046,70,0,0,0,0,1,0,66,80,19720,22,63,0,2,83,benign,benign
30961.1616,70,0,0,0,0,0,0,67,81,19733,22,63,0,3,83,benign,benign
30961.68468,70,0,0,0,0,-1,0,67,81,19728,23,63,-1,8,83,benign,benign
30962.21831,70,4,0,0,-3,0,0,67,82,19722,23,63,-3,11,83,benign,benign
30962.74931,70,2,0,0,0,-1,0,67,82,19730,24,63,-29,22,78,benign,benign
30963.28243,70,2,0,0,-1,-1,0,67,82,19723,24,63,-42,25,80,benign,benign
30963.8125,70,2,0,0,-1,-1,0,67,81,19733,25,63,-31,-21,85,benign,benign
30964.3384,70,2,-1,0,-1,-1,0,67,81,19732,25,63,-19,-21,82,benign,benign
30964.85253,70,1,-1,0,0,-1,0,67,80,19725,26,63,-12,-19,81,benign,benign
30965.36973,70,0,0,0,0,0,0,67,80,19732,26,63,-5,-12,83,benign,benign
30965.91711,70,0,-1,0,-1,-1,0,67,81,19732,27,63,-8,-14,82,benign,benign
30966.44421,70,0,-1,0,0,-1,0,67,81,19735,27,63,-5,-9,84,benign,benign
30966.95987,70,0,0,0,0,1,0,67,80,19739,28,63,-6,-6,83,benign,benign
30967.46801,70,0,0,0,0,0,16,67,80,19730,28,63,-6,-7,83,benign,benign
30967.99161,70,0,0,0,0,-1,54,67,81,19729,29,63,-8,-12,83,benign,benign
30968.52017,70,0,0,0,0,0,84,67,81,19737,29,63,-8,-15,83,benign,benign
30969.04759,70,0,0,0,0,0,114,67,81,19732,30,63,-9,-18,83,benign,benign
30969.57397,70,0,0,0,0,0,142,67,82,19741,30,63,-9,-18,83,benign,benign
30970.10669,70,0,0,0,0,0,172,66,81,19733,31,63,-11,-19,83,benign,benign
30970.64625,70,0,0,0,0,0,177,66,81,19733,32,63,-13,-16,83,benign,benign
30971.17131,70,0,0,0,0,0,178,66,82,19728,32,63,-13,-15,83,benign,benign
30971.70033,70,0,0,0,0,0,178,66,82,19733,33,63,-11,-13,84,benign,benign
30972.231,70,0,0,0,-7,0,178,67,83,19733,33,63,-11,-9,84,benign,benign
30972.75942,70,-4,0,0,2,0,178,67,82,19738,34,63,-21,-12,83,benign,benign
30973.29039,70,-2,0,0,0,0,178,66,82,19735,34,63,-39,28,80,benign,benign
30973.81798,70,-2,0,0,0,0,178,66,82,19736,35,63,-31,19,80,benign,benign
30974.34841,70,-2,0,0,0,-2,178,67,82,19741,35,63,-9,10,83,benign,benign
30974.87625,70,-1,0,0,4,1,179,67,82,19741,36,63,4,7,84,benign,benign
30975.39038,70,0,0,0,0,0,178,67,81,19737,36,63,7,7,83,benign,benign
30975.92058,70,1,0,0,0,0,178,67,80,19738,37,63,5,4,82,benign,benign
30976.45116,70,0,0,0,0,0,178,67,80,19737,37,63,2,2,82,benign,benign
30976.99967,70,0,0,0,0,-1,178,67,80,19737,38,63,1,-1,82,benign,benign
30977.52864,70,-2,0,0,-8,0,178,67,81,19739,38,63,4,-6,83,benign,benign
30978.05401,70,-2,0,0,0,-1,178,67,82,19745,39,63,30,-18,79,benign,benign
30978.56833,70,-2,0,0,-1,0,178,66,82,19746,39,63,38,-20,80,benign,benign
30979.11579,70,-2,0,0,0,-1,178,66,81,19741,40,63,49,-19,81,benign,benign
30979.63229,70,-1,0,0,0,-1,178,67,81,19743,40,63,36,11,84,benign,benign
30980.14781,70,-1,1,0,0,-2,178,68,80,19742,41,63,29,18,79,benign,benign
30980.66538,70,0,1,0,1,-1,178,68,79,19753,41,63,22,1,82,benign,benign
30981.18,70,0,0,0,0,0,178,67,79,19753,42,63,21,2,80,benign,benign
30981.70979,70,-1,0,0,0,-1,178,67,79,19748,43,63,18,5,81,benign,benign
30982.23773,70,-1,0,0,-1,-3,178,67,80,19752,43,63,8,10,82,benign,benign
30982.76464,70,0,0,0,0,-2,178,67,79,19760,44,62,4,7,82,benign,benign
30983.2813,70,0,0,0,0,-1,178,67,80,19763,44,62,4,4,82,benign,benign
30983.81182,70,0,0,0,0,0,178,67,79,19764,45,62,1,5,82,benign,benign
30984.3281,70,0,0,0,0,-1,178,67,80,19762,45,62,3,6,82,benign,benign
30984.85552,70,0,0,0,0,-1,178,67,81,19768,46,62,6,8,83,benign,benign
30985.37214,70,-4,0,0,0,-1,178,67,81,19759,46,62,0,8,83,benign,benign
30985.90073,70,-2,0,0,0,-1,178,67,81,19767,47,62,-14,10,83,benign,benign
30986.43085,70,-2,0,0,-1,-1,178,67,81,19773,47,62,-33,11,81,benign,benign
30986.97774,70,-2,0,0,-1,-1,178,67,81,19771,48,62,-38,12,82,benign,benign
30987.49574,70,-2,1,0,-1,-2,178,68,81,19768,48,62,-62,7,73,benign,benign
30988.0223,70,-2,0,0,1,1,178,68,80,19764,49,62,-62,7,73,benign,benign
30988.5472,70,0,0,0,7,-1,178,68,79,19770,49,62,-62,7,73,benign,benign
30989.07533,70,4,0,0,1,-2,178,68,79,19775,50,62,-62,7,73,benign,benign
30989.59286,70,3,0,0,-1,-1,178,67,79,19773,50,62,-36,8,77,benign,benign
30990.18797,70,1,0,0,-1,-1,179,67,77,19772,51,62,-8,9,80,benign,benign
30990.71972,70,0,0,0,-1,0,178,67,76,19771,52,61,0,9,78,benign,benign
30991.23282,60,0,0,0,0,0,-170,67,75,19769,52,61,0,8,78,benign,benign
30991.76383,60,0,0,0,0,0,-139,67,75,19772,53,61,1,6,78,benign,benign
30992.2919,60,0,0,0,0,0,-104,67,76,19774,53,61,0,5,78,benign,benign
30992.80731,60,0,0,0,0,0,-74,67,78,19782,54,61,-2,9,79,benign,benign
30993.35223,70,0,0,0,0,1,-37,67,79,19777,54,61,-1,12,82,benign,benign
30993.88324,70,0,0,0,0,1,-11,67,79,19781,55,61,0,13,82,benign,benign
30994.41341,70,0,0,0,0,0,-3,68,79,19779,55,61,0,15,82,benign,benign
30994.97686,70,0,0,0,0,0,-2,68,78,19779,56,61,-200,-200,-200,benign,benign
30995.48989,60,0,0,1,0,0,-2,68,76,19775,56,61,-200,-200,-200,benign,benign
30995.99283,50,0,0,4,0,0,-2,68,59,19759,57,61,-200,-200,-200,benign,benign
30996.52029,30,0,0,4,0,0,-2,67,35,19730,57,61,-200,-200,-200,benign,benign
30997.06392,0,0,0,4,0,0,-2,67,10,19586,58,60,-200,-200,-200,benign,benign
30997.59258,0,-1,0,0,-1,0,-4,66,6553,19435,58,60,-200,-200,-200,benign,benign
30998.10954,0,-1,0,0,-1,0,-4,66,6553,19617,59,60,-200,-200,-200,benign,benign
31060.47968,70,0,0,0,0,0,0,62,74,19746,2,54,-5,0,76,benign,benign
31061.00044,80,0,0,0,0,0,0,63,78,19736,3,54,-5,-1,80,benign,benign
31061.51487,80,0,0,0,0,0,0,63,81,19740,3,54,-5,0,83,benign,benign
31062.03047,80,0,0,0,-1,0,0,63,82,19748,4,54,-4,-1,85,benign,benign
31062.55976,80,0,0,0,0,0,0,63,83,19745,4,54,-4,0,85,benign,benign
31063.08709,80,0,0,0,0,0,0,63,83,19750,5,54,-3,1,86,benign,benign
31063.60232,80,0,0,0,0,0,0,63,84,19753,6,54,-4,0,86,benign,benign
31064.14742,80,0,0,0,0,0,0,63,84,19744,6,54,-5,0,86,benign,benign
31064.64773,80,0,0,0,0,0,0,63,84,19750,7,54,-5,-1,86,benign,benign
31065.17832,80,0,0,0,-11,0,0,63,86,19749,7,54,-4,-1,87,benign,benign
31065.7089,80,4,0,0,2,0,0,63,85,19753,8,54,6,-3,88,benign,benign
31066.23526,80,2,0,0,-1,0,0,63,85,19754,8,54,29,-2,88,benign,benign
31066.74754,80,2,0,0,-1,0,0,63,84,19744,9,54,65,-18,64,benign,benign
31067.29145,80,2,0,0,-1,0,0,64,84,19749,9,54,42,-8,82,benign,benign
31067.81987,80,1,0,0,3,0,0,64,83,19748,10,54,26,-7,83,benign,benign
31068.34874,80,0,0,0,0,0,0,64,83,19755,10,54,21,-7,83,benign,benign
31068.89132,80,0,0,0,0,0,0,64,83,19754,11,54,20,-3,83,benign,benign
31069.42142,80,1,0,0,-8,0,0,63,84,19753,11,54,18,-1,84,benign,benign
31069.93554,80,3,0,0,1,0,0,63,82,19755,12,54,3,2,85,benign,benign
31070.44525,80,2,0,0,-1,0,0,63,83,19754,12,54,-6,3,85,benign,benign
31070.96004,80,2,0,0,-1,0,0,63,83,19752,13,54,-26,10,83,benign,benign
31071.49162,80,2,0,0,-1,0,0,64,82,19750,13,54,-42,11,81,benign,benign
31072.02023,80,2,-1,0,-1,-1,0,64,82,19751,14,54,-37,0,83,benign,benign
31072.53739,80,0,0,0,0,0,0,64,82,19751,14,54,-31,-1,81,benign,benign
31073.0652,80,2,0,0,-2,0,0,64,81,19754,15,54,-26,-4,83,benign,benign
31073.59283,80,1,0,0,0,-1,0,64,80,19750,15,54,-16,-8,82,benign,benign
31074.10947,80,1,0,0,0,-1,0,64,80,19750,16,54,-5,-8,82,benign,benign
31074.6385,80,0,0,0,0,0,0,64,79,19753,17,54,-1,-8,81,benign,benign
31075.16715,80,0,0,0,0,2,0,63,79,19754,17,54,-2,-5,82,benign,benign
31075.69483,80,0,0,0,0,0,0,63,80,19758,18,54,-3,-7,82,benign,benign
31076.20946,80,0,0,0,-7,0,0,64,82,19758,18,54,-3,-11,83,benign,benign
31076.73892,80,4,0,0,1,0,0,64,82,19751,19,54,4,-15,83,benign,benign
31077.26751,80,2,0,0,-1,0,0,64,82,19753,19,54,21,-25,81,benign,benign
31077.78068,80,2,0,0,-1,0,0,64,81,19755,20,54,32,-25,84,benign,benign
31078.29723,80,2,0,0,-1,0,0,64,81,19752,20,54,-41,-8,83,benign,benign
31078.81389,80,2,-1,0,-1,0,0,64,81,19750,21,54,-28,-10,85,benign,benign
31079.34293,80,1,-1,0,-1,0,0,65,81,19751,21,54,-15,-7,84,benign,benign
31079.85644,80,0,0,0,0,0,0,65,80,19756,22,54,-7,-5,84,benign,benign
31080.37363,80,0,0,0,-1,0,0,64,81,19745,22,54,-13,-11,82,benign,benign
31080.90331,80,0,0,0,-1,0,0,64,80,19749,23,54,-5,-7,83,benign,benign
31081.43154,80,0,0,0,0,1,0,64,80,19752,23,54,-4,-6,82,benign,benign
31081.95993,80,0,0,0,0,0,25,64,80,19749,24,54,-3,-8,83,benign,benign
31082.47854,80,0,0,0,0,-1,49,64,81,19751,24,54,-6,-9,84,benign,benign
31083.0206,80,0,0,0,0,0,85,64,81,19753,25,54,-9,-15,84,benign,benign
31083.54905,80,0,0,0,0,0,116,65,81,19755,25,54,-7,-17,83,benign,benign
31084.07814,80,0,0,0,0,0,146,65,81,19750,26,54,-7,-20,83,benign,benign
31084.59437,80,0,0,0,0,0,170,64,81,19755,26,54,-13,-23,82,benign,benign
31085.12197,80,0,0,0,0,0,178,65,81,19754,27,54,-10,-18,85,benign,benign
31085.6396,80,0,0,0,0,0,178,65,81,19756,28,54,-11,-15,85,benign,benign
31086.1652,80,0,0,0,0,0,178,64,81,19758,28,54,-13,-14,85,benign,benign
31086.68739,80,-2,0,0,-8,0,178,64,82,19755,29,54,-17,-10,84,benign,benign
31087.21833,80,-2,0,0,0,0,178,65,81,19757,29,54,-28,-7,85,benign,benign
31087.732,80,-2,0,0,0,0,178,65,80,19757,30,54,-48,1,88,benign,benign
31088.24875,80,-2,0,0,0,0,178,65,80,19756,30,54,20,-19,79,benign,benign
31088.77869,80,-2,0,0,0,0,178,65,80,19758,31,54,5,-18,81,benign,benign
31089.30644,80,0,0,0,0,-1,178,65,81,19762,31,54,-4,-19,82,benign,benign
31089.8505,80,0,0,0,0,1,178,65,82,19762,32,54,-4,-20,83,benign,benign
31090.3796,80,0,-1,0,-1,0,178,66,82,19763,32,54,-6,-13,83,benign,benign
31090.89668,80,0,-1,0,0,-1,178,66,81,19764,33,54,-5,-4,84,benign,benign
31091.42683,80,0,0,0,0,0,178,65,80,19756,33,54,-6,1,83,benign,benign
31091.9604,80,0,0,0,0,-1,178,65,80,19759,34,54,-6,6,83,benign,benign
31092.48898,80,-4,0,0,-4,0,178,65,79,19761,34,54,-6,9,82,benign,benign
31093.01659,80,-2,0,0,0,-1,178,65,80,19760,35,54,-26,23,78,benign,benign
31093.57789,80,-2,0,0,0,-1,178,65,80,19760,36,54,-38,24,81,benign,benign
31094.09461,80,-2,0,0,0,0,178,65,80,19759,36,54,-50,33,74,benign,benign
31094.61971,80,-2,1,0,0,-1,178,66,81,19758,37,54,-29,-22,83,benign,benign
31095.14833,80,-1,1,0,-1,-1,178,66,81,19757,37,54,-21,-24,82,benign,benign
31095.71138,80,0,1,0,1,3,178,65,81,19756,38,54,-11,-16,84,benign,benign
31096.24105,80,0,0,0,0,0,178,66,80,19762,38,54,-12,-19,83,benign,benign
31096.77153,80,0,1,0,-1,-1,178,66,80,19761,39,54,-14,-22,83,benign,benign
31097.30283,80,0,1,0,-1,-1,178,65,80,19760,39,54,-12,-19,82,benign,benign
31097.82898,80,0,1,0,0,-1,178,65,79,19759,40,54,-8,-14,82,benign,benign
31098.35508,80,0,1,0,-1,-1,178,65,79,19758,40,54,-5,-12,82,benign,benign
31098.88605,80,0,1,0,0,-1,178,65,79,19761,41,54,-5,-10,82,benign,benign
31099.41436,80,0,1,0,0,-1,178,65,79,19764,41,54,-6,-12,81,benign,benign
31099.91732,80,0,1,0,0,-1,178,65,80,19762,42,54,-2,-4,82,benign,benign
31100.4367,80,0,0,0,0,0,178,66,80,19759,42,54,-3,-5,83,benign,benign
31100.96687,80,0,0,0,-1,-1,178,66,82,19759,43,54,-7,-11,85,benign,benign
31101.49655,80,-3,0,0,-8,0,178,66,84,19757,43,54,-12,-18,84,benign,benign
31102.01154,80,-2,0,0,0,-1,178,66,83,19760,44,54,11,-22,84,benign,benign
31102.52585,80,-2,0,0,-1,-1,178,66,83,19761,44,54,27,-26,81,benign,benign
31103.02664,80,-2,0,0,-1,-1,178,66,83,19756,45,54,38,-24,83,benign,benign
31103.55635,80,-2,0,0,-1,-1,178,66,83,19764,45,54,44,-28,81,benign,benign
31104.1005,80,-2,1,0,-1,-1,178,66,82,19759,46,54,38,14,87,benign,benign
31104.61669,80,-1,1,0,2,-1,178,66,81,19753,47,54,36,14,81,benign,benign
31105.14828,80,0,0,0,0,0,178,66,80,19761,47,54,30,5,83,benign,benign
31105.71239,80,-2,0,0,-1,0,178,66,82,19754,48,54,28,8,82,benign,benign
31106.28583,80,-1,0,0,0,-1,178,65,81,19763,48,54,11,12,83,benign,benign
31106.80752,80,-1,0,0,0,-1,178,65,80,19762,49,54,4,11,83,benign,benign
31107.33196,80,0,0,0,0,-1,178,66,80,19760,49,54,0,7,83,benign,benign
31107.86335,80,0,0,0,0,1,178,66,80,19762,50,54,0,5,83,benign,benign
31108.42129,80,0,0,0,0,0,-152,66,81,19761,50,54,4,6,83,benign,benign
31108.94697,80,0,0,0,0,-1,-121,66,81,19757,51,53,5,6,84,benign,benign
31109.46349,80,0,0,0,0,0,-92,66,82,19765,51,53,4,9,84,benign,benign
31109.96394,80,0,0,0,0,0,-62,66,83,19767,52,53,4,10,85,benign,benign
31110.48159,80,0,0,0,0,0,-32,66,83,19764,52,53,4,9,86,benign,benign
31110.99479,80,0,0,0,0,0,-7,66,82,19758,53,53,6,13,85,benign,benign
31111.50495,80,0,0,0,0,0,-3,67,83,19766,53,53,8,13,85,benign,benign
31112.03355,80,0,0,0,0,0,-3,67,82,19765,54,53,-200,-200,-200,benign,benign
31112.54518,80,0,0,2,0,0,-3,66,76,19754,54,53,-200,-200,-200,benign,benign
31113.06244,50,0,0,4,0,0,-3,66,54,19735,55,53,-200,-200,-200,benign,benign
31113.56272,30,0,0,4,0,0,-3,66,34,19716,55,53,-200,-200,-200,benign,benign
31114.0892,0,0,0,3,0,0,-3,66,10,19441,56,53,-200,-200,-200,benign,benign
31114.63873,0,0,-1,0,-1,0,-2,66,10,19523,57,53,-200,-200,-200,benign,benign
31115.1578,0,0,-1,0,-1,0,-2,66,10,19603,57,53,-200,-200,-200,benign,benign
31157.14697,70,0,0,0,0,0,0,65,76,19767,2,46,-5,-1,78,benign,benign
31157.66222,80,0,0,0,0,0,0,65,78,19767,3,46,-7,-2,80,benign,benign
31158.19307,80,0,0,0,0,0,0,65,80,19773,3,46,-4,0,82,benign,benign
31158.71072,80,0,0,0,-2,0,0,64,81,19768,4,46,-4,0,83,benign,benign
31159.22733,80,0,0,0,0,0,0,64,80,19778,4,46,-4,0,83,benign,benign
31159.74743,80,0,0,0,0,0,0,64,81,19777,5,46,-3,0,84,benign,benign
31160.29398,80,0,0,0,0,0,0,64,82,19782,6,46,-4,0,85,benign,benign
31160.82167,80,0,0,0,0,0,0,64,83,19778,6,46,-5,-1,85,benign,benign
31161.34069,80,0,0,0,0,0,0,64,83,19780,7,46,-4,-2,86,benign,benign
31161.87031,80,0,0,0,0,0,0,64,84,19787,7,46,-4,-3,87,benign,benign
31162.39745,80,4,0,0,-7,0,0,64,85,19787,8,46,-1,-5,87,benign,benign
31162.9115,80,3,0,0,0,0,0,65,84,19781,8,46,13,-6,88,benign,benign
31163.42213,80,2,0,0,-1,0,0,65,85,19786,9,46,36,1,88,benign,benign
31163.95225,80,2,0,0,-1,0,0,65,84,19786,9,46,27,-14,96,benign,benign
31164.47964,80,2,0,0,0,-2,0,65,85,19792,10,46,38,-4,81,benign,benign
31164.99457,80,1,0,0,3,1,0,65,83,19797,10,46,28,-6,83,benign,benign
31165.53916,80,0,0,0,0,0,0,65,83,19781,11,46,24,-7,83,benign,benign
31166.06775,80,0,0,0,0,0,0,65,82,19786,11,46,22,-2,83,benign,benign
31166.5975,80,2,0,0,-8,0,0,64,83,19787,12,46,23,0,83,benign,benign
31167.1085,80,2,0,0,0,0,0,64,82,19789,12,46,5,2,85,benign,benign
31167.63571,80,2,0,0,-1,-1,0,65,83,19779,13,46,-10,7,85,benign,benign
31168.15216,80,2,0,0,-1,-1,0,65,82,19781,13,46,-29,14,81,benign,benign
31168.68309,80,2,0,0,-1,-1,0,65,81,19785,14,46,-39,14,80,benign,benign
31169.21194,80,2,-1,0,0,-1,0,65,81,19784,14,46,-37,-5,81,benign,benign
31169.74055,80,0,0,0,0,0,0,65,81,19797,15,46,-29,-2,82,benign,benign
31170.28174,80,2,0,0,0,0,0,65,82,19791,16,46,-24,-5,83,benign,benign
31170.79529,80,1,0,0,0,-1,0,65,81,19788,16,46,-10,-7,83,benign,benign
31171.31268,80,1,0,0,0,0,0,65,80,19783,17,46,-5,-7,83,benign,benign
31171.82863,80,0,0,0,0,1,0,66,80,19794,17,46,-4,-8,81,benign,benign
31172.34062,80,0,0,0,0,0,0,66,80,19787,18,46,-3,-8,82,benign,benign
31172.88621,80,0,0,0,-1,0,0,65,81,19794,18,46,-5,-14,82,benign,benign
31173.39533,80,4,0,0,-2,0,0,65,81,19785,19,46,-2,-18,82,benign,benign
31173.92649,80,2,0,0,-1,0,0,66,81,19790,19,46,10,-21,82,benign,benign
31174.45222,80,2,0,0,-1,0,0,66,81,19789,20,46,23,-30,80,benign,benign
31174.98282,80,2,0,0,-1,0,0,66,81,19791,20,46,-5,-42,84,benign,benign
31175.49846,80,2,0,0,-1,0,0,66,81,19785,21,46,-39,-10,85,benign,benign
31176.05939,80,1,-1,0,-1,-1,0,66,81,19793,21,46,-26,-13,83,benign,benign
31176.60471,80,0,0,0,1,1,0,65,81,19791,22,46,-15,-7,85,benign,benign
31177.13333,80,0,0,0,-4,-1,0,65,83,19792,22,46,-17,-12,84,benign,benign
31177.66317,80,1,0,0,-1,0,0,65,81,19790,23,46,-11,-10,85,benign,benign
31178.19433,80,1,0,0,-1,0,0,65,80,19787,23,46,-7,-11,83,benign,benign
31178.75396,80,0,0,0,-1,0,0,65,79,19788,24,46,-7,-7,82,benign,benign
31179.28155,80,0,0,0,0,1,0,65,80,19779,25,46,-2,-8,82,benign,benign
31179.84296,80,0,0,0,0,0,25,65,81,19797,25,46,-2,-7,83,benign,benign
31180.36063,80,0,0,0,0,-1,61,65,82,19786,26,46,-3,-13,84,benign,benign
31180.89121,80,0,0,0,0,-1,90,66,82,19792,26,46,2,-13,85,benign,benign
31181.41931,80,0,0,0,0,0,120,66,82,19787,27,46,-6,-19,85,benign,benign
31181.93383,80,0,0,0,0,0,150,66,82,19787,27,46,-6,-21,84,benign,benign
31182.45045,80,0,0,0,0,0,172,66,81,19780,28,46,-13,-24,82,benign,benign
31182.99602,80,0,0,0,1,0,178,66,80,19782,28,46,-15,-24,82,benign,benign
31183.52511,80,0,0,0,0,0,178,66,80,19786,29,46,-16,-21,81,benign,benign
31184.04173,80,0,0,0,0,0,178,66,80,19785,29,46,-15,-17,82,benign,benign
31184.56536,80,-2,0,0,-8,0,178,66,81,19786,30,46,-13,-11,83,benign,benign
31185.09504,80,-2,0,0,0,0,178,66,80,19790,30,46,-39,-8,80,benign,benign
31185.62564,80,-2,0,0,0,0,178,66,79,19795,31,46,23,-48,61,benign,benign
31186.13834,80,-2,0,0,0,0,178,66,80,19787,31,46,8,-22,80,benign,benign
31186.66887,80,-2,0,0,0,0,178,66,80,19791,32,46,0,-22,80,benign,benign
31187.18426,80,0,0,0,0,1,178,66,80,19788,32,46,-8,-23,80,benign,benign
31187.73332,80,1,-1,0,0,0,178,66,80,19793,33,46,-8,-18,81,benign,benign
31188.26142,80,0,-1,0,0,-1,178,66,81,19794,34,46,-6,-7,82,benign,benign
31188.79303,80,0,0,0,0,0,178,66,79,19791,34,46,-7,0,82,benign,benign
31189.32205,80,0,0,0,0,-1,178,66,80,19794,35,46,-10,5,82,benign,benign
31189.84864,80,0,0,0,-9,0,178,66,82,19791,35,46,-9,7,82,benign,benign
31190.37773,80,-3,0,0,1,0,178,66,82,19790,36,46,-20,15,82,benign,benign
31190.89541,80,-2,0,0,0,0,178,66,82,19798,36,46,-34,19,81,benign,benign
31191.41076,80,-2,0,0,-1,0,178,66,82,19794,37,46,-43,20,84,benign,benign
31191.92543,80,-2,0,0,-1,-1,178,66,81,19799,37,46,-33,-14,85,benign,benign
31192.45529,80,-2,0,0,0,-1,178,66,81,19789,38,46,-21,-20,83,benign,benign
31192.98309,80,-1,1,0,-1,-1,178,66,81,19791,38,46,-11,-17,83,benign,benign
31193.50928,80,0,0,0,0,0,178,66,81,19794,39,46,-5,-11,85,benign,benign
31194.03936,80,0,0,0,-2,-3,178,66,83,19787,39,46,-12,-19,84,benign,benign
31194.5762,80,0,1,0,-1,0,178,66,82,19793,40,46,-9,-13,85,benign,benign
31195.12473,80,0,1,0,-1,-1,178,66,80,19789,40,46,-6,-9,83,benign,benign
31195.65512,80,0,1,0,0,0,178,66,79,19793,41,46,-4,-6,82,benign,benign
31196.20051,80,0,0,0,0,1,178,66,79,19791,41,46,-1,-4,82,benign,benign
31196.73071,80,0,0,0,0,0,178,66,79,19795,42,46,-3,-7,82,benign,benign
31197.24783,80,0,0,0,0,0,178,66,79,19787,42,46,-6,-10,83,benign,benign
31197.77934,80,-3,0,0,-8,0,178,66,80,19796,43,46,-9,-18,81,benign,benign
31198.33486,80,-2,0,0,-1,0,178,66,80,19789,44,46,14,-21,81,benign,benign
31198.85845,80,-2,0,0,-1,-1,178,66,80,19785,44,46,32,-27,78,benign,benign
31199.38033,80,-2,0,0,-1,-1,178,66,80,19788,45,46,38,-31,76,benign,benign
31199.91015,80,-2,1,0,-1,-1,178,66,80,19787,45,46,49,-34,72,benign,benign
31200.43844,80,-2,1,0,0,-1,178,66,79,19790,46,46,41,6,82,benign,benign
31200.96828,80,-1,1,0,3,3,178,67,79,19790,46,46,32,8,82,benign,benign
31201.48489,80,0,0,0,-2,0,178,67,79,19791,47,46,30,8,80,benign,benign
31202.00758,80,-2,0,0,0,0,178,67,80,19794,47,46,24,10,82,benign,benign
31202.5263,80,-1,0,0,0,0,178,67,80,19791,48,46,11,9,82,benign,benign
31203.04391,80,-1,0,0,0,-1,178,66,79,19788,48,46,5,10,81,benign,benign
31203.57449,80,0,0,0,0,-1,178,66,79,19791,49,46,3,4,81,benign,benign
31204.12045,80,0,0,0,0,0,178,66,79,19794,49,46,3,4,82,benign,benign
31204.63779,80,0,0,0,0,0,-162,66,80,19792,50,45,5,5,82,benign,benign
31205.14042,80,0,0,0,0,-1,-127,66,82,19796,50,45,6,6,84,benign,benign
31205.68713,80,0,0,0,0,0,-96,66,82,19792,51,45,5,12,85,benign,benign
31206.21671,80,0,0,0,1,0,-65,66,82,19792,51,45,5,12,85,benign,benign
31206.74696,80,0,0,0,0,0,-30,66,83,19802,52,45,8,10,86,benign,benign
31207.25963,80,0,0,0,0,0,-9,67,83,19797,53,45,10,15,86,benign,benign
31207.79096,80,0,0,0,0,0,-3,67,82,19804,53,45,12,20,84,benign,benign
31208.33482,80,0,0,0,0,0,-3,67,82,19797,54,45,-200,-200,-200,benign,benign
31208.85351,70,0,0,1,0,0,-3,66,78,19792,54,45,-200,-200,-200,benign,benign
31209.3816,60,0,0,4,0,0,-2,66,59,19776,55,45,-200,-200,-200,benign,benign
31209.91299,30,0,0,4,0,0,-2,66,33,19750,55,45,-200,-200,-200,benign,benign
31210.43036,10,0,0,4,0,0,-2,66,10,19635,56,45,-200,-200,-200,benign,benign
31260.09517,80,0,0,0,0,0,1,66,83,19819,7,36,-5,-3,85,benign,benign
31260.62474,80,0,0,0,0,0,1,66,83,19815,7,36,-6,-3,85,benign,benign
31261.14981,80,0,0,0,0,0,1,66,83,19813,8,36,-7,-5,86,benign,benign
31261.66379,80,0,0,0,0,0,1,66,83,19821,8,36,-7,-5,86,benign,benign
31262.21274,80,0,0,0,0,0,1,66,84,19819,9,36,-6,-7,86,benign,benign
31262.74002,80,0,0,0,0,0,1,66,83,19819,10,36,-8,-7,86,benign,benign
31263.25464,80,0,0,0,0,0,1,66,84,19817,10,36,-9,-7,87,benign,benign
31263.78097,80,0,0,0,-2,-1,1,66,83,19821,11,36,-7,-10,87,benign,benign
31264.30579,80,0,0,0,1,-1,1,66,82,19822,11,36,-4,-9,86,benign,benign
31264.83637,80,0,0,0,0,-1,1,66,81,19817,12,36,-3,-6,84,benign,benign
31265.36486,80,0,0,0,0,0,1,66,80,19813,12,36,-4,-6,83,benign,benign
31265.88676,80,0,0,0,0,-1,1,66,81,19821,13,36,-7,-10,84,benign,benign
31266.40338,80,0,0,0,-1,-1,1,66,82,19818,13,36,-10,-15,85,benign,benign
31266.93097,80,0,0,0,0,-1,1,66,83,19817,14,36,-9,-20,86,benign,benign
31267.43598,80,0,0,0,0,0,1,66,84,19818,14,36,-11,-20,88,benign,benign
31267.96715,80,0,0,0,0,-1,1,67,85,19817,15,36,-7,-23,89,benign,benign
31268.49677,80,0,0,0,0,-1,1,66,85,19825,15,36,-7,-23,89,benign,benign
31269.01121,80,0,0,0,0,-1,1,66,84,19823,16,36,-12,-23,88,benign,benign
31269.52453,80,0,-1,0,0,-4,1,66,83,19822,16,36,-10,-26,85,benign,benign
31270.03895,80,0,-2,0,0,0,1,66,82,19820,17,36,-9,-10,86,benign,benign
31270.55901,80,0,-2,0,0,-1,1,66,82,19821,17,36,-10,-2,84,benign,benign
31271.08865,80,0,-2,0,0,1,1,66,82,19815,18,36,-10,2,84,benign,benign
31271.61478,80,0,0,0,0,0,1,66,81,19813,18,36,-10,3,84,benign,benign
31272.14339,80,0,2,0,0,1,1,66,82,19823,19,36,-12,3,84,benign,benign
31272.67503,80,0,2,0,0,0,1,67,81,19817,20,36,-17,-9,84,benign,benign
31273.19189,80,0,0,0,-5,-1,1,67,81,19817,20,36,-21,-22,85,benign,benign
31273.70977,80,0,0,0,0,0,1,66,81,19825,21,36,-39,-26,80,benign,benign
31274.22636,80,2,-1,0,-6,-5,1,66,81,19811,21,36,-39,-26,80,benign,benign
31274.75368,80,2,-2,0,-1,0,1,66,82,19815,22,36,-39,-26,80,benign,benign
31275.28445,80,1,-1,0,0,0,1,66,80,19815,22,36,0,-22,86,benign,benign
31275.80171,80,0,-1,0,0,-1,1,67,79,19820,23,36,5,-21,84,benign,benign
31276.33268,70,0,-1,0,0,-1,1,67,79,19822,23,36,8,-18,82,benign,benign
31276.86226,80,0,-1,0,0,-1,1,67,80,19818,24,36,0,-12,84,benign,benign
31277.37361,80,0,-1,0,-1,-1,1,67,80,19819,24,36,-1,-8,83,benign,benign
31277.89724,80,0,-1,0,-1,0,1,66,80,19817,25,36,-3,-8,83,benign,benign
31278.39885,80,4,0,0,-4,0,1,66,82,19822,25,36,2,-7,85,benign,benign
31278.9116,80,2,0,0,-1,-1,1,66,83,19823,26,36,16,-15,86,benign,benign
31279.42477,80,2,0,0,-1,-2,0,66,84,19824,26,36,25,-16,90,benign,benign
31279.93626,80,2,0,0,-1,-2,0,66,83,19821,27,36,35,-8,95,benign,benign
31280.47847,80,2,-1,0,-1,-1,0,66,82,19828,27,36,54,15,78,benign,benign
31281.00039,80,1,-1,0,-1,-1,0,66,82,19825,28,36,42,16,83,benign,benign
31281.51854,80,1,-1,0,-1,-1,1,66,82,19816,28,36,34,14,81,benign,benign
31282.04712,80,0,0,0,1,1,1,66,80,19818,29,36,23,9,82,benign,benign
31282.5776,80,0,0,0,-6,-2,1,66,79,19816,29,36,27,9,79,benign,benign
31283.10752,80,1,0,0,-1,-1,1,66,79,19821,30,36,18,12,80,benign,benign
31283.63411,80,1,0,0,0,-1,1,66,79,19820,30,36,12,10,81,benign,benign
31284.155,80,0,-1,0,0,0,1,66,79,19816,31,36,5,10,81,benign,benign
31284.71253,80,0,-1,0,0,-1,1,66,79,19829,32,36,2,6,81,benign,benign
31285.24064,80,0,0,0,-3,0,1,66,80,19819,32,36,4,5,82,benign,benign
31285.77222,80,0,0,0,0,0,1,66,80,19817,33,36,3,6,82,benign,benign
31286.30003,80,0,0,0,0,0,1,66,81,19825,33,36,5,9,83,benign,benign
31286.83931,80,0,0,0,-7,0,1,67,82,19826,34,36,6,11,83,benign,benign
31287.37388,80,3,0,0,1,0,1,67,82,19825,34,36,-5,17,84,benign,benign
31287.89249,80,2,0,0,-1,-1,1,66,83,19824,35,36,-25,29,81,benign,benign
31288.42487,80,2,0,0,-1,-1,1,66,83,19819,35,36,-33,30,82,benign,benign
31289.0287,80,2,0,0,-1,-1,1,67,84,19819,36,36,-38,-37,82,benign,benign
31289.63059,80,2,-1,0,-1,-1,1,67,83,19815,36,36,-24,-26,87,benign,benign
31290.17226,80,0,0,0,0,2,1,67,82,19818,37,36,-18,-23,84,benign,benign
31290.69967,80,0,0,0,-2,-4,1,67,82,19818,38,36,-16,-27,83,benign,benign
31291.23475,80,1,-2,0,-1,0,1,67,80,19812,38,36,-15,-25,81,benign,benign
31291.80525,80,1,-1,0,0,-1,1,67,79,19812,39,36,-9,-13,81,benign,benign
31292.36324,80,0,-1,0,0,-1,1,67,79,19814,39,36,-5,-8,81,benign,benign
31292.91808,80,0,-1,0,0,0,1,67,79,19816,40,36,-4,-6,81,benign,benign
31293.43284,80,0,0,0,-3,0,1,67,80,19810,40,36,-5,-5,81,benign,benign
31293.95944,80,0,-1,0,0,-1,1,67,80,19808,41,36,-5,-5,82,benign,benign
31294.50011,80,0,0,0,0,0,1,67,79,19812,41,36,-5,-6,82,benign,benign
31295.01174,80,0,0,0,0,-1,1,67,80,19804,42,36,-7,-7,82,benign,benign
31295.54398,80,3,0,0,-7,0,1,67,81,19803,42,36,-8,-14,81,benign,benign
31296.06237,80,2,0,0,0,0,1,68,80,19793,43,36,2,-16,82,benign,benign
31296.58796,80,2,0,0,-1,-1,1,68,80,19801,43,36,23,-35,72,benign,benign
31297.10857,80,2,0,0,-1,-1,1,67,79,19790,44,36,23,-34,81,benign,benign
31297.66386,80,2,0,0,-1,-1,1,66,78,19787,45,36,-38,-9,83,benign,benign
31298.20241,70,2,-1,0,-1,-1,1,66,78,19780,45,36,-25,-16,83,benign,benign
31298.71305,70,0,0,0,0,0,1,67,78,19785,46,36,-14,-14,82,benign,benign
31299.23743,80,0,0,0,-4,-4,1,67,79,19787,46,36,-17,-17,81,benign,benign
31299.75604,80,1,-1,0,-1,0,1,67,80,19788,47,36,-12,-12,81,benign,benign
31300.31615,80,1,-1,0,-1,0,1,67,79,19788,47,36,-4,-5,82,benign,benign
31300.8567,80,0,0,0,0,1,1,67,79,19786,48,36,-3,-1,82,benign,benign
31301.3902,80,0,0,0,0,0,23,67,79,19795,48,36,-4,-2,81,benign,benign
31301.91314,80,0,0,0,0,-1,53,67,78,19786,49,36,-2,-3,81,benign,benign
31302.47115,80,0,0,0,0,0,89,67,79,19782,49,36,-1,-7,81,benign,benign
31303.01541,80,0,0,0,0,0,124,67,79,19791,50,36,-2,-9,81,benign,benign
31303.52311,80,0,0,0,0,0,154,67,79,19781,50,36,-1,-14,80,benign,benign
31304.05668,80,0,0,0,0,1,173,67,78,19786,51,36,-5,-15,81,benign,benign
31304.57506,80,0,0,0,0,0,179,67,79,19786,51,36,-4,-16,81,benign,benign
31305.09345,80,0,0,0,0,0,179,67,79,19789,52,36,-5,-15,81,benign,benign
31305.59837,80,0,0,0,0,0,179,67,79,19784,53,36,-5,-13,82,benign,benign
31306.12296,80,-3,0,0,-6,0,179,68,80,19784,53,36,-13,-9,82,benign,benign
31306.66202,80,-2,0,0,0,0,179,68,79,19785,54,36,-25,-8,84,benign,benign
31307.18662,80,-2,0,0,0,0,179,67,79,19788,54,36,-38,-2,85,benign,benign
31307.71596,80,-2,0,0,-1,0,179,67,80,19792,55,36,28,-25,76,benign,benign
31308.2274,80,-2,0,0,0,0,179,67,80,19799,55,36,10,-20,81,benign,benign
31308.73706,80,0,0,0,0,0,179,67,79,19789,56,35,-1,-14,81,benign,benign
31309.26479,80,0,-1,0,0,0,179,67,79,19793,56,35,-4,-11,80,benign,benign
31309.79177,80,0,0,0,0,-2,179,67,79,19792,57,35,-13,-7,78,benign,benign
31310.31437,80,0,0,0,0,0,179,67,79,19795,57,35,-7,-4,80,benign,benign
31310.8415,80,0,0,0,0,0,179,67,79,19782,58,35,-5,-2,81,benign,benign
31311.35165,80,0,0,0,0,0,-158,67,79,19790,58,35,-9,0,80,benign,benign
31311.88359,80,0,0,0,0,0,-147,67,79,19798,59,35,-6,-3,80,benign,benign
31312.4092,80,0,0,0,0,0,-145,67,79,19794,59,35,-6,-3,81,benign,benign
31312.9328,80,0,0,0,0,0,-169,67,80,19811,60,35,-7,-5,81,benign,benign
31313.47049,80,0,0,0,0,0,179,67,79,19802,60,35,-6,-2,81,benign,benign
31313.9911,80,0,0,0,0,0,178,67,80,19793,61,35,-7,-5,81,benign,benign
31314.52659,80,1,0,0,0,0,178,67,80,19800,61,35,-2,-1,81,benign,benign
31315.05058,80,0,0,0,-3,0,178,67,80,19802,62,35,0,-3,81,benign,benign
31315.56874,80,-4,0,0,0,0,178,67,80,19801,62,35,-7,-4,80,benign,benign
31316.09932,80,-2,0,0,-1,0,178,67,81,19806,63,35,-25,5,80,benign,benign
31316.62903,80,-2,0,0,-1,0,178,67,80,19797,63,35,-38,4,80,benign,benign
31317.16022,80,-2,0,0,-1,0,178,67,79,19795,64,35,-39,1,80,benign,benign
31317.66988,80,-2,0,0,0,0,178,67,79,19808,65,34,-27,-4,79,benign,benign
31318.2128,80,0,0,0,0,0,178,68,79,19804,65,34,-15,-4,81,benign,benign
31318.74002,80,-1,0,0,-2,-1,178,68,80,19806,66,34,-20,-6,80,benign,benign
31319.28157,80,-1,0,0,-1,0,178,67,78,19814,66,34,-12,-4,81,benign,benign
31319.8089,80,-1,0,0,-1,0,178,67,77,19808,67,34,-6,-3,80,benign,benign
31320.36898,80,0,0,0,0,0,178,67,78,19818,67,34,-1,-3,80,benign,benign
31320.87465,80,0,0,0,0,0,178,67,78,19818,68,34,-2,-4,80,benign,benign
31321.42094,80,-4,0,0,-6,0,178,67,81,19820,68,34,0,-5,81,benign,benign
31321.92446,80,-2,0,0,0,0,178,67,80,19827,69,34,11,-7,81,benign,benign
31322.46682,80,-2,0,0,-1,0,178,68,80,19824,69,34,32,-10,78,benign,benign
31322.97745,80,-2,0,0,-1,0,178,67,79,19823,70,34,45,-9,78,benign,benign
31323.50231,80,-2,0,0,0,0,178,67,79,19827,70,34,51,-9,76,benign,benign
31324.02845,80,-1,0,0,0,-2,178,67,78,19824,71,34,33,6,80,benign,benign
31324.55859,80,0,0,0,0,0,178,67,77,19833,71,33,26,3,80,benign,benign
31325.1151,70,-1,0,0,-3,0,178,67,78,19829,72,33,29,5,78,benign,benign
31325.63288,80,-1,0,0,0,0,178,67,79,19833,72,33,16,3,81,benign,benign
31326.14103,80,-1,0,0,0,0,178,67,79,19829,73,33,8,3,81,benign,benign
31326.6582,80,0,0,0,0,0,178,67,79,19830,74,33,5,1,81,benign,benign
31327.18661,80,0,0,0,0,0,-166,68,79,19828,74,33,3,0,81,benign,benign
31327.71067,80,0,0,0,0,0,-130,68,79,19830,75,33,1,2,81,benign,benign
31328.22329,80,0,0,0,0,0,-100,67,79,19828,75,33,3,2,81,benign,benign
31328.77784,80,0,0,0,0,0,-66,67,80,19831,76,33,3,3,81,benign,benign
31329.31655,80,0,0,0,0,0,-37,67,80,19830,76,32,5,1,82,benign,benign
31329.87406,80,0,0,0,0,0,-12,67,81,19829,77,32,4,5,83,benign,benign
31330.40851,80,0,0,0,0,0,-3,68,81,19830,77,32,4,5,84,benign,benign
31330.95078,80,0,0,0,0,0,-3,68,80,19834,78,32,-200,-200,-200,benign,benign
31331.45642,80,0,0,1,0,0,-3,68,79,19828,78,32,-200,-200,-200,benign,benign
31331.98156,60,0,0,4,0,0,-3,67,63,19811,79,32,-200,-200,-200,benign,benign
31332.50146,30,0,0,4,0,0,-3,67,32,19798,79,32,-200,-200,-200,benign,benign
31333.0116,10,0,0,4,0,0,-3,68,10,19671,80,32,-200,-200,-200,benign,benign
31333.56412,0,0,0,0,0,0,-2,68,10,19520,80,31,-200,-200,-200,benign,benign
31334.08241,10,-1,0,0,0,0,-2,67,10,19676,81,31,-200,-200,-200,benign,benign
31377.18734,70,0,0,-1,0,0,0,66,72,19842,2,22,-4,0,74,benign,benign
31377.70794,80,0,0,0,0,0,0,66,77,19839,3,22,-5,0,78,benign,benign
31378.23165,80,0,0,0,0,0,0,66,79,19842,3,22,-5,0,81,benign,benign
31378.75328,80,0,0,0,-2,0,0,66,81,19847,4,22,-4,0,83,benign,benign
31379.27885,80,0,0,0,0,0,0,66,82,19852,4,22,-5,0,84,benign,benign
31379.79493,80,0,0,0,0,0,0,66,83,19854,5,22,-6,-1,84,benign,benign
31380.31706,80,0,0,0,0,0,0,66,84,19848,5,22,-7,-2,85,benign,benign
31380.87059,80,0,0,0,0,0,0,66,83,19850,6,22,-7,-2,85,benign,benign
31381.38731,80,5,0,0,-2,0,0,66,83,19855,7,22,1,-6,85,benign,benign
31381.91289,80,2,0,0,0,0,0,66,84,19844,7,22,16,-6,87,benign,benign
31382.46655,80,2,0,0,-1,0,0,66,85,19852,8,22,37,-10,85,benign,benign
31382.99473,80,2,0,0,-1,0,0,66,85,19848,8,22,42,0,90,benign,benign
31383.52134,80,2,0,0,-1,-1,0,66,85,19845,9,22,42,0,83,benign,benign
31384.07736,80,0,0,0,1,0,0,66,84,19850,9,22,28,-2,84,benign,benign
31384.60667,80,0,0,0,0,0,0,66,83,19849,10,22,31,-1,82,benign,benign
31385.12548,80,0,0,0,0,0,0,66,84,19852,10,22,32,2,82,benign,benign
31385.66902,80,1,0,0,-8,0,0,66,85,19858,11,22,33,4,82,benign,benign
31386.19962,80,3,0,0,0,0,0,66,84,19852,11,22,10,4,86,benign,benign
31386.72498,80,2,0,0,-1,0,0,66,83,19848,12,22,1,9,86,benign,benign
31387.25155,80,2,0,0,-1,0,0,66,83,19847,12,22,-13,15,84,benign,benign
31387.77967,80,2,0,0,-1,-1,0,66,83,19850,13,22,-32,21,79,benign,benign
31388.30668,80,2,0,0,-1,-1,0,66,83,19847,13,22,-37,30,77,benign,benign
31388.81652,80,0,0,0,1,0,0,66,82,19851,14,22,-40,-11,81,benign,benign
31389.34113,80,1,0,0,-7,-2,0,66,84,19848,15,22,-38,-6,85,benign,benign
31389.89689,80,2,0,0,-1,0,0,66,83,19850,15,22,-25,-13,84,benign,benign
31390.41959,80,1,0,0,0,0,0,66,81,19854,16,22,-13,-12,84,benign,benign
31390.94108,80,1,0,0,0,0,0,66,81,19846,16,22,-7,-8,83,benign,benign
31391.46907,80,0,0,0,0,0,0,66,80,19846,17,22,-3,-9,83,benign,benign
31391.99242,80,0,0,0,-1,0,0,66,81,19845,17,22,-4,-6,83,benign,benign
31392.52152,80,0,0,0,0,0,0,67,81,19841,18,22,-6,-8,82,benign,benign
31393.04811,80,0,0,0,-1,0,0,67,81,19842,18,22,-6,-13,83,benign,benign
31393.5724,80,2,0,0,-8,0,0,66,82,19843,19,22,-12,-17,82,benign,benign
31394.09656,80,3,0,0,0,0,0,66,82,19838,19,22,-1,-20,82,benign,benign
31394.63709,80,2,0,0,-1,0,0,66,82,19836,20,22,13,-35,77,benign,benign
31395.16158,80,2,0,0,-1,0,0,66,83,19832,20,22,23,-44,74,benign,benign
31395.68149,80,2,0,0,-1,0,0,66,82,19830,21,22,25,-36,84,benign,benign
31396.18821,80,2,-1,0,-1,0,0,67,82,19831,21,22,-32,-10,89,benign,benign
31396.69984,80,2,-1,0,-1,1,0,67,81,19828,22,22,-25,-12,87,benign,benign
31397.2419,80,0,0,0,0,0,0,67,81,19830,22,22,-16,-16,84,benign,benign
31397.76901,80,1,-1,0,-1,-1,0,67,81,19833,23,22,-14,-18,85,benign,benign
31398.29115,80,1,-1,0,0,0,0,66,80,19832,23,22,-8,-16,84,benign,benign
31398.81516,80,0,-1,0,-1,0,0,66,79,19830,24,22,-4,-10,83,benign,benign
31399.34176,80,0,-1,0,0,0,0,67,79,19824,25,22,-5,-7,82,benign,benign
31399.86436,80,0,0,0,-2,0,0,67,79,19829,25,22,-5,-5,82,benign,benign
31400.38932,80,0,0,0,1,-2,0,67,79,19823,26,22,-3,-4,82,benign,benign
31400.90147,80,0,0,0,0,0,2,67,79,19822,26,22,-3,-4,82,benign,benign
31401.4111,80,0,0,0,0,0,31,66,80,19827,27,22,-5,-8,83,benign,benign
31401.93979,80,0,0,0,0,-1,68,66,80,19825,27,22,-5,-13,83,benign,benign
31402.49281,80,0,0,0,0,0,97,67,79,19827,28,22,-5,-15,83,benign,benign
31403.01157,80,0,0,0,0,0,126,67,79,19828,28,22,-6,-19,82,benign,benign
31403.5318,80,0,0,0,0,0,156,67,79,19832,29,22,-11,-23,80,benign,benign
31404.07646,80,0,0,0,0,0,174,67,79,19832,29,22,-9,-20,81,benign,benign
31404.60109,80,0,0,0,0,0,177,66,79,19834,30,22,-14,-19,81,benign,benign
31405.12719,80,0,0,0,0,0,178,66,80,19832,30,22,-11,-14,82,benign,benign
31405.63372,80,0,0,0,0,0,178,67,80,19835,31,22,-9,-9,83,benign,benign
31406.20911,80,-3,0,0,-7,0,177,67,81,19835,31,22,-16,-9,84,benign,benign
31406.72027,80,-2,0,0,0,0,178,67,82,19836,32,22,-45,0,79,benign,benign
31407.23508,80,-2,0,0,0,0,178,67,81,19830,32,22,-60,7,76,benign,benign
31407.76176,80,-2,0,0,0,0,178,67,81,19835,33,22,8,-11,84,benign,benign
31408.2824,80,-2,0,0,0,-1,178,67,81,19829,33,22,0,-14,81,benign,benign
31408.79153,80,0,0,0,0,0,178,67,80,19836,34,22,-7,-12,82,benign,benign
31409.32731,80,1,-1,0,0,-2,178,67,80,19836,35,22,-8,-5,83,benign,benign
31409.85626,80,0,0,0,0,0,178,67,81,19842,35,22,-11,1,82,benign,benign
31410.38291,80,0,0,0,0,0,178,67,81,19841,36,22,-9,2,82,benign,benign
31410.9,80,0,0,0,0,0,178,67,81,19840,36,22,-7,4,83,benign,benign
31411.4281,80,-3,0,0,1,0,178,67,81,19843,37,22,-17,7,82,benign,benign
31411.94329,80,-2,0,0,0,0,178,67,81,19847,37,22,-35,17,82,benign,benign
31412.47147,80,-2,0,0,0,-1,178,67,80,19848,38,22,-46,20,80,benign,benign
31412.99706,80,-2,0,0,0,-1,178,67,80,19847,38,22,-26,-19,82,benign,benign
31413.52166,80,-1,1,0,0,-1,178,67,80,19840,39,22,-17,-20,81,benign,benign
31414.0331,80,0,0,0,0,1,178,67,80,19850,39,22,-9,-17,81,benign,benign
31414.54373,80,0,0,0,0,-4,178,67,81,19845,40,22,-5,-17,82,benign,benign
31415.08885,80,0,1,0,-1,-1,178,67,81,19845,40,22,-5,-13,84,benign,benign
31415.64635,80,0,1,0,0,0,178,67,80,19845,41,22,-4,-8,83,benign,benign
31416.16372,80,0,0,0,0,0,178,67,80,19842,41,22,-4,-5,83,benign,benign
31416.69383,80,0,0,0,0,0,178,67,80,19842,42,22,-5,-9,83,benign,benign
31417.23337,80,0,0,0,-3,0,178,67,81,19842,42,22,-10,-16,83,benign,benign
31417.78641,80,-3,0,0,1,-1,178,67,80,19833,43,22,-1,-21,83,benign,benign
31418.31121,80,-2,0,0,-1,-1,177,68,81,19839,43,22,20,-29,80,benign,benign
31418.83973,80,-2,0,0,-1,-1,177,68,81,19845,44,22,43,-20,75,benign,benign
31419.36532,80,-2,0,0,-1,-1,177,67,82,19847,44,22,52,3,78,benign,benign
31419.89591,80,-2,1,0,-1,-1,177,67,81,19839,45,22,52,-36,71,benign,benign
31420.40657,80,-1,1,0,-1,-1,177,68,81,19839,46,22,65,-15,73,benign,benign
31420.9465,80,0,0,0,0,1,177,68,80,19835,46,22,33,10,81,benign,benign
31421.47108,80,-1,0,0,-8,-3,178,67,80,19839,47,22,31,14,82,benign,benign
31422.00017,80,-2,0,0,0,-1,178,67,80,19832,47,22,25,13,82,benign,benign
31422.51132,80,-1,0,0,0,-1,178,66,80,19842,48,22,16,12,82,benign,benign
31423.02149,80,-1,0,0,0,-1,178,66,78,19841,48,22,6,7,81,benign,benign
31423.56308,80,0,0,0,-1,-1,178,67,78,19846,49,22,2,3,80,benign,benign
31424.0842,80,0,0,0,0,1,178,67,78,19832,49,22,1,2,81,benign,benign
31424.60817,80,0,0,0,0,0,-152,67,78,19841,50,22,5,4,80,benign,benign
31425.12578,80,0,0,0,0,-1,-122,67,78,19843,50,22,8,4,80,benign,benign
31425.64896,80,0,0,0,0,0,-91,67,80,19833,51,22,5,6,81,benign,benign
31426.17805,80,0,0,0,0,0,-61,67,80,19842,51,22,5,8,82,benign,benign
31426.70663,80,0,0,0,0,0,-26,67,79,19839,52,22,9,7,81,benign,benign
31427.23147,80,0,0,0,0,1,-8,67,78,19838,52,22,9,18,80,benign,benign
31427.7446,80,0,0,0,0,0,-3,67,79,19841,53,22,10,21,79,benign,benign
31428.27152,80,0,0,0,0,0,-3,67,80,19841,53,22,-200,-200,-200,benign,benign
31428.81606,70,0,0,2,0,0,-3,67,73,19832,54,22,-200,-200,-200,benign,benign
31429.33745,50,0,0,4,0,0,-3,67,50,19815,54,22,-200,-200,-200,benign,benign
31429.86203,30,0,0,4,0,0,-3,67,26,19781,55,22,-200,-200,-200,benign,benign
31430.38164,10,0,0,3,0,0,-3,67,10,19507,55,22,-200,-200,-200,benign,benign
31430.90625,0,-1,0,0,0,0,-2,67,10,19628,56,22,-200,-200,-200,benign,benign
31431.42731,10,-1,0,0,0,0,-2,66,10,19686,57,22,-200,-200,-200,benign,benign
33179.11616,80,0,0,0,0,0,0,63,81,20198,7,66,-7,-2,83,benign,benign
33179.6439,80,0,0,0,0,0,0,63,80,20206,7,66,-5,-2,83,benign,benign
33180.15908,80,0,0,0,0,0,0,63,80,20203,8,66,-7,-2,82,benign,benign
33180.68874,80,0,0,0,-1,0,0,64,81,20206,8,66,-5,-4,83,benign,benign
33181.21635,80,0,0,0,0,0,0,64,80,20210,9,66,-2,-3,83,benign,benign
33181.73496,80,0,0,0,0,0,0,64,81,20209,9,66,-4,-5,84,benign,benign
33182.26366,80,0,0,0,0,0,0,64,82,20212,10,66,0,-8,85,benign,benign
33182.78019,80,0,0,0,0,0,0,64,83,20216,10,66,-5,-10,86,benign,benign
33183.31022,80,0,0,0,-7,0,0,64,84,20217,11,66,-3,-11,86,benign,benign
33183.82842,80,3,0,0,0,0,0,64,83,20211,12,66,16,-19,85,benign,benign
33184.35846,80,2,0,0,-1,-1,0,64,82,20249,12,66,27,-16,89,benign,benign
33184.87015,80,2,0,0,-1,-1,0,64,83,20211,13,66,52,-13,86,benign,benign
33185.38676,80,2,0,0,-1,-1,0,64,83,20202,13,66,40,12,84,benign,benign
33185.9041,80,1,-1,0,0,-1,0,64,83,20200,14,66,33,12,81,benign,benign
33186.43451,80,0,0,0,0,0,0,64,81,20197,14,66,20,11,83,benign,benign
33186.94913,80,1,-1,0,-1,-1,0,65,82,20207,15,66,19,14,81,benign,benign
33187.47831,80,1,0,0,0,0,0,65,81,20199,15,66,11,8,83,benign,benign
33188.00709,80,0,0,0,0,0,0,64,80,20197,16,66,6,6,82,benign,benign
33188.53784,80,0,0,0,0,0,0,64,79,20193,16,66,3,5,82,benign,benign
33189.05646,80,0,0,0,0,0,0,65,79,20199,17,66,3,6,81,benign,benign
33189.56993,80,0,0,0,0,0,0,65,80,20200,17,66,6,8,81,benign,benign
33190.09952,80,0,0,-1,-1,0,0,65,82,20199,18,66,8,13,82,benign,benign
33190.61564,90,0,0,-2,0,-1,0,65,92,20214,18,66,10,16,91,benign,benign
33191.13052,100,0,0,-1,0,0,0,64,102,20225,19,66,9,16,101,benign,benign
33191.63169,110,0,0,-1,0,0,0,64,112,20243,19,66,11,17,111,benign,benign
33192.14696,110,0,0,0,0,0,0,65,118,20247,20,66,10,15,117,benign,benign
33192.73826,110,0,0,1,0,0,0,65,113,20242,20,66,14,20,116,benign,benign
33193.2684,100,0,0,2,0,0,0,65,102,20231,21,66,7,16,107,benign,benign
33193.79849,90,0,0,1,0,0,0,65,92,20226,21,66,9,17,98,benign,benign
33194.29965,80,0,0,1,0,0,0,64,84,20212,22,66,11,20,87,benign,benign
33194.81196,80,0,0,0,0,0,0,64,81,20216,22,66,10,19,84,benign,benign
33195.32399,80,0,-1,0,-1,-2,0,65,82,20216,23,66,11,22,81,benign,benign
33195.85856,80,0,-1,0,0,0,0,65,82,20213,24,66,7,15,83,benign,benign
33196.37647,80,0,-1,0,0,-1,0,65,81,20214,24,66,4,10,84,benign,benign
33196.90483,80,0,-1,0,0,0,0,65,80,20217,25,66,3,6,83,benign,benign
33197.43293,80,0,-1,0,0,0,0,65,80,20217,25,66,4,4,83,benign,benign
33197.96251,80,0,0,0,0,0,0,66,80,20220,26,66,5,5,83,benign,benign
33198.49365,80,4,0,0,0,0,0,66,80,20216,26,66,-3,8,83,benign,benign
33199.02477,80,2,0,0,-1,0,0,65,81,20218,27,66,-19,17,81,benign,benign
33199.5449,80,2,0,0,-1,-1,0,65,82,20218,27,66,-34,27,77,benign,benign
33200.07504,80,2,0,0,-1,-1,0,65,82,20214,28,66,-41,26,80,benign,benign
33200.58971,80,2,0,0,-1,-1,0,65,82,20218,28,66,-38,-28,80,benign,benign
33201.09095,80,1,-1,0,-1,-1,0,65,82,20209,29,66,-23,-19,84,benign,benign
33201.60856,80,0,0,0,0,3,0,65,81,20209,29,66,-12,-14,84,benign,benign
33202.13559,80,0,0,0,0,0,0,65,80,20213,30,66,-14,-14,82,benign,benign
33202.65262,80,1,-1,0,-1,0,0,65,81,20212,30,66,-13,-16,82,benign,benign
33203.21312,80,0,-1,0,-1,-1,0,65,81,20209,31,66,-6,-12,82,benign,benign
33203.74038,80,0,-1,0,0,0,0,65,80,20210,31,66,-5,-9,82,benign,benign
33204.2567,80,0,0,0,0,0,0,65,80,20212,32,66,-4,-6,82,benign,benign
33204.78782,80,0,0,0,0,0,0,65,79,20214,33,66,-6,-5,81,benign,benign
33205.30451,80,0,0,0,0,0,0,66,80,20223,33,66,-5,-6,82,benign,benign
33205.82081,80,0,0,0,-1,0,0,66,81,20219,33,66,-8,-10,82,benign,benign
33206.34157,80,4,0,0,1,0,0,65,80,20216,34,66,-3,-15,82,benign,benign
33206.85993,80,2,0,0,-1,0,0,65,81,20212,35,66,15,-23,81,benign,benign
33207.3907,80,2,0,0,-1,-1,0,66,81,20215,35,66,22,-31,79,benign,benign
33207.92064,80,2,0,0,-1,-1,0,66,81,20213,36,66,25,-41,78,benign,benign
33208.43626,80,2,-1,0,-1,-1,0,66,81,20205,36,66,-30,-7,91,benign,benign
33208.95239,80,2,-1,0,-1,-1,0,66,81,20213,37,66,-30,-7,91,benign,benign
33209.45341,80,0,0,0,1,1,0,66,81,20207,37,66,-20,-12,85,benign,benign
33209.97104,80,0,0,0,-4,-3,0,66,81,20216,38,66,-19,-13,85,benign,benign
33210.50022,80,1,-1,0,-1,-1,0,66,81,20213,38,66,-14,-14,84,benign,benign
33211.01644,80,1,-1,0,0,0,0,66,80,20213,39,66,-8,-11,84,benign,benign
33211.53502,70,0,-1,0,-1,0,0,66,80,20209,39,65,-5,-9,83,benign,benign
33212.12134,70,0,-1,0,0,0,0,66,80,20222,40,65,-3,-5,82,benign,benign
33212.64455,70,0,0,0,0,0,0,66,79,20208,40,65,-5,-6,82,benign,benign
33213.17091,80,0,0,0,0,0,30,66,80,20216,41,65,-6,-5,83,benign,benign
33213.70202,80,0,0,0,0,-1,60,66,81,20216,41,65,-9,-9,83,benign,benign
33214.22064,80,0,0,0,0,0,90,66,81,20222,42,65,-9,-14,84,benign,benign
33214.73874,80,0,0,0,0,0,126,66,81,20212,42,65,-10,-18,84,benign,benign
33215.28229,80,0,0,0,0,0,156,66,81,20213,43,65,-11,-19,84,benign,benign
33215.79813,80,0,0,0,0,0,173,66,81,20215,43,65,-14,-22,82,benign,benign
33216.32837,80,0,0,0,0,0,178,66,81,20217,44,65,-16,-21,82,benign,benign
33216.85696,80,0,0,0,0,0,178,66,81,20214,44,64,-12,-14,84,benign,benign
33217.3836,80,0,0,0,0,0,178,66,80,20212,45,64,-11,-10,84,benign,benign
33217.90222,80,-4,0,0,1,0,178,66,80,20221,46,64,-19,-6,84,benign,benign
33218.42313,80,-2,0,0,0,0,178,66,80,20219,46,64,-36,0,85,benign,benign
33218.93831,80,-2,0,0,-1,0,178,66,81,20211,47,64,-40,4,88,benign,benign
33219.46889,80,-2,0,0,0,-1,178,66,81,20218,47,64,8,-15,82,benign,benign
33219.98302,80,-2,0,0,0,-2,178,66,81,20216,48,64,-1,-11,82,benign,benign
33220.50796,80,0,0,0,0,0,178,66,82,20220,48,64,-5,-11,83,benign,benign
33221.02572,80,0,0,0,1,2,178,66,82,20222,49,64,-7,-11,83,benign,benign
33221.54213,80,0,0,0,0,-1,178,66,81,20230,49,64,-6,-4,83,benign,benign
33222.07084,80,0,0,0,0,-1,178,67,82,20229,50,64,-7,0,84,benign,benign
33222.60201,80,-1,0,0,-9,0,178,67,85,20231,50,63,-10,3,84,benign,benign
33223.11598,80,-3,0,0,1,0,178,66,83,20227,51,63,-18,10,84,benign,benign
33223.66086,80,-2,0,0,-1,0,178,66,83,20213,51,63,-37,18,82,benign,benign
33224.17459,80,-2,0,0,-1,-1,178,66,83,20220,52,63,-43,23,82,benign,benign
33224.6906,80,-2,0,0,-1,-1,178,66,82,20207,52,63,-34,-15,87,benign,benign
33225.20822,80,-1,1,0,0,-2,178,67,82,20213,53,63,-24,-22,84,benign,benign
33225.75848,80,-1,1,0,0,-2,178,67,81,20210,53,63,-17,-21,83,benign,benign
33226.27731,80,0,1,0,0,3,178,66,81,20218,54,63,-8,-12,84,benign,benign
33226.79613,80,0,0,0,-2,-3,178,66,81,20224,55,63,-12,-15,84,benign,benign
33227.31284,80,0,1,0,-1,-1,178,66,82,20212,55,63,-13,-19,83,benign,benign
33227.84224,80,0,1,0,0,0,178,66,81,20210,56,62,-9,-15,84,benign,benign
33228.35861,80,0,1,0,0,-1,178,67,80,20210,56,62,-6,-11,83,benign,benign
33228.87821,70,0,1,0,0,-1,178,67,79,20209,57,62,-5,-8,82,benign,benign
33229.39394,70,0,0,0,-1,-1,178,67,78,20215,57,62,-5,-6,81,benign,benign
33229.90631,70,0,0,0,0,0,178,67,78,20210,58,62,-6,-5,81,benign,benign
33230.43644,70,0,0,0,0,0,178,67,79,20215,58,62,-5,-8,82,benign,benign
33230.94262,70,0,0,0,-1,-1,178,67,80,20213,59,62,-10,-14,82,benign,benign
33231.45841,80,-2,0,0,-8,0,178,66,82,20212,59,62,-12,-19,83,benign,benign
33231.98861,80,-2,0,0,-1,0,178,66,81,20213,60,62,7,-25,83,benign,benign
33232.50918,80,-2,0,0,-1,-1,178,66,81,20216,60,62,24,-29,81,benign,benign
33233.02229,80,-2,0,0,-1,-1,178,66,81,20209,61,62,31,-31,81,benign,benign
33233.55307,80,-2,0,0,-1,-1,178,67,79,20217,61,62,36,-32,80,benign,benign
33234.0841,80,-2,1,0,-1,-1,178,67,79,20210,62,62,36,-32,80,benign,benign
33234.6127,70,-1,1,0,3,1,178,66,78,20206,62,62,34,19,82,benign,benign
33235.13993,70,0,0,0,0,0,178,66,77,20212,63,62,31,19,80,benign,benign
33235.67531,70,-2,1,0,-1,-1,178,66,78,20209,63,61,28,21,80,benign,benign
33236.19393,80,-1,1,0,0,0,178,67,78,20212,64,61,17,16,80,benign,benign
33236.72302,70,-1,1,0,0,0,178,67,77,20210,64,61,7,12,80,benign,benign
33237.25312,70,0,1,0,0,-1,178,66,77,20210,65,61,2,8,80,benign,benign
33237.78071,70,0,0,0,0,0,178,66,77,20217,66,61,2,6,79,benign,benign
33238.31181,70,0,0,0,0,0,-162,67,77,20210,66,61,3,7,80,benign,benign
33238.84741,70,0,0,0,0,0,-132,67,78,20212,67,61,7,4,80,benign,benign
33239.37801,70,0,0,0,0,0,-102,67,78,20209,67,61,6,10,81,benign,benign
33239.90312,70,0,0,0,0,0,-66,67,79,20212,68,61,6,13,82,benign,benign
33240.43372,80,0,0,0,0,0,-36,67,79,20211,68,61,7,13,82,benign,benign
33240.95035,70,0,0,0,0,1,-11,67,78,20215,69,61,7,16,81,benign,benign
33241.47497,70,0,0,0,0,0,-3,67,77,20203,69,60,6,18,80,benign,benign
33241.98763,70,0,0,0,0,0,-3,67,78,20207,70,60,-200,-200,-200,benign,benign
33242.50225,70,0,0,0,0,0,-3,67,77,20205,70,60,-200,-200,-200,benign,benign
33243.07568,60,0,0,4,0,0,-3,67,58,20183,71,60,-200,-200,-200,benign,benign
33243.57936,30,0,0,4,0,0,-3,67,34,20152,71,60,-200,-200,-200,benign,benign
33244.10892,10,0,0,4,0,0,-3,67,12,20073,72,60,-200,-200,-200,benign,benign
33244.63817,0,0,0,0,0,0,-3,66,10,19867,72,60,-200,-200,-200,benign,benign
33245.15862,0,0,0,0,0,0,-2,66,10,20043,73,60,-200,-200,-200,benign,benign
34354.93389,70,0,0,0,-1,0,0,62,82,20400,9,57,-19,-7,84,benign,benign
34355.45846,70,0,0,0,-1,0,0,62,81,20411,9,57,-20,-9,83,benign,benign
34355.98353,70,0,0,0,0,0,0,63,81,20406,10,57,-20,-8,84,benign,benign
34356.50866,70,0,0,0,-1,0,0,63,82,20396,10,57,-23,-11,83,benign,benign
34357.03093,70,0,0,0,-1,0,0,62,82,20401,11,57,-25,-12,82,benign,benign
34357.56206,70,0,0,0,-1,0,0,62,82,20404,11,57,-26,-13,82,benign,benign
34358.07677,70,0,0,0,-1,0,0,63,82,20404,12,57,-27,-12,83,benign,benign
34358.60535,70,1,0,0,-3,0,0,63,82,20397,12,57,-30,-16,81,benign,benign
34359.13258,60,1,0,0,-1,0,0,63,81,20407,13,57,-24,-10,81,benign,benign
34359.65857,60,1,0,0,-1,0,0,63,80,20404,14,57,-14,-7,82,benign,benign
34360.1852,60,1,0,0,-1,-1,0,63,80,20401,14,57,-12,-5,82,benign,benign
34360.71281,60,1,0,0,-1,0,0,63,80,20414,15,57,-8,-3,83,benign,benign
34361.24148,60,0,0,0,-2,-1,0,63,81,20400,15,57,-7,-4,83,benign,benign
34361.76353,60,1,0,0,-1,1,0,63,81,20410,16,57,-7,-7,84,benign,benign
34362.27519,60,0,-1,0,0,2,0,63,81,20408,16,57,-7,-3,83,benign,benign
34362.79184,60,0,0,0,-1,0,0,63,80,20406,17,57,-9,-5,83,benign,benign
34363.30886,60,0,0,0,-1,0,0,63,81,20406,17,57,-13,-7,83,benign,benign
34363.83545,60,0,0,0,-1,0,0,63,82,20416,18,57,-18,-15,83,benign,benign
34364.3468,70,0,0,0,-1,0,0,63,83,20409,18,57,-20,-15,83,benign,benign
34364.85879,70,0,0,0,-1,0,0,63,83,20413,19,57,-22,-14,83,benign,benign
34365.38391,60,0,0,0,-1,0,0,63,82,20410,19,57,-22,-14,83,benign,benign
34365.9115,70,4,0,0,-7,0,0,63,83,20410,20,57,-24,-17,82,benign,benign
34366.47506,70,3,0,0,0,0,0,64,83,20401,20,57,-9,-13,86,benign,benign
34366.99174,70,2,0,0,-2,0,0,64,83,20403,21,57,5,-17,88,benign,benign
34367.51531,60,2,0,0,-2,0,0,63,82,20400,21,57,15,-23,87,benign,benign
34368.02847,60,2,0,0,-2,0,0,63,81,20405,22,57,24,-26,86,benign,benign
34368.58612,60,2,0,0,-2,-1,0,63,81,20401,22,57,29,-18,91,benign,benign
34369.10274,60,2,-1,0,-2,-1,0,63,80,20398,23,57,34,-14,92,benign,benign
34369.63184,60,2,-1,0,-1,0,0,63,80,20398,23,57,46,-22,85,benign,benign
34370.15696,60,0,0,0,0,0,0,64,79,20402,24,57,45,7,79,benign,benign
34370.68455,60,1,0,0,-8,-2,0,64,80,20409,24,57,43,10,81,benign,benign
34371.22463,60,3,0,0,-1,-1,0,63,81,20400,25,57,35,14,81,benign,benign
34371.74375,60,2,0,0,0,0,0,63,80,20400,26,57,22,13,81,benign,benign
34372.28881,60,1,0,0,-1,0,0,64,79,20397,26,57,12,10,81,benign,benign
34372.81392,60,1,0,0,-2,-1,0,64,79,20405,27,57,10,10,81,benign,benign
34373.33916,60,1,0,0,-1,0,0,64,79,20403,27,57,8,8,81,benign,benign
34373.8658,60,1,0,0,-1,0,0,64,80,20399,28,57,6,6,82,benign,benign
34374.37611,60,1,0,0,-1,0,0,64,79,20401,28,57,3,5,83,benign,benign
34374.89893,60,0,0,0,-1,0,0,64,80,20406,29,57,5,8,82,benign,benign
34375.40859,60,0,0,0,-1,0,0,64,81,20413,29,57,10,12,82,benign,benign
34375.937,60,2,0,0,-8,0,0,64,82,20402,30,57,17,16,81,benign,benign
34376.45066,60,2,0,0,0,0,0,64,81,20414,30,57,-3,19,83,benign,benign
34376.97775,70,2,0,0,-2,-1,0,64,82,20414,31,57,-13,26,81,benign,benign
34377.50258,60,2,0,0,-2,0,0,64,81,20411,31,57,-23,29,81,benign,benign
34378.02965,60,2,0,0,-2,0,0,64,80,20406,32,57,-31,36,78,benign,benign
34378.57711,60,2,0,0,-1,-1,0,65,81,20410,32,57,-39,30,81,benign,benign
34379.10749,60,2,-1,0,-1,-1,0,65,81,20412,33,57,-39,-27,81,benign,benign
34379.63019,60,1,0,0,-1,1,0,64,80,20412,33,57,-28,-24,81,benign,benign
34380.14782,60,0,0,0,0,-4,0,64,81,20412,34,57,-24,-24,82,benign,benign
34380.67543,60,0,0,0,-5,-4,1,64,82,20414,35,57,-27,-24,82,benign,benign
34381.20363,70,2,-1,0,-1,0,0,65,82,20420,35,57,-22,-21,84,benign,benign
34381.71523,60,1,-1,0,0,-1,0,65,82,20415,36,57,-16,-16,83,benign,benign
34382.22538,60,1,0,0,0,-1,0,64,81,20417,36,57,-6,-12,83,benign,benign
34382.7529,60,0,-1,0,-1,-1,0,64,81,20413,37,56,-4,-9,83,benign,benign
34383.27762,60,0,-1,0,0,-1,0,64,80,20416,37,56,-4,-7,82,benign,benign
34383.79431,60,0,0,0,0,0,0,64,80,20422,38,56,-4,-5,82,benign,benign
34384.31048,60,0,0,0,-1,0,0,65,81,20421,38,56,-6,-4,83,benign,benign
34384.88298,70,0,0,0,-1,0,0,65,83,20424,39,56,-9,-10,84,benign,benign
34385.40543,70,4,0,0,-1,0,0,65,83,20420,39,56,-6,-14,84,benign,benign
34385.93361,70,2,0,0,-1,0,0,65,83,20417,40,56,8,-16,84,benign,benign
34386.46481,70,2,0,0,-2,-1,0,65,82,20425,40,56,19,-25,82,benign,benign
34386.99091,60,2,0,0,-2,-1,0,65,81,20415,41,55,26,-31,81,benign,benign
34387.51325,60,2,0,0,-1,0,0,65,80,20416,41,55,27,-41,78,benign,benign
34388.02537,60,2,-1,0,-1,-1,0,65,79,20416,42,55,-31,-9,87,benign,benign
34388.56496,60,0,0,0,1,0,0,64,79,20425,42,55,-22,-12,82,benign,benign
34389.08706,60,0,0,0,-4,-3,1,64,80,20417,43,55,-20,-14,83,benign,benign
34389.61165,60,1,0,0,-1,0,0,64,80,20425,43,55,-17,-15,83,benign,benign
34390.13304,60,1,0,0,-1,0,0,64,80,20416,44,55,-11,-10,83,benign,benign
34390.66116,60,1,-1,0,-1,0,0,65,79,20413,44,55,-7,-7,83,benign,benign
34391.19027,60,1,0,0,0,1,0,65,78,20418,45,55,-7,-5,82,benign,benign
34391.71587,60,0,0,0,0,0,25,65,78,20422,46,55,-5,-5,82,benign,benign
34392.24461,60,0,0,0,0,-1,59,65,79,20425,46,55,-6,-8,83,benign,benign
34392.76944,60,0,0,0,0,-1,88,65,80,20419,47,54,-3,-16,82,benign,benign
34393.29304,60,0,0,0,0,0,116,65,79,20418,47,54,-7,-14,83,benign,benign
34393.81969,60,0,0,0,0,0,146,65,80,20419,48,54,-6,-18,82,benign,benign
34394.37921,60,0,0,0,0,0,173,66,81,20427,48,54,-5,-19,83,benign,benign
34394.90108,60,0,0,0,0,0,178,66,80,20418,49,54,-11,-17,83,benign,benign
34395.42669,60,0,0,0,0,0,179,65,80,20421,49,54,-8,-13,84,benign,benign
34395.95033,60,0,0,0,0,0,179,65,80,20422,50,54,-7,-8,84,benign,benign
34396.47499,60,-2,0,0,-8,0,179,65,81,20414,50,54,-11,-7,83,benign,benign
34397.00162,60,-2,0,0,0,0,179,65,79,20416,51,54,-35,0,83,benign,benign
34397.53075,60,-2,0,0,0,0,179,65,79,20421,51,54,-39,3,85,benign,benign
34398.06092,60,-2,0,0,-1,-1,178,65,79,20412,52,54,-39,3,85,benign,benign
34398.57206,60,-2,0,0,0,-1,179,66,79,20417,52,54,2,-11,80,benign,benign
34399.08789,60,0,0,0,3,1,179,66,79,20429,53,53,-3,-8,81,benign,benign
34399.62496,60,0,0,0,2,1,178,65,79,20419,53,53,-6,-6,82,benign,benign
34400.15652,60,0,0,0,-1,0,178,65,80,20425,54,53,-7,-2,82,benign,benign
34400.68212,60,0,0,0,0,-1,178,65,81,20426,55,53,-6,0,83,benign,benign
34401.20518,60,0,0,0,-9,0,178,65,84,20430,55,53,-12,4,82,benign,benign
34401.75079,70,-3,0,0,1,-1,178,66,83,20431,56,53,-17,14,83,benign,benign
34402.27538,70,-2,0,0,-1,0,178,66,83,20436,56,53,-31,19,81,benign,benign
34402.80036,60,-2,0,0,-1,-1,178,65,82,20427,57,53,-47,25,80,benign,benign
34403.35007,60,-2,0,0,-1,-1,179,66,82,20431,57,53,-30,-17,85,benign,benign
34403.87167,60,-1,1,0,0,-1,179,66,81,20429,58,53,-16,-19,83,benign,benign
34404.39352,60,0,0,0,0,2,179,65,80,20431,58,53,-7,-14,83,benign,benign
34404.92112,60,0,0,0,-1,-3,179,65,80,20438,59,52,-7,-14,83,benign,benign
34405.44674,60,0,1,0,-1,-1,178,66,80,20427,59,52,-7,-15,83,benign,benign
34405.97587,60,0,1,0,-1,-1,178,66,80,20435,60,52,-6,-14,82,benign,benign
34406.52042,60,0,1,0,-1,-1,178,66,79,20430,60,52,-5,-8,81,benign,benign
34407.0426,60,0,1,0,0,-1,179,66,79,20431,61,52,-4,-7,81,benign,benign
34407.56533,60,0,0,0,0,0,179,66,79,20430,61,52,-6,-7,82,benign,benign
34408.07896,60,0,0,0,-1,-1,179,66,80,20426,62,52,-12,-15,81,benign,benign
34408.60497,60,-3,0,0,-8,0,179,65,80,20438,62,52,-12,-20,82,benign,benign
34409.13211,60,-2,0,0,0,-1,178,65,81,20436,63,52,6,-24,83,benign,benign
34409.6587,60,-2,0,0,-1,-1,178,66,81,20438,63,52,22,-28,82,benign,benign
34410.18969,60,-2,0,0,-1,-1,178,66,81,20439,64,52,39,-32,77,benign,benign
34410.72043,60,-2,0,0,-1,-1,178,67,80,20430,65,51,47,-38,72,benign,benign
34411.24201,60,-2,1,0,-1,-1,179,67,80,20434,65,51,55,-42,66,benign,benign
34411.77075,60,0,0,0,1,0,179,66,80,20437,66,51,38,15,81,benign,benign
34412.29801,60,-1,0,0,-8,-3,179,66,81,20435,66,51,34,11,84,benign,benign
34412.82286,60,-2,1,0,0,0,179,66,80,20433,67,51,27,15,78,benign,benign
34413.35015,60,-1,1,0,0,0,179,66,79,20439,67,51,6,10,83,benign,benign
34413.86659,60,0,1,0,1,-1,178,66,80,20437,68,51,0,6,83,benign,benign
34414.42298,60,0,0,0,0,-1,178,66,79,20441,68,51,0,5,82,benign,benign
34414.95057,60,0,0,0,-1,0,179,66,78,20437,69,50,-1,4,82,benign,benign
34415.46526,60,0,1,0,0,0,179,66,79,20436,69,50,1,2,81,benign,benign
34415.98429,60,0,0,0,0,0,-165,66,80,20443,70,50,4,5,82,benign,benign
34416.51089,60,0,0,0,0,-1,-135,66,80,20436,70,50,7,6,82,benign,benign
34417.02738,60,0,0,0,0,0,-99,66,80,20451,71,50,7,10,83,benign,benign
34417.54458,60,0,0,0,0,0,-68,66,79,20446,71,50,7,12,82,benign,benign
34418.0726,60,0,0,0,0,0,-37,66,79,20447,72,50,10,13,82,benign,benign
34418.59987,60,0,0,0,0,0,-12,67,79,20443,72,50,8,18,82,benign,benign
34419.11661,60,0,0,0,0,0,-3,67,80,20447,73,50,10,18,81,benign,benign
34419.6731,60,0,0,0,0,0,-2,66,79,20447,74,50,-200,-200,-200,benign,benign
34420.20335,60,0,0,1,0,0,-2,66,76,20438,74,50,-200,-200,-200,benign,benign
34420.71403,50,0,0,4,0,0,-2,67,57,20423,75,49,-200,-200,-200,benign,benign
34421.24159,20,0,0,4,0,0,-2,67,32,20397,75,49,-200,-200,-200,benign,benign
34421.76025,0,0,0,4,0,0,-2,66,10,20317,76,49,-200,-200,-200,benign,benign
34422.27935,0,0,0,0,-1,0,-2,66,10,20159,76,49,-200,-200,-200,benign,benign
34422.79571,0,-1,0,0,-1,0,-2,67,10,20290,77,49,-200,-200,-200,benign,benign
34486.51041,70,0,0,0,0,0,0,70,76,20430,2,42,-7,-8,77,benign,benign
34487.03525,80,0,0,0,0,0,0,70,79,20436,3,42,-8,-9,80,benign,benign
34487.59279,80,0,0,0,0,0,0,70,80,20437,4,42,-8,-10,82,benign,benign
34488.12332,80,0,0,0,0,0,0,69,81,20436,4,42,-8,-9,83,benign,benign
34488.65481,80,0,0,0,0,0,0,69,81,20434,5,42,-7,-9,84,benign,benign
34489.18038,80,0,0,0,0,0,0,70,82,20439,5,42,-4,-11,85,benign,benign
34489.69984,80,0,0,0,0,0,0,70,84,20442,6,42,-8,-10,86,benign,benign
34490.21524,80,0,0,0,-1,-1,0,69,84,20442,6,42,-8,-12,86,benign,benign
34490.72487,80,0,0,0,0,0,0,69,82,20444,7,42,-6,-5,85,benign,benign
34491.25002,80,0,0,0,0,0,0,69,82,20443,7,42,-4,-5,85,benign,benign
34491.77698,80,0,0,0,0,0,0,69,83,20446,8,42,-4,-5,87,benign,benign
34492.30257,80,0,0,0,0,0,0,69,84,20440,8,42,-4,-7,88,benign,benign
34492.81296,80,0,0,0,0,0,0,69,84,20439,9,42,-6,-11,88,benign,benign
34493.33311,80,0,0,0,0,0,0,69,85,20444,9,42,-6,-13,88,benign,benign
34493.86238,80,0,0,0,0,0,0,69,86,20443,10,42,-3,-17,89,benign,benign
34494.38537,80,4,0,0,1,0,0,70,86,20440,10,42,6,-19,90,benign,benign
34494.89392,80,2,0,0,-1,-1,0,70,87,20440,11,42,25,-24,90,benign,benign
34495.40555,80,2,0,0,-1,-1,0,70,86,20449,11,42,31,-18,95,benign,benign
34495.91394,80,2,0,0,-1,0,0,70,87,20439,12,42,49,9,88,benign,benign
34496.43788,80,2,-1,0,-1,-1,0,69,87,20438,12,42,40,12,86,benign,benign
34496.95278,80,1,-1,0,3,3,0,69,85,20438,13,42,28,11,85,benign,benign
34497.47937,80,0,0,0,0,0,0,69,82,20440,13,42,26,9,83,benign,benign
34498.00902,80,0,0,0,0,0,0,69,81,20442,14,42,27,16,81,benign,benign
34498.54788,80,1,0,0,-8,0,0,69,82,20444,14,42,28,17,81,benign,benign
34499.07531,80,3,0,0,0,0,0,69,82,20440,15,42,10,18,84,benign,benign
34499.59891,80,2,0,0,-1,-1,0,69,82,20438,15,42,-2,24,83,benign,benign
34500.09956,80,2,0,0,-1,0,0,69,82,20436,16,42,-21,30,80,benign,benign
34500.60711,80,2,0,0,-1,-1,0,69,81,20443,17,42,-32,29,81,benign,benign
34501.12273,80,2,-1,0,-1,-1,0,69,82,20445,17,42,-38,28,81,benign,benign
34501.63553,80,1,0,0,2,2,0,69,81,20436,18,42,-35,-20,86,benign,benign
34502.1553,80,0,0,0,-7,-3,0,69,80,20444,18,42,-33,-18,84,benign,benign
34502.68022,80,2,-1,0,0,0,0,69,79,20429,19,42,-28,-17,81,benign,benign
34503.20282,80,1,-1,0,0,0,0,69,78,20440,19,42,-18,-15,80,benign,benign
34503.7286,80,1,0,0,0,0,0,69,78,20437,20,42,-8,-9,80,benign,benign
34504.25047,80,0,0,0,-1,0,0,69,78,20440,20,42,-6,-7,80,benign,benign
34504.77802,80,0,0,0,0,0,0,69,78,20440,21,42,-6,-4,80,benign,benign
34505.33558,80,0,0,0,0,0,0,69,78,20441,21,42,-7,-8,80,benign,benign
34505.85683,70,1,0,0,-9,0,0,69,78,20441,22,42,-9,-10,79,benign,benign
34506.38564,80,3,0,0,0,0,0,69,79,20452,22,42,2,-12,80,benign,benign
34506.91545,80,2,0,0,-1,0,0,69,80,20441,23,42,12,-16,80,benign,benign
34507.43184,80,2,0,0,-2,0,0,69,79,20447,23,42,29,-24,77,benign,benign
34507.96027,80,2,0,0,-1,0,0,69,78,20443,24,42,34,-22,80,benign,benign
34508.5003,80,2,0,0,-1,0,0,68,78,20438,24,42,-30,-2,83,benign,benign
34509.01059,80,1,0,0,2,0,0,68,78,20440,25,42,-23,-5,81,benign,benign
34509.51405,80,0,0,0,-1,0,0,68,79,20452,25,42,-17,-7,81,benign,benign
34510.03483,80,1,0,0,-1,0,0,68,80,20442,26,42,-15,-4,83,benign,benign
34510.56042,80,1,0,0,-1,0,0,69,80,20444,26,42,-9,-4,83,benign,benign
34511.07075,80,0,0,0,0,0,0,69,80,20445,27,42,-2,-5,82,benign,benign
34511.58537,80,0,0,0,0,0,8,69,80,20446,27,42,-1,-5,82,benign,benign
34512.11399,80,0,0,0,-1,0,42,69,79,20442,28,42,0,-4,82,benign,benign
34512.63711,80,0,0,0,0,0,71,69,81,20443,29,42,-2,-7,83,benign,benign
34513.16697,80,0,0,0,0,-1,101,69,81,20453,29,42,-2,-8,84,benign,benign
34513.67861,80,0,0,0,0,0,131,69,82,20448,30,42,0,-10,84,benign,benign
34514.20291,80,0,0,0,0,0,166,69,81,20448,30,42,-9,-16,82,benign,benign
34514.73451,80,0,0,0,0,0,177,69,80,20449,31,42,2,-17,82,benign,benign
34515.25518,80,0,0,0,0,0,178,69,80,20449,31,42,-4,-17,82,benign,benign
34515.77901,80,0,0,0,0,0,178,69,80,20448,32,42,-4,-15,82,benign,benign
34516.29047,80,0,0,0,0,0,178,69,80,20459,32,42,-4,-14,82,benign,benign
34516.82046,80,-3,0,0,1,0,179,69,80,20447,33,42,-20,-13,83,benign,benign
34517.37563,80,-2,0,0,0,0,178,69,79,20455,33,42,-34,-6,86,benign,benign
34517.91965,80,-2,0,0,0,0,178,69,80,20451,34,42,-48,-10,82,benign,benign
34518.47567,80,-2,0,0,-1,0,178,68,80,20454,34,42,0,-15,83,benign,benign
34518.99031,80,0,0,0,2,0,178,68,79,20459,35,42,-3,-22,80,benign,benign
34519.51431,80,0,-1,0,1,4,179,68,80,20460,35,42,-7,-24,80,benign,benign
34520.04053,80,0,-1,0,0,0,178,68,81,20456,36,42,-3,-12,83,benign,benign
34520.58458,80,0,-1,0,0,0,178,69,80,20462,37,42,-4,-5,82,benign,benign
34521.11,80,0,0,0,0,0,178,69,80,20460,37,42,-5,-4,81,benign,benign
34521.63515,80,0,0,0,0,0,178,69,79,20456,38,42,-6,-4,81,benign,benign
34522.16001,80,-1,0,0,-8,0,178,69,80,20454,38,42,-6,-4,81,benign,benign
34522.68361,80,-3,0,0,0,0,178,69,79,20464,39,42,-24,-2,80,benign,benign
34523.24059,80,-2,0,0,0,0,178,69,79,20458,39,42,-50,-7,75,benign,benign
34523.76375,80,-2,0,0,-1,0,178,69,79,20463,40,42,-32,11,78,benign,benign
34524.30534,80,-2,0,0,0,0,178,68,78,20462,40,42,-10,10,80,benign,benign
34524.8221,80,0,0,0,0,0,178,68,78,20458,41,42,-1,9,79,benign,benign
34525.34766,80,0,-1,0,0,0,178,69,78,20463,41,42,0,8,80,benign,benign
34525.87028,80,0,0,0,0,-1,178,69,79,20470,42,42,1,5,80,benign,benign
34526.40186,80,0,0,0,0,0,178,68,79,20468,42,42,0,4,81,benign,benign
34526.92896,80,0,0,0,0,0,178,68,78,20459,43,42,-2,5,80,benign,benign
34527.45655,80,-4,0,0,-1,0,178,68,79,20459,43,42,3,6,79,benign,benign
34527.97912,80,-2,0,0,-1,0,178,68,79,20461,44,42,24,7,79,benign,benign
34528.51039,80,-2,0,0,-1,0,178,69,80,20452,44,42,38,3,79,benign,benign
34529.03615,80,-2,0,0,-1,0,178,69,79,20466,45,42,50,3,79,benign,benign
34529.56538,80,-2,0,0,-1,0,178,69,79,20463,45,42,28,-15,86,benign,benign
34530.09102,80,0,0,0,0,0,178,69,79,20462,46,42,20,-17,83,benign,benign
34530.60803,80,-1,-1,0,-2,1,178,68,79,20465,46,42,17,-16,84,benign,benign
34531.11522,80,-1,-1,0,0,0,178,68,80,20467,47,42,9,-11,83,benign,benign
34531.62986,80,0,0,0,0,0,178,69,79,20465,48,42,3,-6,82,benign,benign
34532.13898,80,0,0,0,0,0,-174,69,79,20467,48,42,-1,-2,82,benign,benign
34532.67056,80,0,0,0,0,0,-139,69,79,20464,49,41,3,-3,82,benign,benign
34533.1952,80,0,0,0,0,0,-103,69,81,20460,49,41,3,-3,83,benign,benign
34533.7093,80,0,0,0,0,0,-79,69,81,20467,50,41,2,-4,83,benign,benign
34534.22033,80,0,0,0,0,0,-43,69,82,20463,50,41,-2,-1,83,benign,benign
34534.73094,80,0,0,0,0,0,-19,69,81,20461,51,41,1,0,83,benign,benign
34535.25904,80,0,0,0,0,0,-3,69,81,20460,51,41,-1,0,83,benign,benign
34535.78264,80,0,0,0,0,0,-1,68,81,20471,52,41,-200,-200,-200,benign,benign
34536.30376,70,0,0,2,0,0,0,68,77,20456,52,41,-200,-200,-200,benign,benign
34536.82891,50,0,0,4,0,0,0,68,56,20437,53,41,-200,-200,-200,benign,benign
34537.33807,30,0,0,4,0,0,0,68,32,20418,53,41,-200,-200,-200,benign,benign
34537.83873,10,0,0,4,0,0,0,68,10,20276,54,40,-200,-200,-200,benign,benign
34538.36752,0,0,0,0,-1,0,0,69,10,20187,54,40,-200,-200,-200,benign,benign
34538.89857,0,0,0,0,-1,0,0,69,10,20302,55,40,-200,-200,-200,benign,benign
34598.42688,70,0,0,0,0,0,0,71,76,20447,2,32,-7,-11,78,benign,benign
34598.95051,70,0,0,0,0,0,0,72,79,20446,3,32,-8,-12,80,benign,benign
34599.47537,80,0,0,0,0,0,0,72,81,20444,3,32,-8,-12,83,benign,benign
34599.99608,80,0,0,0,0,0,0,71,82,20451,4,32,-10,-13,84,benign,benign
34600.52529,80,0,0,0,0,0,0,71,82,20457,5,32,-9,-11,84,benign,benign
34601.05438,80,0,0,0,0,0,0,71,82,20448,5,32,-11,-11,84,benign,benign
34601.57948,80,0,0,0,0,0,0,71,83,20454,6,32,-11,-11,85,benign,benign
34602.10616,80,0,0,0,-1,0,0,70,84,20445,6,32,-10,-12,86,benign,benign
34602.62922,80,0,0,0,-1,0,0,70,83,20449,7,32,-8,-7,85,benign,benign
34603.15493,70,0,0,0,1,1,0,71,82,20454,7,32,-5,-3,84,benign,benign
34603.67019,80,0,0,0,0,0,0,71,83,20452,8,32,-4,-2,85,benign,benign
34604.19207,80,0,0,0,0,0,0,71,84,20455,8,32,-7,-5,86,benign,benign
34604.69787,80,0,0,0,0,0,0,71,84,20451,9,32,-8,-6,86,benign,benign
34605.21848,80,3,0,0,-8,0,0,70,84,20455,9,32,-6,-11,86,benign,benign
34605.72563,80,2,0,0,-1,0,0,71,84,20453,10,32,16,-13,87,benign,benign
34606.24073,80,2,0,0,-1,0,0,71,84,20454,10,32,28,-13,88,benign,benign
34606.7658,80,2,0,0,-1,0,0,71,84,20448,11,32,37,-9,92,benign,benign
34607.28541,80,2,0,0,-1,0,0,71,84,20450,11,32,47,10,83,benign,benign
34607.81022,80,1,0,0,-1,2,0,71,84,20454,12,32,40,2,81,benign,benign
34608.33345,80,0,0,0,0,0,0,71,83,20450,12,32,32,4,82,benign,benign
34608.8621,80,0,0,0,0,0,0,70,83,20451,13,32,36,5,80,benign,benign
34609.38185,80,0,0,0,-1,0,0,70,84,20456,13,32,38,5,81,benign,benign
34609.90545,80,4,0,0,-4,0,0,70,84,20452,14,32,14,-2,90,benign,benign
34610.42805,80,2,0,0,0,0,0,70,83,20454,14,32,16,9,84,benign,benign
34610.98673,80,2,0,0,-2,0,0,71,83,20455,15,32,3,11,84,benign,benign
34611.51026,80,2,0,0,-1,0,0,71,83,20453,15,32,-5,15,84,benign,benign
34612.03703,80,2,0,0,-1,0,0,71,83,20457,16,32,-22,20,81,benign,benign
34612.5949,80,2,0,0,-1,0,0,71,81,20455,17,32,-36,20,77,benign,benign
34613.17039,70,0,0,0,0,2,0,70,79,20453,17,32,-35,25,78,benign,benign
34613.74028,70,-2,-1,0,5,-3,0,70,79,20465,18,32,-45,-12,81,benign,benign
34614.25656,70,-2,-1,0,-1,0,0,69,78,20467,18,32,-24,12,77,benign,benign
34614.78237,70,-1,0,0,-2,0,0,69,77,20457,19,32,-5,4,79,benign,benign
34615.31083,70,0,0,0,-1,1,0,70,78,20460,19,32,-2,1,79,benign,benign
34615.83675,70,0,0,0,0,0,0,70,77,20458,20,32,-1,1,79,benign,benign
34616.35932,70,0,0,0,-1,0,0,70,77,20465,20,32,0,2,79,benign,benign
34616.88208,70,4,0,0,0,0,0,70,77,20459,21,32,-13,-4,79,benign,benign
34617.44176,70,2,0,0,-1,0,0,70,77,20460,21,32,-38,8,76,benign,benign
34617.96064,70,2,0,0,-1,0,0,70,76,20455,22,32,-34,-4,79,benign,benign
34618.49022,70,2,0,0,-1,-1,0,70,77,20464,22,32,-27,-7,76,benign,benign
34619.01109,70,2,0,0,-1,2,0,70,77,20457,23,32,-11,-4,78,benign,benign
34619.54006,70,0,0,0,0,0,0,70,78,20459,23,32,-7,-4,78,benign,benign
34620.06396,70,0,0,0,0,-1,0,70,79,20462,24,32,-4,-7,80,benign,benign
34620.59002,70,0,0,0,0,0,0,70,80,20462,25,32,-4,-6,81,benign,benign
34621.11908,70,0,0,0,0,0,31,69,81,20465,25,32,-3,-5,82,benign,benign
34621.67757,80,0,0,0,0,-1,69,69,82,20461,26,32,-2,-7,82,benign,benign
34622.2002,80,0,0,0,0,0,100,70,84,20464,26,32,-3,-8,84,benign,benign
34622.70884,80,0,0,0,0,0,124,70,83,20468,27,32,4,-15,83,benign,benign
34623.24948,80,0,0,0,0,0,158,70,83,20466,27,32,-6,-5,84,benign,benign
34623.7671,80,0,0,0,0,0,173,70,83,20465,28,32,-4,-11,84,benign,benign
34624.29108,80,0,0,0,0,0,177,70,83,20466,28,32,-4,-10,84,benign,benign
34624.81015,80,0,0,0,0,0,178,70,84,20471,29,32,-3,-9,85,benign,benign
34625.34049,80,0,0,0,0,0,178,69,83,20470,29,32,-5,-9,84,benign,benign
34625.86545,80,0,0,0,0,0,178,69,83,20475,30,32,-3,-11,84,benign,benign
34626.39022,80,-4,0,0,-4,0,178,69,81,20464,30,32,-10,-12,82,benign,benign
34626.91808,80,-2,0,0,0,0,178,69,81,20469,31,32,-24,-12,81,benign,benign
34627.44165,80,-2,0,0,0,0,178,69,81,20463,31,32,-38,-7,84,benign,benign
34627.97839,70,-2,0,0,-1,0,178,69,79,20468,32,32,-34,24,76,benign,benign
34628.50685,70,-2,0,0,-1,0,178,69,80,20466,32,32,-19,17,79,benign,benign
34629.03541,70,0,0,0,0,0,178,69,80,20469,33,32,-7,9,82,benign,benign
34629.55535,80,0,-1,0,0,1,178,69,81,20470,34,32,-5,9,82,benign,benign
34630.06209,80,0,0,0,0,-1,178,70,81,20470,34,32,-4,6,83,benign,benign
34630.57073,70,0,0,0,0,0,178,70,80,20466,35,32,-5,4,82,benign,benign
34631.09555,70,0,0,0,0,0,178,69,81,20473,35,32,-5,4,82,benign,benign
34631.61961,80,-4,0,0,-1,0,178,69,81,20473,36,32,3,2,83,benign,benign
34632.14571,80,-2,0,0,-1,0,178,70,83,20469,36,32,19,0,83,benign,benign
34632.65555,80,-2,0,0,0,0,178,70,82,20472,37,32,42,-2,74,benign,benign
34633.17856,80,-2,0,0,0,0,178,69,80,20461,37,32,49,0,78,benign,benign
34633.70549,70,-2,0,0,0,0,178,69,78,20467,38,32,37,-8,84,benign,benign
34634.24304,70,0,0,0,0,0,178,69,78,20471,38,32,28,-12,81,benign,benign
34634.77966,70,-2,-1,0,-1,0,178,69,80,20470,39,32,19,-12,84,benign,benign
34635.311,80,-1,0,0,0,0,178,70,80,20467,39,32,10,-6,83,benign,benign
34635.85533,80,0,0,0,0,0,178,70,80,20469,40,32,0,-2,83,benign,benign
34636.37992,80,0,0,0,0,0,178,70,81,20473,40,32,-2,-1,83,benign,benign
34636.88705,80,0,0,0,0,0,178,70,82,20472,41,32,-2,0,84,benign,benign
34637.39537,80,-4,0,0,-1,0,178,69,81,20462,41,32,-7,0,82,benign,benign
34637.92096,70,-2,0,0,0,0,178,69,80,20466,42,32,-15,-3,81,benign,benign
34638.4296,70,-2,0,0,0,0,178,69,79,20464,42,32,-38,-5,76,benign,benign
34638.93923,70,-2,0,0,-1,0,178,69,79,20475,43,32,-46,1,80,benign,benign
34639.50659,70,-2,0,0,-1,0,178,69,79,20471,43,32,-50,-23,79,benign,benign
34640.02879,80,0,0,0,0,0,178,69,81,20469,44,32,-50,-23,79,benign,benign
34640.55168,80,0,0,0,8,2,178,69,75,20483,44,32,-50,-23,79,benign,benign
34641.06918,70,4,-1,0,0,0,178,69,81,20475,45,32,-50,-23,79,benign,benign
34641.59662,70,3,0,0,-1,0,178,69,81,20477,46,32,-34,7,78,benign,benign
34642.12296,70,1,0,0,0,0,178,69,80,20469,46,32,-18,8,81,benign,benign
34642.6455,70,0,0,0,-2,0,178,69,80,20467,47,32,-9,7,82,benign,benign
34643.16352,70,0,0,0,0,0,-170,69,80,20474,47,32,-8,8,81,benign,benign
34643.68703,70,0,0,0,0,0,-133,69,81,20474,48,32,-5,4,82,benign,benign
34644.21528,70,0,0,0,0,0,-96,69,81,20470,48,32,-8,7,82,benign,benign
34644.73355,70,0,0,0,0,0,-65,69,80,20470,49,32,-10,7,82,benign,benign
34645.25612,70,0,0,0,0,0,-34,69,81,20476,49,32,-8,7,82,benign,benign
34645.79617,70,0,0,0,0,0,-8,69,81,20476,50,32,-11,10,83,benign,benign
34646.30565,70,0,0,0,0,0,-3,69,80,20481,50,32,-9,11,82,benign,benign
34646.83523,70,0,0,0,0,0,-1,69,80,20478,51,32,-200,-200,-200,benign,benign
34647.36532,70,0,0,2,0,0,-1,69,74,20463,51,32,-200,-200,-200,benign,benign
34647.89391,50,0,0,4,0,0,-1,69,52,20444,52,32,-200,-200,-200,benign,benign
34648.44544,20,0,0,4,0,0,-1,69,22,20415,52,32,-200,-200,-200,benign,benign
34648.9561,0,0,0,3,0,0,-1,69,10,20055,53,32,-200,-200,-200,benign,benign
34649.48475,0,0,0,0,1,0,-3,69,10,20289,53,32,-200,-200,-200,benign,benign
34649.99484,0,0,0,0,1,0,-3,69,10,20323,54,32,-200,-200,-200,benign,benign
34719.01049,80,0,0,0,-1,0,0,71,84,20493,7,22,-16,-14,86,benign,benign
34719.5303,70,0,0,0,0,0,0,72,83,20484,8,22,-14,-15,85,benign,benign
34720.04882,70,0,0,0,0,0,0,72,83,20477,8,22,-18,-19,83,benign,benign
34720.57074,70,0,0,0,-1,0,0,72,83,20481,9,22,-14,-16,85,benign,benign
34721.12522,70,0,0,0,0,0,0,72,84,20480,9,22,-15,-18,85,benign,benign
34721.67836,70,1,-1,0,-2,-1,0,71,83,20479,10,22,-16,-17,84,benign,benign
34722.20256,70,1,-1,0,0,0,0,71,82,20480,10,22,-12,-11,84,benign,benign
34722.74362,70,1,-1,0,0,0,0,71,81,20479,11,22,-9,-6,83,benign,benign
34723.26613,70,0,0,0,-1,0,0,71,80,20479,11,22,-4,-5,83,benign,benign
34723.81026,70,0,0,0,-1,1,0,72,80,20477,12,22,-4,-5,82,benign,benign
34724.32851,70,0,0,0,0,0,0,72,80,20477,12,22,-8,-5,81,benign,benign
34724.85109,70,0,0,0,-1,0,0,71,80,20469,13,22,-6,-9,82,benign,benign
34725.35838,70,0,0,0,-1,0,0,71,80,20471,13,22,-9,-11,81,benign,benign
34725.90018,70,0,0,0,-1,0,0,71,79,20466,14,22,-12,-15,80,benign,benign
34726.43021,70,0,0,0,-1,0,0,71,79,20466,14,22,-14,-16,80,benign,benign
34726.9409,70,0,0,0,-1,0,0,71,79,20470,15,22,-15,-17,80,benign,benign
34727.46719,70,2,0,0,-8,0,0,70,80,20476,16,22,-15,-16,80,benign,benign
34727.99518,70,3,0,0,0,0,0,70,79,20467,16,22,2,-16,82,benign,benign
34728.52277,70,2,0,0,-1,0,0,71,81,20466,17,22,13,-16,84,benign,benign
34729.05012,70,2,0,0,-1,0,0,71,80,20464,17,22,30,-19,83,benign,benign
34729.57471,70,2,0,0,-1,0,0,71,80,20460,18,22,33,-11,87,benign,benign
34730.13472,70,2,0,0,-1,0,0,71,79,20459,18,22,52,-3,82,benign,benign
34730.66191,70,1,0,0,2,0,0,70,78,20456,19,22,44,6,72,benign,benign
34731.18479,70,0,0,0,-3,0,0,70,78,20458,19,22,42,4,73,benign,benign
34731.71391,70,3,0,0,-1,0,0,71,78,20463,20,22,32,-1,76,benign,benign
34732.24485,70,2,0,0,0,0,0,71,77,20451,20,22,20,0,77,benign,benign
34732.79943,70,1,0,0,-1,0,0,70,77,20452,21,22,8,0,79,benign,benign
34733.3051,70,1,0,0,0,0,0,70,78,20460,21,22,6,0,79,benign,benign
34733.82298,70,0,0,0,0,0,0,71,79,20459,22,22,4,2,81,benign,benign
34734.3454,70,0,0,0,-1,0,0,71,78,20451,22,22,8,2,79,benign,benign
34734.88259,70,0,0,0,-3,0,0,71,80,20449,23,22,8,4,80,benign,benign
34735.40527,70,4,0,0,0,0,0,71,82,20460,23,22,1,3,83,benign,benign
34735.92043,70,2,0,0,-1,0,0,70,83,20456,24,22,-11,6,85,benign,benign
34736.4449,70,2,0,0,-1,0,0,70,82,20452,25,22,-29,7,82,benign,benign
34736.97046,70,2,0,0,-2,0,0,70,81,20461,25,22,-40,7,79,benign,benign
34737.49394,70,2,0,0,-1,0,0,70,80,20451,26,22,-38,1,78,benign,benign
34738.07935,70,2,0,0,0,0,0,70,80,20453,26,22,-27,-1,79,benign,benign
34738.60538,70,0,0,0,0,0,0,70,79,20452,27,22,-21,-2,80,benign,benign
34739.12525,70,1,0,0,-1,0,0,70,81,20459,27,22,-16,-5,81,benign,benign
34739.63889,70,1,0,0,-2,0,0,70,81,20463,28,22,-10,-5,82,benign,benign
34740.15354,70,1,0,0,-1,0,0,70,80,20457,28,22,-7,-3,82,benign,benign
34740.66673,70,0,0,0,0,0,0,70,79,20455,29,22,-3,-4,81,benign,benign
34741.1871,70,0,0,0,0,0,0,70,80,20459,29,22,-3,-6,81,benign,benign
34741.69328,70,0,0,0,-3,0,0,70,80,20463,30,22,-2,-5,80,benign,benign
34742.22288,70,4,0,0,0,0,0,70,80,20466,30,22,2,-7,81,benign,benign
34742.75087,70,2,0,0,-1,0,0,70,81,20467,31,22,21,-8,82,benign,benign
34743.266,70,2,0,0,-1,0,0,70,82,20462,31,22,32,-12,82,benign,benign
34743.77523,70,2,0,0,-1,0,0,70,82,20466,32,22,-38,13,83,benign,benign
34744.31878,70,2,0,0,-1,0,0,70,82,20469,32,22,-32,11,81,benign,benign
34744.87532,70,0,0,0,0,0,0,70,81,20468,33,22,-12,10,83,benign,benign
34745.39847,70,1,0,0,-1,2,0,70,81,20461,33,22,-12,12,81,benign,benign
34745.94051,70,0,0,0,0,0,0,70,81,20471,34,22,-5,9,82,benign,benign
34746.46032,70,0,0,0,0,0,19,70,80,20474,34,22,-2,2,82,benign,benign
34746.99093,70,0,0,0,0,0,55,71,80,20465,35,22,0,8,82,benign,benign
34747.518,70,0,0,0,-1,0,86,71,80,20465,36,22,1,2,82,benign,benign
34748.04109,70,0,0,0,0,0,116,71,80,20473,36,22,0,0,82,benign,benign
34748.59276,70,0,0,0,0,0,152,70,81,20477,37,22,0,1,82,benign,benign
34749.10765,70,0,0,0,0,0,172,70,82,20470,37,22,2,0,83,benign,benign
34749.61653,70,0,0,0,0,0,178,70,81,20472,38,22,0,-4,83,benign,benign
34750.14687,70,0,0,0,0,0,178,70,81,20470,38,22,-1,-3,82,benign,benign
34750.67457,70,0,0,0,0,0,178,69,80,20462,39,22,-1,-3,82,benign,benign
34751.19518,70,-2,0,0,-8,0,178,69,81,20456,39,22,-6,-5,81,benign,benign
34751.72473,70,-2,0,0,0,0,178,70,80,20461,40,22,-22,-3,81,benign,benign
34752.23534,70,-2,0,0,-1,0,178,70,80,20454,40,22,-41,-2,78,benign,benign
34752.81008,70,-2,0,0,-1,0,178,70,81,20465,41,22,-38,3,89,benign,benign
34753.34074,70,-2,0,0,-1,0,178,70,80,20463,41,22,25,-21,77,benign,benign
34753.86834,70,-1,0,0,5,0,178,69,78,20455,42,22,7,-19,79,benign,benign
34754.38389,70,0,-1,0,0,5,178,69,78,20464,42,22,4,-24,76,benign,benign
34754.91054,70,0,-1,0,0,0,178,70,79,20460,43,22,1,-14,79,benign,benign
34755.44044,70,0,-1,0,0,0,178,70,78,20464,43,22,0,-8,79,benign,benign
34755.9628,70,0,0,0,0,-1,178,70,79,20463,44,22,-4,-4,79,benign,benign
34756.50536,70,0,0,0,0,0,178,70,79,20459,45,22,-8,-1,79,benign,benign
34757.02298,70,0,0,0,0,0,178,69,80,20461,45,22,-2,-5,80,benign,benign
34757.55409,70,-3,0,0,1,0,178,69,82,20461,46,22,-11,-7,82,benign,benign
34758.08467,70,-2,0,0,-1,0,178,69,82,20451,46,22,-33,-8,82,benign,benign
34758.64668,70,-2,0,0,-1,0,178,69,81,20455,47,22,-49,0,78,benign,benign
34759.17206,70,-2,0,0,-1,0,178,70,80,20449,47,22,-29,15,78,benign,benign
34759.70168,70,-1,0,0,5,0,178,70,80,20452,48,22,-13,21,78,benign,benign
34760.25447,70,0,0,0,0,4,178,70,78,20451,48,22,-6,13,79,benign,benign
34760.7817,70,0,-1,0,0,0,178,69,79,20455,49,22,-6,10,79,benign,benign
34761.31079,70,0,0,0,0,0,178,69,80,20452,49,22,-4,5,81,benign,benign
34761.83006,70,0,0,0,0,0,178,70,80,20451,50,22,-8,0,81,benign,benign
34762.35712,70,0,0,0,-1,0,178,70,79,20451,50,22,-5,5,81,benign,benign
34762.88539,70,-2,0,0,-1,0,178,69,78,20458,51,22,-4,6,80,benign,benign
34763.40657,70,-2,0,0,-1,0,178,69,80,20459,52,22,7,6,81,benign,benign
34763.95262,70,0,0,0,1,0,178,69,80,20457,52,22,31,4,78,benign,benign
34764.51112,70,2,0,0,2,0,178,69,79,20462,53,22,33,4,79,benign,benign
34765.03545,70,2,0,0,0,0,178,70,79,20460,53,21,25,10,78,benign,benign
34765.55615,70,2,0,0,0,0,178,70,79,20466,54,21,7,8,80,benign,benign
34766.08375,70,0,0,0,-1,0,178,70,79,20466,54,21,0,10,80,benign,benign
34766.60945,70,0,0,0,0,0,178,70,80,20460,55,21,-2,9,82,benign,benign
34767.12979,70,-1,0,0,-9,0,178,70,82,20459,55,21,0,7,82,benign,benign
34767.64029,70,-4,0,0,1,0,178,70,81,20466,56,21,10,5,83,benign,benign
34768.16885,70,-2,0,0,-1,0,178,70,82,20464,56,21,38,6,79,benign,benign
34768.69768,70,-2,0,0,-1,0,178,70,82,20465,57,21,49,8,83,benign,benign
34769.25518,80,-2,0,0,-1,0,178,69,83,20459,57,21,21,-23,90,benign,benign
34769.781,70,0,0,0,0,0,178,69,81,20470,58,21,12,-28,87,benign,benign
34770.31258,70,0,-2,0,-1,3,178,69,80,20471,58,21,19,-28,83,benign,benign
34770.82521,70,0,-1,0,0,0,178,69,81,20467,59,21,13,-21,82,benign,benign
34771.35164,70,0,-1,0,0,-1,178,69,80,20469,59,21,1,-6,83,benign,benign
34771.87525,70,0,0,0,0,-1,179,70,79,20474,60,21,0,-2,82,benign,benign
34772.40084,70,0,0,0,0,0,-144,70,79,20465,60,21,2,-4,81,benign,benign
34772.92544,70,0,0,0,0,0,-114,69,80,20463,61,21,3,-2,82,benign,benign
34773.48892,70,0,0,0,0,0,-77,69,81,20466,62,20,0,-4,83,benign,benign
34774.04546,70,0,0,0,0,0,-46,70,81,20473,62,20,0,-3,84,benign,benign
34774.57174,70,0,0,0,0,0,-13,70,81,20468,63,20,1,-1,83,benign,benign
34775.09523,70,0,0,0,0,0,-4,70,80,20463,63,20,-3,-1,82,benign,benign
34775.60491,70,0,0,0,0,0,-3,70,80,20472,64,20,-200,-200,-200,benign,benign
34776.13526,70,0,0,0,0,0,-3,69,80,20470,64,20,-200,-200,-200,benign,benign
34776.6604,70,0,0,3,0,0,-3,69,69,20456,65,20,-200,-200,-200,benign,benign
34777.18519,40,0,0,4,0,0,-3,70,41,20436,65,20,-200,-200,-200,benign,benign
34777.70979,20,0,0,4,0,0,-3,70,16,20407,66,20,-200,-200,-200,benign,benign
34778.23853,0,0,0,2,-1,0,-2,70,10,20137,66,20,-200,-200,-200,benign,benign
34778.7985,0,0,0,0,-1,0,-3,68,6553,20312,67,20,-200,-200,-200,benign,benign
38084.27478,80,0,0,0,0,0,0,59,80,20968,2,100,-7,-1,82,benign,benign
38084.8004,80,0,0,0,0,0,0,59,81,20980,3,100,-6,-1,84,benign,benign
38085.32905,80,0,0,0,0,0,0,60,82,20972,3,100,-5,-1,84,benign,benign
38085.85608,80,0,0,0,0,0,0,60,82,20971,4,100,-5,-1,84,benign,benign
38086.35871,80,0,0,0,0,0,0,59,83,20969,5,100,-5,0,85,benign,benign
38086.88532,80,0,0,0,0,0,0,59,83,20968,5,100,-5,-1,85,benign,benign
38087.41132,80,0,0,0,0,0,0,60,83,20972,6,100,-4,-2,86,benign,benign
38087.92893,80,0,0,0,0,0,0,60,83,20961,6,100,-4,-2,86,benign,benign
38088.48858,80,0,0,0,0,0,0,59,84,20974,7,100,-5,-2,86,benign,benign
38089.01541,80,0,0,0,0,0,0,59,83,20971,7,100,-4,-5,87,benign,benign
38089.54525,80,0,0,0,0,0,0,60,83,20968,8,100,-2,-7,87,benign,benign
38090.06099,80,0,0,0,0,0,0,60,83,20965,8,100,0,-9,87,benign,benign
38090.58887,80,0,0,0,0,0,0,60,83,20964,9,100,-2,-9,87,benign,benign
38091.11945,80,0,0,0,0,0,0,60,83,20966,9,100,-1,-11,86,benign,benign
38091.63325,80,0,0,0,0,0,0,60,83,20965,10,100,-1,-12,86,benign,benign
38092.16185,80,4,0,0,-1,0,0,61,84,20961,10,100,1,-14,87,benign,benign
38092.67848,80,2,0,0,-1,0,0,61,84,20977,11,100,32,-21,86,benign,benign
38093.19311,80,2,0,0,-1,-1,0,60,85,20975,11,100,39,-15,94,benign,benign
38093.74865,80,2,0,0,-1,-1,0,60,85,20977,12,100,42,9,86,benign,benign
38094.28122,80,2,-1,0,0,-1,0,61,85,20978,12,100,30,6,84,benign,benign
38094.8108,80,0,0,0,0,1,0,61,85,20981,13,100,17,3,87,benign,benign
38095.33982,80,0,0,0,0,0,0,61,84,20980,13,100,16,4,86,benign,benign
38095.85475,80,0,0,0,-1,-1,0,61,84,20992,14,100,21,7,85,benign,benign
38096.39653,80,4,0,0,0,0,0,61,84,20983,15,100,16,13,85,benign,benign
38096.97836,80,2,0,0,-1,0,0,61,84,20979,15,100,-3,15,86,benign,benign
38097.50794,80,2,0,0,-1,0,0,62,83,20981,16,100,-25,25,81,benign,benign
38098.0385,80,2,0,0,-1,0,0,62,83,20996,16,100,-33,25,81,benign,benign
38098.55611,80,2,-1,0,-1,-1,0,61,82,21002,17,100,-41,22,82,benign,benign
38099.09141,80,1,-1,0,0,-1,0,61,81,21005,17,100,-30,-13,87,benign,benign
38099.60803,80,0,0,0,0,0,0,61,81,21004,18,100,-30,-16,81,benign,benign
38100.12518,80,2,-1,0,-1,-1,0,61,81,21000,18,100,-27,-13,85,benign,benign
38100.63981,80,1,-1,0,-1,0,0,61,80,21005,19,100,-22,-16,81,benign,benign
38101.15569,80,1,-1,0,0,0,0,61,79,21009,19,100,-13,-12,81,benign,benign
38101.67134,80,1,-1,0,-1,0,0,62,80,21008,20,100,-7,-11,82,benign,benign
38102.18995,80,0,0,0,-1,0,0,62,80,21005,20,100,-4,-9,83,benign,benign
38102.7325,80,0,-1,0,-3,-1,0,62,81,21007,21,100,-3,-7,83,benign,benign
38103.24813,80,0,-1,0,0,0,0,62,81,21013,21,100,-5,-6,83,benign,benign
38103.76375,80,0,0,0,-1,0,0,62,81,21008,22,100,-3,-6,83,benign,benign
38104.2704,80,0,0,0,-1,0,0,62,81,21011,22,100,-3,-10,84,benign,benign
38104.79931,80,1,0,0,-8,0,0,62,82,21015,23,100,-8,-14,83,benign,benign
38105.31773,80,3,0,0,0,0,0,63,82,21017,23,100,-2,-18,83,benign,benign
38105.84731,80,2,0,0,-1,-1,0,63,82,21010,24,100,22,-28,81,benign,benign
38106.36205,80,2,0,0,-1,-1,0,63,82,21010,24,100,28,-33,82,benign,benign
38106.87467,80,2,0,0,-1,-1,0,63,82,21006,25,100,36,-32,84,benign,benign
38107.37733,80,2,-1,0,-1,-1,0,63,82,21008,25,100,-25,-11,91,benign,benign
38107.89114,80,1,-1,0,-1,-1,0,63,83,21003,26,100,-20,-16,87,benign,benign
38108.43684,80,0,0,0,0,0,0,63,83,21015,27,100,-14,-9,87,benign,benign
38108.96755,80,1,0,0,-3,-2,0,63,83,21009,27,100,-20,-17,84,benign,benign
38109.48716,80,1,0,0,-1,0,0,63,82,21017,28,100,-8,-12,85,benign,benign
38110.01991,80,1,-1,0,-1,-1,0,63,81,21012,28,100,-3,-9,84,benign,benign
38110.5505,80,0,-1,0,-1,0,0,63,81,21014,29,100,-3,-9,83,benign,benign
38111.0751,80,0,-1,0,0,0,0,63,81,21012,29,100,-1,-6,83,benign,benign
38111.59171,80,0,0,0,0,0,23,63,81,21011,30,100,-2,-4,84,benign,benign
38112.1072,80,0,0,0,0,-1,53,63,80,21017,30,100,-3,-9,84,benign,benign
38112.6379,80,0,0,0,0,0,89,63,80,21014,31,100,-4,-14,83,benign,benign
38113.16863,80,0,0,0,0,0,119,63,80,21005,31,100,-4,-16,83,benign,benign
38113.68827,80,0,0,0,0,0,149,64,80,21008,32,100,-4,-20,83,benign,benign
38114.18891,80,0,0,0,0,0,172,64,81,21016,32,100,-12,-21,82,benign,benign
38114.71668,80,0,0,0,0,0,178,64,81,21009,33,100,-12,-21,83,benign,benign
38115.23544,80,0,0,0,0,0,179,64,80,21012,33,100,-13,-17,83,benign,benign
38115.78415,80,0,0,0,0,0,179,63,80,21012,34,100,-10,-10,84,benign,benign
38116.3157,80,-3,0,0,-7,0,179,63,82,21008,34,100,-15,-10,85,benign,benign
38116.84459,80,-2,0,0,0,0,179,64,80,21008,35,100,-34,-5,86,benign,benign
38117.40441,80,-2,0,0,0,0,179,64,80,21007,36,100,16,-16,85,benign,benign
38117.92302,80,-2,0,0,0,0,179,64,80,21003,36,100,3,-12,83,benign,benign
38118.45361,80,-1,0,0,0,2,179,64,80,21000,37,100,-2,-18,82,benign,benign
38118.98336,80,0,0,0,0,0,178,64,80,21009,37,100,-10,-17,82,benign,benign
38119.49915,80,1,-1,0,0,0,178,64,81,21008,38,100,-9,-12,83,benign,benign
38120.01687,80,0,0,0,0,-1,178,64,80,21007,38,100,-7,-3,82,benign,benign
38120.53549,80,0,0,0,0,0,178,64,80,21011,39,100,-7,0,82,benign,benign
38121.05357,80,0,0,0,0,0,178,64,81,21014,39,100,-8,2,83,benign,benign
38121.58429,80,-2,0,0,-8,0,178,65,83,21014,40,100,-10,5,83,benign,benign
38122.11089,80,-3,0,0,0,0,179,65,81,21011,40,100,-28,16,80,benign,benign
38122.62765,80,-2,0,0,-1,0,179,65,81,21006,41,100,-39,18,79,benign,benign
38123.14427,80,-2,0,0,-1,-1,179,65,81,21002,41,100,-43,20,83,benign,benign
38123.67685,80,-1,0,0,-1,-1,179,64,81,20999,42,100,-26,-17,84,benign,benign
38124.19647,80,-1,1,0,-1,-1,179,64,80,20995,42,100,-16,-20,81,benign,benign
38124.75609,80,0,1,0,0,-1,179,65,80,21006,43,100,-7,-9,83,benign,benign
38125.28368,80,0,0,0,0,0,179,65,80,21005,43,100,-5,-10,83,benign,benign
38125.81529,80,0,1,0,-1,-1,179,65,80,21004,44,100,-9,-13,83,benign,benign
38126.37676,80,0,1,0,-1,-1,179,65,80,21001,45,100,-6,-8,84,benign,benign
38126.90438,80,0,1,0,-3,-1,179,65,80,21000,45,100,-6,-7,83,benign,benign
38127.42104,80,0,0,0,0,0,179,66,79,21011,46,100,-4,-8,83,benign,benign
38127.93865,80,0,0,0,-1,-1,178,66,80,21011,46,100,-11,-15,82,benign,benign
38128.46525,80,0,0,0,-8,0,179,66,81,21005,47,100,-14,-20,82,benign,benign
38128.97785,80,-3,0,0,0,-1,179,66,80,21008,47,100,1,-28,82,benign,benign
38129.50648,80,-2,0,0,-1,-1,179,65,81,21004,48,100,14,-27,83,benign,benign
38130.04239,80,-2,0,0,-1,-1,179,65,81,21004,48,100,39,-26,73,benign,benign
38130.56115,80,-2,0,0,-1,-1,179,65,81,21005,49,100,39,-26,73,benign,benign
38131.09183,80,-2,1,0,-1,-1,179,65,81,21003,49,100,39,-26,73,benign,benign
38131.60581,80,-1,1,0,-1,-2,179,66,82,21011,50,100,39,-26,73,benign,benign
38132.13742,80,-1,1,0,2,-1,178,66,81,21008,50,100,35,13,87,benign,benign
38132.65401,80,0,0,0,0,0,178,66,81,21008,51,100,33,7,86,benign,benign
38133.17166,80,-2,0,0,-1,-1,179,66,81,21007,51,100,35,9,85,benign,benign
38133.69426,80,-2,0,0,0,0,179,65,81,21006,52,100,23,10,82,benign,benign
38134.21206,80,-1,0,0,0,-1,179,65,80,20999,52,100,11,10,83,benign,benign
38134.74262,80,-1,0,0,0,-1,179,66,79,21004,53,100,5,6,82,benign,benign
38135.25528,80,0,0,0,1,0,179,66,78,21002,53,100,3,2,82,benign,benign
38135.77186,80,0,0,0,0,0,-159,66,79,21008,54,100,0,3,81,benign,benign
38136.29939,80,0,0,0,0,-1,-129,66,79,21005,54,100,6,3,81,benign,benign
38136.82698,80,0,0,0,0,0,-99,66,80,21006,55,100,6,8,82,benign,benign
38137.35756,80,0,0,0,0,0,-62,66,81,21007,56,100,7,11,83,benign,benign
38137.85922,80,0,0,0,0,0,-32,66,82,21013,56,100,9,11,85,benign,benign
38138.37585,80,0,0,0,0,0,-9,66,83,21014,57,100,12,18,85,benign,benign
38138.90446,80,0,0,0,0,0,-2,66,83,21012,57,100,10,18,85,benign,benign
38139.42147,80,0,0,0,0,0,-2,66,81,21006,58,100,-200,-200,-200,benign,benign
38139.93943,70,0,0,1,0,0,-2,66,79,21010,58,100,-200,-200,-200,benign,benign
38140.46107,60,0,0,4,0,0,-2,65,61,20999,59,100,-200,-200,-200,benign,benign
38140.99165,30,0,0,4,0,0,-2,65,37,20973,59,100,-200,-200,-200,benign,benign
38141.51929,10,0,0,4,0,0,-2,66,16,20923,60,100,-200,-200,-200,benign,benign
38238.94137,70,0,0,0,0,0,0,70,84,21037,9,90,-8,-10,86,benign,benign
38239.46001,70,0,0,0,0,0,0,70,84,21043,10,90,-10,-11,86,benign,benign
38240.00517,70,0,0,0,0,0,0,70,84,21047,10,90,-10,-10,86,benign,benign
38240.52833,70,0,0,0,0,-1,0,69,84,21038,11,90,-10,-14,86,benign,benign
38241.05061,70,0,0,0,-1,-1,0,69,84,21041,11,90,-11,-14,86,benign,benign
38241.57346,70,0,0,0,-2,-2,0,69,83,21047,12,90,-8,-16,86,benign,benign
38242.08121,70,0,-1,0,0,0,0,69,82,21035,12,90,-10,-13,85,benign,benign
38242.60283,70,0,-1,0,-1,-1,0,69,82,21037,13,90,-8,-9,84,benign,benign
38243.12746,70,0,-1,0,0,0,0,69,81,21032,13,90,-6,-6,84,benign,benign
38243.65202,70,0,0,0,0,0,0,69,81,21031,14,90,-6,-4,84,benign,benign
38244.17577,70,0,0,0,0,-1,0,69,82,21040,14,90,-8,-8,84,benign,benign
38244.69668,70,0,0,0,0,-1,0,69,83,21040,15,90,-8,-15,85,benign,benign
38245.22127,70,0,0,0,-1,-1,0,69,84,21043,15,90,-10,-16,86,benign,benign
38245.74195,70,0,0,0,0,0,0,70,84,21044,16,90,-9,-17,87,benign,benign
38246.27966,70,0,0,0,-1,-1,0,70,84,21039,16,90,-8,-19,87,benign,benign
38246.79924,70,0,0,0,0,-1,0,69,83,21044,17,90,-10,-19,86,benign,benign
38247.32486,70,0,0,0,0,0,0,69,83,21044,18,90,-9,-20,85,benign,benign
38247.84373,70,2,0,0,-8,0,0,69,83,21034,18,90,-8,-21,84,benign,benign
38248.37254,70,3,0,0,0,0,0,69,83,21029,19,90,9,-24,84,benign,benign
38248.88932,70,2,0,0,-1,-1,0,69,82,21033,19,90,20,-23,88,benign,benign
38249.40711,70,2,0,0,-1,-1,0,69,83,21028,20,90,20,-23,88,benign,benign
38249.92173,70,2,0,0,-1,-1,0,69,82,21028,20,90,20,-23,88,benign,benign
38250.43892,70,2,-1,0,-1,-1,0,69,82,21037,21,90,39,13,85,benign,benign
38250.96717,70,1,-1,0,2,-1,0,69,82,21032,21,90,34,14,82,benign,benign
38251.48406,70,0,0,0,0,0,0,69,83,21032,22,90,31,9,81,benign,benign
38252.01464,70,2,0,0,-1,-1,0,69,82,21026,22,90,29,9,83,benign,benign
38252.52777,70,1,0,0,0,0,0,69,80,21036,23,90,16,13,82,benign,benign
38253.03956,60,1,0,0,0,0,0,69,80,21026,23,90,5,7,81,benign,benign
38253.54857,60,0,0,0,0,-1,0,69,80,21020,24,90,1,8,81,benign,benign
38254.05046,60,0,0,0,0,-1,0,69,79,21030,24,90,3,6,81,benign,benign
38254.58107,60,0,0,0,0,0,0,69,78,21036,25,90,2,7,80,benign,benign
38255.1013,60,0,0,0,0,0,0,69,79,21028,25,90,3,9,81,benign,benign
38255.63482,60,2,0,0,-8,0,0,69,80,21026,26,90,5,17,80,benign,benign
38256.15593,70,2,0,0,0,0,0,69,81,21033,26,90,-12,21,80,benign,benign
38256.68352,70,2,0,0,-1,-1,0,69,81,21028,27,90,-29,26,78,benign,benign
38257.20321,60,2,0,0,-1,-1,0,69,79,21025,27,90,-39,25,79,benign,benign
38257.71883,60,2,0,0,-1,-1,0,69,78,21027,28,90,-37,-27,76,benign,benign
38258.23069,60,1,-1,0,-1,-1,0,69,77,21028,28,90,-25,-17,80,benign,benign
38258.7465,60,0,0,0,0,0,0,69,77,21028,29,90,-13,-15,78,benign,benign
38259.27605,60,0,0,0,-3,-4,0,69,79,21036,29,90,-12,-20,77,benign,benign
38259.79068,60,1,-1,0,0,0,0,69,79,21032,30,90,-10,-19,79,benign,benign
38260.31968,60,0,-1,0,0,0,0,69,79,21030,30,90,-6,-13,80,benign,benign
38260.86624,60,0,-1,0,0,0,0,69,78,21032,31,90,-4,-7,80,benign,benign
38261.3948,60,0,0,0,0,0,0,69,79,21031,32,90,-2,-5,80,benign,benign
38261.91173,60,0,0,0,0,0,0,69,79,21024,32,90,-3,-6,79,benign,benign
38262.42832,60,0,0,0,0,0,0,69,78,21029,33,90,-1,-7,80,benign,benign
38262.93296,60,0,0,0,0,0,0,69,78,21024,33,90,-2,-9,79,benign,benign
38263.43684,70,0,0,-1,0,0,0,69,84,21030,34,90,-2,-10,83,benign,benign
38263.98335,80,0,0,-1,0,0,0,69,95,21037,34,90,-2,-12,91,benign,benign
38264.48502,90,0,0,-1,0,0,0,69,103,21046,35,90,-2,-14,102,benign,benign
38265.0146,90,0,0,0,0,0,0,69,109,21047,35,90,-2,-15,107,benign,benign
38265.53123,90,0,0,0,0,-1,0,69,110,21049,36,90,-4,-16,110,benign,benign
38266.06081,90,0,0,1,0,0,0,70,102,21048,36,90,-1,-14,106,benign,benign
38266.57863,80,0,0,1,0,0,0,70,91,21036,37,90,-2,-14,93,benign,benign
38267.10726,70,0,0,1,0,0,0,70,83,21036,37,90,-2,-13,86,benign,benign
38267.62285,60,0,0,0,0,0,0,69,78,21030,38,90,-1,-14,80,benign,benign
38268.1408,60,0,-1,0,0,-1,0,69,78,21028,38,90,-3,-15,77,benign,benign
38268.64169,60,0,-1,0,0,-1,0,69,78,21030,39,90,-1,-11,78,benign,benign
38269.15928,60,0,0,0,0,1,0,69,77,21031,39,90,-1,-6,79,benign,benign
38269.68718,60,4,0,0,1,0,0,69,79,21029,40,90,7,-7,80,benign,benign
38270.2367,60,2,0,0,0,0,0,69,79,21030,40,90,25,-13,79,benign,benign
38270.76546,60,2,0,0,0,-1,0,69,78,21026,41,90,-49,8,75,benign,benign
38271.28108,60,2,0,0,-1,-1,0,69,78,21025,41,90,-30,-1,79,benign,benign
38271.79983,60,2,0,0,0,1,0,70,77,21026,42,90,-19,0,79,benign,benign
38272.31674,60,0,0,0,0,0,0,70,77,21031,42,90,-8,1,79,benign,benign
38272.84436,60,1,0,0,0,0,0,69,79,21026,43,90,-9,0,80,benign,benign
38273.40546,70,0,0,0,1,0,0,69,80,21039,44,90,-3,-2,82,benign,benign
38273.93601,70,0,0,0,0,0,26,70,83,21034,44,90,-3,-3,84,benign,benign
38274.45378,70,0,0,0,0,0,56,70,82,21032,45,90,0,-2,85,benign,benign
38274.98137,70,0,0,0,0,0,92,69,82,21031,45,90,0,-5,84,benign,benign
38275.51202,70,0,0,0,0,0,122,69,82,21030,46,90,0,-8,84,benign,benign
38276.05379,70,0,0,0,0,0,153,69,81,21026,46,90,1,-9,83,benign,benign
38276.57257,70,0,0,0,0,0,176,69,82,21024,47,90,-3,-12,83,benign,benign
38277.08819,70,0,0,0,0,0,178,69,81,21025,47,90,-4,-12,83,benign,benign
38277.61179,70,0,0,0,0,0,178,69,82,21019,48,90,-5,-10,84,benign,benign
38278.11644,70,0,0,0,0,0,178,69,82,21026,48,90,-2,-9,84,benign,benign
38278.62808,70,-3,0,0,-8,0,178,69,81,21016,49,90,-14,-10,83,benign,benign
38279.14369,70,-2,0,0,0,0,178,70,81,21014,49,90,-30,-5,84,benign,benign
38279.65597,70,-2,0,0,-1,0,178,70,81,21013,50,90,-40,-2,87,benign,benign
38280.16892,70,-2,0,0,-1,0,178,70,82,21014,50,90,-40,-2,87,benign,benign
38280.70149,70,-1,0,0,2,0,178,69,81,21014,51,90,3,-20,81,benign,benign
38281.22842,70,0,0,0,0,0,178,69,80,21020,51,90,-1,-18,81,benign,benign
38281.75997,70,0,-1,0,0,0,178,69,81,21017,52,90,-2,-14,81,benign,benign
38282.28868,70,0,-1,0,0,0,178,69,80,21016,52,90,-2,-10,81,benign,benign
38282.81926,70,0,0,0,0,-1,178,69,80,21014,53,90,-4,-5,81,benign,benign
38283.33587,70,0,0,0,0,0,178,69,80,21018,54,90,-9,0,80,benign,benign
38283.8656,70,0,0,0,-7,0,178,69,81,21016,54,90,-4,-4,81,benign,benign
38284.38424,70,-4,0,0,1,0,178,69,80,21008,55,90,-13,-5,81,benign,benign
38284.90295,70,-2,0,0,-1,0,178,70,81,21013,55,90,-36,-1,79,benign,benign
38285.42031,70,-2,0,0,-1,0,178,70,80,21015,56,90,-40,10,81,benign,benign
38285.92097,70,-2,0,0,-1,0,178,70,80,21013,56,90,-32,11,78,benign,benign
38286.43432,70,-1,0,0,4,0,178,70,80,21024,57,90,-9,13,81,benign,benign
38286.94994,70,0,0,0,0,0,178,70,80,21016,57,90,-8,7,81,benign,benign
38287.45288,70,0,-1,0,0,0,178,70,81,21015,58,90,-1,10,81,benign,benign
38287.97464,70,0,0,0,0,0,178,70,81,21013,58,90,-2,4,82,benign,benign
38288.4775,70,0,0,0,0,0,178,70,80,21017,59,90,-2,5,82,benign,benign
38289.00422,70,0,0,0,0,0,178,69,80,21009,59,90,-2,5,82,benign,benign
38289.52286,70,-4,0,0,0,0,178,69,82,21002,60,90,3,8,82,benign,benign
38290.05441,70,-2,0,0,0,0,178,70,81,20997,60,90,17,6,82,benign,benign
38290.57639,70,-2,0,0,-1,0,178,70,80,21002,61,90,38,6,77,benign,benign
38291.0772,70,-2,0,0,-1,0,178,69,80,21001,61,90,52,3,77,benign,benign
38291.57886,70,-2,0,0,0,0,178,69,79,21001,62,90,37,-11,85,benign,benign
38292.10577,70,0,0,0,0,0,178,69,79,21001,62,90,27,-22,81,benign,benign
38292.63533,70,-1,-1,0,-2,2,178,69,81,21001,63,90,17,-16,86,benign,benign
38293.16394,70,-1,-1,0,0,0,178,69,80,21008,63,90,16,-16,83,benign,benign
38293.6905,70,0,-1,0,0,0,178,69,79,21007,64,90,3,-5,82,benign,benign
38294.23507,70,0,0,0,0,0,178,70,79,21000,64,89,3,-6,81,benign,benign
38294.77981,70,0,0,0,0,0,-146,70,79,21004,65,89,2,-5,81,benign,benign
38295.30088,60,0,0,0,0,0,-110,69,79,21011,66,89,4,-7,81,benign,benign
38295.83059,60,0,0,0,0,0,-73,70,79,21012,66,89,0,-6,81,benign,benign
38296.33229,60,0,0,0,0,0,-49,70,80,21012,67,89,2,-3,81,benign,benign
38296.86487,70,0,0,0,0,0,-18,70,80,21004,67,89,1,0,82,benign,benign
38297.38445,60,0,0,0,0,0,-4,69,79,21003,68,89,-3,0,82,benign,benign
38297.89673,60,0,0,0,0,0,-3,70,80,20991,68,89,-200,-200,-200,benign,benign
38298.41351,60,0,0,0,0,0,-3,70,79,20987,69,89,-200,-200,-200,benign,benign
38298.93922,50,0,0,4,0,0,-2,70,66,20971,69,89,-200,-200,-200,benign,benign
38299.46881,30,0,0,4,0,0,-2,70,36,20957,70,89,-200,-200,-200,benign,benign
38300.00071,0,0,0,4,0,0,-3,70,15,20895,70,89,-200,-200,-200,benign,benign
38430.5684,70,0,0,0,-1,0,0,67,82,21035,9,84,-11,-6,84,benign,benign
38431.09567,70,0,0,0,-1,0,0,67,82,21031,9,84,-8,-6,85,benign,benign
38431.62625,70,0,0,0,0,0,0,67,82,21035,10,84,-12,-6,84,benign,benign
38432.15045,70,0,0,0,0,-1,0,67,83,21037,10,84,-11,-9,85,benign,benign
38432.71195,70,0,0,0,0,0,0,66,82,21041,11,84,-9,-10,85,benign,benign
38433.24056,70,0,-1,0,-2,-2,0,66,82,21035,11,84,-14,-11,84,benign,benign
38433.77151,70,0,-1,0,-1,-1,0,66,82,21037,12,84,-10,-7,84,benign,benign
38434.30229,60,0,-1,0,-1,0,0,66,81,21039,12,84,-8,-6,83,benign,benign
38434.82922,60,0,0,0,0,0,0,66,80,21046,13,84,-7,-5,83,benign,benign
38435.33985,70,0,0,0,-1,-1,0,66,81,21050,13,84,-10,-7,83,benign,benign
38435.8409,70,0,0,0,-1,0,0,67,81,21042,14,84,-12,-12,83,benign,benign
38436.39082,70,0,0,0,-1,0,0,67,82,21043,15,84,-15,-11,84,benign,benign
38436.91941,70,1,0,0,-9,0,0,66,83,21040,15,84,-22,-18,81,benign,benign
38437.45108,70,3,0,0,0,0,0,66,83,21032,16,84,-4,-18,86,benign,benign
38437.98116,70,2,0,0,-2,-1,0,67,84,21041,16,84,4,-20,89,benign,benign
38438.56628,70,2,0,0,-2,-1,0,67,84,21045,17,84,17,-26,91,benign,benign
38439.0943,70,2,0,0,-2,-1,0,67,84,21041,17,84,27,-8,96,benign,benign
38439.6209,70,2,-1,0,-1,-1,0,67,83,21041,18,84,34,-25,93,benign,benign
38440.13952,70,2,-1,0,-1,-1,0,67,83,21039,18,84,53,-27,83,benign,benign
38440.67034,70,1,0,0,3,1,0,66,82,21043,19,84,45,11,79,benign,benign
38441.19459,70,0,0,0,-7,-2,0,66,82,21043,19,84,41,12,81,benign,benign
38441.70875,70,3,-1,0,-1,0,0,66,82,21037,20,84,34,13,81,benign,benign
38442.22349,60,2,0,0,0,0,0,66,80,21038,20,84,19,13,81,benign,benign
38442.75272,60,1,0,0,-1,0,0,67,79,21038,21,84,7,9,81,benign,benign
38443.2834,60,0,0,0,-1,0,0,67,79,21039,21,84,6,7,80,benign,benign
38443.79986,60,0,0,0,0,0,0,66,79,21038,22,84,3,6,80,benign,benign
38444.31745,60,0,0,0,-3,0,0,66,79,21033,22,84,3,5,81,benign,benign
38444.83636,60,0,0,0,0,0,0,67,79,21045,23,84,4,7,80,benign,benign
38445.36111,60,0,0,0,0,0,0,67,80,21046,23,84,5,11,81,benign,benign
38445.89004,60,1,0,0,-8,0,0,67,82,21039,24,84,10,16,81,benign,benign
38446.40665,60,3,0,0,0,0,0,67,80,21052,25,84,-3,21,81,benign,benign
38446.91274,60,2,0,0,-1,0,0,67,81,21044,25,84,-24,32,77,benign,benign
38447.44633,60,2,0,0,-1,-1,0,67,81,21043,26,84,-28,38,78,benign,benign
38447.96149,60,2,0,0,-1,-1,0,67,81,21048,26,84,-40,38,78,benign,benign
38448.4832,70,2,-1,0,-1,-1,0,67,81,21051,27,84,-49,43,71,benign,benign
38449.01378,60,1,-1,0,0,-1,0,67,80,21047,27,84,-32,-28,80,benign,benign
38449.52893,60,0,0,0,0,0,0,67,80,21045,28,84,-19,-28,81,benign,benign
38450.04679,60,1,-1,0,-4,-5,0,68,81,21048,28,84,-20,-28,81,benign,benign
38450.57653,60,1,-1,0,-1,0,0,68,81,21042,29,84,-16,-23,81,benign,benign
38451.09375,60,1,-1,0,0,0,0,68,80,21045,29,84,-11,-14,82,benign,benign
38451.61239,60,0,-1,0,0,0,0,68,79,21050,30,84,-6,-8,82,benign,benign
38452.14302,60,0,0,0,0,0,0,67,79,21052,30,84,-5,-6,81,benign,benign
38452.6717,60,0,0,0,-2,-1,0,67,80,21050,31,84,-3,-7,82,benign,benign
38453.20092,60,0,0,0,0,1,0,67,81,21051,31,84,-6,-4,82,benign,benign
38453.71975,60,0,0,0,0,0,0,67,81,21051,32,84,-6,-5,83,benign,benign
38454.22437,70,0,0,0,0,0,0,67,81,21052,32,84,-5,-11,83,benign,benign
38454.75111,70,0,0,0,0,-1,16,68,82,21047,33,84,-6,-12,83,benign,benign
38455.27973,70,0,0,0,0,0,31,68,82,21052,33,84,-5,-14,83,benign,benign
38455.79756,70,0,0,0,0,0,35,67,81,21052,34,84,-5,-13,84,benign,benign
38456.32714,70,0,0,0,0,0,13,67,81,21047,34,84,-5,-18,83,benign,benign
38456.85893,70,0,0,0,0,0,1,67,82,21051,35,84,-7,-21,82,benign,benign
38457.37371,70,0,0,0,0,0,0,67,82,21047,35,84,-8,-18,83,benign,benign
38457.8764,70,0,-1,0,0,0,0,67,82,21049,36,84,-7,-19,83,benign,benign
38458.39289,60,0,-1,0,0,-1,0,67,81,21056,37,84,-6,-10,83,benign,benign
38458.91155,60,0,-1,0,0,0,0,67,80,21051,37,84,-4,-6,82,benign,benign
38459.43844,60,0,0,0,0,1,0,67,79,21047,38,84,-4,-5,82,benign,benign
38459.96803,60,4,0,0,-4,0,0,67,81,21048,38,84,0,-5,82,benign,benign
38460.51743,60,2,0,0,-1,-1,0,67,80,21050,39,84,20,-19,80,benign,benign
38461.03704,60,2,0,0,-1,-1,0,67,81,21047,39,84,26,-29,81,benign,benign
38461.55317,60,2,0,0,-1,-1,0,67,82,21046,40,84,-41,-6,86,benign,benign
38462.06881,70,2,0,0,-1,-1,0,68,82,21044,40,84,-26,-11,88,benign,benign
38462.59942,70,1,-1,0,0,-1,0,68,83,21037,41,84,-18,-14,85,benign,benign
38463.12701,70,0,0,0,0,0,0,67,82,21042,41,84,-10,-9,86,benign,benign
38463.65581,70,0,0,0,-1,-1,0,67,82,21046,42,84,-12,-13,85,benign,benign
38464.18689,60,0,-1,0,0,0,0,68,81,21041,42,84,-7,-9,84,benign,benign
38464.73445,60,0,0,0,0,0,0,68,80,21041,43,84,-5,-6,83,benign,benign
38465.26356,60,0,0,0,0,0,18,67,80,21042,43,84,-4,-3,83,benign,benign
38465.78023,60,0,0,0,0,0,48,68,81,21037,44,84,-4,-4,83,benign,benign
38466.29513,60,0,0,0,0,0,78,68,81,21042,44,84,-2,-10,83,benign,benign
38466.82623,60,0,0,0,0,0,114,67,80,21046,45,84,-3,-11,83,benign,benign
38467.35139,60,0,0,0,0,0,151,67,80,21045,46,84,-4,-23,79,benign,benign
38467.87911,60,0,0,0,0,0,169,68,81,21051,46,84,-10,-18,82,benign,benign
38468.41068,60,0,0,0,0,0,178,68,81,21051,47,84,-8,-16,84,benign,benign
38468.92707,60,0,0,0,0,0,178,68,81,21051,47,84,-10,-12,84,benign,benign
38469.44145,60,0,0,0,0,0,178,68,81,21050,48,84,-8,-8,84,benign,benign
38469.99993,60,-3,0,0,-8,0,178,68,82,21048,48,84,-15,-7,83,benign,benign
38470.53059,70,-2,0,0,0,0,178,68,81,21057,49,84,-32,0,83,benign,benign
38471.06069,70,-2,0,0,-1,0,178,68,80,21046,49,84,-44,0,85,benign,benign
38471.59073,60,-2,0,0,-1,0,178,68,79,21045,50,83,-6,-14,101,benign,benign
38472.10507,60,-2,0,0,0,0,178,67,77,21046,50,83,-6,-14,101,benign,benign
38472.61959,60,0,1,0,0,2,178,67,78,21046,51,83,-4,-5,79,benign,benign
38473.15057,60,0,0,0,0,0,178,68,78,21041,51,83,-8,-3,79,benign,benign
38473.66832,60,0,0,0,0,0,178,68,79,21048,52,83,-6,0,80,benign,benign
38474.18895,60,0,0,0,0,0,178,68,80,21049,52,83,-11,1,80,benign,benign
38474.71369,70,0,0,0,0,-1,178,68,81,21049,53,83,-6,5,83,benign,benign
38475.24527,70,-1,0,0,-8,0,178,68,83,21043,53,83,-9,12,83,benign,benign
38475.76499,70,-3,0,0,0,-1,178,68,82,21047,54,83,-22,23,80,benign,benign
38476.29611,70,-2,0,0,0,-1,178,68,80,21038,54,83,-39,28,79,benign,benign
38476.82695,60,-2,0,0,-1,-1,178,68,79,21048,55,83,-59,28,69,benign,benign
38477.35804,60,-2,1,0,0,-2,178,68,79,21045,55,82,-59,28,69,benign,benign
38477.87169,60,-1,1,0,0,-2,178,68,80,21053,56,82,-59,28,69,benign,benign
38478.37239,60,0,0,0,0,2,178,68,80,21046,57,82,-14,-30,81,benign,benign
38478.88599,60,0,0,0,-1,-3,178,68,79,21055,57,82,-19,-38,76,benign,benign
38479.41591,60,0,2,0,0,-1,178,68,79,21054,58,82,-19,-38,76,benign,benign
38479.94554,60,0,2,0,0,-1,178,68,77,21047,58,82,-12,-20,79,benign,benign
38480.47238,60,0,1,0,0,0,178,68,76,21052,59,82,-9,-14,78,benign,benign
38480.98922,60,0,1,0,-1,-2,178,69,77,21052,59,82,-5,-10,79,benign,benign
38481.51783,60,0,1,0,0,0,178,69,78,21055,60,82,-4,-5,80,benign,benign
38482.07996,60,0,0,0,0,-1,178,68,79,21057,60,82,-4,-6,81,benign,benign
38482.59733,60,0,0,0,0,0,178,68,80,21060,61,82,-5,-6,82,benign,benign
38483.12492,70,0,0,0,0,-1,178,68,81,21057,61,82,-8,-11,83,benign,benign
38483.64951,60,-1,0,0,-8,0,178,68,81,21056,62,81,-10,-14,83,benign,benign
38484.16713,60,-3,0,0,0,-1,178,68,80,21060,62,81,4,-22,82,benign,benign
38484.69404,60,-2,0,0,-1,-1,178,68,80,21062,63,81,21,-29,80,benign,benign
38485.21477,60,-2,0,0,-1,-1,178,69,80,21060,63,81,29,-20,84,benign,benign
38485.7338,60,-2,1,0,-1,-1,178,69,81,21062,64,81,60,-22,70,benign,benign
38486.26389,70,-1,1,0,-1,-1,178,69,81,21053,64,81,58,-41,63,benign,benign
38486.76917,70,-1,0,0,3,0,178,69,81,21058,65,81,34,16,82,benign,benign
38487.29523,60,-1,0,0,-7,-4,178,68,81,21052,65,81,31,14,84,benign,benign
38487.81197,60,-2,1,0,0,-1,178,68,78,21057,66,81,27,14,80,benign,benign
38488.3267,60,-1,1,0,0,0,178,69,79,21061,66,81,12,11,80,benign,benign
38488.85767,60,-1,0,0,0,0,178,69,79,21062,67,81,10,4,81,benign,benign
38489.38837,60,0,0,0,1,0,178,68,78,21062,68,81,2,2,81,benign,benign
38489.91496,60,0,0,0,0,0,-156,68,78,21059,68,81,2,2,80,benign,benign
38490.46664,60,0,0,0,0,-1,-125,68,78,21068,69,80,4,3,80,benign,benign
38491.01496,60,0,0,0,0,0,-84,68,79,21070,69,80,3,6,81,benign,benign
38491.53258,60,0,0,0,0,0,-60,68,79,21061,70,80,4,6,81,benign,benign
38492.04381,60,0,0,0,0,0,-29,69,78,21065,70,80,3,9,81,benign,benign
38492.56405,60,0,0,0,0,0,-9,69,78,21065,71,80,6,12,81,benign,benign
38493.09393,60,0,0,0,0,0,-3,69,78,21068,71,80,6,18,79,benign,benign
38493.62151,60,0,0,0,0,0,-3,69,80,21065,72,80,-200,-200,-200,benign,benign
38494.13966,60,0,0,1,0,0,-3,68,78,21068,72,80,-200,-200,-200,benign,benign
38494.65484,50,0,0,4,0,0,-3,68,62,21050,73,80,-200,-200,-200,benign,benign
38495.17503,20,0,0,4,0,0,-3,68,37,21038,73,80,-200,-200,-200,benign,benign
38495.69611,0,0,0,4,0,0,-3,68,11,20927,74,80,-200,-200,-200,benign,benign
38496.21534,0,0,0,0,-1,0,-1,68,10,20741,74,80,-200,-200,-200,benign,benign
38496.73531,0,0,0,0,0,0,-2,68,10,20908,75,80,-200,-200,-200,benign,benign
38572.79119,80,0,0,0,-1,0,0,64,79,21088,2,74,-10,-1,80,benign,benign
38573.30284,80,0,0,0,0,0,0,64,79,21086,3,74,-10,-3,80,benign,benign
38573.83193,80,0,0,0,0,0,0,64,79,21086,3,74,-12,-3,81,benign,benign
38574.36002,80,0,0,0,0,0,0,64,79,21087,4,74,-10,-3,82,benign,benign
38574.88937,80,0,0,0,-1,0,0,64,81,21090,4,74,-10,-4,82,benign,benign
38575.40327,80,0,0,0,0,0,0,65,81,21095,5,74,-11,-6,83,benign,benign
38575.91591,80,0,0,0,-1,0,0,65,82,21088,5,74,-10,-5,84,benign,benign
38576.44457,80,1,0,0,-1,0,0,65,82,21093,6,74,-9,-6,84,benign,benign
38576.97121,80,0,0,0,0,1,0,65,82,21092,7,74,-6,-4,84,benign,benign
38577.50147,80,0,0,0,0,0,0,64,81,21098,7,74,-5,-5,84,benign,benign
38578.02859,80,0,0,0,0,0,0,64,82,21096,8,74,-5,-5,85,benign,benign
38578.54675,80,0,0,0,0,0,0,64,82,21098,8,74,-7,-10,85,benign,benign
38579.07721,80,0,0,0,0,0,0,64,82,21097,9,74,-7,-13,85,benign,benign
38579.60828,80,0,0,0,0,0,0,64,83,21092,9,74,-9,-16,85,benign,benign
38580.13188,80,0,0,0,0,0,0,64,82,21098,10,74,-8,-17,86,benign,benign
38580.64892,80,4,0,0,-3,0,0,64,83,21092,10,74,0,-20,85,benign,benign
38581.16354,80,2,0,0,-1,0,0,65,82,21094,11,74,17,-19,88,benign,benign
38581.66423,80,2,0,0,-1,-1,0,65,82,21094,11,74,27,-25,86,benign,benign
38582.2092,80,2,0,0,-1,-1,0,65,82,21092,12,74,34,-34,90,benign,benign
38582.72615,80,2,-1,0,-1,-1,0,65,82,21092,12,74,44,14,82,benign,benign
38583.25922,80,1,-1,0,0,-1,0,65,82,21089,13,74,37,14,82,benign,benign
38583.78684,80,0,0,0,0,0,0,65,81,21093,13,74,32,17,80,benign,benign
38584.31723,80,0,0,0,-1,0,0,65,81,21093,14,74,36,16,81,benign,benign
38584.86223,80,0,0,0,-1,0,0,65,82,21092,14,74,37,17,83,benign,benign
38585.37985,80,4,0,0,-5,0,0,65,83,21093,15,74,17,16,92,benign,benign
38585.90262,80,2,0,0,-1,0,0,65,83,21093,15,74,19,30,82,benign,benign
38586.41929,80,2,0,0,-1,0,0,65,83,21096,16,74,6,36,82,benign,benign
38586.96017,80,2,0,0,-1,-1,0,65,84,21088,17,74,6,36,82,benign,benign
38587.48996,80,2,0,0,-1,-1,0,65,83,21094,17,74,6,36,82,benign,benign
38588.00156,80,2,-1,0,-1,-1,0,65,83,21086,18,74,6,36,82,benign,benign
38588.51758,80,1,-1,0,0,0,0,66,83,21089,18,74,-38,45,74,benign,benign
38589.04732,80,0,0,0,0,0,0,66,83,21095,19,74,-39,36,82,benign,benign
38589.57587,80,-3,-2,0,0,-1,0,66,83,21098,19,74,-27,35,81,benign,benign
38590.09058,80,-1,-2,0,-1,0,0,66,82,21095,20,74,-13,22,81,benign,benign
38590.59375,80,0,-1,0,-2,0,0,65,80,21091,20,74,-2,12,82,benign,benign
38591.1234,80,0,-1,0,0,0,0,65,79,21089,21,74,2,8,81,benign,benign
38591.65354,80,0,-1,0,0,0,0,66,80,21093,21,74,3,6,81,benign,benign
38592.18264,80,0,0,0,0,-1,0,66,80,21089,22,74,4,6,81,benign,benign
38592.69926,80,0,0,0,0,0,0,66,80,21095,22,74,5,6,81,benign,benign
38593.20475,80,0,-1,0,0,2,0,65,79,21091,23,74,4,6,81,benign,benign
38593.73135,80,0,0,0,0,0,0,65,80,21087,23,74,6,7,82,benign,benign
38594.2345,80,0,0,0,0,-1,0,65,81,21092,24,74,5,10,83,benign,benign
38594.81098,80,4,0,0,-7,0,0,65,81,21092,24,74,9,18,82,benign,benign
38595.32863,80,2,0,0,-1,0,0,66,81,21093,25,74,-15,27,80,benign,benign
38595.8569,80,2,0,0,-1,0,0,66,81,21098,25,74,-27,30,81,benign,benign
38596.38449,80,2,0,0,-1,-1,0,66,82,21095,26,74,-37,48,74,benign,benign
38596.90219,80,2,-1,0,-1,-1,0,66,80,21091,27,74,-48,-11,79,benign,benign
38597.4272,80,1,-1,0,0,-1,0,66,78,21092,27,74,-19,-29,82,benign,benign
38597.95335,80,0,-1,0,0,3,0,66,79,21086,28,74,-16,-27,80,benign,benign
38598.48293,80,0,0,0,-4,-6,0,66,80,21090,28,74,-22,-32,77,benign,benign
38599.01425,80,1,-2,0,-1,-1,0,66,81,21097,29,74,-14,-27,81,benign,benign
38599.54484,80,1,-1,0,0,0,0,66,81,21088,29,74,-7,-19,82,benign,benign
38600.06412,80,0,-1,0,0,-1,0,66,81,21091,30,74,-4,-11,83,benign,benign
38600.58025,80,0,-1,0,0,0,0,66,80,21089,30,74,-3,-7,82,benign,benign
38601.10678,80,0,-1,0,0,0,0,66,81,21095,31,74,-4,-6,82,benign,benign
38601.64918,80,0,0,0,0,0,0,66,80,21092,31,74,-5,-6,83,benign,benign
38602.17863,80,0,0,0,0,0,27,66,81,21090,32,74,-5,-9,83,benign,benign
38602.70921,80,0,0,0,0,-1,57,67,81,21094,32,74,-4,-13,83,benign,benign
38603.23503,80,0,0,0,0,0,94,66,81,21094,33,74,-4,-20,82,benign,benign
38603.75065,80,0,0,0,0,0,123,66,81,21089,33,74,-5,-22,82,benign,benign
38604.28159,80,0,0,0,0,0,153,66,81,21094,34,74,-2,-26,81,benign,benign
38604.80918,80,0,0,0,0,0,173,66,81,21093,34,74,-7,-25,81,benign,benign
38605.33893,80,0,0,0,0,0,178,66,82,21094,35,74,-9,-21,82,benign,benign
38605.87529,80,0,0,0,0,0,178,66,81,21095,36,74,-9,-18,83,benign,benign
38606.3965,80,0,0,0,0,0,178,67,82,21088,36,74,-9,-11,83,benign,benign
38606.91749,80,-4,0,0,-5,0,178,67,82,21089,37,74,-14,-12,83,benign,benign
38607.42813,80,-2,0,0,0,0,178,66,81,21091,37,74,-36,-9,83,benign,benign
38607.94301,80,-2,0,0,-1,0,178,66,81,21094,38,74,-37,14,80,benign,benign
38608.50351,80,-2,0,0,-1,0,178,67,81,21090,38,74,-16,11,81,benign,benign
38609.02313,80,-2,0,0,0,0,178,67,80,21087,39,74,-5,8,82,benign,benign
38609.54892,80,0,1,0,0,3,178,67,81,21085,39,74,6,7,82,benign,benign
38610.05756,80,0,0,0,0,0,178,67,81,21091,40,74,7,4,83,benign,benign
38610.5707,80,0,0,0,0,0,178,66,80,21085,40,74,5,1,83,benign,benign
38611.09413,80,0,0,0,0,0,178,66,82,21091,41,74,5,-2,83,benign,benign
38611.6082,80,0,0,0,0,0,178,67,82,21086,41,74,6,-7,84,benign,benign
38612.13909,80,-2,0,0,-8,0,178,67,84,21085,42,74,9,-10,85,benign,benign
38612.67304,80,-2,0,0,0,-1,178,66,83,21086,42,74,32,-24,81,benign,benign
38613.1858,80,-2,0,0,-1,-1,178,66,83,21082,43,74,42,-28,82,benign,benign
38613.72641,80,-2,0,0,0,-2,177,67,82,21085,43,74,42,-28,82,benign,benign
38614.24901,80,-1,1,0,0,-2,177,67,81,21083,44,74,31,18,84,benign,benign
38614.7766,80,-1,1,0,0,-2,177,66,81,21081,44,74,23,16,82,benign,benign
38615.29503,80,0,1,0,0,-1,177,66,81,21084,45,74,18,14,81,benign,benign
38615.82256,80,0,0,0,0,0,178,67,81,21086,45,74,19,7,83,benign,benign
38616.37723,80,-1,0,0,0,-1,178,67,81,21091,46,73,20,13,82,benign,benign
38616.89538,80,-1,0,0,0,-1,178,67,80,21078,47,73,11,13,82,benign,benign
38617.42053,80,0,1,0,0,-2,178,67,79,21088,47,73,7,12,81,benign,benign
38617.9576,80,0,1,0,1,-1,178,67,78,21086,48,73,3,7,81,benign,benign
38618.48222,80,0,1,0,0,-1,178,67,78,21085,48,73,3,6,81,benign,benign
38619.02178,80,0,0,0,1,1,178,67,78,21075,49,73,3,4,81,benign,benign
38619.54541,80,0,0,0,0,0,178,67,79,21084,49,73,3,5,81,benign,benign
38620.067,80,0,0,0,0,-1,178,67,79,21083,50,73,5,10,82,benign,benign
38620.61903,80,-4,0,0,-6,0,178,67,80,21083,50,73,9,18,80,benign,benign
38621.14505,80,-2,0,0,-1,-1,178,67,80,21080,51,73,-10,16,82,benign,benign
38621.65246,80,-2,0,0,-1,-1,178,67,80,21086,51,73,-22,20,82,benign,benign
38622.2,80,-2,0,0,-1,-1,177,67,81,21087,52,73,-30,29,81,benign,benign
38622.72535,80,-1,1,0,-1,-1,177,67,81,21083,52,73,-48,14,77,benign,benign
38623.24331,80,-1,1,0,-1,0,178,67,80,21084,53,72,-47,30,76,benign,benign
38623.76924,80,-1,1,0,-1,-1,178,67,79,21081,53,72,-56,16,78,benign,benign
38624.28911,80,0,0,0,0,0,178,67,78,21086,54,72,-56,16,78,benign,benign
38624.81188,80,3,0,0,5,-2,177,67,78,21085,54,72,-56,16,78,benign,benign
38625.32859,80,4,1,0,-1,-1,178,67,78,21091,55,72,-39,20,80,benign,benign
38625.86776,80,2,1,0,-1,-1,178,67,78,21086,55,72,-14,15,80,benign,benign
38626.38909,80,0,1,0,-2,-1,178,67,79,21088,56,72,0,16,81,benign,benign
38626.91198,80,0,1,0,0,-1,178,68,78,21083,57,72,2,13,81,benign,benign
38627.41953,80,0,1,0,0,0,178,67,77,21080,57,72,1,12,80,benign,benign
38627.96763,80,0,0,0,0,0,-177,67,78,21090,58,71,2,11,80,benign,benign
38628.48744,80,0,0,0,0,0,-147,68,78,21092,58,71,2,9,81,benign,benign
38629.01304,80,0,0,0,0,0,-117,68,79,21089,59,71,1,12,82,benign,benign
38629.534,80,0,0,0,1,0,-87,67,80,21093,59,71,0,16,82,benign,benign
38630.08293,80,0,0,0,0,0,-50,67,78,21091,60,71,0,16,83,benign,benign
38630.60193,70,0,0,0,0,1,-20,68,78,21089,60,71,0,23,80,benign,benign
38631.12406,80,0,0,0,0,0,-6,68,79,21089,61,71,1,24,81,benign,benign
38631.65224,80,0,0,0,0,0,-3,68,80,21093,61,71,-200,-200,-200,benign,benign
38632.16397,80,0,0,0,0,0,-3,68,80,21088,62,71,-200,-200,-200,benign,benign
38632.67793,70,0,0,3,0,0,-3,67,74,21082,62,71,-200,-200,-200,benign,benign
38633.1829,50,0,0,4,0,0,-3,67,47,21060,63,71,-200,-200,-200,benign,benign
38633.70787,20,0,0,4,0,0,-3,67,23,21042,63,71,-200,-200,-200,benign,benign
38634.22712,0,0,0,3,0,0,-3,67,10,20701,64,71,-200,-200,-200,benign,benign
38634.75599,0,0,0,0,0,0,-2,67,10,20886,64,71,-200,-200,-200,benign,benign
38635.26395,0,0,0,0,0,0,-2,67,10,20959,65,71,-200,-200,-200,benign,benign
39383.02757,80,0,0,0,0,0,0,63,82,21121,7,54,-8,-4,84,benign,benign
39383.5582,80,0,0,0,0,0,0,63,81,21120,8,54,-9,-5,84,benign,benign
39384.06834,80,0,0,0,0,0,0,63,81,21125,8,54,-8,-5,84,benign,benign
39384.58501,80,0,0,0,0,0,0,63,81,21120,8,54,-9,-6,84,benign,benign
39385.15444,80,0,0,0,0,0,0,63,81,21121,9,54,-10,-8,84,benign,benign
39385.68511,80,1,0,0,-1,-1,0,63,82,21128,10,54,-10,-9,84,benign,benign
39386.20771,80,0,0,0,-1,-1,0,64,81,21116,10,54,-6,-3,85,benign,benign
39386.73279,80,0,0,0,0,1,0,64,80,21120,11,54,-5,-3,84,benign,benign
39387.25392,80,0,0,0,0,0,0,63,81,21122,11,54,-5,-5,84,benign,benign
39387.77854,80,0,0,0,-1,-1,0,63,81,21121,12,54,-6,-9,84,benign,benign
39388.30514,80,0,0,0,-1,-1,0,64,81,21120,12,54,-9,-15,84,benign,benign
39388.81974,80,0,0,0,0,0,0,64,81,21124,13,54,-10,-16,83,benign,benign
39389.34733,80,0,0,0,0,-1,0,64,81,21133,13,54,-7,-20,83,benign,benign
39389.87103,80,0,0,0,0,0,0,64,81,21133,14,54,-9,-18,84,benign,benign
39390.43299,80,4,0,0,0,0,0,64,81,21125,14,54,4,-23,85,benign,benign
39390.95858,80,2,0,0,-1,-1,0,64,82,21127,15,54,21,-27,87,benign,benign
39391.48268,80,2,0,0,-1,-1,0,64,83,21123,15,54,21,-27,87,benign,benign
39392.012,80,2,0,0,-1,-1,0,64,84,21125,16,54,21,-27,87,benign,benign
39392.53857,80,2,-1,0,-1,-1,0,64,84,21122,17,54,43,18,84,benign,benign
39393.07678,80,1,-1,0,3,1,0,64,82,21125,17,54,34,17,84,benign,benign
39393.61532,80,0,0,0,-2,-1,0,64,82,21119,18,54,32,19,81,benign,benign
39394.12597,80,2,-1,0,-1,-1,0,64,82,21120,18,54,28,12,84,benign,benign
39394.66356,80,1,-1,0,0,0,0,64,81,21114,19,54,14,13,82,benign,benign
39395.18743,80,1,0,0,0,-1,0,64,80,21122,19,54,6,8,82,benign,benign
39395.70156,80,0,0,0,0,0,0,64,79,21125,20,54,1,7,81,benign,benign
39396.23187,80,0,0,0,0,0,0,64,80,21118,20,54,2,5,81,benign,benign
39396.75347,80,0,0,0,0,0,0,64,80,21125,21,54,4,5,82,benign,benign
39397.28106,80,0,0,0,0,0,0,64,80,21123,21,54,4,7,82,benign,benign
39397.80765,80,0,0,0,-8,0,0,64,82,21124,22,54,6,10,83,benign,benign
39398.33276,80,3,0,0,1,0,0,64,82,21118,22,54,0,14,84,benign,benign
39398.85799,80,2,0,0,-1,0,0,64,81,21124,23,54,-26,27,79,benign,benign
39399.3776,80,2,0,0,-1,-1,0,64,80,21120,23,54,-37,27,79,benign,benign
39399.91943,80,2,0,0,-1,-1,0,65,78,21124,24,54,-44,-32,75,benign,benign
39400.44736,80,1,0,0,-1,-1,0,65,78,21114,24,54,-25,-25,84,benign,benign
39400.95929,80,1,-1,0,0,-1,0,65,79,21118,25,54,-20,-26,81,benign,benign
39401.47092,80,0,0,0,0,0,0,65,79,21120,25,54,-14,-23,81,benign,benign
39401.97758,80,1,-2,0,-1,-1,0,65,80,21123,26,54,-18,-20,82,benign,benign
39402.51774,80,0,-1,0,-1,0,0,65,81,21118,26,54,-9,-16,83,benign,benign
39403.02274,80,0,-1,0,-1,-1,0,65,80,21126,27,54,-7,-9,83,benign,benign
39403.52758,80,0,-1,0,0,-1,0,65,80,21129,27,54,-5,-8,83,benign,benign
39404.04416,80,0,0,0,0,-1,0,65,79,21129,28,54,-5,-5,82,benign,benign
39404.5711,80,0,0,0,0,-2,0,65,79,21125,29,54,-4,-5,82,benign,benign
39405.08076,80,0,0,0,0,0,0,65,80,21131,29,54,-4,-7,82,benign,benign
39405.60436,80,0,0,0,-1,0,0,65,80,21131,30,54,-5,-7,82,benign,benign
39406.14443,80,1,0,0,-9,0,0,65,82,21128,30,54,-6,-11,83,benign,benign
39406.66934,80,3,0,0,0,0,0,65,82,21130,31,54,4,-17,83,benign,benign
39407.19545,80,2,0,0,-1,-1,0,65,81,21125,31,54,20,-30,79,benign,benign
39407.73655,80,2,0,0,-1,-1,0,65,81,21125,32,54,23,-33,83,benign,benign
39408.27775,80,2,0,0,-1,-1,0,65,81,21122,32,54,17,-44,85,benign,benign
39408.80337,80,2,-1,0,0,-1,0,65,81,21127,33,54,-24,-16,88,benign,benign
39409.32853,80,0,0,0,0,0,0,65,80,21128,33,54,-14,-14,84,benign,benign
39409.83768,80,1,-1,0,-2,-1,0,65,80,21125,34,54,-19,-17,82,benign,benign
39410.34334,80,0,-1,0,-1,0,0,65,80,21130,34,54,-7,-11,83,benign,benign
39410.88433,80,0,-1,0,0,0,0,65,79,21126,35,54,-2,-8,82,benign,benign
39411.39696,80,0,0,0,0,0,0,65,79,21125,35,54,-4,-5,82,benign,benign
39411.91951,80,0,0,0,0,0,7,65,80,21129,36,54,-2,-6,83,benign,benign
39412.43329,80,0,0,0,0,-1,36,65,81,21129,36,54,-6,-5,84,benign,benign
39412.943,80,0,0,0,0,0,72,66,81,21129,37,54,-5,-11,84,benign,benign
39413.46264,80,0,0,0,0,0,95,66,82,21135,37,54,-3,-14,84,benign,benign
39414.00046,80,0,0,0,0,0,131,65,83,21134,38,54,-5,-14,86,benign,benign
39414.52826,80,0,0,0,0,0,165,65,82,21133,39,54,-13,-16,84,benign,benign
39415.05675,80,0,0,0,0,0,176,66,81,21128,39,54,-12,-19,83,benign,benign
39415.58002,80,0,0,0,0,0,178,66,80,21127,40,54,-11,-14,83,benign,benign
39416.13855,80,0,0,0,0,0,178,66,80,21129,40,54,-12,-11,83,benign,benign
39416.66414,80,0,0,0,-9,0,178,66,82,21136,41,54,-17,-8,82,benign,benign
39417.18263,80,-3,0,0,1,0,178,66,80,21125,41,54,-18,-4,84,benign,benign
39417.72219,80,-2,0,0,0,0,178,66,79,21133,42,53,-42,-17,84,benign,benign
39418.24779,80,-2,0,0,-1,0,178,66,79,21128,42,53,-42,-17,84,benign,benign
39418.79184,80,-2,0,0,-1,0,178,66,78,21131,43,53,3,-10,80,benign,benign
39419.31697,80,-1,0,0,3,0,178,65,79,21131,43,53,-5,-7,80,benign,benign
39419.82829,80,0,0,0,0,1,178,65,78,21129,44,53,-7,-9,80,benign,benign
39420.3798,80,1,0,0,1,1,178,66,80,21131,44,53,-8,-7,81,benign,benign
39420.90168,80,0,0,0,-1,0,178,66,80,21136,45,53,-8,-3,82,benign,benign
39421.41785,80,0,0,0,0,0,178,66,80,21131,45,53,-6,0,83,benign,benign
39421.94287,80,0,0,0,0,-1,178,66,81,21135,46,53,-7,2,83,benign,benign
39422.46834,80,-4,0,0,0,0,178,66,82,21138,47,52,-15,4,83,benign,benign
39422.98756,80,-2,0,0,0,-1,178,66,82,21138,47,52,-31,18,80,benign,benign
39423.49617,80,-2,0,0,-1,-1,178,66,82,21132,47,52,-40,20,82,benign,benign
39424.00785,80,-2,0,0,-1,-1,178,66,82,21138,48,52,-35,-14,88,benign,benign
39424.52766,80,-1,0,0,-1,-2,178,66,82,21139,48,52,-23,-23,84,benign,benign
39425.03099,80,-1,1,0,0,-2,178,66,81,21128,49,52,-14,-23,83,benign,benign
39425.53781,80,0,0,0,0,0,178,66,81,21134,49,52,-6,-13,85,benign,benign
39426.04394,80,0,1,0,-1,-1,178,66,82,21136,50,52,-11,-18,84,benign,benign
39426.56489,80,0,0,0,-1,-1,178,65,81,21132,50,52,-9,-14,84,benign,benign
39427.08805,80,0,1,0,-1,-1,178,65,80,21135,51,52,-7,-10,83,benign,benign
39427.61145,80,0,1,0,1,0,178,66,80,21134,52,51,-4,-7,83,benign,benign
39428.16684,80,0,0,0,-2,-1,178,66,80,21126,52,51,-4,-3,83,benign,benign
39428.68788,80,0,0,0,0,0,178,66,81,21133,53,51,-4,-4,84,benign,benign
39429.20921,80,0,0,0,0,-1,178,66,82,21140,53,51,-5,-7,85,benign,benign
39429.73416,80,-2,0,0,-8,0,178,66,83,21129,54,51,-14,-16,83,benign,benign
39430.25833,80,-2,0,0,0,-1,178,66,82,21126,54,51,7,-19,84,benign,benign
39430.81784,80,-2,0,0,-1,-1,178,66,82,21127,55,50,26,-26,81,benign,benign
39431.33775,80,-2,0,0,-1,-1,178,67,82,21126,55,50,41,-31,77,benign,benign
39431.84406,80,-2,0,0,-1,-1,178,67,81,21128,56,50,46,-31,79,benign,benign
39432.37275,80,-1,1,0,-1,-1,178,66,81,21129,56,50,42,15,84,benign,benign
39432.8985,80,-1,1,0,3,0,178,66,81,21123,57,50,34,12,85,benign,benign
39433.42714,80,0,0,0,-3,-1,178,66,81,21133,57,50,32,11,83,benign,benign
39433.98287,80,-2,0,0,0,0,178,66,81,21131,58,50,26,11,82,benign,benign
39434.48841,80,-1,0,0,0,-1,178,67,80,21134,58,50,7,8,83,benign,benign
39434.99709,80,0,0,0,0,-1,178,67,78,21129,59,50,3,6,82,benign,benign
39435.51733,80,0,0,0,0,0,178,66,77,21131,59,50,0,5,80,benign,benign
39436.02691,80,0,0,0,0,-1,-166,66,78,21129,60,50,2,4,80,benign,benign
39436.55063,70,0,0,0,0,-1,-129,66,78,21141,61,49,6,6,80,benign,benign
39437.09941,80,0,0,0,1,0,-97,66,79,21132,61,49,4,10,82,benign,benign
39437.62277,80,0,0,0,0,0,-67,67,80,21138,62,49,5,11,83,benign,benign
39438.13269,80,0,0,0,0,0,-38,67,80,21143,62,49,6,11,83,benign,benign
39438.67221,80,0,0,0,0,0,-9,67,82,21140,63,49,6,17,83,benign,benign
39439.21358,80,0,0,0,0,0,-3,66,81,21138,63,49,7,17,84,benign,benign
39439.74271,80,0,0,0,0,0,-3,66,80,21140,64,49,-200,-200,-200,benign,benign
39440.27277,80,0,0,0,0,0,-3,66,79,21133,64,49,-200,-200,-200,benign,benign
39440.79483,60,0,0,4,0,0,-3,66,63,21120,65,49,-200,-200,-200,benign,benign
39441.32276,40,0,0,4,0,0,-3,67,35,21092,65,49,-200,-200,-200,benign,benign
39441.88245,10,0,0,4,0,0,-3,67,10,20998,66,49,-200,-200,-200,benign,benign
39487.19259,80,0,0,0,0,0,0,67,83,21144,7,41,-10,-9,85,benign,benign
39487.73751,80,0,0,0,0,0,0,66,82,21145,8,41,-10,-12,84,benign,benign
39488.26267,80,0,0,0,0,0,0,66,83,21143,8,41,-9,-12,85,benign,benign
39488.78827,80,0,0,0,0,-1,0,67,83,21145,9,41,-8,-15,86,benign,benign
39489.31507,80,0,0,0,0,-1,1,67,83,21149,9,41,-10,-15,86,benign,benign
39489.83844,80,0,0,0,0,-1,1,67,83,21144,10,41,-13,-13,85,benign,benign
39490.39587,80,0,0,0,0,0,1,67,82,21136,10,41,-14,-16,84,benign,benign
39490.92352,80,1,-1,0,-1,-1,1,67,82,21150,11,41,-13,-18,84,benign,benign
39491.44921,80,0,0,0,0,-1,1,67,82,21148,11,41,-7,-12,84,benign,benign
39491.99275,80,1,-1,0,-1,-1,1,67,82,21151,12,41,-8,-9,84,benign,benign
39492.52017,80,0,-1,0,0,-1,0,66,81,21145,12,41,-5,-6,84,benign,benign
39493.04862,80,0,0,0,0,1,0,66,80,21146,13,41,-4,-4,83,benign,benign
39493.56224,80,0,0,0,0,0,0,66,80,21148,13,41,-6,-6,83,benign,benign
39494.08441,80,0,0,0,-1,-1,0,66,81,21155,14,41,-8,-9,84,benign,benign
39494.60003,80,0,0,0,-1,-1,0,67,82,21155,14,41,-10,-14,84,benign,benign
39495.1376,80,0,0,0,-1,-1,0,67,83,21156,15,41,-13,-18,84,benign,benign
39495.68703,80,0,0,0,-1,0,0,66,83,21151,16,41,-14,-19,84,benign,benign
39496.20268,80,0,0,0,0,0,0,66,83,21149,16,41,-13,-19,85,benign,benign
39496.73277,80,0,0,0,0,-1,21,66,83,21152,17,41,-13,-20,85,benign,benign
39497.24077,80,0,0,0,0,-1,35,66,82,21155,17,41,-9,-21,85,benign,benign
39497.77945,80,0,0,0,0,-1,33,66,82,21149,18,41,-8,-20,85,benign,benign
39498.29964,80,0,0,0,0,-1,9,66,82,21155,18,41,-12,-22,85,benign,benign
39498.80826,80,0,0,0,-1,0,2,67,82,21155,19,41,-11,-21,85,benign,benign
39499.32943,80,0,0,0,-1,0,1,67,82,21158,19,41,-14,-17,85,benign,benign
39499.85773,80,1,-1,0,-1,0,1,66,82,21148,20,41,-8,-15,85,benign,benign
39500.38631,80,0,-1,0,-1,0,1,66,81,21143,20,41,-9,-11,84,benign,benign
39500.94415,80,0,0,0,-1,0,1,66,81,21153,21,41,-3,-6,84,benign,benign
39501.4599,80,0,0,0,-3,-1,1,66,81,21146,21,41,-7,-5,84,benign,benign
39501.98791,80,0,0,0,0,-2,1,66,81,21146,22,41,-6,-5,84,benign,benign
39502.52816,80,1,0,0,-1,0,1,66,80,21141,22,41,-5,-6,83,benign,benign
39503.05035,80,4,0,0,-5,-1,1,66,81,21149,23,41,0,-11,84,benign,benign
39503.57302,80,2,0,0,-1,-1,1,67,82,21151,24,41,17,-19,85,benign,benign
39504.10274,80,2,0,0,-2,-1,1,67,81,21147,24,41,26,-14,89,benign,benign
39504.6276,80,2,0,0,-2,-1,1,66,81,21145,25,41,38,-21,87,benign,benign
39505.14327,80,2,0,0,-1,-1,1,66,81,21152,25,41,57,-29,76,benign,benign
39505.68319,80,2,-1,0,-1,-1,1,66,81,21148,26,41,42,20,73,benign,benign
39506.21135,80,0,0,0,0,1,1,66,80,21146,26,41,30,8,80,benign,benign
39506.75136,80,0,0,0,0,0,1,66,80,21149,27,41,26,7,80,benign,benign
39507.27895,80,2,0,0,0,-1,1,66,80,21148,27,41,17,9,81,benign,benign
39507.80772,80,1,0,0,0,-1,1,66,79,21148,28,41,8,8,81,benign,benign
39508.31835,80,0,0,0,1,-1,1,66,78,21150,28,41,2,6,81,benign,benign
39508.82905,80,0,-1,0,0,0,1,66,78,21152,29,41,1,5,80,benign,benign
39509.35265,80,0,0,0,-1,0,1,66,79,21152,29,41,3,6,81,benign,benign
39509.86756,80,0,0,0,-1,0,1,67,80,21154,30,41,4,6,82,benign,benign
39510.3762,80,0,0,0,0,-1,15,67,80,21155,30,41,6,9,82,benign,benign
39510.90109,80,0,0,0,0,0,32,67,80,21151,31,41,4,11,82,benign,benign
39511.424,80,0,0,0,0,-1,34,67,79,21147,31,41,5,13,82,benign,benign
39511.95261,80,0,0,0,0,-1,11,67,79,21152,32,41,5,16,80,benign,benign
39512.47837,80,0,0,0,-1,0,1,67,80,21155,32,41,8,18,81,benign,benign
39513.00686,80,0,0,0,-1,-1,1,66,80,21154,33,41,9,17,81,benign,benign
39513.53188,80,0,-1,0,-1,0,1,66,79,21154,33,41,6,16,81,benign,benign
39514.05993,80,0,-1,0,0,-1,1,67,79,21156,34,41,2,6,82,benign,benign
39514.57559,80,0,-1,0,0,0,1,67,80,21158,35,41,1,5,82,benign,benign
39515.09775,80,0,0,0,-1,0,1,68,80,21154,35,41,2,6,82,benign,benign
39515.62523,80,4,0,0,0,0,1,68,80,21151,36,41,-5,4,82,benign,benign
39516.20268,80,2,0,0,-1,0,1,67,79,21154,36,41,-26,16,78,benign,benign
39516.72737,80,2,0,0,-1,-1,1,67,78,21159,37,41,-38,21,78,benign,benign
39517.25833,80,2,0,0,-1,-2,1,67,78,21150,37,41,-26,-17,83,benign,benign
39517.7845,80,1,-1,0,0,-2,1,67,78,21157,38,41,-19,-22,79,benign,benign
39518.3126,80,0,-1,0,0,3,1,67,78,21149,38,41,-12,-18,78,benign,benign
39518.83923,80,0,0,0,0,0,1,67,78,21152,39,41,-8,-14,79,benign,benign
39519.35942,80,0,-1,0,-1,-1,1,67,77,21153,39,41,-9,-14,79,benign,benign
39519.8748,80,0,-1,0,-1,0,1,67,76,21144,40,41,-7,-9,79,benign,benign
39520.39141,70,0,-1,0,0,0,1,67,76,21151,40,41,-5,-6,78,benign,benign
39520.93058,70,0,0,0,0,0,1,67,77,21154,41,41,-5,-5,79,benign,benign
39521.45369,80,0,0,0,0,0,1,67,78,21149,41,41,-5,-9,80,benign,benign
39521.98327,80,0,-1,0,0,-3,1,67,79,21156,42,41,-9,-11,80,benign,benign
39522.52682,80,0,-2,0,0,-1,1,67,80,21152,42,41,-8,-4,81,benign,benign
39523.05361,80,0,-2,0,0,-1,1,67,80,21153,43,41,-11,7,82,benign,benign
39523.59599,80,0,0,0,1,1,1,67,79,21148,44,41,-16,16,79,benign,benign
39524.12622,80,0,0,0,0,4,1,67,81,21149,44,41,-14,16,80,benign,benign
39524.64792,80,0,2,0,0,0,1,67,80,21152,45,41,-12,4,82,benign,benign
39525.14858,80,0,2,0,0,-2,1,67,80,21155,45,41,-10,-8,82,benign,benign
39525.67218,80,0,0,0,0,0,1,67,78,21151,46,41,-15,-18,80,benign,benign
39526.20178,80,1,-1,0,-1,0,1,67,79,21145,46,41,-16,-21,80,benign,benign
39526.71579,80,1,-1,0,0,0,1,67,79,21153,47,41,-11,-12,81,benign,benign
39527.24238,80,0,-1,0,0,0,1,67,79,21151,47,41,-4,-7,81,benign,benign
39527.76918,80,0,0,0,0,1,1,67,79,21149,48,41,-3,-4,81,benign,benign
39528.29536,80,4,0,0,-1,0,1,67,79,21140,48,40,1,-7,80,benign,benign
39528.84297,80,2,0,0,-1,0,1,67,79,21151,49,40,17,-13,80,benign,benign
39529.36119,80,2,0,0,-1,0,1,67,78,21150,49,40,30,-18,78,benign,benign
39529.88781,80,2,0,0,-1,-1,1,67,77,21143,50,40,29,-24,82,benign,benign
39530.41358,70,2,0,0,-1,-1,1,67,77,21137,50,40,-38,-1,76,benign,benign
39530.94328,70,1,0,0,0,0,1,67,76,21149,51,40,-22,-4,78,benign,benign
39531.46739,70,0,0,0,0,0,1,67,76,21150,51,40,-11,-6,79,benign,benign
39531.97601,70,1,0,0,0,0,1,68,77,21147,52,40,-9,-6,80,benign,benign
39532.50266,80,0,0,0,1,0,1,68,78,21152,52,40,-4,-7,80,benign,benign
39533.0126,80,0,0,0,0,0,26,68,79,21154,53,40,-3,-4,81,benign,benign
39533.5377,80,0,0,0,0,0,56,68,79,21147,53,40,-3,-5,81,benign,benign
39534.06246,80,0,0,0,0,0,85,68,79,21151,54,40,-2,-7,81,benign,benign
39534.57708,80,0,0,0,0,0,115,68,79,21151,54,40,-2,-8,81,benign,benign
39535.0952,80,0,0,0,0,0,144,67,79,21153,55,40,1,-9,82,benign,benign
39535.61796,80,0,0,0,0,0,172,67,82,21153,56,40,-2,-11,84,benign,benign
39536.14005,80,0,0,0,0,0,179,67,83,21153,56,40,-6,-14,84,benign,benign
39536.6677,80,0,0,0,0,0,179,67,82,21155,57,40,-8,-13,84,benign,benign
39537.1909,80,0,0,0,0,0,179,68,82,21151,57,40,-4,-11,84,benign,benign
39537.71771,80,-1,0,0,-8,0,179,68,82,21155,58,39,-2,-9,84,benign,benign
39538.24529,80,-3,0,0,0,0,179,68,80,21151,58,39,-32,-8,80,benign,benign
39538.76302,80,-2,0,0,-1,0,179,68,80,21152,59,39,-37,-3,85,benign,benign
39539.28936,80,-2,0,0,-1,0,179,68,79,21155,59,39,-38,-2,89,benign,benign
39539.81403,80,-2,0,0,-1,0,179,68,79,21153,60,39,11,-28,79,benign,benign
39540.34409,80,-1,0,0,4,0,179,68,77,21151,60,39,-8,-7,79,benign,benign
39540.84539,70,0,0,0,0,4,179,67,77,21155,61,39,-2,-13,78,benign,benign
39541.38794,80,0,-1,0,0,0,179,67,78,21150,61,38,-4,-9,79,benign,benign
39541.90446,80,0,0,0,0,0,179,68,79,21155,62,38,-5,-6,80,benign,benign
39542.43395,80,0,0,0,0,0,179,68,79,21156,62,38,-4,-4,80,benign,benign
39542.95258,80,0,0,0,-1,0,179,68,79,21155,63,38,-4,-6,80,benign,benign
39543.48419,80,-4,0,0,1,0,179,68,79,21149,63,38,-13,-5,81,benign,benign
39544.01306,80,-2,0,0,-1,0,179,68,79,21153,64,38,-31,-3,79,benign,benign
39544.55766,80,-2,0,0,-1,0,179,68,79,21149,64,38,-39,-2,80,benign,benign
39545.07331,80,-2,0,0,-1,0,179,68,78,21155,65,38,-31,14,75,benign,benign
39545.62773,80,-1,0,0,0,0,179,68,76,21158,66,38,-9,9,79,benign,benign
39546.15587,80,0,-1,0,0,0,179,68,77,21157,66,38,-7,10,78,benign,benign
39546.66348,80,0,0,0,0,3,179,68,78,21161,67,38,-5,6,79,benign,benign
39547.22297,80,0,0,0,0,0,179,67,79,21157,67,37,-4,5,81,benign,benign
39547.74318,80,0,0,0,0,0,179,67,79,21164,68,37,-3,4,81,benign,benign
39548.26675,80,0,0,0,0,0,179,68,79,21160,68,37,-2,4,81,benign,benign
39548.78416,80,-4,0,0,-7,0,179,68,79,21157,69,37,-4,6,80,benign,benign
39549.30858,80,-2,0,0,-1,0,179,68,80,21157,69,37,15,1,82,benign,benign
39549.83359,80,-2,0,0,-1,0,179,68,80,21168,70,37,34,4,80,benign,benign
39550.34979,80,-2,0,0,-1,0,179,68,78,21156,70,37,43,1,78,benign,benign
39550.88018,80,-2,0,0,-1,0,179,68,75,21169,71,37,47,1,77,benign,benign
39551.40777,70,-1,0,0,2,0,179,68,74,21156,71,37,31,-11,82,benign,benign
39551.91433,70,0,0,0,0,0,179,68,76,21165,72,37,26,-16,80,benign,benign
39552.42457,80,-2,0,0,0,0,179,68,79,21167,72,36,22,-12,82,benign,benign
39552.94722,80,-1,0,0,0,0,179,68,81,21168,73,36,16,-12,82,benign,benign
39553.46739,80,-1,0,0,0,-1,179,68,81,21169,73,36,0,-5,85,benign,benign
39553.99502,80,0,0,0,0,0,-179,68,81,21168,74,36,-2,-5,84,benign,benign
39554.5241,80,0,0,0,0,0,-143,68,81,21163,75,36,1,-7,84,benign,benign
39555.06761,80,0,0,0,0,0,-112,68,81,21162,75,36,0,-8,84,benign,benign
39555.59471,80,0,0,0,-1,0,-82,68,81,21166,76,36,0,-8,84,benign,benign
39556.12037,80,0,0,0,0,0,-51,68,81,21167,76,36,0,-5,84,benign,benign
39556.6443,80,0,0,0,0,0,-21,68,81,21165,77,35,0,-2,84,benign,benign
39557.20303,80,0,0,0,0,0,-4,68,81,21168,77,35,-2,0,84,benign,benign
39557.73272,80,0,0,0,0,0,-1,68,82,21178,78,35,-200,-200,-200,benign,benign
39558.24336,80,0,0,0,0,0,-1,68,81,21167,78,35,-200,-200,-200,benign,benign
39558.78513,70,0,0,3,0,0,-1,68,70,21155,79,35,-200,-200,-200,benign,benign
39559.31422,50,0,0,4,0,0,-1,68,46,21136,79,35,-200,-200,-200,benign,benign
39559.84082,20,0,0,4,0,0,-1,68,25,21115,80,35,-200,-200,-200,benign,benign
39560.36596,0,0,0,3,-1,0,-1,68,10,20788,80,35,-200,-200,-200,benign,benign
39640.02858,60,0,0,0,0,0,0,71,83,21178,8,26,-9,-5,84,benign,benign
39640.54782,60,0,0,0,-1,0,0,71,81,21188,9,26,-9,-4,83,benign,benign
39641.07767,60,0,0,0,0,0,0,72,81,21185,9,26,-9,-4,82,benign,benign
39641.60454,60,0,0,0,0,0,0,72,80,21184,10,26,-9,-4,82,benign,benign
39642.12266,60,0,0,0,0,0,0,72,80,21180,10,26,-8,-4,82,benign,benign
39642.64411,60,0,0,0,-1,0,0,72,81,21178,11,26,-7,-3,82,benign,benign
39643.17049,60,0,0,0,0,0,0,72,81,21176,11,26,-5,-3,83,benign,benign
39643.6961,60,0,0,0,0,0,0,71,81,21183,12,26,-4,-2,83,benign,benign
39644.24904,60,0,0,0,0,0,0,71,82,21182,12,26,-4,-2,83,benign,benign
39644.77264,60,0,0,0,0,0,0,72,83,21185,13,26,-4,-2,84,benign,benign
39645.29399,60,0,0,0,0,0,0,72,83,21185,13,26,-3,0,85,benign,benign
39645.81263,60,0,0,0,0,0,0,71,82,21192,14,26,-5,-2,84,benign,benign
39646.33923,60,0,0,0,0,0,0,71,82,21187,14,26,-5,-2,84,benign,benign
39646.86276,60,0,0,0,0,0,0,71,80,21179,15,26,-5,-2,82,benign,benign
39647.38354,60,0,0,0,-9,0,0,71,82,21186,16,26,-5,-2,82,benign,benign
39647.90914,60,3,0,0,1,0,0,71,81,21184,16,26,7,-3,83,benign,benign
39648.43773,60,2,0,0,-1,0,0,71,81,21185,17,26,23,-1,84,benign,benign
39648.99791,60,2,0,0,-1,0,0,71,82,21181,17,26,39,7,85,benign,benign
39649.51861,60,2,0,0,-1,0,0,71,81,21182,18,26,64,-24,57,benign,benign
39650.04357,60,2,0,0,-1,0,0,71,82,21181,18,26,38,-12,80,benign,benign
39650.55773,60,0,0,0,0,0,0,71,82,21184,19,26,29,-12,80,benign,benign
39651.06377,60,0,0,0,-7,2,0,71,82,21182,19,26,29,-13,79,benign,benign
39651.58951,60,1,0,0,0,0,0,71,81,21178,20,26,15,-4,82,benign,benign
39652.11779,60,1,0,0,-1,-1,0,71,80,21175,20,26,7,-2,81,benign,benign
39652.63927,60,0,0,0,0,0,0,71,79,21178,21,26,2,0,81,benign,benign
39653.15588,60,0,0,0,0,0,0,71,78,21176,21,26,1,1,80,benign,benign
39653.67919,60,0,0,0,0,0,0,71,80,21182,22,26,1,0,81,benign,benign
39654.20654,60,4,0,0,0,0,0,71,81,21179,22,26,-2,-4,82,benign,benign
39654.72313,60,2,0,0,-1,0,0,71,80,21179,23,26,-17,-1,82,benign,benign
39655.2479,60,2,0,0,-1,0,0,71,79,21185,23,26,-35,-3,78,benign,benign
39655.77284,60,2,0,0,-1,0,0,71,77,21179,24,26,-51,-1,73,benign,benign
39656.29525,60,2,0,0,-1,1,0,71,76,21185,25,26,-29,11,77,benign,benign
39656.82284,50,2,0,0,0,0,0,71,75,21179,25,26,-22,11,74,benign,benign
39657.33029,50,0,0,0,0,3,0,71,76,21186,25,26,-19,12,74,benign,benign
39657.87039,60,0,0,0,-1,0,0,71,78,21187,26,26,-18,1,78,benign,benign
39658.39696,60,1,0,0,-1,1,0,71,81,21194,27,26,-17,11,79,benign,benign
39658.91987,60,1,0,0,0,1,0,70,81,21192,27,26,-9,3,82,benign,benign
39659.44736,60,0,0,0,1,0,0,70,80,21192,28,26,-5,0,82,benign,benign
39659.97595,60,0,0,0,0,0,0,71,80,21194,28,26,-4,3,81,benign,benign
39660.49985,60,0,0,0,0,0,0,71,80,21190,29,26,-5,3,81,benign,benign
39661.02448,60,0,0,-1,0,0,0,70,83,21193,29,26,-6,5,83,benign,benign
39661.54907,70,0,0,-2,-1,0,0,70,93,21206,30,26,-8,5,91,benign,benign
39662.10508,80,0,0,-1,0,0,0,71,106,21210,30,26,-10,4,105,benign,benign
39662.62769,90,0,0,0,0,0,0,71,112,21221,31,26,-10,1,112,benign,benign
39663.15542,90,0,0,0,0,0,0,70,117,21222,31,26,-11,6,116,benign,benign
39663.68512,90,0,0,1,0,0,0,70,114,21218,32,26,-6,3,117,benign,benign
39664.2141,80,0,0,2,0,0,0,70,103,21203,32,26,-10,6,108,benign,benign
39664.81263,70,0,0,1,0,0,0,70,88,21192,33,26,-7,5,93,benign,benign
39665.36914,60,0,0,0,0,0,0,70,81,21191,34,26,-5,3,85,benign,benign
39665.89764,60,0,0,0,0,0,0,71,80,21189,34,26,-3,4,81,benign,benign
39666.40932,60,4,0,0,-6,0,0,71,80,21187,35,26,3,6,82,benign,benign
39666.93449,60,2,0,0,0,0,0,71,80,21184,35,26,21,4,84,benign,benign
39667.46111,60,2,0,0,-1,0,0,71,79,21184,36,26,-53,28,69,benign,benign
39667.98768,60,2,0,0,-1,0,0,70,78,21184,36,26,-34,26,75,benign,benign
39668.51223,60,2,0,0,0,0,0,70,77,21167,37,26,-18,23,77,benign,benign
39669.04177,60,0,0,0,0,0,0,70,77,21179,37,26,-6,20,78,benign,benign
39669.54716,60,0,1,0,0,1,0,70,78,21191,38,26,-8,18,79,benign,benign
39670.10919,60,0,1,0,0,0,0,70,80,21189,38,26,0,20,79,benign,benign
39670.61931,60,0,0,0,0,-1,0,70,80,21185,39,26,-2,4,82,benign,benign
39671.14818,60,0,0,0,0,0,30,70,80,21186,39,26,-1,2,82,benign,benign
39671.65768,60,0,0,0,0,0,59,70,80,21184,40,26,0,5,83,benign,benign
39672.20123,60,0,0,0,0,0,95,70,81,21189,40,26,1,2,83,benign,benign
39672.7179,60,0,0,0,0,0,124,70,81,21190,41,26,4,4,83,benign,benign
39673.25247,60,0,0,0,0,0,154,71,82,21183,41,26,1,2,84,benign,benign
39673.78105,60,0,0,0,0,0,173,71,83,21183,42,26,1,-2,84,benign,benign
39674.30445,60,0,0,0,0,0,178,70,82,21190,42,26,0,-4,84,benign,benign
39674.82497,60,0,0,0,0,0,178,70,83,21192,43,26,-1,-1,84,benign,benign
39675.34446,60,0,0,0,0,0,178,69,82,21191,44,26,-1,-1,84,benign,benign
39675.87106,60,-4,0,0,0,0,178,69,81,21181,44,26,-5,-5,83,benign,benign
39676.39765,60,-2,0,0,-1,0,178,70,81,21190,45,26,-28,6,81,benign,benign
39676.91581,60,-2,0,0,-1,0,178,70,79,21180,45,26,-41,6,80,benign,benign
39677.43856,60,-2,0,0,-1,0,178,70,78,21182,46,26,24,-14,79,benign,benign
39677.96774,60,-1,0,0,0,0,178,70,77,21180,46,26,24,-14,79,benign,benign
39678.48887,60,0,0,0,0,0,178,70,77,21192,47,26,5,-8,79,benign,benign
39679.03343,60,0,-1,0,0,0,178,70,78,21189,47,26,3,-8,80,benign,benign
39679.56007,60,0,0,0,0,0,178,70,80,21190,48,26,1,-8,81,benign,benign
39680.07859,60,0,0,0,0,0,178,70,81,21193,48,26,1,-4,83,benign,benign
39680.60265,60,0,0,0,-1,0,178,70,81,21194,49,26,0,-6,83,benign,benign
39681.13123,60,-4,0,0,0,0,178,70,82,21182,49,26,-7,-8,82,benign,benign
39681.6869,60,-2,0,0,-1,0,178,70,81,21186,50,26,-13,-1,84,benign,benign
39682.20901,60,-2,0,0,-1,0,178,70,80,21186,50,26,-36,-1,81,benign,benign
39682.73853,60,-2,0,0,-1,0,178,70,80,21186,51,26,-39,9,79,benign,benign
39683.26353,60,-2,0,0,0,0,178,70,80,21182,51,26,-21,9,80,benign,benign
39683.79258,60,0,0,0,0,0,178,70,79,21181,52,26,-10,8,81,benign,benign
39684.30922,60,-1,-1,0,0,0,178,70,79,21181,52,26,-7,6,81,benign,benign
39684.81532,60,0,0,0,0,0,178,70,79,21181,53,26,-4,4,81,benign,benign
39685.32898,60,0,0,0,0,0,178,70,79,21177,53,26,0,3,80,benign,benign
39685.86844,60,0,0,0,0,0,178,70,80,21186,54,26,-1,4,81,benign,benign
39686.36888,60,0,0,-1,0,0,178,70,87,21189,55,26,-1,4,85,benign,benign
39686.89447,70,0,0,-2,0,0,178,70,99,21197,55,26,-1,6,98,benign,benign
39687.43756,80,0,0,-1,0,0,178,70,109,21206,56,26,1,7,107,benign,benign
39687.95267,90,0,0,0,0,0,178,70,112,21205,56,26,3,5,112,benign,benign
39688.46028,80,0,0,1,0,0,178,69,107,21210,57,26,-1,7,109,benign,benign
39688.98702,70,0,0,1,0,0,178,70,94,21194,57,26,-2,7,96,benign,benign
39689.51074,60,0,0,1,0,0,178,70,86,21183,58,26,-2,6,89,benign,benign
39690.03682,60,0,0,0,0,0,178,70,78,21178,58,26,-4,5,82,benign,benign
39690.56097,50,0,0,0,0,0,178,70,76,21173,59,26,-3,5,77,benign,benign
39691.08419,50,-4,0,0,0,0,178,70,77,21179,59,26,2,5,77,benign,benign
39691.62631,60,-2,0,0,0,0,178,70,79,21181,60,26,25,5,77,benign,benign
39692.15293,60,-2,0,0,-1,0,178,71,82,21182,60,26,41,4,79,benign,benign
39692.67255,60,-2,0,0,-1,0,178,71,81,21189,61,26,49,2,80,benign,benign
39693.20017,60,-2,0,0,-1,0,178,70,78,21179,61,25,33,-19,85,benign,benign
39693.72274,50,0,0,0,0,0,178,70,77,21178,62,25,27,-18,83,benign,benign
39694.25232,50,-1,-1,0,-4,3,178,70,78,21179,62,25,23,-17,84,benign,benign
39694.79279,60,-1,-1,0,0,0,178,70,79,21183,63,25,18,-20,79,benign,benign
39695.31639,60,-1,-1,0,0,0,178,70,80,21183,64,25,5,-14,82,benign,benign
39695.841,60,0,0,0,0,-2,178,70,80,21184,64,25,0,-5,83,benign,benign
39696.36792,60,0,0,0,0,0,-155,70,81,21186,65,25,0,-4,84,benign,benign
39696.88908,60,0,0,0,-1,0,-119,70,81,21178,65,25,10,-10,82,benign,benign
39697.4128,60,0,0,0,0,0,-90,70,82,21184,66,25,1,-6,84,benign,benign
39697.91802,60,0,0,0,0,0,-67,70,82,21191,66,25,4,-5,84,benign,benign
39698.43916,60,0,0,0,0,0,-33,70,83,21186,67,24,3,-4,84,benign,benign
39698.96276,60,0,0,0,0,0,-10,70,82,21186,67,24,3,-1,84,benign,benign
39699.48909,60,0,0,0,0,0,-4,70,82,21193,68,24,0,0,84,benign,benign
39700.00418,60,0,0,0,0,0,-3,70,83,21195,68,24,-200,-200,-200,benign,benign
39700.51432,60,0,0,0,0,0,-3,69,82,21184,69,24,-200,-200,-200,benign,benign
39701.02768,50,0,0,4,0,0,-3,69,68,21172,69,24,-200,-200,-200,benign,benign
39701.53733,20,0,0,4,0,0,-3,70,40,21149,70,24,-200,-200,-200,benign,benign
39702.07788,0,0,0,4,0,0,-3,70,15,21097,70,24,-200,-200,-200,benign,benign
39702.60003,0,0,0,0,-1,0,-4,70,10,21017,71,23,-200,-200,-200,benign,benign
43376.73696,60,0,0,0,-1,0,0,58,82,21295,9,100,-9,-8,86,benign,benign
43377.26452,60,0,0,0,0,0,0,58,82,21294,9,100,-10,-9,85,benign,benign
43377.78248,60,0,0,0,0,0,0,58,82,21293,10,100,-10,-8,86,benign,benign
43378.33416,60,0,0,0,0,0,0,58,82,21293,10,100,-10,-10,85,benign,benign
43378.85489,60,0,0,0,0,0,0,58,81,21290,11,100,-10,-9,85,benign,benign
43379.37251,60,0,0,0,0,0,0,58,81,21287,11,100,-7,-12,85,benign,benign
43379.90424,60,0,0,0,0,0,0,58,82,21295,12,100,-9,-12,85,benign,benign
43380.43279,60,0,0,0,-1,-1,0,58,82,21289,13,100,-5,-16,86,benign,benign
43380.95067,60,0,-1,0,0,-1,0,58,82,21288,13,100,-6,-13,86,benign,benign
43381.45145,60,0,-1,0,0,0,0,58,81,21292,14,100,-2,-11,85,benign,benign
43381.97205,60,0,-1,0,0,0,0,58,80,21262,14,100,-2,-6,84,benign,benign
43382.4907,60,0,0,0,0,0,0,59,80,21292,15,100,-2,-5,83,benign,benign
43383.01231,60,0,0,0,0,-1,0,59,79,21300,15,100,-3,-9,84,benign,benign
43383.52793,60,0,0,0,0,-1,0,59,79,21302,16,100,-4,-13,84,benign,benign
43384.04953,60,0,0,0,0,-1,0,59,79,21296,16,100,-3,-19,83,benign,benign
43384.59211,60,0,0,0,0,-1,0,59,79,21297,17,100,-4,-21,84,benign,benign
43385.11072,60,0,0,0,0,-1,0,59,79,21295,17,100,-1,-24,84,benign,benign
43385.64027,60,1,0,0,-8,0,0,59,81,21293,18,100,-1,-25,84,benign,benign
43386.15789,60,3,0,0,0,0,0,59,81,21297,18,100,10,-25,88,benign,benign
43386.6755,60,2,0,0,-1,-1,0,59,81,21295,19,100,17,-25,90,benign,benign
43387.19711,60,2,0,0,-1,-1,0,60,81,21290,19,100,17,-25,90,benign,benign
43387.70289,60,2,0,0,-1,-1,0,60,81,21298,20,100,57,25,73,benign,benign
43388.22649,60,1,-1,0,0,-1,0,60,81,21293,20,100,33,22,86,benign,benign
43388.7451,60,0,-1,0,0,4,0,60,80,21301,21,100,27,27,82,benign,benign
43389.26371,60,0,0,0,-1,-1,0,60,81,21298,21,100,26,26,80,benign,benign
43389.78042,60,1,-2,0,-1,0,0,60,80,21294,22,100,24,25,80,benign,benign
43390.31102,60,1,-1,0,0,0,0,60,79,21291,22,100,11,15,81,benign,benign
43390.82933,60,0,-1,0,0,-1,0,60,78,21301,23,100,4,9,81,benign,benign
43391.3759,60,0,-1,0,0,0,0,61,79,21292,24,100,1,7,82,benign,benign
43391.8925,60,0,0,0,0,0,0,61,79,21298,24,100,3,4,82,benign,benign
43392.42108,60,0,0,0,0,0,0,60,79,21297,25,100,4,4,82,benign,benign
43392.95198,60,0,0,0,0,0,0,60,80,21295,25,100,3,5,83,benign,benign
43393.45295,60,0,0,0,0,0,0,61,80,21299,25,100,5,8,83,benign,benign
43393.97752,60,2,0,0,-4,0,0,61,81,21298,26,100,7,14,83,benign,benign
43394.48257,60,2,0,0,-1,0,0,61,80,21303,27,100,-4,18,83,benign,benign
43394.99832,60,2,0,0,0,-2,0,61,80,21298,27,100,-15,27,81,benign,benign
43395.51593,60,0,-1,0,0,3,0,61,80,21290,28,100,-29,27,80,benign,benign
43396.04552,60,0,0,0,0,0,0,61,80,21293,28,100,-27,30,79,benign,benign
43396.55219,60,-2,0,0,0,0,0,61,80,21302,29,100,-22,33,78,benign,benign
43397.05282,60,-2,0,0,0,-1,0,61,79,21301,29,100,-12,35,78,benign,benign
43397.57615,60,0,0,0,-2,2,0,62,79,21305,30,100,8,28,82,benign,benign
43398.07709,60,0,0,0,-4,-7,0,62,80,21299,30,100,14,21,84,benign,benign
43398.57875,60,1,-2,0,-1,0,0,62,80,21296,31,100,16,25,79,benign,benign
43399.09437,60,0,-1,0,0,0,0,62,80,21293,31,100,8,17,82,benign,benign
43399.62296,60,0,-1,0,0,-1,0,62,79,21298,32,100,4,11,82,benign,benign
43400.12562,60,0,-1,0,0,0,0,62,79,21298,32,100,4,9,82,benign,benign
43400.63231,60,0,0,0,-3,-1,0,62,79,21297,33,100,4,6,81,benign,benign
43401.13926,60,0,0,0,-7,0,0,62,78,21298,33,100,4,6,81,benign,benign
43401.6589,60,4,0,0,1,0,0,62,78,21295,34,100,-2,7,81,benign,benign
43402.18893,60,2,0,0,-1,-1,0,62,79,21301,34,100,-29,21,77,benign,benign
43402.71753,60,2,0,0,-1,-1,0,62,80,21303,35,100,-35,24,80,benign,benign
43403.23617,60,2,0,0,-1,-1,0,63,81,21298,35,100,-33,-20,89,benign,benign
43403.75885,60,2,-1,0,-1,-1,0,63,81,21299,36,100,-23,-23,88,benign,benign
43404.28644,60,1,-1,0,-1,-2,0,62,81,21290,36,100,-17,-23,83,benign,benign
43404.78906,60,0,0,0,0,1,0,62,81,21302,37,100,-6,-18,85,benign,benign
43405.30525,60,0,-1,0,-1,-4,0,63,81,21301,37,100,-12,-24,83,benign,benign
43405.80906,60,0,-1,0,-1,-1,0,63,82,21306,38,100,-13,-20,83,benign,benign
43406.32894,60,0,-1,0,0,-1,0,63,82,21295,38,100,-7,-11,84,benign,benign
43406.84957,60,0,-1,0,0,-1,0,63,81,21300,39,100,-6,-7,84,benign,benign
43407.38212,60,0,0,0,-2,0,0,63,82,21295,39,100,-8,-4,84,benign,benign
43407.89974,60,0,0,0,0,0,0,63,82,21300,40,100,-6,-5,84,benign,benign
43408.42334,60,0,0,0,0,-1,0,63,83,21302,40,100,-9,-7,85,benign,benign
43408.94339,60,2,0,0,-8,0,0,63,84,21307,41,100,-9,-10,85,benign,benign
43409.45998,70,3,0,0,0,0,0,63,83,21299,42,100,3,-17,84,benign,benign
43409.97572,60,2,0,0,-1,0,0,63,82,21309,42,100,21,-30,79,benign,benign
43410.49535,60,2,0,0,-1,-1,0,63,83,21302,43,100,27,-30,81,benign,benign
43411.0265,70,2,0,0,-1,-1,0,63,83,21301,43,100,27,-30,81,benign,benign
43411.54613,70,2,-1,0,-1,-1,0,64,84,21304,44,100,27,-30,81,benign,benign
43412.07604,60,0,0,0,0,0,0,64,82,21301,44,100,27,-30,81,benign,benign
43412.59466,60,-2,0,0,7,-3,0,63,82,21314,45,100,27,-30,81,benign,benign
43413.12222,60,-3,-1,0,-1,0,0,63,81,21299,45,100,27,-30,81,benign,benign
43413.63637,60,-2,-1,0,-1,0,0,63,81,21302,46,100,7,-17,83,benign,benign
43414.18827,60,-1,0,0,-2,0,0,63,82,21301,46,100,2,-6,84,benign,benign
43414.70502,60,0,0,0,0,-1,0,64,81,21309,47,100,0,-4,83,benign,benign
43415.20694,60,0,0,0,0,1,0,64,80,21304,47,100,-1,-3,83,benign,benign
43415.73688,60,0,0,0,0,0,17,64,80,21307,48,100,0,-5,82,benign,benign
43416.2419,60,0,0,0,0,0,48,64,80,21303,48,100,0,-8,83,benign,benign
43416.74358,60,0,0,0,0,0,77,64,82,21298,49,100,-1,-10,84,benign,benign
43417.26519,60,0,0,0,0,0,107,64,83,21301,49,100,2,-12,85,benign,benign
43417.766,70,0,0,0,0,0,137,64,84,21309,50,100,2,-15,84,benign,benign
43418.27978,70,0,0,0,0,0,166,64,83,21306,50,100,2,-16,85,benign,benign
43418.80036,60,0,0,0,0,0,178,64,82,21308,51,100,0,-15,84,benign,benign
43419.32409,60,0,0,0,0,0,178,64,82,21306,51,100,-2,-12,84,benign,benign
43419.84367,60,0,0,0,0,0,178,64,82,21311,52,100,-3,-10,84,benign,benign
43420.37274,60,-2,0,0,-8,0,178,64,82,21301,53,100,-3,-10,83,benign,benign
43420.87539,60,-3,0,0,1,0,178,64,81,21300,53,100,-21,-8,83,benign,benign
43421.40398,60,-2,0,0,0,0,178,64,81,21302,53,100,-35,0,86,benign,benign
43421.93471,60,-2,0,0,0,-1,178,64,79,21298,54,100,-26,0,82,benign,benign
43422.43634,60,-2,0,0,0,1,178,65,79,21302,55,100,-11,1,82,benign,benign
43422.94526,60,0,0,0,2,-4,178,65,80,21305,55,100,-1,0,83,benign,benign
43423.46164,60,0,0,0,0,0,178,64,82,21313,56,100,3,-1,85,benign,benign
43423.98242,60,0,0,0,0,0,178,64,83,21306,56,100,4,-3,86,benign,benign
43424.49907,70,0,0,0,0,0,178,64,83,21313,57,100,2,-4,87,benign,benign
43425.01186,70,0,0,0,0,0,178,64,82,21312,57,100,4,-5,86,benign,benign
43425.54693,60,-3,0,0,0,0,178,65,82,21305,58,100,14,-10,85,benign,benign
43426.09448,60,-2,0,0,-1,-1,178,65,82,21312,58,100,38,-22,81,benign,benign
43426.62403,60,-2,0,0,-1,-1,178,65,82,21300,59,100,49,-29,78,benign,benign
43427.15477,60,-2,0,0,-1,-1,178,65,82,21298,59,100,48,6,78,benign,benign
43427.6725,60,-1,1,0,0,-2,178,65,82,21301,60,100,32,13,83,benign,benign
43428.17319,60,0,0,0,0,0,178,65,83,21305,60,100,15,12,86,benign,benign
43428.67485,70,0,0,0,-3,-3,178,65,83,21301,61,100,20,13,84,benign,benign
43429.19544,60,-1,0,0,0,-1,178,65,82,21308,61,100,13,9,85,benign,benign
43429.71908,60,0,1,0,0,-1,178,66,80,21300,62,100,5,8,83,benign,benign
43430.26462,60,0,0,0,0,-1,178,66,80,21302,62,100,1,5,83,benign,benign
43430.76827,60,0,0,0,0,-1,178,65,80,21303,63,100,4,3,82,benign,benign
43431.29685,60,0,0,0,0,0,178,65,80,21308,63,100,0,3,83,benign,benign
43431.81076,60,0,0,0,0,-1,178,65,81,21308,64,100,4,9,84,benign,benign
43432.31157,60,-1,0,0,-8,0,178,65,82,21302,64,100,9,15,82,benign,benign
43432.81224,60,-2,0,0,0,-1,178,65,80,21306,65,100,-8,11,84,benign,benign
43433.34325,60,-2,0,0,-1,-1,178,65,81,21299,65,100,-30,18,83,benign,benign
43433.8748,60,-2,0,0,-1,-1,178,65,82,21277,66,100,-37,17,86,benign,benign
43434.40563,60,-2,0,0,-1,-1,178,65,82,21302,67,100,-53,30,77,benign,benign
43434.92823,60,-1,1,0,0,-1,179,66,82,21323,67,100,-53,30,77,benign,benign
43435.44298,60,0,0,0,0,0,179,66,80,21310,68,100,-53,30,77,benign,benign
43436.00451,60,4,1,0,2,-1,178,66,79,21295,68,100,-53,30,77,benign,benign
43436.53609,60,4,1,0,0,0,178,66,80,21311,69,100,-40,8,80,benign,benign
43437.08169,60,2,1,0,0,0,178,66,80,21306,69,100,-20,6,82,benign,benign
43437.59931,60,1,0,0,-1,-1,178,66,79,21304,70,100,-5,5,82,benign,benign
43438.11812,60,0,0,0,0,-1,178,66,79,21300,70,100,-3,5,81,benign,benign
43438.63972,60,0,0,0,0,-1,178,66,79,21302,71,100,-4,4,81,benign,benign
43439.1875,60,0,0,0,0,0,-158,66,79,21306,71,100,-4,4,81,benign,benign
43439.70023,60,0,0,0,0,0,-134,66,78,21310,72,100,-5,6,81,benign,benign
43440.20322,60,0,0,0,1,0,-103,66,78,21306,72,100,-6,8,81,benign,benign
43440.71884,60,0,0,0,0,0,-72,66,78,21291,73,100,-9,9,82,benign,benign
43441.22463,60,0,0,0,0,1,-36,66,78,21303,73,100,-9,16,81,benign,benign
43441.74424,60,0,0,0,0,1,-11,66,77,21311,74,100,-6,18,80,benign,benign
43442.27383,60,0,0,0,0,1,-3,66,77,21302,74,100,0,17,80,benign,benign
43442.80356,60,0,0,0,0,0,-3,67,77,21303,75,100,-200,-200,-200,benign,benign
43443.3501,60,0,0,0,0,0,-3,67,75,21299,76,100,-200,-200,-200,benign,benign
43443.86721,40,0,0,4,0,0,-3,66,60,21287,76,100,-200,-200,-200,benign,benign
43444.40286,20,0,0,4,0,0,-3,66,36,21259,77,100,-200,-200,-200,benign,benign
43444.92447,0,0,0,4,0,0,-3,65,12,21220,77,100,-200,-200,-200,benign,benign
43445.44515,-10,-1,0,0,-1,0,-2,65,6553,21000,78,100,-200,-200,-200,benign,benign
43445.96507,-10,-1,0,0,-1,0,-3,67,6553,21106,78,100,-200,-200,-200,benign,benign
43514.91872,70,0,0,0,-1,0,0,67,82,21309,9,88,-12,-11,85,benign,benign
43515.43665,70,0,0,0,0,0,0,67,83,21315,9,88,-11,-12,85,benign,benign
43515.95474,70,0,0,0,-1,0,0,67,82,21320,10,88,-11,-11,85,benign,benign
43516.4853,70,0,0,0,-2,-1,0,67,82,21318,10,88,-14,-11,85,benign,benign
43517.00213,70,0,0,0,-1,0,0,68,82,21312,11,88,-8,-13,84,benign,benign
43517.55678,70,0,-1,0,-1,0,0,68,81,21319,12,88,-9,-9,84,benign,benign
43518.08501,60,0,0,0,1,-1,0,68,81,21311,12,88,-2,-5,84,benign,benign
43518.63715,60,0,0,0,0,0,0,68,81,21309,13,88,-5,-5,83,benign,benign
43519.15875,70,0,0,0,-1,0,0,67,82,21311,13,88,-7,-5,84,benign,benign
43519.6855,70,0,0,0,-1,-1,0,67,82,21314,14,88,-8,-10,84,benign,benign
43520.21209,70,0,0,0,-1,0,0,68,82,21321,14,88,-9,-13,85,benign,benign
43520.72775,70,0,0,0,-1,0,0,68,82,21322,15,88,-9,-16,85,benign,benign
43521.24539,70,0,0,0,-1,0,0,68,82,21319,15,88,-13,-16,84,benign,benign
43521.76698,70,0,0,0,-1,0,0,67,83,21315,16,88,-14,-18,84,benign,benign
43522.29471,70,0,0,0,-1,0,0,67,83,21316,16,88,-15,-20,84,benign,benign
43522.82353,70,0,0,0,-1,0,0,68,84,21322,17,88,-14,-20,84,benign,benign
43523.37222,70,0,0,-1,-1,-1,0,68,91,21323,17,88,-15,-21,89,benign,benign
43523.90015,80,0,0,-1,-1,-1,0,67,101,21334,18,88,-14,-17,99,benign,benign
43524.42176,90,0,0,-1,0,-1,0,67,109,21340,18,88,-17,-11,111,benign,benign
43524.95231,100,0,0,0,0,-1,0,67,114,21351,19,88,-7,-16,116,benign,benign
43525.48206,90,0,0,1,-1,0,0,67,110,21344,19,88,-10,-14,113,benign,benign
43526.01364,80,0,0,1,0,0,0,68,101,21341,20,88,-13,-14,105,benign,benign
43526.54522,80,0,0,1,0,0,0,68,94,21325,20,88,-10,-19,99,benign,benign
43527.06306,70,0,0,1,-1,0,0,68,88,21332,21,88,-16,-20,92,benign,benign
43527.60673,70,0,0,0,0,0,0,68,83,21327,22,88,-14,-22,86,benign,benign
43528.13559,70,1,-1,0,-1,-1,0,67,83,21324,22,88,-13,-3,89,benign,benign
43528.65622,70,0,-1,0,-1,-1,0,67,82,21323,23,88,-6,-18,85,benign,benign
43529.18382,70,0,-1,0,0,-1,0,68,80,21321,23,88,0,-11,83,benign,benign
43529.70061,60,0,-1,0,0,0,0,68,80,21319,24,88,0,-7,83,benign,benign
43530.21624,60,0,-1,0,0,0,0,68,79,21323,24,88,-1,-7,82,benign,benign
43530.7472,60,1,0,0,-8,0,0,68,81,21318,25,88,-1,-7,82,benign,benign
43531.26679,70,3,0,0,0,0,0,67,80,21315,25,88,24,-16,81,benign,benign
43531.8121,70,2,0,0,-1,-2,0,67,81,21309,26,88,30,-14,88,benign,benign
43532.32518,60,2,0,0,-1,-2,0,67,80,21314,26,88,50,-21,81,benign,benign
43532.85608,70,2,-1,0,0,-2,0,68,80,21311,27,88,41,10,80,benign,benign
43533.38666,70,1,-1,0,0,-1,0,68,81,21312,27,88,35,10,78,benign,benign
43533.93377,70,0,0,0,0,1,0,67,81,21311,28,88,23,2,80,benign,benign
43534.45399,60,1,0,0,-4,0,0,67,81,21319,28,88,23,3,80,benign,benign
43534.9827,60,1,0,0,0,-1,0,67,80,21313,29,88,18,6,80,benign,benign
43535.51377,60,1,0,0,0,-1,0,67,79,21318,29,88,9,7,81,benign,benign
43536.07122,60,0,0,0,1,1,0,67,78,21319,30,88,2,5,81,benign,benign
43536.60124,60,0,0,0,0,0,0,67,79,21311,31,88,2,6,81,benign,benign
43537.13178,60,0,0,0,0,0,0,68,79,21311,31,88,3,9,81,benign,benign
43537.66187,60,2,0,0,-1,0,0,68,80,21312,32,88,3,15,81,benign,benign
43538.18495,70,2,0,0,-1,-2,0,68,80,21316,32,88,-7,19,81,benign,benign
43538.70156,70,2,-1,0,0,-2,0,68,80,21314,33,88,-23,25,77,benign,benign
43539.21766,70,0,0,0,0,0,0,68,80,21316,33,88,-31,22,77,benign,benign
43539.73396,60,-2,0,0,1,0,0,68,78,21319,34,88,-27,24,76,benign,benign
43540.25357,60,-2,0,0,0,-1,0,67,78,21316,34,88,-12,25,77,benign,benign
43540.77133,60,0,-1,0,-3,3,0,67,78,21315,35,88,3,27,77,benign,benign
43541.29031,60,0,-1,0,-3,-5,0,68,79,21312,35,88,11,19,82,benign,benign
43541.81192,60,0,-1,0,-1,-1,0,68,79,21312,36,88,12,24,78,benign,benign
43542.32956,60,0,-1,0,0,0,0,68,78,21317,36,88,7,16,79,benign,benign
43542.85826,60,0,-1,0,0,-1,0,68,77,21312,37,88,3,8,79,benign,benign
43543.3769,60,0,-1,0,0,0,0,68,78,21313,37,88,3,7,79,benign,benign
43543.90546,60,0,0,0,0,0,0,68,78,21318,38,88,4,6,80,benign,benign
43544.40743,60,3,0,0,-8,0,0,68,80,21317,38,88,3,4,80,benign,benign
43544.92105,60,3,0,0,0,0,0,68,78,21312,39,88,-14,13,78,benign,benign
43545.42274,60,2,0,0,-1,-1,0,68,76,21309,39,88,-27,20,75,benign,benign
43545.93733,60,2,0,0,-1,-1,0,68,75,21308,40,88,-35,21,75,benign,benign
43546.45395,60,2,0,0,-1,-1,0,68,75,21312,40,88,-38,-26,71,benign,benign
43546.96857,60,2,0,0,-1,-1,0,68,76,21313,41,88,-29,-28,73,benign,benign
43547.49816,60,1,-1,0,2,1,0,68,76,21308,41,88,-29,-28,73,benign,benign
43548.01601,60,0,0,0,-2,-3,0,68,77,21320,42,88,-29,-28,73,benign,benign
43548.53465,60,1,-1,0,-1,0,0,68,79,21309,43,88,-18,-13,77,benign,benign
43549.0793,70,0,-1,0,0,0,0,68,80,21320,43,88,-9,-12,79,benign,benign
43549.59317,70,0,-1,0,0,0,0,68,81,21315,44,88,-4,-7,82,benign,benign
43550.10879,70,0,0,0,0,0,0,68,81,21313,44,88,-4,-7,82,benign,benign
43550.62641,70,0,0,0,0,0,0,68,81,21322,45,88,-4,-7,82,benign,benign
43551.16208,70,0,0,0,0,-1,0,68,82,21318,45,88,-4,-7,82,benign,benign
43551.6787,70,2,0,0,-5,0,0,68,82,21315,46,88,-11,0,82,benign,benign
43552.19531,70,2,0,0,-1,0,0,68,80,21316,46,88,-11,0,82,benign,benign
43552.71193,70,2,0,0,-1,0,0,68,79,21313,47,88,-11,0,82,benign,benign
43553.24151,70,1,-1,0,0,-1,0,68,80,21317,47,88,-11,0,82,benign,benign
43553.7711,70,0,0,0,0,0,0,68,79,21313,48,88,-11,0,82,benign,benign
43554.30467,70,-2,0,0,2,0,0,68,79,21325,48,88,-11,0,82,benign,benign
43554.82228,70,-2,0,0,0,0,0,68,80,21322,49,88,-11,0,82,benign,benign
43555.34289,70,-1,0,0,-4,0,0,69,83,21323,49,88,-11,0,82,benign,benign
43555.8615,70,0,0,0,0,0,0,69,81,21321,50,88,-14,-5,83,benign,benign
43556.3861,70,1,0,0,-1,0,0,68,81,21321,50,88,-13,-16,81,benign,benign
43556.90272,70,1,0,0,0,0,0,68,79,21326,51,88,-13,-16,81,benign,benign
43557.43345,60,0,0,0,-6,0,0,69,80,21317,51,88,-13,-16,81,benign,benign
43557.95405,60,3,0,0,1,0,0,69,78,21322,52,88,2,-5,80,benign,benign
43558.47097,60,2,0,0,0,0,0,68,78,21317,52,88,2,-5,80,benign,benign
43558.99955,60,2,0,0,-1,0,0,68,78,21320,53,88,17,-19,89,benign,benign
43559.53814,60,2,0,0,-1,-2,0,68,79,21317,54,87,17,-19,89,benign,benign
43560.06869,60,1,0,0,3,0,0,68,78,21317,54,87,17,-19,89,benign,benign
43560.5883,60,0,0,0,0,0,0,68,78,21321,55,87,-10,-2,81,benign,benign
43561.12387,70,0,0,0,0,0,0,68,80,21324,55,87,-5,-8,82,benign,benign
43561.6365,70,0,0,0,0,0,0,68,80,21318,56,87,1,-6,83,benign,benign
43562.15311,70,0,0,0,0,0,30,68,81,21324,56,87,2,-8,83,benign,benign
43562.70696,70,0,0,0,0,0,66,68,81,21322,57,87,4,-9,84,benign,benign
43563.26544,60,0,0,0,0,0,96,69,79,21323,57,87,3,-10,82,benign,benign
43563.82597,60,0,0,0,0,0,126,69,78,21318,58,87,5,-13,80,benign,benign
43564.34995,60,0,0,0,0,0,163,69,79,21321,58,87,6,-19,80,benign,benign
43564.88065,70,0,0,0,0,0,176,69,79,21322,59,87,6,-19,80,benign,benign
43565.43032,70,0,0,0,0,0,178,68,79,21319,59,87,4,-18,81,benign,benign
43565.9308,70,0,0,0,0,0,178,68,79,21322,60,87,3,-16,81,benign,benign
43566.48033,70,0,0,0,0,0,178,68,80,21325,60,86,1,-16,82,benign,benign
43566.99821,70,0,0,-1,0,0,178,68,85,21330,61,86,3,-13,86,benign,benign
43567.51383,80,0,0,-2,0,0,178,68,97,21335,61,86,3,-12,94,benign,benign
43568.04341,90,0,0,-1,0,0,178,68,107,21351,62,86,5,-13,107,benign,benign
43568.56215,100,0,0,0,0,0,178,69,114,21356,63,86,6,-15,113,benign,benign
43569.09183,100,0,0,1,0,0,178,68,112,21353,63,86,4,-15,116,benign,benign
43569.60446,90,0,0,2,0,0,178,68,103,21339,64,86,8,-17,108,benign,benign
43570.14105,80,0,0,1,0,0,178,68,92,21342,64,86,3,-13,96,benign,benign
43570.67163,70,0,0,1,0,0,178,68,84,21326,65,86,0,-14,88,benign,benign
43571.23243,60,0,0,0,0,0,178,68,79,21321,65,86,2,-14,81,benign,benign
43571.73309,70,0,-1,0,0,0,178,68,80,21329,66,86,2,-9,82,benign,benign
43572.27966,70,0,0,0,0,-2,178,68,80,21327,66,86,0,-7,82,benign,benign
43572.80825,70,-4,0,0,-7,0,178,68,80,21315,67,86,-11,-3,82,benign,benign
43573.32939,70,-2,0,0,0,0,178,69,79,21309,67,86,-16,0,82,benign,benign
43573.84897,70,-2,0,0,-1,0,178,69,78,21319,68,86,-16,0,82,benign,benign
43574.36961,60,-2,0,0,-1,0,178,68,78,21316,68,86,-16,0,82,benign,benign
43574.88835,70,-2,0,0,-1,0,178,68,78,21319,69,85,-16,0,82,benign,benign
43575.41895,70,0,0,0,0,0,178,69,80,21322,69,85,-16,0,82,benign,benign
43575.93954,70,4,0,0,2,0,178,69,79,21327,70,85,7,-18,79,benign,benign
43576.4831,70,4,0,0,0,0,178,68,81,21322,70,85,7,-18,79,benign,benign
43577.02766,70,2,0,0,-2,0,178,68,81,21325,71,85,7,-18,79,benign,benign
43577.5632,60,1,0,0,-1,0,178,68,80,21323,72,85,-8,-7,83,benign,benign
43578.08097,60,0,0,0,0,0,178,68,79,21321,72,85,-2,-9,81,benign,benign
43578.60155,60,0,0,0,0,0,178,68,78,21321,73,85,-3,-8,81,benign,benign
43579.16397,60,0,1,0,0,-5,178,69,79,21321,73,85,-5,-8,81,benign,benign
43579.67759,60,0,2,0,0,0,178,69,78,21323,74,85,-14,-23,81,benign,benign
43580.17825,60,0,2,0,0,0,178,69,78,21323,74,85,-14,-23,81,benign,benign
43580.69288,60,0,0,0,0,2,178,69,79,21319,75,85,-14,-23,81,benign,benign
43581.19455,60,0,-1,0,0,6,178,69,79,21321,75,85,-14,-23,81,benign,benign
43581.71615,70,0,-2,0,0,0,178,68,79,21316,76,84,-14,-23,81,benign,benign
43582.23377,60,0,-2,0,0,0,178,68,78,21314,76,84,-7,-17,83,benign,benign
43582.75039,60,0,0,0,0,0,178,68,78,21316,77,84,-15,-5,80,benign,benign
43583.29995,60,1,0,0,-1,0,178,68,80,21317,77,84,-15,-3,81,benign,benign
43583.82485,70,0,0,0,-2,0,178,68,80,21319,78,84,-3,-3,83,benign,benign
43584.35942,70,-4,0,0,0,0,178,69,81,21314,78,84,-7,-5,83,benign,benign
43584.8801,70,-2,0,0,-1,0,178,69,81,21314,79,84,-32,3,79,benign,benign
43585.40268,60,-2,0,0,-1,0,178,68,78,21316,79,84,-32,3,79,benign,benign
43585.92144,60,-2,0,0,-2,0,178,68,76,21309,80,84,24,-11,80,benign,benign
43586.43606,60,-2,0,0,-1,0,178,68,77,21308,80,84,24,-11,80,benign,benign
43586.95271,60,0,0,0,0,0,178,68,77,21310,81,84,8,-12,77,benign,benign
43587.48165,60,0,0,0,0,2,178,69,78,21313,81,84,4,-14,77,benign,benign
43588.00325,60,0,-1,0,-2,0,178,69,78,21318,82,84,4,-9,79,benign,benign
43588.52201,60,0,0,0,0,-2,178,69,80,21313,82,84,-3,-4,80,benign,benign
43589.05276,70,0,0,0,0,0,178,69,81,21309,83,84,-2,-4,83,benign,benign
43589.59531,70,0,0,0,-1,0,178,70,79,21316,84,83,-1,-6,82,benign,benign
43590.11589,60,-4,0,0,-6,0,178,70,80,21307,84,83,-3,-4,81,benign,benign
43590.65761,70,-3,0,0,0,0,178,68,81,21311,85,83,-23,-2,81,benign,benign
43591.17522,70,-2,0,0,-1,0,178,68,80,21308,85,83,-32,0,79,benign,benign
43591.71193,60,-2,0,0,-1,0,178,68,79,21311,86,83,-32,0,79,benign,benign
43592.23154,60,-2,0,0,-1,0,178,68,79,21314,86,83,-30,0,78,benign,benign
43592.77729,70,0,0,0,1,0,178,68,81,21318,87,83,-10,2,83,benign,benign
43593.29824,70,0,0,0,-3,0,178,68,82,21316,87,83,-10,4,83,benign,benign
43593.82709,70,0,0,0,-1,0,178,68,81,21320,88,83,-5,3,83,benign,benign
43594.3437,60,0,0,0,0,0,-178,68,78,21315,88,83,-3,3,81,benign,benign
43594.84736,60,0,0,0,0,0,-148,69,78,21315,89,83,-5,3,80,benign,benign
43595.36098,60,0,0,0,0,0,-119,69,78,21312,89,83,-6,4,80,benign,benign
43595.86279,60,0,0,0,0,0,-83,69,79,21309,90,83,-5,3,81,benign,benign
43596.39337,70,0,0,0,0,0,-54,69,80,21315,90,83,-5,1,82,benign,benign
43596.93791,70,0,0,0,0,0,-19,69,80,21322,91,82,-4,0,82,benign,benign
43597.46849,70,0,0,0,0,0,-6,69,80,21321,91,82,-4,0,82,benign,benign
43597.98524,60,0,0,0,0,0,-3,69,78,21317,92,82,-5,-1,81,benign,benign
43598.5648,60,0,0,0,0,0,-3,69,78,21320,93,82,-200,-200,-200,benign,benign
43599.10342,60,0,0,2,0,0,-3,69,73,21313,93,82,-200,-200,-200,benign,benign
43599.62206,40,0,0,4,0,0,-3,69,53,21304,94,82,-200,-200,-200,benign,benign
43600.17272,10,0,0,4,0,0,-3,69,25,21273,94,82,-200,-200,-200,benign,benign
43600.70445,0,0,0,3,0,0,-3,69,10,21014,95,82,-200,-200,-200,benign,benign
43660.70418,70,0,0,0,-1,0,0,66,79,21286,2,75,-6,-3,79,benign,benign
43661.23275,80,0,0,0,-1,0,0,67,82,21292,3,75,-8,-2,82,benign,benign
43661.76134,80,0,0,0,-1,0,0,67,83,21294,3,75,-6,0,84,benign,benign
43662.31187,80,0,0,0,-1,0,0,67,82,21290,4,75,-11,-3,84,benign,benign
43662.83048,80,0,0,0,-1,0,0,67,82,21293,5,75,-11,-3,84,benign,benign
43663.34694,80,0,0,0,-1,0,0,67,82,21294,5,75,-11,-3,84,benign,benign
43663.86275,80,0,0,0,-1,0,0,67,82,21291,5,75,-11,-3,84,benign,benign
43664.37436,80,1,0,0,-2,0,0,66,82,21295,6,75,-8,-3,85,benign,benign
43664.8885,80,1,0,0,-1,0,0,66,82,21296,7,75,-6,-6,84,benign,benign
43665.39015,80,0,0,0,0,0,0,67,81,21297,7,75,-6,-5,84,benign,benign
43665.92091,80,0,0,0,-1,0,0,67,82,21296,8,75,-3,-6,84,benign,benign
43666.43638,80,0,0,0,-1,0,0,66,82,21288,8,75,-10,-8,84,benign,benign
43666.96574,80,0,0,0,-1,0,0,66,83,21298,9,75,-14,-12,85,benign,benign
43667.51427,80,0,0,0,-1,0,0,67,83,21284,9,75,-15,-14,85,benign,benign
43668.04521,80,0,0,0,-1,0,0,67,83,21292,10,75,-14,-14,85,benign,benign
43668.59274,80,0,0,-1,-1,0,0,67,89,21298,10,75,-16,-15,89,benign,benign
43669.11468,90,0,0,-2,-1,0,0,67,100,21301,11,75,-15,-12,99,benign,benign
43669.62532,100,0,0,-1,-1,0,0,67,110,21315,11,75,-14,-12,110,benign,benign
43670.15588,110,0,0,0,-1,0,0,67,118,21324,12,75,-16,-2,122,benign,benign
43670.67411,110,0,0,2,-2,0,0,67,114,21318,12,75,-18,-7,120,benign,benign
43671.20469,90,1,0,2,-1,-1,0,67,94,21303,13,75,-13,-14,105,benign,benign
43671.71931,80,1,0,1,-1,-1,0,67,87,21288,13,75,-6,-22,94,benign,benign
43672.23294,80,0,-1,0,-1,-1,0,66,83,21287,14,75,-4,-23,88,benign,benign
43672.7346,70,0,-1,0,-2,-1,0,66,80,21284,14,75,-7,-20,83,benign,benign
43673.25226,70,0,-1,0,1,-1,0,67,78,21282,15,75,-2,-14,81,benign,benign
43673.78281,70,0,0,0,-7,0,0,67,79,21277,15,75,-2,-10,81,benign,benign
43674.3134,70,4,0,0,0,0,0,67,79,21277,16,75,3,-13,82,benign,benign
43674.82406,70,2,0,0,-1,-1,0,67,80,21282,16,75,22,-19,80,benign,benign
43675.37467,70,2,0,0,-2,-1,0,66,78,21276,17,75,28,-15,85,benign,benign
43675.90525,70,2,0,0,-2,-1,0,66,77,21280,18,75,35,-17,85,benign,benign
43676.42614,70,2,0,0,-1,-1,0,67,77,21280,18,75,52,-34,69,benign,benign
43676.9507,70,2,-1,0,-1,-1,0,67,77,21272,19,75,48,-10,72,benign,benign
43677.46746,70,1,-1,0,-1,-1,0,67,79,21277,19,75,37,4,76,benign,benign
43677.99605,70,0,0,0,-1,0,0,67,78,21282,20,75,35,1,75,benign,benign
43678.52765,70,2,0,0,-3,0,0,67,78,21280,20,75,35,-10,75,benign,benign
43679.04525,70,2,0,0,-1,-1,0,67,77,21275,21,75,19,10,77,benign,benign
43679.56189,70,1,0,0,0,-1,0,67,75,21286,21,75,12,11,76,benign,benign
43680.07878,70,1,0,0,-1,-1,0,67,76,21280,22,75,4,10,77,benign,benign
43680.59437,70,0,-1,0,-1,0,0,67,77,21285,22,75,2,9,78,benign,benign
43681.09817,70,0,0,0,-3,0,0,67,78,21285,23,75,3,9,79,benign,benign
43681.60397,70,0,0,0,0,-1,0,68,78,21275,23,75,3,7,80,benign,benign
43682.12557,70,0,0,0,-1,0,0,68,79,21284,24,75,4,7,80,benign,benign
43682.64618,70,0,0,0,-1,0,0,67,79,21284,24,75,5,10,80,benign,benign
43683.16479,70,0,0,0,-1,-1,0,67,81,21281,25,75,7,14,80,benign,benign
43683.69537,80,0,0,-1,-1,0,0,68,91,21292,25,75,8,17,89,benign,benign
43684.21398,90,0,0,-1,0,0,0,68,101,21304,26,75,10,15,99,benign,benign
43684.74057,100,0,0,-1,-1,-1,0,67,109,21311,26,75,9,15,107,benign,benign
43685.2585,110,0,0,0,0,0,0,67,113,21314,27,75,11,18,112,benign,benign
43685.81804,100,0,0,1,0,0,0,67,106,21311,27,75,8,12,112,benign,benign
43686.33574,90,0,0,1,-1,-1,0,68,96,21304,28,75,8,21,101,benign,benign
43686.83641,80,0,0,1,0,-1,0,68,88,21290,28,75,8,23,92,benign,benign
43687.35603,80,0,0,0,0,-1,0,67,82,21287,29,75,9,24,83,benign,benign
43687.88561,70,0,0,0,0,-1,0,67,80,21288,30,75,8,26,80,benign,benign
43688.39027,70,0,-2,0,-1,-2,0,68,80,21294,30,75,8,25,80,benign,benign
43688.9089,70,0,-1,0,0,0,0,68,80,21283,30,75,6,19,80,benign,benign
43689.43549,70,0,-1,0,0,-1,0,67,79,21290,31,75,2,11,81,benign,benign
43689.95513,70,0,-1,0,0,0,0,67,79,21287,32,75,2,8,81,benign,benign
43690.47173,70,0,0,0,0,1,0,67,79,21279,32,75,3,5,81,benign,benign
43690.99633,70,3,0,0,-8,0,0,67,81,21283,33,75,2,8,81,benign,benign
43691.51409,70,3,0,0,0,-1,0,68,80,21288,33,75,-15,15,80,benign,benign
43692.04169,70,2,0,0,-1,-1,0,68,79,21290,34,75,-27,20,78,benign,benign
43692.55885,70,2,0,0,-1,-1,0,68,79,21286,34,75,-37,20,78,benign,benign
43693.08981,70,2,-1,0,-1,-1,0,68,79,21287,35,75,-37,20,78,benign,benign
43693.61438,70,1,-1,0,-1,-1,0,68,80,21282,35,75,-37,20,78,benign,benign
43694.13001,70,1,-1,0,-1,-1,0,68,80,21285,36,75,-37,20,78,benign,benign
43694.66158,70,0,0,0,0,0,0,68,79,21286,36,75,-37,20,78,benign,benign
43695.18125,70,-3,0,0,6,-1,0,68,79,21287,37,75,-37,20,78,benign,benign
43695.71199,70,-4,-1,0,0,-1,0,68,80,21288,37,75,-37,20,78,benign,benign
43696.23469,70,-2,0,0,-2,0,0,68,80,21298,38,75,-13,9,81,benign,benign
43696.74948,70,-1,0,0,-1,-1,0,68,80,21291,38,75,-5,7,81,benign,benign
43697.26338,70,0,0,0,-1,-1,0,68,79,21286,39,75,0,5,81,benign,benign
43697.79601,70,0,0,0,0,-1,0,68,80,21284,39,75,0,5,81,benign,benign
43698.32485,70,0,0,0,0,0,0,68,79,21285,40,75,0,4,81,benign,benign
43698.84247,70,0,0,0,0,0,0,67,80,21293,40,75,-2,8,82,benign,benign
43699.37277,70,0,0,0,-1,0,0,67,81,21287,41,75,-3,12,82,benign,benign
43699.87451,70,2,0,0,-1,0,0,67,80,21290,41,75,-9,14,81,benign,benign
43700.40328,70,2,0,0,0,-3,0,67,79,21297,42,75,-26,25,76,benign,benign
43700.92105,70,0,-1,0,2,3,0,68,78,21290,42,75,-30,25,78,benign,benign
43701.43866,70,-1,0,0,4,0,0,68,78,21298,43,75,-30,25,78,benign,benign
43701.96424,70,-2,0,0,0,-2,0,68,79,21302,44,75,-30,25,78,benign,benign
43702.49382,70,-2,-1,0,0,-2,0,68,80,21296,44,75,-25,38,71,benign,benign
43703.02644,70,0,0,0,-3,2,0,68,80,21298,45,75,-12,27,79,benign,benign
43703.54602,70,0,0,0,0,-3,0,68,81,21300,45,75,-7,28,80,benign,benign
43704.06263,70,0,-2,0,0,0,0,68,80,21294,46,75,-7,21,81,benign,benign
43704.5653,70,0,-1,0,0,0,0,68,78,21299,46,75,-6,14,80,benign,benign
43705.09438,70,0,-1,0,-1,0,0,68,79,21304,47,75,-5,7,80,benign,benign
43705.61097,70,0,0,0,1,0,0,67,78,21299,47,75,-4,7,80,benign,benign
43706.16688,70,3,0,0,-8,0,0,67,80,21302,48,75,-4,5,81,benign,benign
43706.68413,70,2,0,0,0,-1,0,68,80,21298,48,75,-31,16,77,benign,benign
43707.21314,70,2,0,0,-1,-2,0,68,80,21301,49,75,-37,17,79,benign,benign
43707.73014,70,2,0,0,-1,-2,0,68,80,21295,49,75,-37,17,79,benign,benign
43708.25974,70,1,-1,0,0,-2,0,68,78,21305,50,75,-37,17,79,benign,benign
43708.77237,70,1,-1,0,1,-2,0,68,77,21308,50,75,-37,17,79,benign,benign
43709.291,70,0,0,0,0,0,0,68,77,21302,51,74,-15,-9,78,benign,benign
43709.80961,70,0,0,0,-2,-2,0,68,79,21306,51,74,-15,-9,78,benign,benign
43710.32932,70,1,0,0,0,-1,0,68,79,21311,52,74,-3,-6,83,benign,benign
43710.85605,70,0,0,0,0,1,0,68,79,21315,52,74,-3,-6,83,benign,benign
43711.38066,80,0,0,0,0,0,24,68,80,21308,53,74,1,-8,82,benign,benign
43711.9313,70,0,0,0,0,0,60,68,79,21310,54,74,1,-8,82,benign,benign
43712.45886,70,0,0,0,0,0,91,68,79,21311,54,74,1,-8,82,benign,benign
43712.97744,70,0,0,0,0,0,121,68,79,21309,55,74,1,-8,82,benign,benign
43713.4939,70,0,0,0,0,0,152,68,80,21307,55,74,1,-3,85,benign,benign
43714.01036,80,0,0,0,0,0,172,67,81,21308,56,74,1,-3,85,benign,benign
43714.53947,80,0,0,0,0,0,178,68,81,21311,56,74,1,-3,85,benign,benign
43715.05641,80,0,0,0,0,0,178,68,81,21314,57,74,1,-3,85,benign,benign
43715.58599,80,0,0,0,0,0,178,68,80,21308,57,74,1,-3,85,benign,benign
43716.11657,80,-1,0,0,-6,0,178,68,80,21311,58,74,1,-3,85,benign,benign
43716.64715,70,-2,0,0,-1,0,178,68,80,21304,58,74,1,-3,85,benign,benign
43717.14981,70,-2,0,0,0,0,178,68,80,21305,59,73,1,-3,85,benign,benign
43717.69352,70,0,0,0,0,0,178,68,80,21309,59,73,-32,-2,82,benign,benign
43718.21213,70,2,0,0,1,0,178,68,80,21314,60,73,-32,-2,82,benign,benign
43718.73673,70,2,0,0,0,0,178,68,80,21312,60,73,-32,-2,82,benign,benign
43719.25634,70,2,0,0,0,0,178,68,79,21309,61,73,-32,-2,82,benign,benign
43719.75999,70,0,0,0,-1,0,178,68,79,21311,61,73,-32,-2,82,benign,benign
43720.26595,80,-1,0,0,-8,0,178,68,82,21315,62,73,-32,-2,82,benign,benign
43720.78456,80,-4,0,0,0,0,178,68,82,21302,62,73,-32,-2,82,benign,benign
43721.28921,80,-2,0,0,0,0,178,68,80,21314,63,73,-32,-2,82,benign,benign
43721.80782,70,-2,0,0,-1,0,178,68,79,21304,63,73,-32,-2,82,benign,benign
43722.30836,70,-2,0,0,-1,-1,178,68,78,21303,64,73,-100,-100,-100,benign,benign
43722.83704,70,-1,0,0,1,0,178,68,78,21309,64,72,-23,2,78,benign,benign
43723.41458,70,0,0,0,0,0,178,68,78,21307,65,72,-11,1,80,benign,benign
43723.93518,70,-1,0,0,-2,0,178,68,79,21307,66,72,-13,0,80,benign,benign
43724.46592,70,0,0,0,0,0,178,68,79,21310,66,72,-5,1,81,benign,benign
43724.98254,70,0,0,0,0,0,178,69,80,21304,67,72,-2,-1,82,benign,benign
43725.48419,80,0,0,0,0,0,178,69,81,21308,67,72,-5,-3,83,benign,benign
43726.00299,80,-4,0,0,-6,0,178,68,81,21298,68,72,0,-7,82,benign,benign
43726.52257,80,-2,0,0,0,0,178,68,80,21313,68,72,13,-8,81,benign,benign
43727.04118,70,-2,0,0,-1,0,178,69,79,21303,69,72,33,-14,77,benign,benign
43727.56584,70,-2,0,0,-1,0,178,69,78,21311,69,72,41,-14,76,benign,benign
43728.08745,70,-2,0,0,-1,0,178,68,78,21309,70,72,49,-12,78,benign,benign
43728.60603,70,-2,0,0,-1,0,178,68,78,21306,70,72,49,-12,78,benign,benign
43729.12378,70,0,0,0,2,0,178,69,79,21305,71,72,34,0,79,benign,benign
43729.64442,70,0,0,0,0,0,178,69,80,21309,71,72,30,0,82,benign,benign
43730.19595,80,-2,0,0,-3,0,178,68,81,21301,72,71,29,2,84,benign,benign
43730.7275,80,-2,0,0,0,0,178,69,80,21312,72,71,23,0,82,benign,benign
43731.25721,70,-1,0,0,0,0,178,69,78,21308,73,71,8,-1,81,benign,benign
43731.78096,70,0,0,0,0,0,178,69,78,21309,73,71,4,-2,81,benign,benign
43732.30304,70,0,0,0,0,0,178,69,79,21309,74,71,0,-2,82,benign,benign
43732.84362,70,0,0,0,0,0,178,69,79,21307,74,71,1,0,82,benign,benign
43733.3622,70,0,0,0,-9,0,178,69,81,21311,75,71,2,0,82,benign,benign
43733.88589,70,-3,0,0,0,0,178,69,81,21308,75,71,-6,-2,82,benign,benign
43734.42503,80,-2,0,0,-1,0,178,69,80,21303,76,71,-18,0,82,benign,benign
43734.95201,70,-2,0,0,-1,-1,178,69,79,21299,77,71,-36,-2,77,benign,benign
43735.46063,70,-2,0,0,-1,0,178,69,78,21310,77,71,-44,-7,75,benign,benign
43735.98326,70,-2,0,0,-1,0,178,69,77,21304,78,71,-47,4,77,benign,benign
43736.48601,70,0,0,0,2,0,178,69,78,21302,78,71,-47,4,77,benign,benign
43737.03153,70,1,0,0,8,-2,178,68,79,21306,79,71,-47,4,77,benign,benign
43737.55413,80,4,0,0,0,0,178,68,82,21317,79,71,-48,-7,79,benign,benign
43738.05878,80,2,0,0,-1,0,178,68,81,21309,80,70,-32,-4,79,benign,benign
43738.57758,70,1,0,0,-1,0,178,68,79,21310,80,70,-10,-1,82,benign,benign
43739.12433,70,0,0,0,-1,0,-174,69,79,21317,81,70,-6,0,81,benign,benign
43739.64099,70,0,0,0,0,0,-143,69,81,21314,81,70,-2,0,82,benign,benign
43740.1589,80,0,0,0,0,0,-112,68,82,21311,82,70,-1,-2,84,benign,benign
43740.66155,80,0,0,0,0,0,-81,68,82,21312,82,70,-7,1,84,benign,benign
43741.18325,70,0,0,0,0,0,-51,69,81,21314,83,70,-4,2,83,benign,benign
43741.6879,70,0,0,0,0,0,-21,69,80,21312,83,70,-4,3,82,benign,benign
43742.19356,70,0,0,0,0,0,-6,69,80,21310,84,70,-5,3,82,benign,benign
43742.71146,70,0,0,0,0,0,-3,69,80,21306,84,70,-200,-200,-200,benign,benign
43743.23035,70,0,0,0,0,0,-3,69,79,21310,85,70,-200,-200,-200,benign,benign
43743.73301,70,0,0,3,0,0,-3,69,69,21301,85,70,-200,-200,-200,benign,benign
43744.23421,40,0,0,4,0,0,-2,68,46,21273,86,69,-200,-200,-200,benign,benign
43744.75285,20,0,0,4,0,0,-3,68,19,21251,86,69,-200,-200,-200,benign,benign
43824.53785,70,0,0,0,-1,0,0,72,84,21332,9,62,-14,-4,84,benign,benign
43825.05656,70,0,0,0,0,0,0,72,82,21321,9,62,-13,-4,84,benign,benign
43825.58315,70,0,0,0,0,0,0,72,81,21321,10,62,-10,-4,83,benign,benign
43826.10376,60,0,0,0,-4,0,0,72,81,21318,10,62,-12,-4,82,benign,benign
43826.66542,60,1,0,0,-1,0,0,72,80,21311,11,62,-8,-4,81,benign,benign
43827.19218,60,0,0,0,0,0,0,71,80,21324,11,62,-5,-2,81,benign,benign
43827.71682,60,0,0,0,0,0,0,71,80,21320,12,62,-3,-2,82,benign,benign
43828.23654,60,0,0,0,0,0,0,71,81,21323,12,62,-6,-3,83,benign,benign
43828.75715,60,0,0,0,0,0,0,71,82,21325,13,62,-7,-4,83,benign,benign
43829.27997,60,0,0,0,0,0,0,71,82,21329,13,62,-7,-5,84,benign,benign
43829.80833,60,4,0,0,0,0,0,71,81,21316,14,62,-1,-5,83,benign,benign
43830.33861,60,2,0,0,-1,0,0,71,80,21315,14,62,10,-6,84,benign,benign
43830.85803,60,2,0,0,-1,0,0,71,79,21321,15,62,34,-8,79,benign,benign
43831.37565,60,2,0,0,-1,0,0,71,78,21311,15,62,36,0,85,benign,benign
43831.90637,60,2,0,0,-1,0,0,71,78,21325,16,62,40,0,86,benign,benign
43832.43687,60,2,0,0,2,0,0,71,78,21321,17,62,35,-9,77,benign,benign
43832.96746,60,0,0,0,0,0,0,71,78,21321,17,62,33,-11,76,benign,benign
43833.46898,60,2,0,0,-1,0,0,71,79,21312,18,62,30,-10,76,benign,benign
43833.99889,60,1,0,0,-1,0,0,72,79,21323,18,62,19,-6,79,benign,benign
43834.51859,60,1,0,0,0,0,0,72,80,21318,19,62,8,0,81,benign,benign
43835.02335,60,0,0,0,-1,0,0,71,80,21321,19,62,4,0,82,benign,benign
43835.55349,60,0,0,0,0,0,0,71,81,21318,20,62,2,1,82,benign,benign
43836.06978,60,0,0,0,0,0,0,71,82,21323,20,62,4,0,83,benign,benign
43836.58608,60,0,0,0,-2,0,0,71,82,21324,21,62,7,-2,84,benign,benign
43837.10669,60,3,0,0,-2,0,0,71,83,21322,21,62,1,-1,84,benign,benign
43837.62167,70,2,0,0,-1,0,0,71,83,21321,22,62,-6,0,84,benign,benign
43838.12925,60,2,0,0,-1,0,0,71,82,21325,22,62,-18,0,84,benign,benign
43838.64806,60,0,0,0,0,0,0,71,82,21321,23,62,-40,-10,76,benign,benign
43839.1647,60,-2,0,0,2,0,0,71,81,21327,23,62,-40,-10,76,benign,benign
43839.69543,60,-2,0,0,0,0,0,71,79,21329,24,62,-13,0,83,benign,benign
43840.20008,60,-2,0,0,-2,0,0,71,78,21330,24,62,7,-4,79,benign,benign
43840.72885,60,0,0,0,-1,0,0,71,77,21319,25,62,14,-9,77,benign,benign
43841.25971,60,1,0,0,-1,0,0,71,77,21319,25,62,12,-7,77,benign,benign
43841.78021,60,1,0,0,0,0,0,71,77,21327,26,62,6,-4,78,benign,benign
43842.29867,60,0,0,0,-8,0,0,71,80,21323,26,62,0,-3,80,benign,benign
43842.8277,60,4,0,0,1,0,0,71,79,21322,27,62,-10,0,81,benign,benign
43843.32837,60,2,0,0,-1,0,0,71,80,21319,27,62,-32,0,78,benign,benign
43843.85058,60,2,0,0,-1,0,0,71,80,21322,28,62,-43,-1,75,benign,benign
43844.36924,60,2,0,0,-1,0,0,71,80,21328,28,62,-43,-1,75,benign,benign
43844.88994,60,2,0,0,-1,0,0,71,80,21326,29,62,-43,-1,75,benign,benign
43845.42083,60,0,0,0,0,0,0,71,79,21328,30,62,-43,-1,75,benign,benign
43845.93944,60,-4,0,0,3,0,0,71,81,21340,30,62,-43,-1,75,benign,benign
43846.44031,60,-5,0,0,1,0,0,71,82,21338,31,62,-43,-1,75,benign,benign
43846.95544,60,-3,0,0,-1,0,0,71,82,21336,31,62,-22,-14,80,benign,benign
43847.48304,60,-1,0,0,-1,0,0,71,80,21331,32,62,-2,-1,83,benign,benign
43847.99795,60,0,0,0,-1,0,0,71,81,21333,32,62,3,-3,82,benign,benign
43848.51311,60,0,0,0,0,0,0,71,81,21330,33,62,3,-4,82,benign,benign
43849.04269,60,0,0,0,0,0,0,71,81,21332,33,62,1,-3,82,benign,benign
43849.56252,60,3,0,0,-1,0,0,70,81,21330,34,62,-4,-3,82,benign,benign
43850.06918,60,2,0,0,-1,0,0,70,81,21332,34,62,-18,-4,83,benign,benign
43850.58981,60,1,0,0,3,0,0,71,81,21328,35,62,-27,10,82,benign,benign
43851.11177,60,0,0,0,6,0,0,71,81,21336,35,62,-27,10,82,benign,benign
43851.61278,60,-2,0,0,0,0,0,71,80,21335,36,62,-27,10,82,benign,benign
43852.13356,60,-2,0,0,0,0,0,70,80,21334,36,62,-27,10,82,benign,benign
43852.63747,60,-2,0,0,0,0,0,70,81,21333,37,62,-11,-1,83,benign,benign
43853.15037,60,0,0,0,0,0,0,70,80,21328,37,62,-4,-3,83,benign,benign
43853.66616,60,0,0,0,-8,0,0,70,81,21327,38,62,-4,-5,82,benign,benign
43854.16782,60,4,0,0,1,0,0,71,79,21329,38,62,-21,-6,81,benign,benign
43854.68099,60,2,0,0,-1,0,0,71,79,21324,39,62,-21,-6,81,benign,benign
43855.18693,60,2,0,0,-1,0,0,71,80,21324,39,62,-21,-6,81,benign,benign
43855.69668,60,2,0,0,0,0,0,71,78,21327,40,62,-21,-6,81,benign,benign
43856.20233,60,0,0,0,1,0,0,70,78,21326,40,62,-21,-6,81,benign,benign
43856.71937,60,-2,0,0,8,0,0,70,81,21338,41,62,-21,-6,81,benign,benign
43857.24807,60,-4,0,0,2,0,0,71,83,21326,41,62,-21,-6,81,benign,benign
43857.76668,70,-4,0,0,0,0,0,71,83,21332,42,62,-21,-6,81,benign,benign
43858.28837,60,-2,0,0,-1,0,0,70,81,21331,42,62,-31,-7,79,benign,benign
43858.81098,60,-1,0,0,-1,0,0,70,80,21332,43,62,-11,-2,82,benign,benign
43859.3119,60,0,0,0,-1,0,0,70,78,21328,43,62,-5,-3,81,benign,benign
43859.84263,60,0,0,0,0,0,27,70,78,21328,44,62,-6,-5,80,benign,benign
43860.36026,60,0,0,0,0,0,57,71,78,21326,44,62,-9,-6,80,benign,benign
43860.89187,60,0,0,0,0,0,87,71,78,21324,45,62,-12,-6,80,benign,benign
43861.4386,60,0,0,0,0,0,124,71,78,21332,46,62,-18,-5,79,benign,benign
43861.96931,60,0,0,0,0,0,154,71,78,21327,46,62,-21,-8,78,benign,benign
43862.49789,60,0,0,0,0,0,173,70,78,21327,47,62,-12,0,79,benign,benign
43863.0278,60,0,0,0,0,0,177,70,77,21329,47,62,-9,0,79,benign,benign
43863.55838,60,0,0,0,0,0,177,70,78,21325,48,62,-8,0,79,benign,benign
43864.08797,60,0,0,0,0,0,177,70,79,21330,48,62,-8,-1,80,benign,benign
43864.59361,60,-4,0,0,-5,0,177,70,80,21324,49,62,-5,0,80,benign,benign
43865.11052,60,-2,0,0,0,0,177,70,80,21330,49,62,10,-2,81,benign,benign
43865.64805,60,-2,0,0,-1,0,177,71,81,21322,50,62,33,-7,78,benign,benign
43866.17763,60,-2,0,0,-1,0,177,71,81,21323,50,62,43,-4,78,benign,benign
43866.69328,60,-2,0,0,0,0,177,71,81,21325,51,62,49,-7,80,benign,benign
43867.21217,60,0,0,0,1,0,177,70,79,21329,51,62,36,-5,79,benign,benign
43867.77285,60,0,0,0,-6,2,177,70,80,21323,52,62,30,-4,82,benign,benign
43868.29049,60,-1,0,0,0,0,177,71,81,21328,52,62,21,-7,82,benign,benign
43868.81107,60,-1,0,0,0,0,177,71,81,21330,53,62,7,-5,83,benign,benign
43869.31572,60,-1,0,0,0,0,177,71,80,21326,53,62,3,-3,82,benign,benign
43869.84535,60,0,0,0,0,0,177,71,80,21323,54,62,2,-3,82,benign,benign
43870.3759,60,0,0,0,0,0,177,71,81,21325,54,61,1,-4,83,benign,benign
43870.90649,60,-1,0,0,-9,0,177,71,81,21323,55,61,1,-5,83,benign,benign
43871.43538,60,-3,0,0,1,0,177,71,80,21326,55,61,-5,-6,82,benign,benign
43872.01199,60,-2,0,0,0,0,177,71,78,21322,56,61,-28,-13,76,benign,benign
43872.53459,60,-2,0,0,-1,0,177,71,77,21316,57,61,-35,-9,77,benign,benign
43873.03569,60,-2,0,0,-1,0,177,71,77,21322,57,61,-46,-4,79,benign,benign
43873.55163,60,-2,0,0,0,0,177,71,78,21316,58,61,-46,-4,79,benign,benign
43874.06305,60,0,0,0,0,0,177,71,79,21322,58,61,-46,-4,79,benign,benign
43874.57867,60,4,0,0,4,0,177,70,79,21334,59,61,-46,-4,79,benign,benign
43875.08233,60,4,0,0,0,0,178,70,81,21334,59,61,-50,-16,78,benign,benign
43875.58516,60,2,0,0,-1,0,177,71,81,21330,60,61,-25,-11,81,benign,benign
43876.10078,60,1,0,0,0,0,177,71,81,21326,60,61,-14,-9,82,benign,benign
43876.60156,60,0,0,0,0,0,177,71,82,21324,61,60,-9,-5,83,benign,benign
43877.11814,60,0,0,0,0,0,177,71,82,21321,61,60,-9,-5,83,benign,benign
43877.63204,60,0,0,0,0,0,177,70,82,21318,62,60,-8,-4,84,benign,benign
43878.13389,70,0,0,0,-5,0,177,70,82,21317,62,60,-10,-4,83,benign,benign
43878.67145,60,-4,0,0,1,0,177,70,80,21313,63,60,-23,-10,81,benign,benign
43879.19132,60,-2,0,0,0,0,177,70,80,21319,63,60,-46,-2,82,benign,benign
43879.71208,60,-2,0,0,-1,0,177,70,81,21324,64,60,-46,-2,82,benign,benign
43880.22898,60,-2,0,0,-1,0,177,70,80,21317,64,60,-46,-2,82,benign,benign
43880.74814,60,0,0,0,0,0,177,70,61,21324,65,60,-46,-2,82,benign,benign
43881.24979,70,3,0,-1,4,0,177,70,75,21337,65,60,-46,-2,82,benign,benign
43881.7629,80,5,0,0,1,0,177,70,98,21349,66,60,-46,-2,82,benign,benign
43882.26556,80,4,0,1,-1,0,178,70,96,21345,66,60,-50,-4,96,benign,benign
43882.76722,70,2,0,1,0,0,178,70,85,21330,67,60,-29,-11,87,benign,benign
43883.29821,60,1,0,0,0,0,177,70,80,21329,67,60,-14,-9,82,benign,benign
43883.8189,60,1,0,0,0,0,177,71,77,21323,68,59,-10,-9,80,benign,benign
43884.31995,60,0,0,0,-2,1,177,71,77,21330,68,59,-6,-6,79,benign,benign
43884.82676,60,0,0,0,0,0,-168,70,76,21328,69,59,-6,-6,78,benign,benign
43885.33046,50,0,0,0,0,0,-138,70,75,21329,69,59,-4,-8,78,benign,benign
43885.84303,50,0,0,0,0,0,-107,70,75,21319,70,59,-9,-9,76,benign,benign
43886.35593,50,0,0,0,0,1,-77,70,75,21321,70,59,-11,-9,76,benign,benign
43886.85841,50,0,0,0,0,0,-47,71,75,21327,71,59,-12,-5,77,benign,benign
43887.377,50,0,0,0,0,0,-14,71,76,21321,71,59,-9,-2,77,benign,benign
43887.90159,50,0,0,0,0,0,-5,71,77,21329,72,59,-10,-1,78,benign,benign
43888.45145,60,0,0,0,0,0,-4,70,76,21325,73,59,-200,-200,-200,benign,benign
43888.9541,50,0,0,0,0,0,-3,70,75,21327,73,59,-200,-200,-200,benign,benign
43889.46803,50,0,0,2,0,0,-3,71,68,21315,73,59,-200,-200,-200,benign,benign
43889.96984,20,0,0,4,0,0,-3,71,41,21293,74,59,-200,-200,-200,benign,benign
43890.48656,0,0,0,4,0,0,-3,70,15,21252,75,58,-200,-200,-200,benign,benign
43891.00819,-10,0,0,2,0,0,-3,70,6553,20934,75,58,-200,-200,-200,benign,benign
43891.52486,-10,0,0,0,0,1,-5,69,6553,21139,76,58,-200,-200,-200,benign,benign
45339.35435,80,0,0,0,0,0,0,62,81,21270,7,91,-5,-3,84,benign,benign
45339.88074,80,0,0,0,0,0,0,62,81,21259,7,91,-6,-4,84,benign,benign
45340.41085,80,0,0,0,0,0,0,62,81,21263,8,91,-5,-4,85,benign,benign
45340.92449,80,0,0,0,0,0,0,62,81,21268,8,91,-5,-5,84,benign,benign
45341.46708,80,0,0,0,0,0,0,62,81,21260,9,91,-5,-6,85,benign,benign
45341.99617,80,0,0,0,0,-1,0,63,82,21259,9,91,-3,-7,85,benign,benign
45342.51478,80,0,0,0,0,0,0,63,81,21257,10,91,-3,-7,85,benign,benign
45343.0367,80,0,0,0,0,0,0,63,80,21253,10,91,-2,-7,84,benign,benign
45343.55684,80,0,0,0,0,0,0,63,80,21264,11,91,-1,-8,84,benign,benign
45344.08192,80,0,0,0,0,0,0,62,81,21262,12,91,0,-8,84,benign,benign
45344.60919,80,0,0,0,0,-1,0,62,81,21259,12,91,0,-14,85,benign,benign
45345.13287,80,0,0,0,0,-1,0,63,80,21262,13,91,4,-20,84,benign,benign
45345.65678,80,0,0,0,0,-1,0,63,80,21262,13,91,6,-23,84,benign,benign
45346.18185,80,0,0,0,0,0,0,63,81,21252,14,91,6,-23,84,benign,benign
45346.69748,80,0,0,0,0,-1,0,63,80,21255,14,91,2,-23,85,benign,benign
45347.22508,80,0,0,0,0,-1,0,63,80,21256,15,91,0,-25,85,benign,benign
45347.74261,80,0,0,0,0,-1,0,63,81,21258,15,91,0,-1,90,benign,benign
45348.26721,80,0,0,0,0,-1,0,64,80,21264,16,91,1,-6,90,benign,benign
45348.78737,80,0,0,0,0,-1,0,64,81,21253,16,91,0,-8,91,benign,benign
45349.32302,80,0,0,0,0,-1,0,63,81,21259,17,91,0,-6,91,benign,benign
45349.84509,80,0,0,0,-6,1,0,63,81,21265,17,91,2,-13,90,benign,benign
45350.36921,80,2,0,0,-1,0,0,63,80,21260,18,91,6,-16,91,benign,benign
45350.89814,80,2,0,0,0,-2,0,63,80,21261,18,91,6,-16,91,benign,benign
45351.42872,80,0,0,0,1,1,0,63,80,21253,19,91,6,-16,91,benign,benign
45351.96884,80,-1,0,0,5,0,0,63,80,21263,19,91,63,33,63,benign,benign
45352.49606,80,-2,0,0,0,-2,0,64,80,21266,20,91,63,33,63,benign,benign
45353.02165,80,-2,-1,0,0,-2,0,64,81,21263,20,91,63,33,63,benign,benign
45353.54924,80,0,-1,0,-1,3,0,64,81,21262,21,91,63,33,63,benign,benign
45354.07705,80,0,0,0,0,0,0,64,81,21266,22,91,63,33,63,benign,benign
45354.59501,80,4,-1,0,-3,-2,0,64,82,21255,22,91,63,33,63,benign,benign
45355.11947,80,4,-1,0,-2,-1,0,64,82,21252,23,91,63,33,63,benign,benign
45355.64476,80,4,-2,0,-3,-2,0,64,82,21255,23,91,63,33,63,benign,benign
45356.16239,80,3,-1,0,0,0,0,64,79,21255,24,91,19,12,81,benign,benign
45356.68883,80,1,-1,0,0,0,0,64,79,21251,24,91,6,6,81,benign,benign
45357.1964,80,0,-1,0,0,-1,0,64,78,21256,25,91,0,4,81,benign,benign
45357.74214,80,0,0,0,0,0,0,64,78,21259,25,91,0,4,81,benign,benign
45358.25108,80,0,0,0,-1,-1,0,64,79,21256,26,91,2,3,81,benign,benign
45358.80705,80,3,0,0,-8,0,0,64,81,21267,26,91,-3,5,82,benign,benign
45359.33253,80,2,0,0,-1,-1,0,64,81,21267,27,91,-18,15,81,benign,benign
45359.85437,80,2,0,0,-1,-1,0,64,80,21261,27,91,-33,18,78,benign,benign
45360.37974,80,2,0,0,-1,-1,0,65,80,21261,28,91,-37,31,77,benign,benign
45360.90434,80,2,0,0,-1,-1,0,65,80,21257,28,91,-33,-13,84,benign,benign
45361.43122,80,1,-1,0,-1,-1,0,65,80,21272,29,91,-26,-15,82,benign,benign
45361.97501,80,1,-1,0,2,-2,0,65,80,21259,29,91,-17,-14,80,benign,benign
45362.49751,80,0,0,0,0,-1,0,64,79,21257,30,91,-10,-8,81,benign,benign
45363.00977,80,0,0,0,-2,-2,0,64,80,21254,30,91,-14,-13,80,benign,benign
45363.52363,80,0,0,0,-1,-2,0,64,80,21253,31,91,-11,-11,81,benign,benign
45364.06868,80,1,-1,0,0,-1,0,64,81,21260,32,91,-6,-8,82,benign,benign
45364.59634,80,0,-1,0,0,0,0,65,81,21259,32,91,-6,-5,83,benign,benign
45365.12121,80,0,0,0,0,0,0,65,82,21260,33,91,-6,-3,83,benign,benign
45365.63362,80,0,0,0,-1,-1,0,65,83,21258,33,91,-8,-7,84,benign,benign
45366.15968,80,0,0,0,0,-1,21,65,83,21263,34,91,-8,-8,85,benign,benign
45366.68637,80,0,0,0,0,-1,31,65,83,21260,34,91,-9,-9,85,benign,benign
45367.20983,80,0,0,0,0,-1,35,65,83,21265,35,91,-11,-13,85,benign,benign
45367.75794,80,0,0,0,0,-1,12,65,83,21263,35,91,-10,-13,85,benign,benign
45368.33045,80,0,0,0,-1,0,1,65,82,21264,36,91,-12,-13,84,benign,benign
45368.85253,80,0,0,0,-1,0,0,65,81,21268,36,91,-13,-12,83,benign,benign
45369.38111,80,1,0,0,-1,0,0,66,79,21263,37,91,-10,-10,82,benign,benign
45369.90174,80,1,0,0,0,0,0,66,79,21261,37,91,-5,-6,81,benign,benign
45370.40923,80,0,0,0,-5,0,0,66,80,21265,38,91,-4,-6,81,benign,benign
45370.93539,80,3,0,0,1,0,0,66,80,21263,38,91,3,-7,82,benign,benign
45371.4554,80,2,0,0,-1,0,0,66,80,21263,39,91,19,-13,82,benign,benign
45371.98566,80,2,0,0,-1,-1,0,66,79,21264,39,91,30,-17,81,benign,benign
45372.50446,80,2,0,0,-1,0,0,66,79,21264,40,91,-47,3,80,benign,benign
45373.03237,80,2,0,0,-1,-1,0,66,79,21261,41,91,-25,-2,82,benign,benign
45373.55755,80,1,0,0,3,0,0,66,80,21258,41,91,-16,1,83,benign,benign
45374.09061,80,0,-1,0,0,2,0,66,80,21268,42,91,-12,-2,83,benign,benign
45374.6205,80,0,0,0,-5,0,0,66,81,21264,42,91,-15,-1,83,benign,benign
45375.17821,80,1,0,0,-1,0,0,66,80,21264,43,91,-8,-5,83,benign,benign
45375.69558,80,1,0,0,-1,-1,0,66,80,21265,43,91,-4,-8,82,benign,benign
45376.19602,80,0,0,0,0,0,0,66,79,21267,44,91,-1,-8,82,benign,benign
45376.72527,80,0,0,0,-1,1,0,66,79,21264,44,91,-2,-8,82,benign,benign
45377.23391,80,0,0,0,-1,0,0,66,80,21266,45,91,-10,-12,82,benign,benign
45377.75724,80,0,0,0,-1,-1,0,66,81,21270,45,91,-8,-14,83,benign,benign
45378.29831,80,4,0,0,0,0,0,66,81,21264,46,91,-6,-19,82,benign,benign
45378.8249,80,2,0,0,-1,0,0,66,81,21263,46,91,14,-26,79,benign,benign
45379.34451,80,2,0,0,-1,-1,0,66,80,21259,47,91,29,-30,77,benign,benign
45379.87104,80,2,0,0,-1,-1,0,66,80,21258,47,91,36,-32,77,benign,benign
45380.3896,80,2,0,0,-1,-1,0,66,80,21259,48,91,54,-27,69,benign,benign
45380.91916,80,2,-1,0,-1,-1,0,66,80,21260,48,91,55,-32,69,benign,benign
45381.43985,80,0,0,0,0,0,0,66,79,21267,49,91,55,-32,69,benign,benign
45381.96399,80,-3,-1,0,3,-2,0,66,80,21268,49,91,55,-32,69,benign,benign
45382.48535,80,-3,-2,0,-1,0,0,67,80,21269,50,91,38,-21,79,benign,benign
45383.03987,80,-2,-1,0,-1,0,0,67,80,21264,50,91,10,-5,83,benign,benign
45383.56947,80,0,-1,0,-2,0,0,66,81,21272,51,91,0,-3,83,benign,benign
45384.09982,80,0,0,0,0,0,0,66,80,21261,52,91,3,-1,83,benign,benign
45384.62768,80,0,0,0,0,0,13,66,81,21260,52,91,4,-4,83,benign,benign
45385.14432,80,0,0,0,0,0,37,66,81,21264,53,91,4,-8,83,benign,benign
45385.68276,80,0,0,0,0,0,74,66,81,21263,53,91,6,-5,84,benign,benign
45386.20489,80,0,0,0,0,0,104,66,81,21265,54,91,10,-18,81,benign,benign
45386.73116,80,0,0,0,0,0,135,67,82,21271,54,91,7,-10,84,benign,benign
45387.23988,80,0,0,0,0,0,164,67,82,21262,55,91,7,-8,84,benign,benign
45387.77972,80,0,0,0,0,0,177,67,82,21267,55,91,1,-12,84,benign,benign
45388.30927,80,0,0,0,0,0,178,67,82,21264,56,91,0,-9,84,benign,benign
45388.8389,80,0,0,0,0,0,178,66,81,21271,56,91,1,-10,84,benign,benign
45389.3641,80,0,0,0,-8,0,178,66,82,21265,57,91,1,-6,83,benign,benign
45389.89369,80,-3,0,0,1,0,178,67,81,21268,57,91,-7,-3,84,benign,benign
45390.41815,80,-2,0,0,-1,0,178,67,80,21268,58,91,-33,0,83,benign,benign
45390.9373,80,-2,0,0,-1,0,178,67,80,21274,58,91,-43,7,84,benign,benign
45391.47985,80,-2,0,0,-1,-1,178,67,80,21270,59,91,22,-17,81,benign,benign
45392.00202,80,-2,0,0,0,0,178,67,80,21261,59,91,13,-15,82,benign,benign
45392.55943,80,0,0,0,0,1,178,67,80,21266,60,91,2,-12,81,benign,benign
45393.08206,80,0,0,0,1,0,178,67,80,21269,61,91,1,-11,82,benign,benign
45393.60472,80,0,0,0,-1,-1,178,67,82,21267,61,91,4,-3,84,benign,benign
45394.15875,80,0,0,0,0,-1,178,67,82,21266,62,90,0,-1,84,benign,benign
45394.68704,80,0,0,0,-1,-1,178,66,82,21264,62,90,6,2,84,benign,benign
45395.2298,80,-4,0,0,-1,-1,178,66,82,21257,63,90,-2,8,84,benign,benign
45395.7579,80,-2,0,0,-1,0,178,66,83,21268,63,90,-16,13,83,benign,benign
45396.30159,80,-2,0,0,-1,-1,178,66,82,21278,64,90,-32,22,80,benign,benign
45396.80971,80,-2,0,0,0,0,178,67,82,21267,64,90,-38,24,78,benign,benign
45397.37066,80,-2,1,0,0,-1,178,67,80,21273,65,90,-42,-31,68,benign,benign
45397.91172,80,0,0,0,1,1,178,67,81,21270,65,90,-24,-15,81,benign,benign
45398.42246,80,0,0,0,-4,-3,178,67,81,21270,66,90,-15,-27,80,benign,benign
45398.95223,80,-1,1,0,0,-1,178,67,81,21274,66,90,-35,-22,74,benign,benign
45399.51533,80,-1,1,0,0,-1,178,67,79,21269,67,90,-8,-9,82,benign,benign
45400.04196,80,0,1,0,1,-1,178,67,79,21262,67,90,-1,-3,82,benign,benign
45400.55317,80,0,0,0,0,-1,178,68,78,21266,68,90,-3,-4,83,benign,benign
45401.09323,80,0,0,0,0,0,178,68,78,21264,69,90,-5,-2,81,benign,benign
45401.62281,80,0,0,0,0,-1,178,67,78,21266,69,90,-7,-10,80,benign,benign
45402.14915,70,0,0,0,-8,0,178,67,78,21262,70,89,-12,-15,78,benign,benign
45402.68471,70,-3,0,0,0,-1,178,68,77,21265,70,89,0,-19,79,benign,benign
45403.23479,70,-2,0,0,-1,-1,178,68,77,21264,71,89,21,-25,76,benign,benign
45403.7599,70,-2,0,0,-1,0,178,67,78,21269,71,89,21,-25,76,benign,benign
45404.28993,80,-2,0,0,-1,0,178,67,78,21271,72,89,21,-25,76,benign,benign
45404.81752,80,-2,0,0,-1,0,178,68,77,21263,72,89,21,-25,76,benign,benign
45405.35983,70,-1,0,0,0,1,178,68,78,21257,73,89,21,-25,76,benign,benign
45405.88369,70,0,0,0,0,0,178,68,78,21265,73,88,33,4,79,benign,benign
45406.41047,80,-2,0,0,-2,-1,178,68,78,21263,74,88,29,6,82,benign,benign
45406.93627,80,-2,0,0,0,0,178,68,79,21271,74,88,13,8,81,benign,benign
45407.46814,80,-1,0,0,0,-1,178,68,79,21270,75,88,5,5,82,benign,benign
45407.99269,80,0,0,0,0,-1,178,67,80,21262,75,88,2,4,82,benign,benign
45408.50146,80,0,0,0,0,0,-179,67,78,21266,76,88,-2,2,82,benign,benign
45409.0593,80,0,0,0,0,0,-148,68,78,21262,76,88,2,2,81,benign,benign
45409.60235,70,0,0,0,0,0,-112,68,78,21271,77,88,2,1,80,benign,benign
45410.1439,80,0,0,0,0,0,-75,68,80,21269,78,88,1,6,81,benign,benign
45410.66923,80,0,0,0,0,0,-45,68,81,21270,78,88,1,7,82,benign,benign
45411.1962,80,0,0,0,0,0,-13,68,82,21268,79,88,2,10,84,benign,benign
45411.78238,80,0,0,0,0,0,-4,68,82,21270,79,88,0,10,85,benign,benign
45412.29653,80,0,0,0,0,0,-3,68,81,21267,80,88,-200,-200,-200,benign,benign
45412.83529,80,0,0,0,0,0,-3,67,80,21267,80,87,-200,-200,-200,benign,benign
45413.38098,70,0,0,3,0,0,-3,67,68,21255,81,87,-200,-200,-200,benign,benign
45413.90483,40,0,0,4,0,0,-3,67,40,21230,81,87,-200,-200,-200,benign,benign
45414.45338,20,0,0,4,0,0,-2,67,17,21197,82,87,-200,-200,-200,benign,benign
45414.97897,0,0,0,2,0,0,-2,68,6553,20844,82,87,-200,-200,-200,benign,benign
45529.22976,80,0,0,0,0,0,0,62,82,21244,7,79,-3,-2,85,benign,benign
45529.75511,80,0,0,0,0,0,0,62,83,21244,7,79,-1,-2,85,benign,benign
45530.28326,80,0,0,0,0,0,0,61,82,21247,8,79,-3,-2,85,benign,benign
45530.79706,80,0,0,0,0,0,0,61,81,21251,8,79,-2,-1,84,benign,benign
45531.35109,80,0,0,0,0,0,0,62,81,21242,9,79,-3,-2,84,benign,benign
45531.87768,80,0,0,0,0,0,0,62,81,21251,9,79,-4,-4,84,benign,benign
45532.41482,80,0,0,0,0,0,0,62,82,21245,10,79,-5,-3,85,benign,benign
45532.94542,80,0,0,0,0,0,0,63,82,21249,10,79,-4,-5,85,benign,benign
45533.47425,80,0,0,0,0,0,0,63,82,21251,11,79,-4,-6,85,benign,benign
45533.99686,80,0,0,0,0,0,0,63,82,21254,11,79,-3,-7,85,benign,benign
45534.52246,80,0,0,0,0,0,0,63,82,21254,12,79,-3,-6,85,benign,benign
45535.04516,80,0,0,0,0,0,0,63,82,21250,12,79,-2,-8,86,benign,benign
45535.56467,80,0,0,0,0,0,0,63,82,21256,13,79,-1,-9,85,benign,benign
45536.08978,80,1,0,0,-8,0,0,63,84,21260,13,79,1,-8,86,benign,benign
45536.64281,80,3,0,0,0,0,0,63,83,21257,14,79,19,-16,86,benign,benign
45537.16645,80,2,0,0,-1,-1,0,63,83,21252,15,79,39,-20,89,benign,benign
45537.69404,80,2,0,0,-1,-1,0,63,82,21258,15,79,42,8,83,benign,benign
45538.19968,80,2,-1,0,0,-1,0,63,82,21259,16,79,33,11,81,benign,benign
45538.72966,80,0,-1,0,2,-2,0,63,82,21253,16,79,21,9,83,benign,benign
45539.25566,80,0,0,0,0,0,0,63,83,21256,17,79,14,5,85,benign,benign
45539.78516,80,1,0,0,-1,-1,0,63,84,21256,17,79,13,6,85,benign,benign
45540.32564,80,1,0,0,0,-1,0,64,81,21258,18,79,4,6,84,benign,benign
45540.83415,70,0,0,0,0,0,0,64,80,21253,18,79,0,6,82,benign,benign
45541.35974,70,0,0,0,0,0,0,63,80,21263,19,79,0,7,82,benign,benign
45541.86983,70,0,0,0,0,0,0,63,81,21263,19,79,0,10,82,benign,benign
45542.39845,80,4,0,0,-7,0,0,64,82,21260,20,79,-4,14,83,benign,benign
45542.91825,80,2,0,0,0,0,0,64,82,21269,20,79,-12,17,83,benign,benign
45543.43461,80,2,0,0,-1,-1,0,64,82,21265,21,79,-37,26,79,benign,benign
45543.95984,80,2,0,0,-1,-1,0,64,81,21267,21,79,-33,-17,87,benign,benign
45544.48245,80,2,0,0,0,-1,0,64,80,21268,22,79,-19,-25,81,benign,benign
45545.009,70,1,-1,0,0,-1,0,64,79,21263,22,79,-9,-22,80,benign,benign
45545.53788,70,0,0,0,0,0,0,64,80,21267,23,79,-6,-15,82,benign,benign
45546.09439,80,0,-1,0,0,-1,0,64,81,21265,24,79,-6,-19,82,benign,benign
45546.61998,80,0,-1,0,0,-1,0,64,80,21258,24,79,-5,-14,82,benign,benign
45547.16065,70,0,-1,0,0,0,0,64,80,21270,25,79,-3,-10,82,benign,benign
45547.66323,70,0,-1,0,0,0,0,64,80,21267,25,79,-4,-8,82,benign,benign
45548.1941,70,0,0,0,0,0,0,64,80,21264,26,79,-5,-7,82,benign,benign
45548.74716,80,0,0,0,0,0,0,64,81,21263,26,79,-5,-11,83,benign,benign
45549.28472,80,0,0,0,0,0,0,64,82,21268,27,79,-5,-14,83,benign,benign
45549.81132,80,0,0,-2,0,0,0,64,91,21265,27,79,-5,-17,87,benign,benign
45550.33525,100,0,0,-1,0,0,0,64,104,21280,28,79,-6,-19,100,benign,benign
45550.89375,110,0,0,-1,0,0,0,64,113,21288,28,79,-3,-17,114,benign,benign
45551.40293,110,0,0,0,0,0,0,64,117,21295,29,79,-4,-17,119,benign,benign
45551.94655,110,0,0,1,0,0,0,64,114,21285,29,79,-4,-22,116,benign,benign
45552.47252,100,0,0,2,0,0,0,65,103,21271,30,79,-3,-19,110,benign,benign
45552.98067,90,0,0,1,0,-1,0,65,94,21271,30,79,-3,-23,99,benign,benign
45553.49133,80,0,0,1,0,0,0,65,85,21265,31,79,-5,-24,88,benign,benign
45553.99899,80,0,0,0,0,-1,0,65,81,21262,31,79,-5,-27,83,benign,benign
45554.51,80,0,-1,0,-2,-4,0,65,82,21256,32,79,-8,-28,81,benign,benign
45555.03136,80,0,-1,0,0,0,0,65,81,21253,32,79,-6,-23,82,benign,benign
45555.57308,70,0,-1,0,0,-1,0,65,80,21256,33,79,-3,-12,82,benign,benign
45556.11567,70,0,0,0,0,0,0,65,80,21251,34,79,-3,-8,82,benign,benign
45556.63933,70,0,0,0,-1,-1,0,64,79,21252,34,79,-4,-5,81,benign,benign
45557.16873,70,0,0,0,0,0,0,66,79,21257,35,79,-4,-5,81,benign,benign
45557.70937,70,4,0,0,-2,0,0,66,79,21257,35,79,-2,-7,80,benign,benign
45558.23197,70,2,0,0,0,-1,0,66,79,21264,36,79,20,-19,78,benign,benign
45558.74363,70,2,0,0,-1,-1,0,66,79,21259,36,79,30,-23,80,benign,benign
45559.25854,70,2,0,0,-1,-1,0,65,79,21258,37,79,29,-40,76,benign,benign
45559.77042,70,1,0,0,-1,-1,0,65,79,21258,37,79,-28,-9,85,benign,benign
45560.27947,70,1,-1,0,-1,-1,0,66,80,21259,38,79,-22,-8,83,benign,benign
45560.79136,70,0,-1,0,0,4,0,66,80,21270,38,79,-10,-4,83,benign,benign
45561.32468,70,0,0,0,0,0,0,66,80,21262,39,79,-11,-1,83,benign,benign
45561.84146,70,1,0,0,0,0,0,66,81,21258,39,79,-14,-7,83,benign,benign
45562.37199,70,1,0,0,0,-1,0,66,80,21255,40,79,-5,-11,83,benign,benign
45562.88052,70,0,0,0,0,-1,0,66,79,21253,40,79,-1,-9,82,benign,benign
45563.39567,70,0,0,0,0,0,0,66,80,21248,41,79,-5,-8,82,benign,benign
45563.92468,70,0,0,0,0,0,6,66,80,21250,41,79,-2,-7,83,benign,benign
45564.45227,70,0,0,0,0,-1,37,66,80,21247,42,79,-2,-7,84,benign,benign
45564.96989,70,0,0,0,0,0,67,66,81,21254,42,79,-2,-12,83,benign,benign
45565.48062,70,0,0,0,0,0,97,66,81,21248,43,79,0,-14,84,benign,benign
45565.98976,70,0,0,0,0,0,127,66,81,21250,43,79,0,-19,83,benign,benign
45566.51406,70,0,0,0,0,0,157,66,81,21246,44,79,-6,-22,83,benign,benign
45567.0349,80,0,0,0,0,0,176,66,82,21254,44,79,-4,-21,85,benign,benign
45567.55749,80,0,0,0,0,0,179,66,82,21256,45,79,-8,-18,85,benign,benign
45568.08063,80,0,0,0,0,0,178,66,82,21257,46,79,-4,-14,85,benign,benign
45568.59126,80,0,0,0,0,0,178,66,82,21254,46,79,-3,-13,85,benign,benign
45569.1447,80,-4,0,0,-1,0,178,66,82,21251,47,79,-11,-9,86,benign,benign
45569.67067,80,-2,0,0,0,0,178,66,81,21255,47,79,-31,-6,85,benign,benign
45570.20851,70,-2,0,0,0,0,178,66,81,21255,48,79,-51,4,80,benign,benign
45570.76756,70,-2,0,0,-1,0,178,66,80,21261,48,79,17,-40,67,benign,benign
45571.28968,70,-1,0,0,0,0,178,66,80,21263,49,79,5,-17,80,benign,benign
45571.81128,70,0,1,0,0,-2,178,66,79,21263,49,79,0,-15,81,benign,benign
45572.32485,70,0,0,0,0,0,178,66,80,21260,50,79,0,-15,81,benign,benign
45572.86597,70,0,-1,0,0,-1,179,66,80,21260,50,78,1,-9,82,benign,benign
45573.42149,70,0,0,0,0,0,179,66,81,21260,51,78,-9,0,81,benign,benign
45573.93961,70,0,0,0,0,-1,179,66,81,21253,51,78,-2,0,83,benign,benign
45574.46786,80,0,0,0,-8,0,178,66,82,21257,52,78,-2,6,83,benign,benign
45575.00493,80,-3,0,0,1,-1,179,66,82,21259,52,78,-16,18,81,benign,benign
45575.52903,80,-2,0,0,-1,0,178,66,81,21254,53,78,-30,22,80,benign,benign
45576.05514,80,-2,0,0,-1,-1,179,66,81,21256,53,78,-40,21,80,benign,benign
45576.57924,80,-2,0,0,-1,-1,179,66,81,21258,54,78,-30,-44,75,benign,benign
45577.10484,70,-1,1,0,0,-2,178,66,80,21255,55,78,-30,-39,71,benign,benign
45577.65716,70,-1,1,0,0,-1,179,66,80,21257,55,78,-23,-30,77,benign,benign
45578.17978,70,0,0,0,0,0,178,66,80,21264,56,78,-16,-19,82,benign,benign
45578.70986,80,-1,1,0,-2,-2,179,66,82,21252,56,77,-29,-32,74,benign,benign
45579.23481,70,-1,1,0,-1,-1,178,66,80,21258,57,77,-18,-20,82,benign,benign
45579.75247,70,-1,1,0,0,0,178,66,80,21253,57,77,-8,-10,82,benign,benign
45580.31214,70,0,0,0,-1,-1,178,66,79,21248,58,77,-4,-8,81,benign,benign
45580.83796,70,0,0,0,0,0,178,67,78,21253,58,77,-1,-6,81,benign,benign
45581.38203,70,0,0,0,0,1,179,67,79,21253,59,77,-2,-4,81,benign,benign
45581.90187,70,0,0,0,-1,-1,179,67,79,21253,59,77,-6,-10,81,benign,benign
45582.42734,70,0,0,0,0,-1,179,67,79,21247,60,77,-8,-18,81,benign,benign
45582.94376,70,-4,0,0,-2,-1,179,67,78,21247,60,77,-17,-29,75,benign,benign
45583.46436,70,-2,0,0,0,-1,178,66,78,21249,61,77,13,-27,80,benign,benign
45583.98149,70,-2,0,0,-1,-1,178,66,79,21240,61,77,13,-27,80,benign,benign
45584.50596,70,-2,0,0,-1,-1,178,66,79,21250,62,77,13,-27,80,benign,benign
45585.0175,70,-2,0,0,-1,-1,178,66,78,21247,62,76,13,-27,80,benign,benign
45585.53333,70,-1,1,0,-1,-1,178,67,79,21244,63,76,13,-27,80,benign,benign
45586.05981,70,0,0,0,0,0,178,67,78,21244,63,76,32,2,80,benign,benign
45586.56945,70,0,0,0,0,0,178,67,78,21250,64,76,33,4,80,benign,benign
45587.12746,70,0,0,0,-1,-1,178,67,78,21246,65,76,34,-3,82,benign,benign
45587.65154,70,0,0,0,0,-1,178,67,78,21250,65,76,34,-3,82,benign,benign
45588.20424,70,0,0,0,0,0,178,67,79,21247,66,76,34,-3,82,benign,benign
45588.71669,70,0,0,0,0,0,179,67,79,21245,66,76,31,8,84,benign,benign
45589.23967,70,0,0,0,0,0,179,67,79,21251,67,76,31,8,84,benign,benign
45589.76662,70,0,0,0,0,0,179,67,79,21254,67,76,31,8,84,benign,benign
45590.30192,70,0,0,0,0,0,179,67,78,21246,68,76,33,6,82,benign,benign
45590.82489,70,0,0,0,0,0,178,68,78,21252,68,76,33,6,82,benign,benign
45591.3465,70,0,0,0,0,0,178,68,78,21248,69,76,33,13,80,benign,benign
45591.88705,70,0,0,0,0,0,178,67,78,21252,69,76,41,7,75,benign,benign
45592.39987,70,0,0,0,0,0,179,67,79,21252,70,76,35,7,80,benign,benign
45647.42305,70,0,0,0,0,0,0,68,84,21245,10,68,-9,-8,86,benign,benign
45647.95033,70,0,0,0,0,0,0,68,83,21241,11,68,-9,-10,85,benign,benign
45648.46029,70,0,0,0,0,0,0,68,83,21244,11,68,-10,-10,84,benign,benign
45649.00031,70,0,0,0,0,0,0,68,83,21247,12,68,-9,-10,85,benign,benign
45649.54487,70,0,0,0,-1,0,0,68,83,21245,12,68,-11,-12,84,benign,benign
45650.04992,70,0,0,0,-2,-1,0,68,83,21246,13,68,-12,-12,84,benign,benign
45650.55657,70,1,-1,0,-1,-1,0,68,82,21235,14,68,-9,-9,84,benign,benign
45651.09473,70,0,0,0,1,0,0,68,81,21241,14,68,-7,-5,84,benign,benign
45651.62483,70,0,0,0,0,0,0,68,81,21240,15,68,-5,-4,83,benign,benign
45652.14975,70,0,0,0,0,0,0,67,82,21243,15,68,-8,-8,83,benign,benign
45652.6899,70,0,0,0,-1,0,0,67,82,21244,16,68,-10,-13,84,benign,benign
45653.21506,70,0,0,0,-1,0,0,67,82,21239,16,68,-11,-15,84,benign,benign
45653.73966,70,0,0,0,-1,0,0,67,82,21243,17,68,-11,-16,83,benign,benign
45654.26196,70,0,0,-2,-1,0,0,67,90,21256,17,68,-13,-15,91,benign,benign
45654.78813,80,0,0,-2,0,0,0,67,103,21260,18,68,-11,-8,103,benign,benign
45655.32469,100,0,0,-1,0,0,0,67,115,21280,18,68,-6,-4,117,benign,benign
45655.8473,100,0,0,0,0,0,0,67,120,21279,19,68,-16,0,121,benign,benign
45656.3698,100,0,0,1,0,0,0,68,115,21272,19,68,-6,-7,122,benign,benign
45656.89272,90,0,0,2,0,0,0,68,105,21264,20,68,-4,-8,114,benign,benign
45657.41381,80,0,0,1,0,0,0,68,96,21259,20,68,-12,-14,99,benign,benign
45657.94517,70,0,0,1,-1,0,0,68,89,21242,21,68,-13,-18,93,benign,benign
45658.50968,70,0,0,0,-1,0,0,68,83,21239,22,68,-11,-23,86,benign,benign
45659.01822,70,0,0,0,-2,-3,0,68,81,21247,22,68,-16,-23,82,benign,benign
45659.53141,70,0,-1,0,-1,0,0,67,81,21241,22,68,-11,-18,83,benign,benign
45660.06548,70,0,-1,0,0,0,0,67,80,21239,23,68,-6,-9,82,benign,benign
45660.59307,60,0,-1,0,0,0,0,68,78,21239,24,68,-5,-7,81,benign,benign
45661.11994,60,0,-1,0,-3,0,0,68,79,21240,24,68,-6,-5,81,benign,benign
45661.64155,60,0,0,0,0,0,0,68,79,21239,25,68,-5,-6,81,benign,benign
45662.18261,70,4,0,0,0,0,0,68,81,21233,25,68,3,-13,83,benign,benign
45662.68727,70,2,0,0,-1,-1,0,68,81,21233,26,68,19,-21,85,benign,benign
45663.21337,70,2,0,0,-1,-1,0,68,80,21241,26,68,27,-21,89,benign,benign
45663.74197,60,2,-1,0,-1,-1,0,67,79,21239,27,68,57,-33,69,benign,benign
45664.26457,60,1,-1,0,-1,-1,0,68,79,21233,27,68,44,10,80,benign,benign
45664.82307,60,1,-1,0,-1,-1,0,68,80,21236,28,68,34,9,79,benign,benign
45665.35009,70,0,0,0,0,1,0,68,80,21232,28,68,30,3,79,benign,benign
45665.89116,70,1,0,0,-6,-1,0,68,81,21247,29,68,31,5,79,benign,benign
45666.45016,70,2,0,0,0,-1,0,68,81,21235,29,68,16,9,83,benign,benign
45666.97476,70,1,0,0,0,-1,0,68,80,21234,30,68,8,9,82,benign,benign
45667.50225,60,0,0,0,1,0,0,68,79,21241,30,68,3,9,81,benign,benign
45668.02274,60,0,-1,0,0,0,0,68,78,21245,31,68,2,8,81,benign,benign
45668.55033,60,0,0,0,0,0,0,68,78,21236,32,68,2,7,80,benign,benign
45669.07975,60,0,0,0,-1,0,0,68,80,21251,32,68,5,6,82,benign,benign
45669.66636,70,0,0,0,0,-5,0,68,81,21245,33,68,6,10,83,benign,benign
45670.18607,70,0,-2,0,0,0,0,68,80,21248,33,68,6,7,82,benign,benign
45670.71035,60,0,-2,0,0,-1,0,68,79,21243,34,68,6,0,81,benign,benign
45671.23554,60,0,-2,0,0,0,0,68,79,21243,34,68,8,-12,81,benign,benign
45671.74489,60,0,0,0,0,0,0,68,78,21248,35,68,9,-20,81,benign,benign
45672.26937,60,0,2,0,0,0,0,68,78,21247,35,68,10,-8,80,benign,benign
45672.79102,60,0,2,0,0,0,0,68,77,21247,36,68,7,1,80,benign,benign
45673.31418,60,0,0,0,0,-2,0,68,78,21243,36,68,11,22,77,benign,benign
45673.84134,60,0,-1,0,-2,-5,0,68,79,21239,37,68,10,25,79,benign,benign
45674.36971,70,0,-1,0,0,-1,0,68,80,21241,37,68,5,20,81,benign,benign
45674.89992,70,0,-1,0,0,0,0,68,79,21245,38,68,3,12,81,benign,benign
45675.42306,60,0,-1,0,0,0,0,68,78,21242,38,68,1,9,81,benign,benign
45675.98256,60,0,-1,0,0,0,0,68,79,21243,39,68,2,5,81,benign,benign
45676.5071,60,3,0,0,-8,0,0,68,80,21240,40,68,3,4,82,benign,benign
45677.03389,70,2,0,0,0,0,0,68,80,21245,40,68,-14,14,80,benign,benign
45677.55849,70,2,0,0,-1,-1,0,68,78,21235,41,68,-29,22,77,benign,benign
45678.08511,60,2,0,0,-1,-1,0,68,78,21236,41,68,-36,23,78,benign,benign
45678.60819,60,2,0,0,-1,-1,0,69,78,21241,42,68,-45,43,65,benign,benign
45679.15917,60,2,-1,0,-1,-1,0,69,78,21235,42,68,-24,-18,79,benign,benign
45679.68476,60,1,0,0,3,1,0,68,77,21239,43,68,-17,-17,79,benign,benign
45680.21292,60,0,-1,0,-2,-2,0,68,79,21237,43,68,-18,-15,79,benign,benign
45680.74181,70,1,-1,0,0,0,0,68,79,21247,44,68,-9,-10,81,benign,benign
45681.26993,70,0,-1,0,0,0,0,68,79,21239,44,68,-5,-7,81,benign,benign
45681.7925,70,0,0,0,0,0,0,68,79,21241,45,68,-4,-5,81,benign,benign
45682.3123,70,0,0,0,0,0,0,68,81,21243,45,68,-4,-5,81,benign,benign
45682.87032,70,0,0,0,0,0,0,68,83,21246,46,68,-5,-7,85,benign,benign
45683.41237,70,0,0,-1,-1,0,0,69,89,21248,46,68,-5,-8,87,benign,benign
45683.9412,80,0,0,-1,0,0,0,69,98,21256,47,68,-3,-9,98,benign,benign
45684.4648,90,0,0,-1,0,0,0,69,105,21265,47,68,-3,-8,104,benign,benign
45684.98541,100,0,0,0,0,0,0,69,110,21270,48,68,-3,-9,111,benign,benign
45685.51238,100,0,0,0,0,0,0,68,114,21267,48,68,-4,-7,114,benign,benign
45686.04113,100,0,0,1,0,0,0,68,109,21269,49,67,-5,-8,111,benign,benign
45686.59393,90,0,0,2,0,0,0,68,98,21257,50,67,-2,-10,103,benign,benign
45687.10257,80,0,0,1,0,0,0,68,88,21252,50,67,-6,-7,94,benign,benign
45687.62957,70,0,0,0,0,0,0,69,80,21248,51,67,-4,-7,83,benign,benign
45688.15511,70,0,0,0,0,-2,0,69,80,21243,51,67,-5,-8,81,benign,benign
45688.69969,70,0,0,0,0,1,0,68,80,21236,52,67,-4,-5,82,benign,benign
45689.20933,70,3,0,0,-8,0,0,68,82,21245,52,67,0,-5,81,benign,benign
45689.72302,70,3,0,0,1,0,0,69,81,21242,53,67,2,-9,82,benign,benign
45690.24473,70,2,0,0,0,0,0,69,81,21239,53,67,26,-17,81,benign,benign
45690.77331,70,2,0,0,-1,0,0,69,80,21243,54,67,36,-20,81,benign,benign
45691.29794,70,2,0,0,-1,0,0,69,81,21238,54,67,-29,-2,83,benign,benign
45691.81977,70,1,0,0,0,0,0,68,81,21238,55,67,-23,-6,83,benign,benign
45692.3284,70,0,0,0,0,0,0,68,81,21239,55,67,-12,-7,85,benign,benign
45692.86896,70,1,0,0,0,0,0,69,80,21237,56,66,-10,-6,84,benign,benign
45693.39662,70,1,0,0,0,0,0,69,79,21234,56,66,-3,-5,83,benign,benign
45693.90726,70,0,0,0,0,0,20,69,80,21233,57,66,-5,-3,82,benign,benign
45694.4149,70,0,0,0,0,0,56,69,80,21251,57,66,-2,-4,82,benign,benign
45694.95763,70,0,0,0,0,0,85,69,80,21241,58,66,-1,-5,82,benign,benign
45695.47475,70,0,0,0,0,0,113,68,80,21246,58,66,-5,-5,82,benign,benign
45696.00384,70,0,0,0,0,0,142,68,81,21234,59,66,-3,-7,83,benign,benign
45696.5275,70,0,0,0,0,0,168,69,80,21236,59,66,-6,-10,82,benign,benign
45697.05477,60,0,0,0,0,0,176,69,79,21243,60,66,-5,-10,82,benign,benign
45697.57138,70,0,0,0,0,0,178,69,81,21247,61,66,-7,-8,83,benign,benign
45698.09256,70,0,0,0,0,0,178,69,82,21243,61,66,-7,-9,84,benign,benign
45698.60143,70,0,0,0,-1,0,178,69,83,21238,62,66,-4,-14,84,benign,benign
45699.13103,70,-4,0,0,0,0,178,69,81,21226,62,65,-20,-7,84,benign,benign
45699.65562,70,-2,0,0,-1,0,178,69,81,21238,63,65,-36,-1,86,benign,benign
45700.21648,70,-2,0,0,-1,0,178,69,81,21234,63,65,-43,4,86,benign,benign
45700.74308,70,-2,0,0,-1,0,178,68,81,21248,64,65,7,-16,81,benign,benign
45701.27964,70,-1,0,0,3,0,178,68,80,21244,64,65,-1,-12,81,benign,benign
45701.80324,70,0,0,0,0,2,178,69,81,21240,65,65,-5,-8,82,benign,benign
45702.32984,70,0,0,0,0,0,178,69,81,21250,65,65,-6,-5,82,benign,benign
45702.8385,70,0,0,0,0,0,178,68,80,21244,66,65,-13,-5,80,benign,benign
45703.35722,70,0,0,0,0,0,178,68,80,21243,66,65,-5,-4,82,benign,benign
45703.88333,70,-2,0,0,-8,0,178,69,81,21238,67,65,-11,-7,80,benign,benign
45704.40895,70,-2,0,0,0,0,178,69,80,21234,67,65,-18,-1,81,benign,benign
45704.91659,70,-2,0,0,-1,0,178,69,80,21232,68,64,-38,0,81,benign,benign
45705.4375,70,-2,0,0,-1,0,178,69,80,21231,68,64,-37,7,79,benign,benign
45705.95986,70,-2,0,0,-1,0,178,68,79,21241,69,64,-26,8,78,benign,benign
45706.47721,70,-1,0,0,3,0,178,68,78,21239,69,64,-6,5,80,benign,benign
45707.00087,60,0,0,0,0,0,178,68,77,21244,70,64,-4,5,79,benign,benign
45707.57434,70,0,0,0,0,0,178,68,79,21238,71,64,-2,4,81,benign,benign
45708.11489,70,0,0,0,0,0,178,68,79,21240,71,64,-2,0,82,benign,benign
45708.63866,70,0,0,0,-7,0,178,69,80,21233,72,64,-4,7,81,benign,benign
45709.17708,70,-4,0,0,1,0,178,69,80,21240,72,64,6,5,81,benign,benign
45709.70468,70,-2,0,0,-1,0,178,69,80,21244,73,64,20,1,80,benign,benign
45710.22883,70,-2,0,0,-1,0,178,69,79,21243,73,64,34,2,78,benign,benign
45710.7829,70,-2,0,0,-1,0,178,69,79,21247,74,64,48,-3,77,benign,benign
45711.3097,70,-2,0,0,-1,0,178,69,78,21233,74,64,30,-11,85,benign,benign
45711.83529,60,0,0,0,0,0,178,68,78,21241,75,64,30,-13,79,benign,benign
45712.35787,60,-2,0,0,-2,1,178,68,78,21236,75,64,22,-7,83,benign,benign
45712.91529,60,-1,0,0,0,0,178,68,78,21242,76,63,17,-14,78,benign,benign
45713.43941,70,-1,0,0,-1,0,178,68,79,21249,76,63,4,-5,81,benign,benign
45713.96298,70,0,0,0,0,0,178,69,79,21243,77,63,-1,-3,81,benign,benign
45714.47968,70,0,0,0,0,0,-154,69,79,21239,77,63,-3,-3,81,benign,benign
45715.00981,70,0,0,0,0,0,-117,69,79,21242,78,63,0,-2,81,benign,benign
45715.54937,60,0,0,0,0,0,-88,69,78,21241,79,63,0,-2,80,benign,benign
45716.0892,60,0,0,0,0,0,-58,69,78,21238,79,63,1,-1,80,benign,benign
45716.62352,60,0,0,0,0,0,-28,69,78,21242,80,63,2,0,80,benign,benign
45717.13518,60,0,0,0,0,0,-6,69,78,21244,80,63,-2,0,80,benign,benign
45717.67476,60,0,0,0,0,0,-3,69,79,21241,81,63,0,0,80,benign,benign
45718.2142,70,0,0,0,0,0,-3,69,79,21246,81,63,-200,-200,-200,benign,benign
45718.76649,60,0,0,2,0,0,-3,69,74,21235,82,62,-200,-200,-200,benign,benign
45719.2925,40,0,0,4,0,0,-3,69,52,21217,82,62,-200,-200,-200,benign,benign
45719.82011,20,0,0,4,0,0,-2,68,27,21197,83,62,-200,-200,-200,benign,benign
45720.42152,0,0,0,3,0,0,-3,68,10,20868,83,62,-200,-200,-200,benign,benign
45720.96108,0,0,0,0,0,0,-2,68,10,21060,84,62,-200,-200,-200,benign,benign
45721.50213,0,-1,0,0,0,0,-2,68,10,21104,84,62,-200,-200,-200,benign,benign
45771.77889,70,0,0,0,-1,0,0,68,84,21241,11,54,-16,-8,86,benign,benign
45772.30149,70,0,0,0,-1,0,0,68,84,21227,11,54,-13,-11,86,benign,benign
45772.80701,70,0,0,0,-1,0,0,68,84,21236,12,54,-18,-14,85,benign,benign
45773.33613,70,0,0,0,-3,-1,0,69,84,21238,12,54,-16,-12,86,benign,benign
45773.85176,70,1,0,0,-1,0,0,69,83,21237,13,54,-12,-10,85,benign,benign
45774.37376,70,1,0,0,0,0,0,69,81,21240,13,54,-9,-7,84,benign,benign
45774.89837,70,0,0,0,1,0,0,69,81,21229,14,54,-5,-5,84,benign,benign
45775.41997,70,0,0,0,0,0,0,68,81,21235,14,54,-2,-7,84,benign,benign
45775.94652,70,0,0,0,-1,0,0,68,83,21236,15,54,-8,-11,85,benign,benign
45776.47238,70,0,0,0,0,0,0,68,83,21243,15,54,-9,-14,86,benign,benign
45776.98299,70,0,0,0,-1,0,0,68,83,21238,16,54,-12,-19,85,benign,benign
45777.53801,70,4,0,0,-1,0,0,69,83,21226,16,54,-11,-19,85,benign,benign
45778.05461,70,2,0,0,-1,0,0,69,84,21232,17,54,8,-19,87,benign,benign
45778.60044,70,2,0,0,-1,-1,0,69,83,21238,17,54,39,-10,85,benign,benign
45779.1255,70,2,0,0,-1,-1,0,69,83,21233,18,54,32,-23,93,benign,benign
45779.64836,70,2,0,0,-1,-1,0,69,83,21229,18,54,56,-38,74,benign,benign
45780.17847,70,1,-1,0,-1,-1,0,68,82,21232,19,54,41,12,81,benign,benign
45780.70062,70,0,0,0,0,0,0,68,81,21232,19,54,35,14,81,benign,benign
45781.22322,70,2,-1,0,-1,-1,0,68,82,21228,20,54,31,18,81,benign,benign
45781.76478,70,2,0,0,0,0,0,68,80,21232,20,54,19,10,81,benign,benign
45782.29388,70,1,0,0,-1,-1,0,68,79,21221,21,54,10,9,81,benign,benign
45782.83252,70,0,0,0,-1,-1,0,68,79,21225,22,54,4,5,80,benign,benign
45783.35811,70,0,0,0,0,0,0,69,78,21231,22,54,1,5,80,benign,benign
45783.88273,70,0,0,0,0,0,0,69,79,21231,23,54,3,5,80,benign,benign
45784.41032,70,0,0,0,-1,0,0,69,78,21229,23,54,6,7,80,benign,benign
45784.93791,70,0,-1,0,0,-4,0,69,80,21234,24,54,9,14,80,benign,benign
45785.49485,70,0,-2,0,0,-1,0,69,80,21237,24,54,12,7,81,benign,benign
45786.01975,70,0,-2,0,-2,0,0,69,81,21229,25,54,15,-1,82,benign,benign
45786.54486,70,0,-1,0,1,0,0,69,80,21234,25,54,15,-11,82,benign,benign
45787.06554,70,0,0,0,0,0,0,69,81,21232,26,54,19,-16,80,benign,benign
45787.58992,70,0,2,0,0,0,0,69,79,21234,26,54,18,-7,80,benign,benign
45788.11152,70,0,2,0,-2,-3,0,69,79,21239,27,54,21,10,79,benign,benign
45788.64968,70,0,0,0,0,-1,0,69,79,21232,27,54,21,21,78,benign,benign
45789.17919,70,1,-1,0,-2,-4,0,68,80,21232,28,54,17,28,78,benign,benign
45789.72013,70,1,-1,0,0,-1,0,68,80,21229,28,54,14,22,80,benign,benign
45790.24515,70,0,-1,0,0,0,0,69,80,21233,29,54,6,12,82,benign,benign
45790.78725,70,0,-1,0,1,-1,0,69,79,21234,30,54,3,8,82,benign,benign
45791.31782,70,0,-1,0,0,-1,0,68,80,21233,30,54,2,7,81,benign,benign
45791.85021,70,0,0,0,0,-1,0,68,79,21235,31,54,3,5,81,benign,benign
45792.37537,70,0,0,0,-9,0,0,69,80,21231,31,54,3,4,80,benign,benign
45792.9274,70,3,0,0,0,0,0,69,79,21229,32,54,-4,8,81,benign,benign
45793.46878,70,2,0,0,-1,-1,0,68,79,21235,32,54,-31,21,77,benign,benign
45793.99738,70,2,0,0,-1,-1,0,68,79,21230,33,54,-36,24,78,benign,benign
45794.52646,70,2,0,0,-1,-1,0,69,78,21230,33,54,-32,-11,84,benign,benign
45795.04808,70,1,-1,0,-1,-1,0,69,77,21233,34,54,-26,-15,80,benign,benign
45795.55824,70,1,0,0,1,1,0,68,77,21229,34,54,-20,-14,78,benign,benign
45796.06974,70,0,0,0,-3,-2,0,68,78,21235,35,54,-14,-15,78,benign,benign
45796.57988,70,1,-1,0,0,-1,0,69,79,21230,35,54,-13,-14,80,benign,benign
45797.10992,70,0,-1,0,0,-1,0,69,79,21234,36,54,-7,-11,81,benign,benign
45797.6325,70,0,-1,0,0,0,0,69,79,21232,36,54,-3,-5,81,benign,benign
45798.15935,70,0,0,0,0,1,0,69,80,21236,37,54,-6,-5,81,benign,benign
45798.68481,70,0,0,0,0,0,0,68,80,21232,37,54,-6,-3,82,benign,benign
45799.2114,70,0,0,0,-7,0,0,68,80,21232,38,54,-14,-7,80,benign,benign
45799.73943,70,3,0,0,0,0,0,69,79,21228,38,54,0,-10,81,benign,benign
45800.28163,70,2,0,0,-1,-1,0,69,78,21231,39,54,20,-21,77,benign,benign
45800.78861,70,2,0,0,-1,-1,0,69,79,21238,40,54,29,-24,78,benign,benign
45801.31919,70,2,0,0,-1,0,0,69,79,21234,40,54,33,-24,83,benign,benign
45801.845,70,2,0,0,-1,-1,0,69,81,21239,41,54,-31,-3,85,benign,benign
45802.36612,70,1,0,0,0,1,0,69,81,21230,41,54,-22,-5,84,benign,benign
45802.88723,70,0,0,0,0,0,0,69,79,21236,42,54,-15,-4,82,benign,benign
45803.45844,70,1,0,0,-1,0,0,69,79,21237,42,54,-15,-6,82,benign,benign
45803.99946,70,1,0,0,0,0,0,69,79,21244,43,54,-4,-3,82,benign,benign
45804.53403,70,0,0,0,1,0,0,69,79,21233,43,54,-4,-5,81,benign,benign
45805.06143,70,0,0,0,0,0,22,69,78,21233,44,54,0,-4,81,benign,benign
45805.58506,70,0,0,0,0,0,53,69,79,21233,44,54,-3,-6,81,benign,benign
45806.08604,70,0,0,0,0,0,84,69,80,21233,45,54,0,-7,81,benign,benign
45806.59211,70,0,0,0,0,0,114,70,80,21235,45,54,0,-9,82,benign,benign
45807.11969,70,0,0,0,0,0,144,70,80,21237,46,54,0,-11,82,benign,benign
45807.64473,70,0,0,0,0,0,169,69,80,21242,46,54,-3,-14,81,benign,benign
45808.19953,70,0,0,0,0,0,177,69,79,21241,47,54,-4,-15,81,benign,benign
45808.70983,70,0,0,0,0,0,178,69,79,21239,47,54,-2,-13,81,benign,benign
45809.28628,70,0,0,0,0,0,178,69,80,21239,48,54,-2,-12,83,benign,benign
45809.80989,70,-3,0,0,-7,0,178,69,83,21238,48,54,-9,-13,84,benign,benign
45810.33468,70,-2,0,0,0,0,178,69,82,21234,49,54,-27,-8,86,benign,benign
45810.8513,70,-2,0,0,0,0,178,69,80,21239,50,54,-38,-2,89,benign,benign
45811.39481,70,-2,0,0,0,0,178,69,79,21240,50,54,-38,-2,89,benign,benign
45811.91493,70,-2,0,0,1,0,178,69,79,21232,51,54,2,-20,80,benign,benign
45812.43604,70,0,0,0,0,0,178,69,79,21231,51,54,0,-19,80,benign,benign
45812.96444,70,0,-1,0,0,0,178,69,80,21239,52,54,-2,-16,81,benign,benign
45813.48969,70,0,-1,0,0,0,178,69,80,21243,52,54,-3,-8,81,benign,benign
45814.01456,70,0,0,0,0,0,178,69,80,21246,53,54,-6,-4,81,benign,benign
45814.53885,70,0,0,0,0,0,178,69,79,21261,53,54,-5,-3,81,benign,benign
45815.06551,70,0,0,0,-9,0,178,69,82,21233,54,54,-12,2,80,benign,benign
45815.57427,70,-3,0,0,1,0,178,69,82,21240,54,54,-18,0,82,benign,benign
45816.14744,70,-2,0,0,-1,0,178,69,82,21240,55,54,-40,3,83,benign,benign
45816.67898,70,-2,0,0,-1,0,178,69,81,21237,55,54,-43,5,76,benign,benign
45817.19893,70,-2,0,0,-1,0,178,69,78,21235,56,54,-25,4,78,benign,benign
45817.70941,60,-2,0,0,2,0,178,69,77,21234,56,54,-4,3,78,benign,benign
45818.22957,70,0,0,0,0,0,178,69,78,21232,57,54,-1,3,79,benign,benign
45818.75469,70,0,0,0,0,0,178,69,79,21239,57,54,0,3,81,benign,benign
45819.27991,70,0,0,0,0,0,178,69,78,21238,58,54,-2,3,80,benign,benign
45819.8104,70,-4,0,0,-4,0,178,69,78,21230,59,54,3,5,79,benign,benign
45820.33986,70,-2,0,0,0,0,178,69,78,21228,59,54,15,4,80,benign,benign
45820.86895,70,-2,0,0,-1,0,178,69,79,21234,60,54,36,1,77,benign,benign
45821.37659,70,-2,0,0,-1,0,178,69,78,21231,60,54,43,1,80,benign,benign
45821.90488,70,-2,0,0,-1,0,178,69,78,21231,61,54,34,-9,84,benign,benign
45822.43032,70,-1,0,0,3,0,178,69,77,21234,61,54,29,-11,81,benign,benign
45822.94155,60,0,0,0,-5,2,178,69,78,21239,62,54,25,-11,80,benign,benign
45823.46039,70,-1,0,0,0,0,178,69,77,21240,62,54,18,-9,80,benign,benign
45823.99784,70,-1,0,0,0,0,178,69,77,21234,63,53,12,-8,79,benign,benign
45824.53707,70,0,0,0,0,0,178,69,78,21234,63,53,0,0,80,benign,benign
45825.05719,70,0,0,0,0,0,-164,69,79,21232,64,53,0,-2,81,benign,benign
45825.57559,70,0,0,0,0,0,-135,69,79,21239,64,53,4,-4,81,benign,benign
45826.14453,70,0,0,0,0,0,-99,69,78,21230,65,53,1,-1,80,benign,benign
45826.66285,60,0,0,0,0,0,-70,70,77,21234,65,53,2,-2,79,benign,benign
45827.22138,70,0,0,0,0,0,-34,70,78,21237,66,53,2,-1,80,benign,benign
45827.76492,70,0,0,0,0,0,-11,69,79,21237,66,53,2,1,81,benign,benign
45828.27837,70,0,0,0,0,0,-3,69,79,21239,67,53,0,2,82,benign,benign
45828.79986,70,0,0,0,0,0,-3,69,80,21235,68,53,-200,-200,-200,benign,benign
45829.35985,70,0,0,1,0,0,-3,69,78,21231,68,53,-200,-200,-200,benign,benign
45829.88245,50,0,0,4,0,0,-3,69,61,21222,69,53,-200,-200,-200,benign,benign
45830.40557,30,0,0,4,0,0,-3,69,35,21190,69,53,-200,-200,-200,benign,benign
45830.92985,0,0,0,4,0,0,-3,69,12,21136,70,53,-200,-200,-200,benign,benign
45877.28061,80,0,0,0,0,0,0,69,84,21222,7,41,-5,0,86,benign,benign
45877.79823,80,0,0,0,0,0,0,69,85,21224,7,41,-5,-3,86,benign,benign
45878.32482,80,0,0,0,0,0,0,69,84,21227,8,41,-5,-1,86,benign,benign
45878.84561,80,0,0,0,0,0,0,69,84,21226,8,41,-6,-2,86,benign,benign
45879.36494,80,0,0,0,0,0,0,69,84,21223,9,41,-7,-3,86,benign,benign
45879.90967,80,0,0,0,-1,0,0,69,83,21222,10,41,-5,-5,85,benign,benign
45880.4383,80,0,0,0,0,0,0,69,84,21220,10,41,0,-5,85,benign,benign
45880.96208,80,0,0,0,0,-1,0,69,85,21224,11,41,0,-9,87,benign,benign
45881.49798,80,0,0,0,0,-1,0,69,85,21224,11,41,-3,-11,88,benign,benign
45882.02148,80,0,0,0,0,0,0,69,86,21220,12,41,-4,-15,88,benign,benign
45882.5475,80,0,0,0,0,-1,0,69,86,21225,12,41,-5,-16,89,benign,benign
45883.0711,80,0,0,0,0,0,0,69,86,21222,13,41,-5,-17,89,benign,benign
45883.57439,80,1,0,0,-6,0,0,69,86,21220,13,41,-3,-21,88,benign,benign
45884.09969,80,2,0,0,-1,0,0,69,86,21217,14,41,8,-22,90,benign,benign
45884.62475,80,2,0,0,0,-3,0,69,86,21215,14,41,21,-25,92,benign,benign
45885.1354,80,0,0,0,0,0,0,69,85,21211,15,41,30,-16,95,benign,benign
45885.66479,80,-2,0,0,1,0,0,69,85,21222,15,41,68,13,77,benign,benign
45886.18736,80,-2,0,0,0,-2,0,69,85,21220,16,41,16,-29,93,benign,benign
45886.71446,80,-2,-1,0,-2,1,0,69,84,21221,16,41,16,-29,93,benign,benign
45887.26904,80,0,0,0,-1,0,0,69,84,21220,17,41,16,-29,93,benign,benign
45887.79617,80,0,-2,0,0,0,0,69,82,21218,17,41,16,-29,93,benign,benign
45888.31974,80,0,-2,0,0,0,0,69,80,21214,18,41,-4,-27,83,benign,benign
45888.84528,70,0,-1,0,0,0,0,69,79,21212,18,41,0,-14,83,benign,benign
45889.40021,70,0,-1,0,0,-1,0,69,80,21210,19,41,2,-10,82,benign,benign
45889.92481,80,0,-1,0,0,0,0,69,80,21208,20,41,-1,-9,82,benign,benign
45890.44741,80,0,0,0,0,2,0,69,80,21214,20,41,0,-5,82,benign,benign
45890.98898,80,4,0,0,-3,0,0,69,81,21208,21,41,6,-6,84,benign,benign
45891.51086,80,2,0,0,0,-1,0,69,82,21211,21,41,25,-12,85,benign,benign
45892.03538,80,2,0,0,-1,-1,0,69,82,21216,22,41,35,-14,89,benign,benign
45892.56337,80,2,0,0,-1,-1,0,69,83,21212,22,41,46,-30,85,benign,benign
45893.08497,80,1,-1,0,-1,-2,0,69,84,21211,23,41,35,9,85,benign,benign
45893.63856,80,1,-1,0,0,-2,0,69,84,21208,23,41,29,10,83,benign,benign
45894.15969,80,0,0,0,0,0,0,69,82,21204,24,41,22,0,83,benign,benign
45894.71471,80,0,0,0,-5,0,0,69,81,21210,24,41,24,2,81,benign,benign
45895.24619,80,1,0,0,-1,-2,0,69,80,21203,25,41,17,8,81,benign,benign
45895.75734,80,1,0,0,0,-2,0,69,79,21210,25,41,5,9,81,benign,benign
45896.26698,70,0,0,0,1,-1,0,69,77,21201,26,41,2,8,80,benign,benign
45896.7898,70,0,0,0,0,0,0,69,78,21207,26,41,2,6,80,benign,benign
45897.31487,70,0,0,0,0,0,0,69,79,21195,27,41,4,8,80,benign,benign
45897.83944,70,0,0,0,-1,-1,0,69,78,21207,27,41,6,11,80,benign,benign
45898.34661,70,4,0,0,0,-1,0,69,79,21206,28,41,1,18,79,benign,benign
45898.87342,80,2,0,0,-1,-1,0,69,78,21204,29,41,-17,23,77,benign,benign
45899.41297,70,2,0,0,-1,-1,0,69,77,21206,29,41,-33,30,73,benign,benign
45899.96655,70,2,0,0,-1,-1,0,69,77,21207,30,41,-40,36,69,benign,benign
45900.49565,70,2,-1,0,-1,-1,0,69,77,21209,30,41,-52,37,64,benign,benign
45901.02299,70,1,-1,0,0,-1,0,70,77,21207,31,41,-23,-19,79,benign,benign
45901.5436,70,0,0,0,0,0,0,70,76,21212,31,41,-19,-19,76,benign,benign
45902.07547,70,1,-1,0,-1,-1,0,69,77,21214,32,41,-17,-21,76,benign,benign
45902.61802,80,1,-1,0,0,0,0,69,79,21219,32,41,-13,-15,78,benign,benign
45903.13999,80,0,0,0,0,-2,0,69,79,21221,33,41,-7,-11,80,benign,benign
45903.66249,80,0,-1,0,0,-1,0,69,79,21212,33,41,-4,-8,80,benign,benign
45904.1916,80,0,-1,0,0,-1,0,69,80,21220,34,41,-3,-6,81,benign,benign
45904.72023,80,0,0,0,0,0,0,69,80,21213,34,41,-5,-4,81,benign,benign
45905.23486,80,0,0,0,0,-1,0,69,80,21219,35,41,-5,-5,82,benign,benign
45905.75749,80,0,0,0,0,-1,8,69,81,21218,35,41,-8,-8,82,benign,benign
45906.28907,80,0,0,0,0,-1,27,69,82,21224,36,41,-7,-8,83,benign,benign
45906.80984,80,0,0,0,0,0,32,69,81,21213,36,41,-9,-9,82,benign,benign
45907.33521,80,0,0,0,0,0,11,69,81,21217,37,41,-8,-9,82,benign,benign
45907.88973,80,0,0,0,0,0,1,69,82,21222,38,41,-7,-10,83,benign,benign
45908.41479,80,0,0,0,-1,0,0,69,81,21218,38,41,-8,-10,83,benign,benign
45908.9349,80,0,-1,0,0,0,-2,68,80,21211,39,41,-6,-9,82,benign,benign
45909.4575,80,0,0,0,0,0,-3,68,80,21218,39,41,-7,-5,81,benign,benign
45909.98609,80,4,0,0,0,0,-3,69,79,21214,40,41,0,-2,80,benign,benign
45910.5097,80,2,0,0,-1,0,-2,69,78,21214,40,41,11,-10,79,benign,benign
45911.03529,80,2,0,0,-1,0,-2,69,78,21209,41,41,26,-12,78,benign,benign
45911.56023,80,2,0,0,-1,0,-2,69,79,21209,41,41,31,-15,83,benign,benign
45912.10229,80,2,0,0,0,-3,-2,69,79,21203,42,41,-28,5,80,benign,benign
45912.61891,80,0,0,0,2,0,-2,69,80,21208,42,41,-14,4,82,benign,benign
45913.14644,80,0,0,0,-2,1,-3,69,81,21210,43,41,-10,4,82,benign,benign
45913.67405,80,1,0,0,0,0,-2,69,82,21212,43,41,-8,0,83,benign,benign
45914.19602,80,0,0,0,0,0,0,69,81,21219,44,41,-3,-3,83,benign,benign
45914.73752,80,0,0,0,0,0,29,69,81,21207,44,41,-4,-1,83,benign,benign
45915.25564,80,0,0,0,0,0,59,69,81,21212,45,41,-2,0,83,benign,benign
45915.77527,80,0,0,0,0,0,89,69,82,21206,45,41,-1,-2,83,benign,benign
45916.30247,80,0,0,0,0,0,124,69,80,21208,46,41,-3,-4,82,benign,benign
45916.8166,80,0,0,0,0,0,147,69,81,21205,46,41,-1,-5,83,benign,benign
45917.34319,80,0,0,0,0,0,170,70,82,21210,47,41,-5,-9,83,benign,benign
45917.8699,80,0,0,0,0,0,175,70,81,21214,48,41,-3,-9,83,benign,benign
45918.3925,80,0,0,0,0,0,175,69,80,21211,48,41,-6,-9,82,benign,benign
45918.93804,80,0,0,0,0,0,175,69,81,21210,49,41,-3,-6,82,benign,benign
45919.46118,80,-4,0,0,0,0,175,69,81,21198,49,41,-8,-8,82,benign,benign
45919.9878,80,-2,0,0,-1,0,175,69,80,21209,50,41,-36,-7,80,benign,benign
45920.51439,80,-2,0,0,-1,0,175,69,79,21207,50,41,-37,2,88,benign,benign
45921.0704,80,-2,0,0,-1,-1,175,69,79,21208,51,41,17,-23,77,benign,benign
45921.59295,80,-2,0,0,0,0,175,69,80,21217,51,41,8,-18,79,benign,benign
45922.12887,80,0,0,0,0,0,175,70,80,21213,52,41,2,-17,80,benign,benign
45922.6674,80,0,-1,0,0,2,175,70,79,21218,52,41,0,-18,80,benign,benign
45923.19399,80,0,-1,0,-1,0,175,69,80,21214,53,41,-5,-16,79,benign,benign
45923.71551,80,0,0,0,-1,-1,175,69,79,21214,53,41,2,-9,80,benign,benign
45924.2421,80,0,0,0,0,0,175,69,80,21211,54,41,0,-7,81,benign,benign
45924.74476,80,0,0,0,-3,0,175,69,82,21219,54,41,1,-8,82,benign,benign
45925.25721,80,-4,0,0,0,0,175,69,82,21214,55,41,-3,-9,81,benign,benign
45925.80987,80,-2,0,0,-1,0,175,69,81,21216,55,41,-17,-4,83,benign,benign
45926.33375,80,-2,0,0,-1,0,175,69,81,21213,56,41,-34,-3,80,benign,benign
45926.85976,80,-2,0,0,-1,0,175,69,79,21211,56,41,-40,-1,82,benign,benign
45927.40213,80,-2,0,0,0,0,175,69,78,21209,57,41,-31,8,77,benign,benign
45927.9253,80,0,0,0,0,0,175,69,78,21212,58,41,-17,7,79,benign,benign
45928.44741,70,0,0,0,-3,1,175,68,78,21212,58,41,-21,9,77,benign,benign
45928.95759,80,-1,0,0,-2,0,175,68,79,21211,59,41,-12,4,80,benign,benign
45929.48318,80,-1,0,0,0,0,175,69,78,21214,59,41,-6,2,81,benign,benign
45929.9999,80,0,0,0,0,0,175,69,79,21216,60,41,-1,1,81,benign,benign
45930.52475,70,0,0,0,0,0,175,69,78,21218,60,41,-5,-1,80,benign,benign
45931.05265,70,0,0,0,-5,0,175,69,80,21217,61,41,-4,1,80,benign,benign
45931.57734,80,-4,0,0,0,0,175,69,80,21213,61,41,4,3,81,benign,benign
45932.10474,80,-2,0,0,-1,0,175,69,81,21220,62,41,24,-1,81,benign,benign
45932.62991,80,-2,0,0,-1,0,175,69,81,21211,62,41,36,2,79,benign,benign
45933.15299,80,-2,0,0,-1,0,175,69,81,21211,63,41,47,2,81,benign,benign
45933.67823,80,-2,0,0,-1,0,175,69,80,21206,63,41,47,2,81,benign,benign
45934.18689,80,-1,0,0,3,0,175,70,79,21213,64,41,32,-16,83,benign,benign
45934.73143,80,-1,0,0,-3,2,175,70,80,21217,64,41,23,-11,85,benign,benign
45935.23973,80,-1,-1,0,0,0,175,69,80,21214,65,41,19,-11,83,benign,benign
45935.8098,80,-1,0,0,0,0,175,69,79,21212,65,41,10,-7,81,benign,benign
45936.33641,80,0,0,0,0,0,175,69,79,21213,66,41,1,-3,82,benign,benign
45936.84458,80,0,0,0,0,0,-160,69,81,21215,66,41,-1,-2,83,benign,benign
45937.37289,80,0,0,0,0,0,-124,69,80,21211,67,41,3,-3,83,benign,benign
45937.89649,80,0,0,0,0,0,-100,69,80,21209,67,41,-2,0,83,benign,benign
45938.42209,80,0,0,0,0,0,-65,69,81,21216,68,41,2,-3,83,benign,benign
45938.94736,80,0,0,0,0,0,-35,69,80,21215,69,41,2,-1,82,benign,benign
45939.46597,80,0,0,0,0,0,-12,70,80,21220,69,41,1,0,82,benign,benign
45940.0071,80,0,0,0,0,0,-6,70,79,21212,70,41,-1,0,81,benign,benign
45940.52984,70,0,0,0,0,0,-6,69,78,21218,70,41,-200,-200,-200,benign,benign
45941.07468,70,0,0,2,0,0,-6,69,72,21207,71,41,-200,-200,-200,benign,benign
45941.59979,50,0,0,4,0,0,-6,69,50,21190,71,41,-200,-200,-200,benign,benign
45942.10739,20,0,0,4,0,0,-6,68,22,21161,72,41,-200,-200,-200,benign,benign
45942.63809,0,0,0,3,0,0,-6,68,10,20769,72,41,-200,-200,-200,benign,benign
46018.20657,80,0,0,0,0,0,0,73,80,21214,7,30,-5,-3,82,benign,benign
46018.74728,80,0,0,0,0,0,0,73,81,21216,8,30,-6,-4,82,benign,benign
46019.27434,80,0,0,0,0,0,0,72,83,21207,9,30,-8,-4,85,benign,benign
46019.81287,80,0,0,0,0,0,0,72,84,21213,9,30,-5,-4,86,benign,benign
46020.33025,80,0,0,0,0,0,0,72,82,21209,10,30,-7,-2,84,benign,benign
46020.85564,80,0,0,0,0,0,0,72,83,21214,10,30,-6,-3,84,benign,benign
46021.38154,80,0,0,0,0,0,0,73,83,21220,11,30,-5,-4,85,benign,benign
46021.90166,80,0,0,0,0,0,0,73,82,21220,11,30,-4,-3,84,benign,benign
46022.43038,80,0,0,0,0,0,0,72,82,21216,12,30,-4,-4,84,benign,benign
46022.95901,80,0,0,0,0,0,0,72,82,21221,12,30,-4,-5,84,benign,benign
46023.46067,80,0,0,0,0,0,0,72,82,21212,13,30,-3,-8,84,benign,benign
46024.00159,80,0,0,0,0,0,0,72,84,21217,13,30,-3,-7,85,benign,benign
46024.55908,80,0,0,0,0,0,0,72,84,21222,14,30,-5,-4,86,benign,benign
46025.07968,80,0,0,0,0,0,0,72,85,21213,14,30,-4,-4,86,benign,benign
46025.60738,80,4,0,0,-2,0,0,72,85,21208,15,30,7,-5,87,benign,benign
46026.13497,80,2,0,0,0,0,0,72,85,21213,15,30,26,-6,87,benign,benign
46026.65609,80,2,0,0,-1,0,0,72,84,21222,16,30,37,-2,88,benign,benign
46027.1801,80,2,0,0,-1,0,0,72,83,21217,16,30,59,-21,67,benign,benign
46027.69484,80,2,0,0,0,0,0,72,79,21216,17,30,36,-8,78,benign,benign
46028.21746,80,0,0,0,0,0,0,72,78,21212,17,30,27,-8,77,benign,benign
46028.74469,80,1,0,0,-3,1,0,72,78,21208,18,30,28,-11,75,benign,benign
46029.2698,80,1,0,0,0,0,0,72,79,21211,19,30,13,-6,79,benign,benign
46029.77395,80,1,0,0,0,0,0,72,80,21214,19,30,6,-2,80,benign,benign
46030.29555,80,0,0,0,0,0,0,72,81,21217,20,30,2,0,82,benign,benign
46030.82114,80,0,0,0,0,0,0,72,82,21211,20,30,0,0,83,benign,benign
46031.34474,80,0,0,0,0,0,0,71,82,21214,21,30,0,0,83,benign,benign
46031.88991,80,0,0,-1,0,0,0,71,88,21223,21,30,2,0,88,benign,benign
46032.40973,90,0,0,-1,0,0,0,72,97,21226,22,30,2,0,96,benign,benign
46032.93636,100,0,0,-1,0,0,0,72,104,21235,22,30,1,0,102,benign,benign
46033.48987,110,0,0,0,0,0,0,71,109,21237,23,30,0,2,109,benign,benign
46034.01117,100,0,0,0,0,0,0,71,107,21236,23,30,2,2,109,benign,benign
46034.53349,100,0,0,1,0,0,0,71,99,21224,24,30,1,3,104,benign,benign
46035.06151,90,0,0,1,0,0,0,71,90,21224,24,30,2,-1,92,benign,benign
46035.5911,80,0,0,0,0,0,0,72,84,21214,25,30,2,0,87,benign,benign
46036.11747,80,0,0,0,0,0,0,72,81,21215,25,30,2,0,84,benign,benign
46036.64258,80,3,0,0,-8,0,0,72,83,21211,26,30,-2,-3,84,benign,benign
46037.16419,80,3,0,0,0,0,0,72,83,21212,26,30,-23,-2,84,benign,benign
46037.68904,80,2,0,0,-1,0,0,72,82,21209,27,30,-38,-1,83,benign,benign
46038.1985,80,2,0,0,-1,0,0,72,82,21213,27,30,-36,11,83,benign,benign
46038.7385,80,2,0,0,-1,0,0,72,82,21205,28,30,-25,9,82,benign,benign
46039.29987,80,0,0,0,0,0,0,71,82,21215,29,30,-11,4,83,benign,benign
46039.84132,80,1,0,0,-1,0,0,71,81,21208,29,30,-8,2,83,benign,benign
46040.36731,80,0,0,0,1,0,0,71,81,21209,30,30,-6,4,82,benign,benign
46040.89293,80,0,0,0,0,0,0,71,81,21209,30,30,-4,5,82,benign,benign
46041.40508,80,0,0,0,-6,0,0,71,82,21211,31,30,-6,5,83,benign,benign
46041.93492,80,4,0,0,1,0,0,71,83,21205,31,30,1,8,83,benign,benign
46042.46251,80,2,0,0,0,0,0,71,83,21209,32,30,16,7,85,benign,benign
46042.98973,80,2,0,0,-1,0,0,71,83,21212,32,30,29,8,87,benign,benign
46043.50312,80,2,0,0,-1,0,0,72,82,21210,33,30,-48,26,73,benign,benign
46044.01477,80,2,0,0,0,0,0,72,80,21210,33,30,-21,32,78,benign,benign
46044.52491,80,0,0,0,0,4,0,71,80,21215,34,30,-15,35,75,benign,benign
46045.06347,80,0,0,0,0,0,0,71,79,21208,34,30,-16,26,78,benign,benign
46045.59383,80,1,2,0,0,0,0,71,80,21205,35,30,-16,26,77,benign,benign
46046.11627,80,0,1,0,0,0,0,71,80,21204,35,30,-4,6,82,benign,benign
46046.63888,80,0,0,0,0,0,0,72,80,21203,36,30,-2,1,82,benign,benign
46047.16003,80,0,0,0,0,0,14,72,79,21206,36,30,0,1,81,benign,benign
46047.67949,80,0,0,0,-1,0,44,71,79,21209,37,30,0,2,82,benign,benign
46048.20924,80,0,0,0,-1,0,74,71,79,21208,37,30,0,1,82,benign,benign
46048.73504,80,0,0,0,0,0,104,70,80,21211,38,30,0,1,82,benign,benign
46049.25471,80,0,0,0,0,0,140,70,81,21208,39,30,3,3,83,benign,benign
46049.77831,80,0,0,0,0,0,167,71,81,21212,39,30,2,-4,82,benign,benign
46050.35317,80,0,0,0,0,0,177,71,81,21205,40,30,1,-5,83,benign,benign
46050.87625,80,0,0,0,0,0,178,71,81,21207,40,30,5,-1,83,benign,benign
46051.40384,80,0,0,0,0,0,178,71,81,21209,41,30,0,-3,83,benign,benign
46051.92712,80,-1,0,0,-8,0,178,71,83,21197,41,30,-4,-5,82,benign,benign
46052.45248,80,-3,0,0,1,0,178,71,81,21197,42,30,-14,-1,83,benign,benign
46052.98306,80,-2,0,0,-1,0,178,71,80,21212,42,30,-29,-3,83,benign,benign
46053.5055,80,-2,0,0,-1,0,178,71,79,21203,43,30,-48,11,83,benign,benign
46054.03975,80,-2,0,0,0,0,178,71,79,21208,43,30,15,-17,78,benign,benign
46054.56149,80,0,0,0,0,0,178,70,78,21206,44,30,4,-13,79,benign,benign
46055.09173,80,0,-1,0,0,1,178,70,79,21203,44,30,4,-12,78,benign,benign
46055.60536,80,0,0,0,0,0,178,71,79,21207,45,30,-7,-4,79,benign,benign
46056.13445,80,0,0,0,0,0,178,71,79,21205,45,30,-2,-3,80,benign,benign
46056.64061,80,0,0,0,0,0,178,71,80,21202,46,30,-8,0,79,benign,benign
46057.19465,80,-3,0,0,-8,0,178,71,80,21201,46,30,-8,-5,80,benign,benign
46057.71477,80,-2,0,0,0,0,178,71,80,21208,47,30,-20,-2,80,benign,benign
46058.26997,80,-2,0,0,-1,0,178,71,80,21206,48,30,-39,-3,80,benign,benign
46058.79387,80,-2,0,0,-1,0,178,71,79,21203,48,30,-35,12,78,benign,benign
46059.31741,80,-2,0,0,0,0,178,71,80,21204,49,30,-23,14,78,benign,benign
46059.84475,80,0,0,0,0,3,178,71,81,21212,49,30,-8,13,81,benign,benign
46060.37035,80,0,0,0,0,3,178,71,82,21206,50,30,-7,13,82,benign,benign
46060.8984,80,0,-1,0,0,0,178,70,81,21209,50,30,-5,10,82,benign,benign
46061.40969,80,0,0,0,0,0,178,70,80,21207,51,30,-3,4,81,benign,benign
46061.93528,80,0,0,0,0,0,178,71,81,21211,51,30,-3,3,82,benign,benign
46062.46225,80,0,0,0,-8,0,178,71,82,21209,52,30,-3,5,82,benign,benign
46063.01147,80,-4,0,0,1,0,178,71,80,21211,52,30,7,6,81,benign,benign
46063.55353,80,-2,0,0,-1,0,178,71,80,21205,53,30,29,6,78,benign,benign
46064.09658,80,-2,0,0,-1,0,178,71,79,21207,53,30,46,5,76,benign,benign
46064.62225,80,-2,0,0,0,0,178,70,80,21209,54,30,60,4,65,benign,benign
46065.13137,80,-1,0,0,2,0,178,70,80,21201,54,30,32,-12,88,benign,benign
46065.63802,80,0,0,0,0,0,178,71,80,21204,55,30,25,-19,87,benign,benign
46066.1462,80,-2,-2,0,-1,0,178,71,80,21208,55,30,22,-19,84,benign,benign
46066.68478,80,-1,-1,0,0,0,178,70,79,21204,56,30,17,-19,80,benign,benign
46067.2074,80,0,-1,0,0,0,178,70,78,21210,57,30,0,-9,81,benign,benign
46067.7699,80,0,0,0,0,0,179,71,77,21209,57,30,-2,-4,80,benign,benign
46068.29151,80,0,0,0,0,0,-149,71,78,21206,58,30,-3,-5,80,benign,benign
46068.8151,80,0,0,0,-1,0,-119,70,80,21215,58,30,1,-5,81,benign,benign
46069.3434,80,0,0,0,0,0,-89,70,81,21213,59,30,0,-3,83,benign,benign
46069.867,80,0,0,0,0,0,-59,71,81,21213,59,30,1,-4,83,benign,benign
46070.38563,80,0,0,0,0,0,-23,71,78,21210,60,30,0,0,80,benign,benign
46070.90835,70,0,0,0,0,0,-6,71,76,21209,60,30,-3,0,78,benign,benign
46071.42967,70,0,0,0,0,0,-2,71,76,21203,61,30,-2,0,78,benign,benign
46071.98119,80,0,0,0,0,0,-2,70,77,21210,61,30,-200,-200,-200,benign,benign
46072.51848,70,0,0,2,0,0,-2,70,69,21200,62,30,-200,-200,-200,benign,benign
46073.04432,50,0,0,4,0,0,-2,70,46,21175,62,30,-200,-200,-200,benign,benign
46073.56981,30,0,0,4,0,0,-2,70,24,21159,63,30,-200,-200,-200,benign,benign
46074.09336,0,0,0,3,0,0,-2,70,6553,20793,63,30,-200,-200,-200,benign,benign
46290.38638,80,0,0,0,0,0,0,74,84,21196,7,23,-7,1,84,benign,benign
46290.90898,80,0,0,0,0,0,0,74,84,21193,8,23,-7,0,84,benign,benign
46291.43205,80,0,0,0,0,0,0,74,84,21198,8,23,-8,0,84,benign,benign
46291.95565,80,0,0,0,0,0,0,74,84,21201,9,23,-8,1,84,benign,benign
46292.47826,80,0,0,0,0,0,0,74,83,21199,9,23,-10,-1,84,benign,benign
46293.00039,80,0,0,0,0,0,0,74,83,21200,10,23,-10,-2,84,benign,benign
46293.524,80,0,0,0,0,0,0,74,83,21203,10,23,-7,-2,84,benign,benign
46294.0466,80,0,0,0,-1,0,0,74,83,21198,11,23,-9,-2,84,benign,benign
46294.56743,80,0,0,0,1,0,0,73,82,21200,11,23,-6,-2,83,benign,benign
46295.09402,80,0,0,0,0,0,0,73,82,21192,12,23,-5,-2,83,benign,benign
46295.62037,80,0,0,0,0,0,0,73,83,21207,12,23,-5,-10,85,benign,benign
46296.17307,80,0,0,0,-1,0,0,73,84,21200,13,23,-10,-14,85,benign,benign
46296.7106,80,0,0,0,-1,0,0,74,84,21199,13,23,-11,-16,85,benign,benign
46297.23475,80,4,0,0,-2,0,0,74,85,21199,14,23,-10,-17,85,benign,benign
46297.74388,80,2,0,0,-1,0,0,73,85,21196,14,23,12,-20,87,benign,benign
46298.26648,80,2,0,0,-1,-1,0,73,85,21198,15,23,24,-7,94,benign,benign
46298.78323,80,2,0,0,-1,-1,0,74,84,21203,15,23,24,-7,94,benign,benign
46299.30463,80,2,0,0,-1,0,0,73,85,21199,16,23,24,-7,94,benign,benign
46299.82881,80,2,-1,0,-1,-1,0,73,84,21188,16,23,24,-7,94,benign,benign
46300.34194,80,0,0,0,1,0,0,73,84,21198,17,23,40,10,80,benign,benign
46300.86754,80,0,0,0,-3,-1,0,73,84,21192,17,23,34,13,83,benign,benign
46301.39805,80,2,-1,0,-1,0,0,73,83,21196,18,23,30,16,81,benign,benign
46301.93714,80,2,0,0,0,0,0,73,81,21188,19,23,17,13,81,benign,benign
46302.4648,80,1,0,0,-1,-1,0,72,80,21188,19,23,6,9,81,benign,benign
46302.97112,80,0,0,0,0,0,0,72,81,21192,20,23,3,7,81,benign,benign
46303.51467,80,0,0,0,0,0,0,74,80,21193,20,23,2,4,81,benign,benign
46304.03913,80,0,0,0,0,0,0,74,80,21192,21,23,4,7,81,benign,benign
46304.55475,80,0,0,0,-1,0,0,73,80,21191,21,23,6,8,81,benign,benign
46305.07137,80,0,0,0,0,-1,24,73,82,21192,22,23,7,12,81,benign,benign
46305.58726,80,0,0,0,0,0,34,73,82,21194,22,23,7,13,82,benign,benign
46306.10941,80,0,0,0,0,0,33,73,81,21197,23,23,5,14,81,benign,benign
46306.62703,80,0,0,0,0,0,8,73,81,21192,23,23,6,15,81,benign,benign
46307.16397,80,0,0,0,0,0,0,73,80,21194,24,23,7,18,81,benign,benign
46307.69057,80,0,0,0,-1,-2,0,73,81,21189,24,23,8,18,80,benign,benign
46308.21915,80,0,-1,0,0,0,0,73,80,21192,25,23,7,15,81,benign,benign
46308.75489,80,0,-1,0,0,0,0,72,79,21186,25,23,2,9,80,benign,benign
46309.27477,80,0,-1,0,0,0,0,72,79,21186,26,23,2,3,80,benign,benign
46309.79938,70,1,0,0,-9,0,0,72,80,21187,26,23,3,5,80,benign,benign
46310.32497,80,3,0,0,1,0,0,72,79,21190,27,23,-7,7,80,benign,benign
46310.86426,80,2,0,0,0,0,0,72,80,21191,28,23,-32,18,77,benign,benign
46311.38829,80,2,0,0,-1,0,0,73,80,21191,28,23,-47,-16,77,benign,benign
46311.91488,80,2,0,0,-1,-1,0,73,80,21188,29,23,-31,-16,81,benign,benign
46312.44108,80,2,-1,0,-1,-1,0,73,80,21181,29,23,-19,-17,79,benign,benign
46312.99651,80,0,0,0,0,0,0,73,79,21189,30,23,-10,-11,80,benign,benign
46313.51013,80,0,-1,0,0,-1,0,72,79,21182,30,23,-10,-17,79,benign,benign
46314.03475,80,0,-1,0,-1,-1,0,72,80,21189,31,23,-6,-13,80,benign,benign
46314.55062,80,0,-1,0,0,0,0,72,80,21187,31,23,-4,-7,81,benign,benign
46315.07382,80,0,0,0,0,2,0,72,79,21185,32,23,-3,-5,81,benign,benign
46315.59841,80,0,0,0,0,0,0,72,81,21182,32,23,-3,-5,81,benign,benign
46316.13131,80,0,0,0,-1,0,0,72,81,21184,33,23,-3,-9,83,benign,benign
46316.6698,80,4,0,0,0,0,0,72,80,21185,33,23,-2,-14,81,benign,benign
46317.19439,80,2,0,0,-1,-1,0,72,79,21185,34,23,18,-25,78,benign,benign
46317.73947,80,2,0,0,-1,-1,0,72,78,21186,34,23,23,-29,80,benign,benign
46318.25522,70,2,0,0,-1,-1,0,72,78,21182,35,23,-38,0,85,benign,benign
46318.77982,80,2,-1,0,-1,-1,0,72,79,21180,35,23,-24,-10,85,benign,benign
46319.30284,80,0,0,0,2,2,0,72,79,21177,36,23,-18,-14,81,benign,benign
46319.84219,80,0,0,0,-2,-3,0,72,78,21175,37,23,-8,-14,80,benign,benign
46320.36979,70,0,-1,0,0,0,0,72,79,21177,37,23,-8,-10,80,benign,benign
46320.89936,70,0,-1,0,0,0,0,72,79,21186,38,23,-4,-6,80,benign,benign
46321.47356,80,0,0,0,0,0,18,72,80,21184,38,23,-3,-4,81,benign,benign
46321.9997,80,0,0,0,0,0,47,72,81,21187,39,23,-2,-7,82,benign,benign
46322.50651,80,0,0,0,0,0,83,72,80,21189,39,23,-1,-19,79,benign,benign
46323.04707,80,0,0,0,0,0,113,72,81,21187,40,23,-1,-12,82,benign,benign
46323.57461,80,0,0,0,0,0,143,72,82,21187,40,23,-1,-16,82,benign,benign
46324.09837,80,0,0,0,0,0,169,72,82,21185,41,23,-4,-19,83,benign,benign
46324.62535,80,0,0,0,0,0,177,72,80,21181,41,23,-5,-20,82,benign,benign
46325.15306,80,0,0,0,0,0,178,72,79,21179,42,23,-9,-13,81,benign,benign
46325.68155,70,0,0,0,0,0,178,71,79,21177,42,23,-6,-12,81,benign,benign
46326.2097,70,-1,0,0,-6,0,178,71,78,21176,43,23,-5,-11,80,benign,benign
46326.76986,70,-2,0,0,0,0,178,71,77,21176,43,23,-22,-12,79,benign,benign
46327.27652,70,-2,0,0,0,0,178,71,76,21177,44,23,-34,-4,81,benign,benign
46327.81707,70,0,0,0,0,0,178,72,75,21179,44,23,-40,-1,81,benign,benign
46328.34519,70,2,0,0,3,0,178,72,75,21173,45,23,-40,-1,81,benign,benign
46328.86978,70,2,0,0,0,0,178,71,77,21186,46,23,-33,-2,81,benign,benign
46329.39848,70,2,0,0,0,0,178,71,79,21183,46,23,-29,-6,78,benign,benign
46329.90262,80,0,0,0,-1,0,178,71,80,21173,47,23,-11,-8,81,benign,benign
46330.42708,80,0,0,0,1,2,178,71,79,21182,47,23,-12,-14,78,benign,benign
46330.94971,80,0,0,0,-1,-1,178,71,79,21176,48,23,-4,-5,81,benign,benign
46331.47486,80,-3,0,0,-8,0,178,71,79,21179,48,23,-10,-3,80,benign,benign
46331.99247,80,-2,0,0,0,0,178,71,78,21180,49,23,-33,6,79,benign,benign
46332.5214,70,-2,0,0,0,0,178,71,77,21174,49,23,-43,11,80,benign,benign
46333.05196,70,-2,0,0,-1,-1,178,72,78,21176,50,23,-43,11,80,benign,benign
46333.60793,80,-2,0,0,0,1,178,72,77,21176,50,23,4,-8,78,benign,benign
46334.12055,70,0,0,0,0,0,178,72,77,21177,51,23,-7,-3,78,benign,benign
46334.64615,70,1,0,0,0,0,178,71,77,21186,51,23,-6,-7,78,benign,benign
46335.18174,80,0,0,0,-1,0,178,71,79,21175,52,23,-2,-5,79,benign,benign
46335.70375,80,0,0,0,0,0,178,71,79,21181,52,23,-2,-3,80,benign,benign
46336.22934,80,0,0,0,0,0,178,71,78,21184,53,23,-6,0,79,benign,benign
46336.73701,80,0,0,-1,0,0,178,71,84,21176,53,23,0,0,83,benign,benign
46337.24813,90,0,0,-1,0,0,178,71,93,21190,54,23,0,-2,91,benign,benign
46337.76973,100,0,0,-1,0,0,178,71,102,21199,54,23,0,-6,102,benign,benign
46338.31132,100,0,0,0,0,0,178,71,109,21200,55,23,-4,-7,107,benign,benign
46338.82495,110,0,0,0,0,0,178,72,112,21211,55,23,-3,-6,111,benign,benign
46339.36497,100,0,0,1,0,0,178,72,108,21200,56,23,-6,-5,111,benign,benign
46339.88909,90,0,0,2,0,0,178,71,98,21190,57,23,-1,-5,103,benign,benign
46340.41514,90,0,0,1,0,0,178,71,88,21187,57,23,-4,-2,93,benign,benign
46340.92478,80,0,0,0,0,0,178,71,81,21174,58,23,-1,-1,83,benign,benign
46341.46334,80,0,0,0,0,0,178,71,78,21179,58,23,-1,-1,83,benign,benign
46341.98521,80,-3,0,0,-8,0,178,71,80,21176,59,22,-6,0,79,benign,benign
46342.49485,80,-3,0,0,0,0,178,71,79,21176,59,22,-19,7,79,benign,benign
46343.05039,80,-2,0,0,-1,-1,178,71,79,21172,60,22,-37,14,78,benign,benign
46343.60118,80,-2,0,0,-1,0,178,71,78,21172,60,22,-36,-4,80,benign,benign
46344.10935,70,-2,0,0,0,0,178,71,78,21179,61,22,-26,-8,79,benign,benign
46344.63716,80,0,0,0,1,0,178,71,79,21175,61,22,-12,-7,81,benign,benign
46345.17489,80,0,0,0,-2,-2,178,71,80,21175,62,22,-12,-9,80,benign,benign
46345.70207,80,0,0,0,0,1,178,71,79,21170,62,22,-6,-5,81,benign,benign
46346.26206,80,0,0,0,0,0,178,71,80,21170,63,22,-2,-2,81,benign,benign
46346.78477,80,0,0,0,0,0,178,71,80,21177,63,22,-2,-2,81,benign,benign
46347.32528,80,-3,0,0,-8,0,178,71,82,21171,64,22,0,0,81,benign,benign
46347.85436,80,-3,0,0,0,0,178,71,80,21177,64,22,13,-5,81,benign,benign
46348.39155,80,-2,0,0,-1,0,178,71,80,21181,65,22,38,-7,77,benign,benign
46348.90311,80,-2,0,0,-1,0,178,71,79,21175,66,22,45,-6,78,benign,benign
46349.43945,80,-2,0,0,-1,0,178,71,78,21173,66,22,45,-6,78,benign,benign
46349.94429,70,-1,0,0,3,0,178,71,76,21162,67,22,28,4,78,benign,benign
46350.48273,70,-1,0,0,-5,0,178,71,78,21170,67,22,21,-4,80,benign,benign
46350.99991,80,-1,0,0,0,0,178,71,80,21166,68,22,15,-8,81,benign,benign
46351.50307,80,-1,0,0,0,0,178,71,79,21172,68,22,10,-4,81,benign,benign
46352.02918,80,0,0,0,0,0,178,70,78,21173,69,21,0,0,81,benign,benign
46352.55627,80,0,0,0,0,0,-161,70,78,21173,69,21,-1,3,80,benign,benign
46353.1452,80,0,0,0,0,0,-119,71,80,21179,70,21,1,-3,81,benign,benign
46353.67371,80,0,0,0,0,0,-89,71,80,21175,70,21,-3,5,81,benign,benign
46354.2003,80,0,0,0,0,0,-60,71,80,21178,71,21,-2,5,81,benign,benign
46354.7441,80,0,0,0,0,0,-24,71,81,21179,71,21,0,7,82,benign,benign
46355.26892,80,0,0,0,0,0,-6,71,80,21180,72,21,-1,6,82,benign,benign
46355.79152,80,0,0,0,0,0,-2,71,80,21175,72,21,0,9,80,benign,benign
46356.34603,80,0,0,0,0,0,-3,71,80,21178,73,20,-200,-200,-200,benign,benign
46356.86604,70,0,0,2,0,0,-3,71,74,21171,74,20,-200,-200,-200,benign,benign
46357.39401,50,0,0,4,0,0,-3,71,53,21153,74,20,-200,-200,-200,benign,benign
46357.93354,20,0,0,4,0,0,-2,71,20,21129,75,20,-200,-200,-200,benign,benign
46358.4613,0,0,0,2,0,0,-3,71,10,20784,75,20,-200,-200,-200,benign,benign
46359.0015,0,-1,0,0,-1,0,-2,70,6553,20964,76,20,-200,-200,-200,benign,benign
46359.52921,0,-1,0,0,-1,0,-2,70,6553,21027,76,20,-200,-200,-200,benign,benign
54302.52781,80,0,0,0,0,0,0,53,78,20679,2,100,-6,-3,81,benign,benign
54303.04593,80,0,0,0,0,0,0,53,79,20687,3,100,-6,-2,83,benign,benign
54303.56183,80,0,0,0,0,0,0,53,79,20678,3,100,-5,-4,84,benign,benign
54304.0843,80,0,0,0,0,0,0,53,80,20680,4,100,-5,-6,84,benign,benign
54304.60432,80,0,0,0,0,0,0,54,80,20683,4,100,-3,-3,84,benign,benign
54305.12662,80,0,0,0,0,0,0,54,81,20686,5,100,-3,-5,85,benign,benign
54305.64129,80,0,0,0,0,0,0,55,81,20686,5,100,-3,-3,85,benign,benign
54306.16453,80,0,0,0,0,0,0,55,82,20679,6,100,-2,-5,86,benign,benign
54306.6846,80,0,0,0,0,0,0,55,82,20682,7,100,-1,-6,87,benign,benign
54307.20196,80,0,0,0,0,0,22,55,83,20686,7,100,-1,-9,87,benign,benign
54307.72377,80,0,0,0,0,0,35,55,83,20683,8,100,4,-10,87,benign,benign
54308.24737,80,0,0,0,0,0,37,55,83,20686,8,100,3,-9,87,benign,benign
54308.76897,80,0,-1,0,1,0,37,56,83,20684,9,100,6,-10,87,benign,benign
54309.29219,80,0,-1,0,0,-1,37,56,82,20688,9,100,4,-9,86,benign,benign
54309.81286,80,0,-1,0,0,0,37,55,81,20687,10,100,2,-8,85,benign,benign
54310.33269,80,0,0,0,-1,1,37,55,80,20691,10,100,4,-6,84,benign,benign
54310.86211,80,3,2,0,0,0,37,56,80,20680,11,100,9,-11,85,benign,benign
54311.36787,80,2,1,0,-1,0,37,56,80,20682,11,100,25,-26,88,benign,benign
54311.88937,80,2,1,0,-1,-1,37,56,80,20685,12,100,28,-31,89,benign,benign
54312.41748,80,2,0,0,0,-1,37,56,80,20681,12,100,28,-31,89,benign,benign
54312.9567,80,1,0,0,2,1,37,56,80,20682,13,100,28,-31,89,benign,benign
54313.47731,80,0,-1,0,0,-1,37,56,81,20687,13,100,28,-31,89,benign,benign
54313.98074,80,0,0,0,0,0,37,56,81,20677,14,100,28,-31,89,benign,benign
54314.50434,80,-2,-2,0,6,-1,37,57,80,20683,14,100,28,-31,89,benign,benign
54315.05822,80,-3,-3,0,3,-2,37,57,81,20685,15,100,28,-31,89,benign,benign
54315.57858,80,-2,-3,0,-1,-1,37,57,82,20680,15,100,16,-23,101,benign,benign
54316.10434,80,-1,-2,0,-1,-1,37,57,82,20680,16,100,7,-35,87,benign,benign
54316.62196,80,0,-1,0,0,-1,37,57,80,20682,16,100,-3,-32,85,benign,benign
54317.13908,80,0,-1,0,0,-1,37,57,80,20682,17,100,-4,-27,85,benign,benign
54317.66348,70,0,-1,0,0,-1,37,57,79,20680,18,100,-8,-24,83,benign,benign
54318.216,70,0,-1,0,0,-1,37,57,78,20680,18,100,-6,-21,82,benign,benign
54318.7339,70,0,-1,0,0,0,37,58,78,20684,19,100,-5,-17,83,benign,benign
54319.25751,80,0,-1,0,0,-1,37,58,79,20683,19,100,-6,-15,83,benign,benign
54319.77823,80,0,-1,0,0,-1,37,58,80,20679,20,100,-4,-15,84,benign,benign
54320.29984,80,0,-1,0,0,-1,37,58,79,20686,20,100,-5,-13,84,benign,benign
54320.82184,80,0,-1,0,0,-2,37,59,79,20686,21,100,-3,-15,84,benign,benign
54321.34188,80,0,-1,0,-1,-2,37,59,80,20688,21,100,-5,-13,84,benign,benign
54321.86249,80,0,-1,0,0,-1,37,59,80,20687,22,100,-4,-8,84,benign,benign
54322.40156,80,0,-1,0,-1,-2,37,59,80,20688,22,100,-4,-6,84,benign,benign
54322.92795,80,0,0,0,0,0,37,58,80,20692,23,100,-6,-7,84,benign,benign
54323.44656,80,0,0,0,0,-1,37,58,80,20683,23,100,-5,-9,84,benign,benign
54323.97074,80,0,0,0,-8,0,37,59,82,20683,24,100,-10,-18,84,benign,benign
54324.495,80,2,2,0,1,-1,37,59,80,20681,24,100,16,-21,88,benign,benign
54325.02112,80,2,1,0,-1,-1,37,59,80,20684,25,100,-1,-26,94,benign,benign
54325.54173,80,2,0,0,-1,-1,37,59,79,20681,25,100,-1,-26,94,benign,benign
54326.06533,80,2,0,0,-1,-1,37,59,78,20684,26,100,-1,-26,94,benign,benign
54326.58794,80,2,0,0,1,-2,37,59,77,20684,26,100,-1,-26,94,benign,benign
54327.11054,80,0,-1,0,-2,2,37,59,78,20686,27,100,-1,-26,94,benign,benign
54327.67685,80,0,0,0,0,0,37,60,79,20684,27,100,-1,-26,94,benign,benign
54328.21284,80,-2,-3,0,2,-2,37,60,80,20690,28,100,-1,-26,94,benign,benign
54328.73444,80,-2,-3,0,-1,-1,37,60,81,20688,29,100,-100,-100,-100,benign,benign
54329.26198,80,0,-2,0,-2,-1,37,60,80,20688,29,100,4,-37,93,benign,benign
54329.78932,80,0,-1,0,0,-1,37,60,80,20688,30,100,1,-34,86,benign,benign
54330.31243,80,0,-1,0,0,-1,37,60,79,20688,30,100,0,-32,83,benign,benign
54330.83653,80,0,-1,0,0,-1,37,60,78,20686,31,100,-2,-28,84,benign,benign
54331.35298,80,0,-1,0,0,-1,37,60,79,20696,31,100,-6,-26,83,benign,benign
54331.88656,80,0,-1,0,0,-1,37,60,80,20692,32,100,-7,-22,83,benign,benign
54332.40916,80,0,-1,0,0,0,37,60,80,20689,32,100,-4,-18,84,benign,benign
54332.9317,80,0,-1,0,0,0,37,60,81,20699,33,100,-4,-13,84,benign,benign
54333.4543,80,0,-1,0,0,-1,37,60,81,20685,33,100,-3,-7,84,benign,benign
54333.97478,80,0,-1,0,0,-1,37,60,80,20689,34,100,-5,-7,83,benign,benign
54334.49789,80,0,0,0,0,0,37,60,79,20683,34,100,-4,-7,83,benign,benign
54335.02161,80,0,0,0,0,0,37,61,79,20686,35,100,-4,-8,83,benign,benign
54335.54241,80,0,0,0,0,-1,37,61,79,20697,35,100,-7,-12,83,benign,benign
54336.06171,80,0,0,-1,0,-1,37,60,85,20705,36,100,-10,-19,85,benign,benign
54336.58117,90,0,0,-1,0,-1,37,60,95,20709,36,100,-10,-22,95,benign,benign
54337.10657,100,0,0,-1,0,-1,37,60,107,20713,37,100,-12,-22,107,benign,benign
54337.63249,110,0,0,0,0,-1,37,62,113,20723,37,100,-12,-18,116,benign,benign
54338.15429,110,0,0,0,0,-1,37,62,115,20723,38,100,-10,-19,120,benign,benign
54338.68334,100,0,0,2,0,0,37,61,105,20713,39,100,-9,-13,115,benign,benign
54339.19008,90,0,0,2,0,0,37,61,95,20700,39,100,-10,-18,101,benign,benign
54339.70514,90,0,0,1,0,0,37,61,86,20695,39,100,-13,-18,92,benign,benign
54340.21213,80,0,0,0,0,0,37,61,81,20696,40,100,-15,-20,86,benign,benign
54340.73299,80,0,0,0,0,-5,37,61,79,20696,41,100,-22,-26,78,benign,benign
54341.27155,80,1,-1,0,0,-1,37,61,80,20698,41,100,-13,-17,83,benign,benign
54341.79566,80,0,-1,0,0,-1,37,62,81,20691,42,100,-8,-12,84,benign,benign
54342.30434,80,0,-1,0,0,0,37,62,82,20696,42,100,-3,-6,85,benign,benign
54342.82595,80,0,-1,0,0,0,37,61,82,20701,43,100,-3,-3,85,benign,benign
54343.36251,80,2,1,0,-8,0,37,61,83,20693,43,100,-2,-8,84,benign,benign
54343.88152,80,2,1,0,0,0,37,62,82,20687,44,100,4,-15,86,benign,benign
54344.40811,80,1,1,0,-1,-1,37,62,82,20690,44,100,14,-30,87,benign,benign
54344.94447,80,2,0,0,-1,-1,37,62,83,20695,45,100,18,-36,91,benign,benign
54345.47156,80,2,0,0,-1,-1,37,62,83,20703,45,100,26,-33,96,benign,benign
54345.99068,80,2,0,0,-1,-1,37,62,83,20702,46,100,26,-33,96,benign,benign
54346.49843,80,2,0,0,-1,-1,37,62,84,20697,46,100,26,-33,96,benign,benign
54347.02175,80,0,0,0,0,0,37,63,83,20703,47,100,26,-33,96,benign,benign
54347.53837,80,-3,-2,0,7,0,37,63,82,20703,47,100,26,-33,96,benign,benign
54348.06151,80,-3,-2,0,-1,-1,37,63,81,20698,48,100,16,-26,97,benign,benign
54348.58623,80,-1,-1,0,-2,-1,37,63,80,20699,48,100,8,-34,82,benign,benign
54349.11083,80,0,-1,0,0,0,37,62,78,20697,49,100,-6,-23,82,benign,benign
54349.63001,80,0,-1,0,-2,-1,37,62,79,20705,49,100,-7,-17,81,benign,benign
54350.15335,80,0,-1,0,0,0,37,62,78,20702,50,100,-6,-10,82,benign,benign
54350.67435,80,0,0,0,0,0,52,62,79,20688,50,100,-4,-6,82,benign,benign
54351.19894,80,0,0,0,0,0,89,63,80,20700,51,100,-4,-8,83,benign,benign
54351.72315,80,0,0,0,0,0,120,63,80,20702,52,100,-2,-13,83,benign,benign
54352.24561,80,0,0,0,0,0,156,63,79,20700,52,100,-4,-15,84,benign,benign
54352.76522,80,0,0,0,0,0,-173,63,79,20695,53,100,-9,-20,82,benign,benign
54353.2759,80,0,0,0,0,0,-150,63,78,20700,53,100,-13,-20,81,benign,benign
54353.79651,80,0,0,0,0,0,-145,63,78,20699,54,100,-15,-19,81,benign,benign
54354.31811,80,0,0,0,0,0,-144,63,79,20699,54,100,-16,-13,82,benign,benign
54354.83592,80,0,0,0,0,0,-144,63,80,20701,55,100,-13,-12,83,benign,benign
54355.39171,80,-1,-1,0,-8,0,-143,63,82,20703,55,100,-9,-10,84,benign,benign
54355.92728,80,-2,-1,0,0,0,-144,64,82,20705,56,100,-32,-5,79,benign,benign
54356.44539,80,-1,-1,0,0,-1,-144,64,83,20712,56,100,-31,0,84,benign,benign
54356.99658,80,-1,-1,0,0,-1,-143,64,82,20706,57,100,-56,3,72,benign,benign
54357.50619,80,-2,-1,0,0,-1,-144,64,81,20701,57,100,-51,6,83,benign,benign
54358.04173,80,-1,0,0,0,0,-144,64,81,20701,58,100,-51,6,83,benign,benign
54358.57748,80,0,0,0,0,0,-144,64,82,20703,58,100,-51,6,83,benign,benign
54359.08512,80,3,0,0,5,1,-143,64,82,20701,59,100,-51,6,83,benign,benign
54359.6062,80,4,1,0,0,-1,-143,64,83,20707,59,100,-39,22,85,benign,benign
54360.12705,80,2,1,0,-1,-1,-144,64,81,20700,60,100,-18,16,84,benign,benign
54360.65199,80,1,1,0,-1,0,-144,64,80,20704,60,100,-2,12,84,benign,benign
54361.17109,80,0,0,0,0,0,-144,64,79,20706,61,100,4,7,82,benign,benign
54361.6941,80,0,0,0,0,0,-144,64,79,20702,62,100,8,9,81,benign,benign
54362.21171,80,0,0,0,-8,0,-143,64,79,20700,62,100,16,14,79,benign,benign
54362.73682,80,-3,-2,0,1,0,-143,64,77,20695,63,100,6,20,81,benign,benign
54363.26001,80,-1,-1,0,-1,-1,-143,64,78,20701,63,100,-3,30,83,benign,benign
54363.78213,80,-1,-1,0,-1,-1,-143,64,79,20698,64,100,-13,37,85,benign,benign
54364.31072,80,-2,0,0,-1,-1,-144,64,80,20704,64,100,-18,26,92,benign,benign
54364.83183,80,-2,0,0,-1,-1,-144,64,81,20707,65,100,-18,26,92,benign,benign
54365.35907,80,-2,0,0,-1,-1,-144,64,81,20702,65,100,-18,26,92,benign,benign
54365.86671,80,-1,0,0,2,1,-144,64,81,20702,66,100,-18,26,92,benign,benign
54366.39835,80,1,0,0,8,-2,-144,64,82,20707,66,100,-18,26,92,benign,benign
54366.95037,80,3,3,0,0,-2,-144,64,82,20711,67,100,-18,26,92,benign,benign
54367.47491,80,1,2,0,-1,-1,-143,64,81,20710,67,100,-18,26,92,benign,benign
54367.99583,80,0,1,0,-1,-1,-143,65,81,20706,68,100,-18,26,92,benign,benign
54368.51214,80,0,1,0,0,0,-144,65,81,20701,68,100,-18,26,92,benign,benign
54369.03322,80,0,1,0,-1,-1,-144,64,80,20704,69,100,16,26,84,benign,benign
54369.56677,80,0,0,0,0,-2,-144,64,79,20701,69,99,16,23,81,benign,benign
54370.08738,80,0,1,0,1,0,-143,64,79,20705,70,99,13,17,82,benign,benign
54370.60815,80,0,0,0,0,0,-143,64,80,20713,70,99,12,13,82,benign,benign
54371.16167,80,0,0,0,0,0,-143,64,80,20702,71,98,17,19,81,benign,benign
54371.71295,80,0,0,0,-8,0,-143,64,81,20703,71,98,15,23,82,benign,benign
54372.23628,80,-2,-2,0,0,-1,-144,65,79,20708,72,98,0,19,88,benign,benign
54372.83319,80,-2,-1,0,0,-1,-144,65,79,20701,73,98,0,19,88,benign,benign
54373.41664,80,-2,0,0,0,-1,-144,65,79,20702,73,97,0,19,88,benign,benign
54373.9658,80,-2,0,0,0,-1,-144,64,81,20706,74,97,0,19,88,benign,benign
54374.50078,80,-1,0,0,3,2,-144,64,80,20712,74,97,0,19,88,benign,benign
54375.02389,80,0,0,0,8,-2,-144,65,80,20707,75,97,0,19,88,benign,benign
54375.54536,80,3,3,0,4,-2,-144,65,81,20706,75,96,0,19,88,benign,benign
54376.09837,80,2,2,0,0,-1,-143,65,80,20706,76,96,5,49,79,benign,benign
54376.63593,80,0,2,0,-2,-2,-143,65,79,20706,76,96,11,38,79,benign,benign
54377.15312,80,0,1,0,0,0,-143,65,78,20699,77,95,10,22,82,benign,benign
54377.68994,80,0,1,0,0,0,-143,65,78,20705,78,95,11,14,81,benign,benign
54378.21152,80,0,1,0,1,0,-144,65,78,20707,78,95,5,9,81,benign,benign
54378.75038,80,0,0,0,-1,0,-144,65,79,20704,79,95,5,8,81,benign,benign
54379.27143,80,0,0,0,0,0,-117,65,80,20704,79,94,6,4,83,benign,benign
54379.79753,80,0,0,0,0,0,-81,65,80,20701,80,94,5,14,82,benign,benign
54380.35156,80,0,0,0,0,0,-52,65,80,20709,80,94,10,14,83,benign,benign
54380.90329,80,0,0,0,0,0,-22,65,81,20706,81,94,15,18,83,benign,benign
54381.45812,80,0,0,0,0,0,13,65,81,20702,81,93,14,24,82,benign,benign
54381.99747,80,0,0,0,0,0,31,65,81,20709,82,93,18,21,83,benign,benign
54382.547,80,0,0,0,0,0,34,65,81,20706,82,93,-200,-200,-200,benign,benign
54383.08663,80,0,0,0,0,0,34,65,79,20709,83,93,-200,-200,-200,benign,benign
54383.61562,70,0,0,3,0,0,34,65,70,20691,83,93,-200,-200,-200,benign,benign
54384.15617,50,0,0,4,0,0,34,65,47,20669,84,92,-200,-200,-200,benign,benign
54384.68675,20,0,0,4,0,0,34,65,21,20643,85,92,-200,-200,-200,benign,benign
54385.24152,0,0,0,3,-1,0,34,65,10,20250,85,92,-200,-200,-200,benign,benign
