timestamp_c,frame.number,frame.len,wlan.ta,wlan.sa,wlan.ra,wlan.da,wlan.bssid,wlan.duration,wlan.frag,wlan.seq,wlan.fc.type,wlan.fc.subtype,wlan.flags,wlan.fcs,wlan.fcs.status,wlan.qos,wlan.qos.priority,wlan.qos.ack,wlan.ccmp.extiv,wlan.wep.key,data.len,radiotap.hdr_length,radiotap.antenna_signal,radiotap.signal_quality,radiotap.channel.flags.ofdm,radiotap.channel.flags.cck,wlan_radio.datarate,wlan_radio.channel,wlan_radio.frequency,wlan_radio.signal_strength (dbm),wlan_radio.Noise level (dbm),wlan_radio.SNR (db),wlan_radio.preamble,class,class_raw
1683996559,3,293,0,1,1,0,0,44,0,4085,2,8,65,3729667838,2,0,0,0,4086,0,214,41,0,1,1,0,54,6,2437,0,0,0,20,evil_twin,evil_twin
1683996559,12,295,0,1,1,0,0,44,0,4086,2,8,65,19424122,2,0,0,0,4087,0,216,41,0,1,1,0,54,6,2437,0,0,0,20,evil_twin,evil_twin
1683996559,18,294,0,1,1,0,0,44,0,4087,2,8,65,3821132423,2,0,0,0,4088,0,215,41,0,1,1,0,54,6,2437,0,0,0,20,evil_twin,evil_twin
1683996559,30,294,0,1,1,0,0,44,0,4088,2,8,65,959072504,2,0,0,0,4089,0,215,41,0,1,1,0,54,6,2437,0,0,0,20,evil_twin,evil_twin
1683996559,42,294,0,1,1,0,0,44,0,4089,2,8,65,415469788,2,0,0,0,4090,0,215,41,0,1,1,0,54,6,2437,0,0,0,20,evil_twin,evil_twin
1683996559,53,293,0,1,1,0,0,44,0,4090,2,8,65,2705276751,2,0,0,0,4091,0,214,41,0,1,1,0,54,6,2437,0,0,0,20,evil_twin,evil_twin
1683996559,71,294,0,1,1,0,0,44,0,4091,2,8,65,2221251285,2,0,0,0,4092,0,215,41,0,1,1,0,54,6,2437,0,0,0,20,evil_twin,evil_twin
1683996559,92,296,0,1,1,0,0,44,0,4093,2,8,65,992226584,2,0,0,0,4094,0,217,41,0,1,1,0,54,6,2437,0,0,0,20,evil_twin,evil_twin
1683996559,103,295,0,1,1,0,0,44,0,4094,2,8,65,2912642177,2,0,0,0,4095,0,216,41,0,1,1,0,54,6,2437,0,0,0,20,evil_twin,evil_twin
1683996560,118,295,0,1,1,0,0,44,0,4095,2,8,65,1450192642,2,0,0,0,4096,0,216,41,0,1,1,0,54,6,2437,0,0,0,20,evil_twin,evil_twin
1683996560,130,294,0,1,1,0,0,44,0,0,2,8,65,1203236354,2,0,0,0,4097,0,215,41,0,1,1,0,54,6,2437,0,0,0,20,evil_twin,evil_twin
1683996560,144,294,0,1,1,0,0,44,0,1,2,8,65,1348479435,2,0,0,0,4098,0,215,41,0,1,1,0,54,6,2437,0,0,0,20,evil_twin,evil_twin
1683996560,159,295,0,1,1,0,0,44,0,2,2,8,65,2843317273,2,0,0,0,4099,0,216,41,0,1,1,0,54,6,2437,0,0,0,20,evil_twin,evil_twin
1683996560,178,295,0,1,1,0,0,44,0,3,2,8,65,3106509282,2,0,0,0,4100,0,216,41,0,1,1,0,54,6,2437,0,0,0,20,evil_twin,evil_twin
1683996560,191,295,0,1,1,0,0,44,0,4,2,8,65,1565619218,2,0,0,0,4101,0,216,41,0,1,1,0,54,6,2437,0,0,0,20,evil_twin,evil_twin
1683996560,205,295,0,1,1,0,0,44,0,5,2,8,65,833708565,2,0,0,0,4102,0,216,41,0,1,1,0,54,6,2437,0,0,0,20,evil_twin,evil_twin
1683996560,215,295,0,1,1,0,0,44,0,6,2,8,65,2332051716,2,0,0,0,4103,0,216,41,0,1,1,0,54,6,2437,0,0,0,20,evil_twin,evil_twin
1683996560,226,295,0,1,1,0,0,44,0,7,2,8,65,1624585026,2,0,0,0,4104,0,216,41,0,1,1,0,54,6,2437,0,0,0,20,evil_twin,evil_twin
1683996560,238,295,0,1,1,0,0,44,0,8,2,8,65,1886645588,2,0,0,0,4105,0,216,41,0,1,1,0,54,6,2437,0,0,0,20,evil_twin,evil_twin
1683996561,251,296,0,1,1,0,0,44,0,9,2,8,65,1130534182,2,0,0,0,4106,0,217,41,0,1,1,0,54,6,2437,0,0,0,20,evil_twin,evil_twin
1683996561,264,297,0,1,1,0,0,44,0,10,2,8,65,2098562084,2,0,0,0,4107,0,218,41,0,1,1,0,54,6,2437,0,0,0,20,evil_twin,evil_twin
1683996561,282,141,1,0,0,1,0,44,0,122,2,8,66,4098799993,2,0,0,0,125,0,62,41,0,1,1,0,54,6,2437,0,0,0,20,evil_twin,evil_twin
1683996561,285,141,0,1,1,0,0,44,0,11,2,8,65,3581486638,2,0,0,0,4108,0,62,41,0,1,1,0,54,6,2437,0,0,0,20,evil_twin,evil_twin
1683996561,299,296,0,1,1,0,0,44,0,12,2,8,65,2000589786,2,0,0,0,4109,0,217,41,0,1,1,0,54,6,2437,0,0,0,20,evil_twin,evil_twin
1683996561,313,295,0,1,1,0,0,44,0,13,2,8,65,3667526132,2,0,0,0,4110,0,216,41,0,1,1,0,54,6,2437,0,0,0,20,evil_twin,evil_twin
1683996561,325,295,0,1,1,0,0,44,0,14,2,8,65,375670858,2,0,0,0,4111,0,216,41,0,1,1,0,54,6,2437,0,0,0,20,evil_twin,evil_twin
1683996561,346,297,0,1,1,0,0,44,0,15,2,8,65,95639670,2,0,0,0,4112,0,218,41,0,1,1,0,54,6,2437,0,0,0,20,evil_twin,evil_twin
1683996561,360,294,0,1,1,0,0,44,0,16,2,8,65,1730006280,2,0,0,0,4113,0,215,41,0,1,1,0,54,6,2437,0,0,0,20,evil_twin,evil_twin
1683996561,389,296,0,1,1,0,0,44,0,17,2,8,65,347775746,2,0,0,0,4114,0,217,41,0,1,1,0,54,6,2437,0,0,0,20,evil_twin,evil_twin
1683996561,406,295,0,1,1,0,0,44,0,18,2,8,65,2388279551,2,0,0,0,4115,0,216,41,0,1,1,0,54,6,2437,0,0,0,20,evil_twin,evil_twin
1683996561,417,294,0,1,1,0,0,44,0,19,2,8,65,3534055846,2,0,0,0,4116,0,215,41,0,1,1,0,54,6,2437,0,0,0,20,evil_twin,evil_twin
1683996562,436,294,0,1,1,0,0,44,0,21,2,8,65,1161956870,2,0,0,0,4118,0,215,41,0,1,1,0,54,6,2437,0,0,0,20,evil_twin,evil_twin
1683996562,453,294,0,1,1,0,0,44,0,22,2,8,65,1638561990,2,0,0,0,4119,0,215,41,0,1,1,0,54,6,2437,0,0,0,20,evil_twin,evil_twin
1683996562,466,295,0,1,1,0,0,44,0,23,2,8,65,3523495964,2,0,0,0,4120,0,216,41,0,1,1,0,54,6,2437,0,0,0,20,evil_twin,evil_twin
1683996562,483,294,0,1,1,0,0,44,0,25,2,8,65,2379958927,2,0,0,0,4122,0,215,41,0,1,1,0,54,6,2437,0,0,0,20,evil_twin,evil_twin
1683996562,511,296,0,1,1,0,0,44,0,26,2,8,65,3185989959,2,0,0,0,4123,0,217,41,0,1,1,0,54,6,2437,0,0,0,20,evil_twin,evil_twin
1683996562,517,294,0,1,1,0,0,44,0,27,2,8,65,139124522,2,0,0,0,4124,0,215,41,0,1,1,0,54,6,2437,0,0,0,20,evil_twin,evil_twin
1683996562,529,296,0,1,1,0,0,44,0,28,2,8,65,3501771231,2,0,0,0,4125,0,217,41,0,1,1,0,54,6,2437,0,0,0,20,evil_twin,evil_twin
1683996562,541,293,0,1,1,0,0,44,0,29,2,8,65,3280541653,2,0,0,0,4126,0,214,41,0,1,1,0,54,6,2437,0,0,0,20,evil_twin,evil_twin
1683996563,559,295,0,1,1,0,0,44,0,30,2,8,65,3672798914,2,0,0,0,4127,0,216,41,0,1,1,0,54,6,2437,0,0,0,20,evil_twin,evil_twin
1683996563,570,296,0,1,1,0,0,44,0,31,2,8,65,3705432622,2,0,0,0,4128,0,217,41,0,1,1,0,54,6,2437,0,0,0,20,evil_twin,evil_twin
1683996563,587,295,0,1,1,0,0,44,0,32,2,8,65,1316968260,2,0,0,0,4129,0,216,41,0,1,1,0,54,6,2437,0,0,0,20,evil_twin,evil_twin
1683996563,602,296,0,1,1,0,0,44,0,33,2,8,65,542272054,2,0,0,0,4130,0,217,41,0,1,1,0,54,6,2437,0,0,0,20,evil_twin,evil_twin
1683996563,614,295,0,1,1,0,0,44,0,34,2,8,65,3413527149,2,0,0,0,4131,0,216,41,0,1,1,0,54,6,2437,0,0,0,20,evil_twin,evil_twin
1683996563,623,295,0,1,1,0,0,44,0,35,2,8,65,1789878411,2,0,0,0,4132,0,216,41,0,1,1,0,54,6,2437,0,0,0,20,evil_twin,evil_twin
1683996563,640,295,0,1,1,0,0,44,0,36,2,8,65,2281816368,2,0,0,0,4133,0,216,41,0,1,1,0,54,6,2437,0,0,0,20,evil_twin,evil_twin
1683996563,655,292,0,1,1,0,0,44,0,37,2,8,65,1719232272,2,0,0,0,4134,0,213,41,0,1,1,0,54,6,2437,0,0,0,20,evil_twin,evil_twin
1683996563,668,293,0,1,1,0,0,44,0,38,2,8,65,2570357534,2,0,0,0,4135,0,214,41,0,1,1,0,54,6,2437,0,0,0,20,evil_twin,evil_twin
1683996563,681,293,0,1,1,0,0,44,0,39,2,8,65,1192674796,2,0,0,0,4136,0,214,41,0,1,1,0,54,6,2437,0,0,0,20,evil_twin,evil_twin
1683996564,693,294,0,1,1,0,0,44,0,40,2,8,65,390126787,2,0,0,0,4137,0,215,41,0,1,1,0,54,6,2437,0,0,0,20,evil_twin,evil_twin
1683996564,708,295,0,1,1,0,0,44,0,41,2,8,65,131288676,2,0,0,0,4138,0,216,41,0,1,1,0,54,6,2437,0,0,0,20,evil_twin,evil_twin
1683996564,722,294,0,1,1,0,0,44,0,42,2,8,65,441890981,2,0,0,0,4139,0,215,41,0,1,1,0,54,6,2437,0,0,0,20,evil_twin,evil_twin
1683996564,734,292,0,1,1,0,0,44,0,43,2,8,65,3165423069,2,0,0,0,4140,0,213,41,0,1,1,0,54,6,2437,0,0,0,20,evil_twin,evil_twin
1683996564,749,293,0,1,1,0,0,44,0,44,2,8,65,4227189783,2,0,0,0,4141,0,214,41,0,1,1,0,54,6,2437,0,0,0,20,evil_twin,evil_twin
1683996564,772,294,0,1,1,0,0,44,0,45,2,8,65,2660427753,2,0,0,0,4142,0,215,41,0,1,1,0,54,6,2437,0,0,0,20,evil_twin,evil_twin
1683996564,787,293,0,1,1,0,0,44,0,46,2,8,65,1091647451,2,0,0,0,4143,0,214,41,0,1,1,0,54,6,2437,0,0,0,20,evil_twin,evil_twin
1683996564,797,296,0,1,1,0,0,44,0,47,2,8,65,3282852169,2,0,0,0,4144,0,217,41,0,1,1,0,54,6,2437,0,0,0,20,evil_twin,evil_twin
1683996564,812,293,0,1,1,0,0,44,0,48,2,8,65,3582152388,2,0,0,0,4145,0,214,41,0,1,1,0,54,6,2437,0,0,0,20,evil_twin,evil_twin
1683996565,825,294,0,1,1,0,0,44,0,49,2,8,65,3153174291,2,0,0,0,4146,0,215,41,0,1,1,0,54,6,2437,0,0,0,20,evil_twin,evil_twin
1683996565,839,295,0,1,1,0,0,44,0,50,2,8,65,3803635655,2,0,0,0,4147,0,216,41,0,1,1,0,54,6,2437,0,0,0,20,evil_twin,evil_twin
1683996565,851,295,0,1,1,0,0,44,0,51,2,8,65,1569704996,2,0,0,0,4148,0,216,41,0,1,1,0,54,6,2437,0,0,0,20,evil_twin,evil_twin
1683996565,868,295,0,1,1,0,0,44,0,52,2,8,65,1491112806,2,0,0,0,4149,0,216,41,0,1,1,0,54,6,2437,0,0,0,20,evil_twin,evil_twin
1683996565,881,294,0,1,1,0,0,44,0,53,2,8,65,1397590891,2,0,0,0,4150,0,215,41,0,1,1,0,54,6,2437,0,0,0,20,evil_twin,evil_twin
1683996565,896,295,0,1,1,0,0,44,0,54,2,8,65,2191340166,2,0,0,0,4151,0,216,41,0,1,1,0,54,6,2437,0,0,0,20,evil_twin,evil_twin
1683996565,999,293,0,1,1,0,0,44,0,55,2,8,65,2523176046,2,0,0,0,4152,0,214,41,0,1,1,0,54,6,2437,0,0,0,20,evil_twin,evil_twin
1683996565,1001,293,0,1,1,0,0,44,0,55,2,8,73,2964306463,2,0,0,0,4152,0,214,41,0,1,1,0,54,6,2437,0,0,0,20,evil_twin,evil_twin
1683996565,1072,295,0,1,1,0,0,44,0,56,2,8,65,2014316631,2,0,0,0,4153,0,216,41,0,1,1,0,54,6,2437,0,0,0,20,evil_twin,evil_twin
1683996565,1081,296,0,1,1,0,0,44,0,57,2,8,65,3480078634,2,0,0,0,4154,0,217,41,0,1,1,0,54,6,2437,0,0,0,20,evil_twin,evil_twin
1683996565,1101,125,0,1,1,0,0,44,0,58,2,8,65,3127220074,2,0,0,0,4155,0,46,41,0,1,1,0,54,6,2437,0,0,0,20,evil_twin,evil_twin
1683996565,1126,295,0,1,1,0,0,44,0,59,2,8,65,1882320205,2,0,0,0,4156,0,216,41,0,1,1,0,54,6,2437,0,0,0,20,evil_twin,evil_twin
1683996565,1129,141,1,0,0,1,0,44,0,123,2,8,66,3073533517,2,0,0,0,126,0,62,41,0,1,1,0,54,6,2437,0,0,0,20,evil_twin,evil_twin
1683996566,1167,294,0,1,1,0,0,44,0,60,2,8,65,3876868893,2,0,0,0,4157,0,215,41,0,1,1,0,54,6,2437,0,0,0,20,evil_twin,evil_twin
1683996566,1185,294,0,1,1,0,0,44,0,62,2,8,65,2315224498,2,0,0,0,4159,0,215,41,0,1,1,0,54,6,2437,0,0,0,20,evil_twin,evil_twin
1683996566,1197,294,0,1,1,0,0,44,0,63,2,8,65,1433014838,2,0,0,0,4160,0,215,41,0,1,1,0,54,6,2437,0,0,0,20,evil_twin,evil_twin
1683996566,1211,296,0,1,1,0,0,44,0,64,2,8,65,3301850197,2,0,0,0,4161,0,217,41,0,1,1,0,54,6,2437,0,0,0,20,evil_twin,evil_twin
1683996566,1228,295,0,1,1,0,0,44,0,65,2,8,65,3866577079,2,0,0,0,4162,0,216,41,0,1,1,0,54,6,2437,0,0,0,20,evil_twin,evil_twin
1683996566,1247,295,0,1,1,0,0,44,0,66,2,8,65,3893193429,2,0,0,0,4163,0,216,41,0,1,1,0,54,6,2437,0,0,0,20,evil_twin,evil_twin
1683996566,1260,295,0,1,1,0,0,44,0,67,2,8,65,2037539910,2,0,0,0,4164,0,216,41,0,1,1,0,54,6,2437,0,0,0,20,evil_twin,evil_twin
1683996566,1273,296,0,1,1,0,0,44,0,68,2,8,65,1450209136,2,0,0,0,4165,0,217,41,0,1,1,0,54,6,2437,0,0,0,20,evil_twin,evil_twin
1683996566,1287,296,0,1,1,0,0,44,0,69,2,8,65,1110759023,2,0,0,0,4166,0,217,41,0,1,1,0,54,6,2437,0,0,0,20,evil_twin,evil_twin
1683996566,1307,294,0,1,1,0,0,44,0,70,2,8,65,442836179,2,0,0,0,4167,0,215,41,0,1,1,0,54,6,2437,0,0,0,20,evil_twin,evil_twin
1683996567,1321,295,0,1,1,0,0,44,0,71,2,8,65,1074285259,2,0,0,0,4168,0,216,41,0,1,1,0,54,6,2437,0,0,0,20,evil_twin,evil_twin
1683996567,1334,294,0,1,1,0,0,44,0,72,2,8,65,3270785994,2,0,0,0,4169,0,215,41,0,1,1,0,54,6,2437,0,0,0,20,evil_twin,evil_twin
1683996567,1349,294,0,1,1,0,0,44,0,73,2,8,65,1611209479,2,0,0,0,4170,0,215,41,0,1,1,0,54,6,2437,0,0,0,20,evil_twin,evil_twin
1683996567,1352,294,0,1,1,0,0,44,0,73,2,8,73,1194168715,2,0,0,0,4170,0,215,41,0,1,1,0,54,6,2437,0,0,0,20,evil_twin,evil_twin
1683996567,1355,294,0,1,1,0,0,44,0,73,2,8,73,1194168715,2,0,0,0,4170,0,215,41,0,1,1,0,48,6,2437,0,0,0,20,evil_twin,evil_twin
1683996567,1358,294,0,1,1,0,0,44,0,73,2,8,73,1194168715,2,0,0,0,4170,0,215,41,0,1,1,0,48,6,2437,0,0,0,20,evil_twin,evil_twin
1683996567,1372,294,0,1,1,0,0,44,0,74,2,8,65,829303807,2,0,0,0,4171,0,215,41,0,1,1,0,54,6,2437,0,0,0,20,evil_twin,evil_twin
1683996567,1386,293,0,1,1,0,0,44,0,75,2,8,65,3403968782,2,0,0,0,4172,0,214,41,0,1,1,0,54,6,2437,0,0,0,20,evil_twin,evil_twin
1683996567,1402,294,0,1,1,0,0,44,0,76,2,8,65,2620248205,2,0,0,0,4173,0,215,41,0,1,1,0,54,6,2437,0,0,0,20,evil_twin,evil_twin
1683996567,1417,294,0,1,1,0,0,44,0,77,2,8,65,188865882,2,0,0,0,4174,0,215,41,0,1,1,0,54,6,2437,0,0,0,20,evil_twin,evil_twin
1683996567,1430,295,0,1,1,0,0,44,0,78,2,8,65,1599717595,2,0,0,0,4175,0,216,41,0,1,1,0,54,6,2437,0,0,0,20,evil_twin,evil_twin
1683996567,1456,296,0,1,1,0,0,44,0,79,2,8,65,1290639957,2,0,0,0,4176,0,217,41,0,1,1,0,54,6,2437,0,0,0,20,evil_twin,evil_twin
1683996568,1473,294,0,1,1,0,0,44,0,80,2,8,65,886319288,2,0,0,0,4177,0,215,41,0,1,1,0,54,6,2437,0,0,0,20,evil_twin,evil_twin
1683996568,1495,295,0,1,1,0,0,44,0,81,2,8,65,2879647152,2,0,0,0,4178,0,216,41,0,1,1,0,54,6,2437,0,0,0,20,evil_twin,evil_twin
1683996568,1509,295,0,1,1,0,0,44,0,82,2,8,65,2936818383,2,0,0,0,4179,0,216,41,0,1,1,0,54,6,2437,0,0,0,20,evil_twin,evil_twin
1683996568,1517,125,0,1,1,0,0,44,0,83,2,8,65,1030643460,2,0,0,0,4180,0,46,41,0,1,1,0,54,6,2437,0,0,0,20,evil_twin,evil_twin
1683996568,1524,297,0,1,1,0,0,44,0,84,2,8,65,3976162044,2,0,0,0,4181,0,218,41,0,1,1,0,54,6,2437,0,0,0,20,evil_twin,evil_twin
1683996568,1534,294,0,1,1,0,0,44,0,85,2,8,65,4258968980,2,0,0,0,4182,0,215,41,0,1,1,0,54,6,2437,0,0,0,20,evil_twin,evil_twin
1683996568,1566,141,1,0,0,1,0,44,0,124,2,8,66,3078931441,2,0,0,0,127,0,62,41,0,1,1,0,54,6,2437,0,0,0,20,evil_twin,evil_twin
1683996568,1569,296,0,1,1,0,0,44,0,86,2,8,65,3182195891,2,0,0,0,4183,0,217,41,0,1,1,0,54,6,2437,0,0,0,20,evil_twin,evil_twin
1683996568,1593,296,0,1,1,0,0,44,0,87,2,8,65,3405015403,2,0,0,0,4184,0,217,41,0,1,1,0,54,6,2437,0,0,0,20,evil_twin,evil_twin
1683996568,1606,296,0,1,1,0,0,44,0,88,2,8,65,423098315,2,0,0,0,4185,0,217,41,0,1,1,0,54,6,2437,0,0,0,20,evil_twin,evil_twin
1683996568,1622,298,0,1,1,0,0,44,0,89,2,8,65,2744589244,2,0,0,0,4186,0,219,41,0,1,1,0,54,6,2437,0,0,0,20,evil_twin,evil_twin
1683996568,1638,298,0,1,1,0,0,44,0,90,2,8,65,2266559831,2,0,0,0,4187,0,219,41,0,1,1,0,54,6,2437,0,0,0,20,evil_twin,evil_twin
1683996569,1652,300,0,1,1,0,0,44,0,91,2,8,65,880142999,2,0,0,0,4188,0,221,41,0,1,1,0,54,6,2437,0,0,0,20,evil_twin,evil_twin
1683996569,1664,301,0,1,1,0,0,44,0,92,2,8,65,3538846786,2,0,0,0,4189,0,222,41,0,1,1,0,54,6,2437,0,0,0,20,evil_twin,evil_twin
1683996569,1678,298,0,1,1,0,0,44,0,93,2,8,65,842478460,2,0,0,0,4190,0,219,41,0,1,1,0,54,6,2437,0,0,0,20,evil_twin,evil_twin
1683996569,1683,299,0,1,1,0,0,44,0,94,2,8,65,1665022474,2,0,0,0,4191,0,220,41,0,1,1,0,54,6,2437,0,0,0,20,evil_twin,evil_twin
1683996569,1694,298,0,1,1,0,0,44,0,95,2,8,65,60913793,2,0,0,0,4192,0,219,41,0,1,1,0,54,6,2437,0,0,0,20,evil_twin,evil_twin
1683996569,1705,296,0,1,1,0,0,44,0,96,2,8,65,2530313142,2,0,0,0,4193,0,217,41,0,1,1,0,54,6,2437,0,0,0,20,evil_twin,evil_twin
1683996569,1717,299,0,1,1,0,0,44,0,97,2,8,65,198525826,2,0,0,0,4194,0,220,41,0,1,1,0,54,6,2437,0,0,0,20,evil_twin,evil_twin
1683996569,1728,300,0,1,1,0,0,44,0,98,2,8,65,2011340786,2,0,0,0,4195,0,221,41,0,1,1,0,54,6,2437,0,0,0,20,evil_twin,evil_twin
1683996569,1745,298,0,1,1,0,0,44,0,100,2,8,65,2070573476,2,0,0,0,4197,0,219,41,0,1,1,0,54,6,2437,0,0,0,20,evil_twin,evil_twin
1683996570,1769,297,0,1,1,0,0,44,0,102,2,8,65,2175260236,2,0,0,0,4199,0,218,41,0,1,1,0,54,6,2437,0,0,0,20,evil_twin,evil_twin
1683996570,1781,299,0,1,1,0,0,44,0,103,2,8,65,2626524196,2,0,0,0,4200,0,220,41,0,1,1,0,54,6,2437,0,0,0,20,evil_twin,evil_twin
1683996570,1802,125,0,1,1,0,0,44,0,105,2,8,65,2702258965,2,0,0,0,4202,0,46,41,0,1,1,0,54,6,2437,0,0,0,20,evil_twin,evil_twin
1683996570,1807,294,0,1,1,0,0,44,0,106,2,8,65,2927189711,2,0,0,0,4203,0,215,41,0,1,1,0,54,6,2437,0,0,0,20,evil_twin,evil_twin
1683996570,1822,141,1,0,0,1,0,44,0,125,2,8,66,2787271617,2,0,0,0,128,0,62,41,0,1,1,0,54,6,2437,0,0,0,20,evil_twin,evil_twin
1683996570,1829,296,0,1,1,0,0,44,0,107,2,8,65,1707811816,2,0,0,0,4204,0,217,41,0,1,1,0,54,6,2437,0,0,0,20,evil_twin,evil_twin
1683996570,1852,296,0,1,1,0,0,44,0,108,2,8,65,1662513347,2,0,0,0,4205,0,217,41,0,1,1,0,54,6,2437,0,0,0,20,evil_twin,evil_twin
1683996570,1872,298,0,1,1,0,0,44,0,109,2,8,65,3416007127,2,0,0,0,4206,0,219,41,0,1,1,0,54,6,2437,0,0,0,20,evil_twin,evil_twin
1683996570,1886,297,0,1,1,0,0,44,0,110,2,8,65,509813177,2,0,0,0,4207,0,218,41,0,1,1,0,54,6,2437,0,0,0,20,evil_twin,evil_twin
1683996570,1894,295,0,1,1,0,0,44,0,111,2,8,65,3983358421,2,0,0,0,4208,0,216,41,0,1,1,0,54,6,2437,0,0,0,20,evil_twin,evil_twin
1683996571,1912,295,0,1,1,0,0,44,0,112,2,8,65,951785390,2,0,0,0,4209,0,216,41,0,1,1,0,54,6,2437,0,0,0,20,evil_twin,evil_twin
1683996571,1921,295,0,1,1,0,0,44,0,113,2,8,65,3426627108,2,0,0,0,4210,0,216,41,0,1,1,0,54,6,2437,0,0,0,20,evil_twin,evil_twin
1683996571,1941,295,0,1,1,0,0,44,0,114,2,8,65,1045989598,2,0,0,0,4211,0,216,41,0,1,1,0,54,6,2437,0,0,0,20,evil_twin,evil_twin
1683996571,1958,296,0,1,1,0,0,44,0,115,2,8,65,3981356838,2,0,0,0,4212,0,217,41,0,1,1,0,54,6,2437,0,0,0,20,evil_twin,evil_twin
1683996571,1966,296,0,1,1,0,0,44,0,116,2,8,65,908240944,2,0,0,0,4213,0,217,41,0,1,1,0,54,6,2437,0,0,0,20,evil_twin,evil_twin
1683996571,1977,296,0,1,1,0,0,44,0,117,2,8,65,276615370,2,0,0,0,4214,0,217,41,0,1,1,0,54,6,2437,0,0,0,20,evil_twin,evil_twin
1683996571,1991,296,0,1,1,0,0,44,0,118,2,8,65,1134348715,2,0,0,0,4215,0,217,41,0,1,1,0,54,6,2437,0,0,0,20,evil_twin,evil_twin
1683996571,2007,298,0,1,1,0,0,44,0,119,2,8,65,3361612652,2,0,0,0,4216,0,219,41,0,1,1,0,54,6,2437,0,0,0,20,evil_twin,evil_twin
1683996571,2018,295,0,1,1,0,0,44,0,120,2,8,65,2762979623,2,0,0,0,4217,0,216,41,0,1,1,0,54,6,2437,0,0,0,20,evil_twin,evil_twin
1683996571,2032,297,0,1,1,0,0,44,0,121,2,8,65,1714301165,2,0,0,0,4218,0,218,41,0,1,1,0,54,6,2437,0,0,0,20,evil_twin,evil_twin
1683996572,2043,297,0,1,1,0,0,44,0,122,2,8,65,1643583034,2,0,0,0,4219,0,218,41,0,1,1,0,54,6,2437,0,0,0,20,evil_twin,evil_twin
1683996572,2055,297,0,1,1,0,0,44,0,123,2,8,65,1741358552,2,0,0,0,4220,0,218,41,0,1,1,0,54,6,2437,0,0,0,20,evil_twin,evil_twin
1683996572,2068,299,0,1,1,0,0,44,0,124,2,8,65,2448613632,2,0,0,0,4221,0,220,41,0,1,1,0,54,6,2437,0,0,0,20,evil_twin,evil_twin
1683996572,2079,125,0,1,1,0,0,44,0,125,2,8,65,3624683918,2,0,0,0,4222,0,46,41,0,1,1,0,54,6,2437,0,0,0,20,evil_twin,evil_twin
1683996572,2083,296,0,1,1,0,0,44,0,126,2,8,65,2207470461,2,0,0,0,4223,0,217,41,0,1,1,0,54,6,2437,0,0,0,20,evil_twin,evil_twin
1683996572,2099,295,0,1,1,0,0,44,0,127,2,8,65,4073206180,2,0,0,0,4224,0,216,41,0,1,1,0,54,6,2437,0,0,0,20,evil_twin,evil_twin
1683996572,2113,295,0,1,1,0,0,44,0,128,2,8,65,657027162,2,0,0,0,4225,0,216,41,0,1,1,0,54,6,2437,0,0,0,20,evil_twin,evil_twin
1683996572,2122,294,0,1,1,0,0,44,0,129,2,8,65,130009240,2,0,0,0,4226,0,215,41,0,1,1,0,54,6,2437,0,0,0,20,evil_twin,evil_twin
1683996572,2135,296,0,1,1,0,0,44,0,130,2,8,65,1702497047,2,0,0,0,4227,0,217,41,0,1,1,0,54,6,2437,0,0,0,20,evil_twin,evil_twin
1683996572,2159,296,0,1,1,0,0,44,0,131,2,8,65,1118043813,2,0,0,0,4228,0,217,41,0,1,1,0,54,6,2437,0,0,0,20,evil_twin,evil_twin
1683996572,2172,296,0,1,1,0,0,44,0,132,2,8,65,459024734,2,0,0,0,4229,0,217,41,0,1,1,0,54,6,2437,0,0,0,20,evil_twin,evil_twin
1683996573,2191,297,0,1,1,0,0,44,0,133,2,8,65,223838491,2,0,0,0,4230,0,218,41,0,1,1,0,54,6,2437,0,0,0,20,evil_twin,evil_twin
1683996573,2207,295,0,1,1,0,0,44,0,134,2,8,65,1590388279,2,0,0,0,4231,0,216,41,0,1,1,0,54,6,2437,0,0,0,20,evil_twin,evil_twin
1683996573,2223,296,0,1,1,0,0,44,0,135,2,8,65,1719441644,2,0,0,0,4232,0,217,41,0,1,1,0,54,6,2437,0,0,0,20,evil_twin,evil_twin
1683996573,2243,295,0,1,1,0,0,44,0,136,2,8,65,153399201,2,0,0,0,4233,0,216,41,0,1,1,0,54,6,2437,0,0,0,20,evil_twin,evil_twin
1683996573,2295,296,0,1,1,0,0,44,0,137,2,8,73,3214275751,2,0,0,0,4234,0,217,41,0,1,1,0,54,6,2437,0,0,0,20,evil_twin,evil_twin
1683996573,2322,296,0,1,1,0,0,44,0,138,2,8,65,2931508,2,0,0,0,4235,0,217,41,0,1,1,0,54,6,2437,0,0,0,20,evil_twin,evil_twin
1683996573,2339,298,0,1,1,0,0,44,0,139,2,8,65,1348779681,2,0,0,0,4236,0,219,41,0,1,1,0,54,6,2437,0,0,0,20,evil_twin,evil_twin
1683996573,2360,296,0,1,1,0,0,44,0,141,2,8,65,3096175159,2,0,0,0,4238,0,217,41,0,1,1,0,54,6,2437,0,0,0,20,evil_twin,evil_twin
1683996573,2374,294,0,1,1,0,0,44,0,142,2,8,65,2412326458,2,0,0,0,4239,0,215,41,0,1,1,0,54,6,2437,0,0,0,20,evil_twin,evil_twin
1683996574,2406,296,0,1,1,0,0,44,0,145,2,8,65,4056087396,2,0,0,0,4242,0,217,41,0,1,1,0,54,6,2437,0,0,0,20,evil_twin,evil_twin
1683996574,2424,141,1,0,0,1,0,44,0,126,2,8,66,1886161689,2,0,0,0,129,0,62,41,0,1,1,0,54,6,2437,0,0,0,20,evil_twin,evil_twin
1683996574,2430,296,0,1,1,0,0,44,0,147,2,8,65,807230669,2,0,0,0,4244,0,217,41,0,1,1,0,54,6,2437,0,0,0,20,evil_twin,evil_twin
1683996574,2443,295,0,1,1,0,0,44,0,148,2,8,65,1598847281,2,0,0,0,4245,0,216,41,0,1,1,0,54,6,2437,0,0,0,20,evil_twin,evil_twin
1683996574,2458,296,0,1,1,0,0,44,0,149,2,8,65,1170696404,2,0,0,0,4246,0,217,41,0,1,1,0,54,6,2437,0,0,0,20,evil_twin,evil_twin
1683996574,2469,294,0,1,1,0,0,44,0,150,2,8,65,1775893805,2,0,0,0,4247,0,215,41,0,1,1,0,54,6,2437,0,0,0,20,evil_twin,evil_twin
1683996574,2484,294,0,1,1,0,0,44,0,151,2,8,65,1442583614,2,0,0,0,4248,0,215,41,0,1,1,0,54,6,2437,0,0,0,20,evil_twin,evil_twin
1683996574,2500,296,0,1,1,0,0,44,0,152,2,8,65,2035987917,2,0,0,0,4249,0,217,41,0,1,1,0,54,6,2437,0,0,0,20,evil_twin,evil_twin
1683996575,2512,296,0,1,1,0,0,44,0,153,2,8,65,1541059709,2,0,0,0,4250,0,217,41,0,1,1,0,54,6,2437,0,0,0,20,evil_twin,evil_twin
1683996575,2533,296,0,1,1,0,0,44,0,154,2,8,65,774057377,2,0,0,0,4251,0,217,41,0,1,1,0,54,6,2437,0,0,0,20,evil_twin,evil_twin
1683996575,2549,296,0,1,1,0,0,44,0,155,2,8,65,699778383,2,0,0,0,4252,0,217,41,0,1,1,0,54,6,2437,0,0,0,20,evil_twin,evil_twin
1683996575,2565,295,0,1,1,0,0,44,0,156,2,8,65,3930737017,2,0,0,0,4253,0,216,41,0,1,1,0,54,6,2437,0,0,0,20,evil_twin,evil_twin
1683996575,2580,297,0,1,1,0,0,44,0,157,2,8,65,1457408661,2,0,0,0,4254,0,218,41,0,1,1,0,54,6,2437,0,0,0,20,evil_twin,evil_twin
1683996575,2597,296,0,1,1,0,0,44,0,158,2,8,65,2841560793,2,0,0,0,4255,0,217,41,0,1,1,0,54,6,2437,0,0,0,20,evil_twin,evil_twin
1683996575,2610,295,0,1,1,0,0,44,0,159,2,8,65,1157452901,2,0,0,0,4256,0,216,41,0,1,1,0,54,6,2437,0,0,0,20,evil_twin,evil_twin
1683996575,2635,296,0,1,1,0,0,44,0,161,2,8,65,9101200,2,0,0,0,4258,0,217,41,0,1,1,0,54,6,2437,0,0,0,20,evil_twin,evil_twin
1683996575,2644,297,0,1,1,0,0,44,0,162,2,8,65,508597165,2,0,0,0,4259,0,218,41,0,1,1,0,54,6,2437,0,0,0,20,evil_twin,evil_twin
1683996576,2652,295,0,1,1,0,0,44,0,163,2,8,65,910164018,2,0,0,0,4260,0,216,41,0,1,1,0,54,6,2437,0,0,0,20,evil_twin,evil_twin
1683996576,2661,297,0,1,1,0,0,44,0,164,2,8,65,3549617729,2,0,0,0,4261,0,218,41,0,1,1,0,54,6,2437,0,0,0,20,evil_twin,evil_twin
1683996576,2674,297,0,1,1,0,0,44,0,165,2,8,65,3451897378,2,0,0,0,4262,0,218,41,0,1,1,0,54,6,2437,0,0,0,20,evil_twin,evil_twin
1683996576,2678,298,0,1,1,0,0,44,0,166,2,8,65,2282979365,2,0,0,0,4263,0,219,41,0,1,1,0,54,6,2437,0,0,0,20,evil_twin,evil_twin
1683996576,2691,125,0,1,1,0,0,44,0,167,2,8,65,2677223872,2,0,0,0,4264,0,46,41,0,1,1,0,54,6,2437,0,0,0,20,evil_twin,evil_twin
1683996576,2694,297,0,1,1,0,0,44,0,168,2,8,65,153411017,2,0,0,0,4265,0,218,41,0,1,1,0,54,6,2437,0,0,0,20,evil_twin,evil_twin
1683996576,2704,298,0,1,1,0,0,44,0,169,2,8,65,1746755754,2,0,0,0,4266,0,219,41,0,1,1,0,54,6,2437,0,0,0,20,evil_twin,evil_twin
1683996576,2720,141,1,0,0,1,0,44,0,127,2,8,66,3568685110,2,0,0,0,130,0,62,41,0,1,1,0,54,6,2437,0,0,0,20,evil_twin,evil_twin
1683996576,2724,296,0,1,1,0,0,44,0,170,2,8,65,2114496640,2,0,0,0,4267,0,217,41,0,1,1,0,54,6,2437,0,0,0,20,evil_twin,evil_twin
1683996576,2733,296,0,1,1,0,0,44,0,171,2,8,65,2303949925,2,0,0,0,4268,0,217,41,0,1,1,0,54,6,2437,0,0,0,20,evil_twin,evil_twin
1683996576,2735,296,0,1,1,0,0,44,0,171,2,8,73,319350328,2,0,0,0,4268,0,217,41,0,1,1,0,54,6,2437,0,0,0,20,evil_twin,evil_twin
1683996576,2743,299,0,1,1,0,0,44,0,172,2,8,65,870435185,2,0,0,0,4269,0,220,41,0,1,1,0,54,6,2437,0,0,0,20,evil_twin,evil_twin
1683996576,2757,300,0,1,1,0,0,44,0,173,2,8,65,3821556292,2,0,0,0,4270,0,221,41,0,1,1,0,54,6,2437,0,0,0,20,evil_twin,evil_twin
1683996577,2766,301,0,1,1,0,0,44,0,174,2,8,65,671454466,2,0,0,0,4271,0,222,41,0,1,1,0,54,6,2437,0,0,0,20,evil_twin,evil_twin
1683996577,2806,300,0,1,1,0,0,44,0,176,2,8,65,2711371956,2,0,0,0,4273,0,221,41,0,1,1,0,54,6,2437,0,0,0,20,evil_twin,evil_twin
1683996577,2816,301,0,1,1,0,0,44,0,177,2,8,65,682722642,2,0,0,0,4274,0,222,41,0,1,1,0,54,6,2437,0,0,0,20,evil_twin,evil_twin
1683996577,2826,300,0,1,1,0,0,44,0,178,2,8,65,862146163,2,0,0,0,4275,0,221,41,0,1,1,0,54,6,2437,0,0,0,20,evil_twin,evil_twin
1683996577,2835,300,0,1,1,0,0,44,0,179,2,8,65,3374011517,2,0,0,0,4276,0,221,41,0,1,1,0,54,6,2437,0,0,0,20,evil_twin,evil_twin
1683996577,2843,299,0,1,1,0,0,44,0,180,2,8,65,3489935423,2,0,0,0,4277,0,220,41,0,1,1,0,54,6,2437,0,0,0,20,evil_twin,evil_twin
1683996577,2869,300,0,1,1,0,0,44,0,181,2,8,65,3616875532,2,0,0,0,4278,0,221,41,0,1,1,0,54,6,2437,0,0,0,20,evil_twin,evil_twin
1683996577,2879,300,0,1,1,0,0,44,0,182,2,8,65,96600353,2,0,0,0,4279,0,221,41,0,1,1,0,54,6,2437,0,0,0,20,evil_twin,evil_twin
1683996577,2890,299,0,1,1,0,0,44,0,183,2,8,65,2280982198,2,0,0,0,4280,0,220,41,0,1,1,0,54,6,2437,0,0,0,20,evil_twin,evil_twin
1683996578,2906,300,0,1,1,0,0,44,0,184,2,8,65,1694032013,2,0,0,0,4281,0,221,41,0,1,1,0,54,6,2437,0,0,0,20,evil_twin,evil_twin
1683996578,2915,299,0,1,1,0,0,44,0,185,2,8,65,1894510591,2,0,0,0,4282,0,220,41,0,1,1,0,54,6,2437,0,0,0,20,evil_twin,evil_twin
1683996578,2924,300,0,1,1,0,0,44,0,186,2,8,65,3845254823,2,0,0,0,4283,0,221,41,0,1,1,0,54,6,2437,0,0,0,20,evil_twin,evil_twin
1683996578,2949,298,0,1,1,0,0,44,0,188,2,8,65,2283463323,2,0,0,0,4285,0,219,41,0,1,1,0,54,6,2437,0,0,0,20,evil_twin,evil_twin
1683996578,2952,125,0,1,1,0,0,44,0,189,2,8,65,1255963351,2,0,0,0,4286,0,46,41,0,1,1,0,54,6,2437,0,0,0,20,evil_twin,evil_twin
1683996578,2959,141,1,0,0,1,0,44,0,128,2,8,66,1573711183,2,0,0,0,131,0,62,41,0,1,1,0,54,6,2437,0,0,0,20,evil_twin,evil_twin
1683996578,2967,297,0,1,1,0,0,44,0,190,2,8,65,2319133360,2,0,0,0,4287,0,218,41,0,1,1,0,54,6,2437,0,0,0,20,evil_twin,evil_twin
1683996578,2978,296,0,1,1,0,0,44,0,191,2,8,65,1656015084,2,0,0,0,4288,0,217,41,0,1,1,0,54,6,2437,0,0,0,20,evil_twin,evil_twin
1683996578,2991,299,0,1,1,0,0,44,0,192,2,8,65,3987507907,2,0,0,0,4289,0,220,41,0,1,1,0,54,6,2437,0,0,0,20,evil_twin,evil_twin
1683996578,3001,297,0,1,1,0,0,44,0,193,2,8,65,1418872577,2,0,0,0,4290,0,218,41,0,1,1,0,54,6,2437,0,0,0,20,evil_twin,evil_twin
1683996578,3009,298,0,1,1,0,0,44,0,194,2,8,65,2998081050,2,0,0,0,4291,0,219,41,0,1,1,0,54,6,2437,0,0,0,20,evil_twin,evil_twin
1683996579,3017,298,0,1,1,0,0,44,0,195,2,8,65,1356359535,2,0,0,0,4292,0,219,41,0,1,1,0,54,6,2437,0,0,0,20,evil_twin,evil_twin
1683996579,3028,298,0,1,1,0,0,44,0,196,2,8,65,978511993,2,0,0,0,4293,0,219,41,0,1,1,0,54,6,2437,0,0,0,20,evil_twin,evil_twin
1683996579,3042,298,0,1,1,0,0,44,0,197,2,8,65,364545619,2,0,0,0,4294,0,219,41,0,1,1,0,54,6,2437,0,0,0,20,evil_twin,evil_twin
1683996579,3052,298,0,1,1,0,0,44,0,198,2,8,65,434020274,2,0,0,0,4295,0,219,41,0,1,1,0,54,6,2437,0,0,0,20,evil_twin,evil_twin
1683996579,3074,297,0,1,1,0,0,44,0,199,2,8,65,2452990276,2,0,0,0,4296,0,218,41,0,1,1,0,54,6,2437,0,0,0,20,evil_twin,evil_twin
1683996579,3088,296,0,1,1,0,0,44,0,200,2,8,65,3948588706,2,0,0,0,4297,0,217,41,0,1,1,0,54,6,2437,0,0,0,20,evil_twin,evil_twin
1683996579,3098,296,0,1,1,0,0,44,0,201,2,8,65,3176088616,2,0,0,0,4298,0,217,41,0,1,1,0,54,6,2437,0,0,0,20,evil_twin,evil_twin
1683996579,3106,296,0,1,1,0,0,44,0,202,2,8,65,18997953,2,0,0,0,4299,0,217,41,0,1,1,0,54,6,2437,0,0,0,20,evil_twin,evil_twin
1683996579,3119,296,0,1,1,0,0,44,0,203,2,8,65,1682327932,2,0,0,0,4300,0,217,41,0,1,1,0,54,6,2437,0,0,0,20,evil_twin,evil_twin
1683996580,3131,296,0,1,1,0,0,44,0,205,2,8,65,892874024,2,0,0,0,4302,0,217,41,0,1,1,0,54,6,2437,0,0,0,20,evil_twin,evil_twin
1683996580,3141,298,0,1,1,0,0,44,0,206,2,8,65,3728525711,2,0,0,0,4303,0,219,41,0,1,1,0,54,6,2437,0,0,0,20,evil_twin,evil_twin
1683996580,3151,297,0,1,1,0,0,44,0,207,2,8,65,3939789104,2,0,0,0,4304,0,218,41,0,1,1,0,54,6,2437,0,0,0,20,evil_twin,evil_twin
1683996580,3153,297,0,1,1,0,0,44,0,207,2,8,73,4287897571,2,0,0,0,4304,0,218,41,0,1,1,0,54,6,2437,0,0,0,20,evil_twin,evil_twin
1683996580,3173,298,0,1,1,0,0,44,0,209,2,8,65,1976649569,2,0,0,0,4306,0,219,41,0,1,1,0,54,6,2437,0,0,0,20,evil_twin,evil_twin
1683996580,3181,125,0,1,1,0,0,44,0,210,2,8,65,2144504445,2,0,0,0,4307,0,46,41,0,1,1,0,54,6,2437,0,0,0,20,evil_twin,evil_twin
1683996580,3193,296,0,1,1,0,0,44,0,212,2,8,65,1614018831,2,0,0,0,4309,0,217,41,0,1,1,0,54,6,2437,0,0,0,20,evil_twin,evil_twin
1683996580,3205,296,0,1,1,0,0,44,0,213,2,8,65,1904607566,2,0,0,0,4310,0,217,41,0,1,1,0,54,6,2437,0,0,0,20,evil_twin,evil_twin
1683996580,3236,297,0,1,1,0,0,44,0,215,2,8,65,162679684,2,0,0,0,4312,0,218,41,0,1,1,0,54,6,2437,0,0,0,20,evil_twin,evil_twin
1683996581,3278,298,0,1,1,0,0,44,0,216,2,8,65,2205410104,2,0,0,0,4313,0,219,41,0,1,1,0,54,6,2437,0,0,0,20,evil_twin,evil_twin
1683996581,3325,296,0,1,1,0,0,44,0,217,2,8,73,3365882477,2,0,0,0,4314,0,217,41,0,1,1,0,48,6,2437,0,0,0,20,evil_twin,evil_twin
1683996581,3345,296,0,1,1,0,0,44,0,218,2,8,73,247326100,2,0,0,0,4315,0,217,41,0,1,1,0,54,6,2437,0,0,0,20,evil_twin,evil_twin
1683996581,3358,299,0,1,1,0,0,44,0,219,2,8,65,4003054782,2,0,0,0,4316,0,220,41,0,1,1,0,54,6,2437,0,0,0,20,evil_twin,evil_twin
1683996581,3371,297,0,1,1,0,0,44,0,220,2,8,65,3651661183,2,0,0,0,4317,0,218,41,0,1,1,0,54,6,2437,0,0,0,20,evil_twin,evil_twin
1683996581,3382,300,0,1,1,0,0,44,0,221,2,8,65,3363756262,2,0,0,0,4318,0,221,41,0,1,1,0,54,6,2437,0,0,0,20,evil_twin,evil_twin
1683996581,3406,300,0,1,1,0,0,44,0,223,2,8,65,4286074822,2,0,0,0,4320,0,221,41,0,1,1,0,54,6,2437,0,0,0,20,evil_twin,evil_twin
1683996581,3418,299,0,1,1,0,0,44,0,224,2,8,65,936870921,2,0,0,0,4321,0,220,41,0,1,1,0,54,6,2437,0,0,0,20,evil_twin,evil_twin
1683996581,3434,298,0,1,1,0,0,44,0,225,2,8,65,3037857928,2,0,0,0,4322,0,219,41,0,1,1,0,54,6,2437,0,0,0,20,evil_twin,evil_twin
1683996582,3447,299,0,1,1,0,0,44,0,226,2,8,65,1855113729,2,0,0,0,4323,0,220,41,0,1,1,0,54,6,2437,0,0,0,20,evil_twin,evil_twin
1683996582,3459,298,0,1,1,0,0,44,0,227,2,8,65,2825991132,2,0,0,0,4324,0,219,41,0,1,1,0,54,6,2437,0,0,0,20,evil_twin,evil_twin
1683996582,3469,297,0,1,1,0,0,44,0,228,2,8,65,2723386789,2,0,0,0,4325,0,218,41,0,1,1,0,54,6,2437,0,0,0,20,evil_twin,evil_twin
1683996582,3485,300,0,1,1,0,0,44,0,229,2,8,65,171183159,2,0,0,0,4326,0,221,41,0,1,1,0,54,6,2437,0,0,0,20,evil_twin,evil_twin
1683996582,3496,300,0,1,1,0,0,44,0,230,2,8,65,2452302012,2,0,0,0,4327,0,221,41,0,1,1,0,54,6,2437,0,0,0,20,evil_twin,evil_twin
1683996582,3509,298,0,1,1,0,0,44,0,231,2,8,65,3990704289,2,0,0,0,4328,0,219,41,0,1,1,0,54,6,2437,0,0,0,20,evil_twin,evil_twin
1683996582,3521,297,0,1,1,0,0,44,0,232,2,8,65,3799887523,2,0,0,0,4329,0,218,41,0,1,1,0,54,6,2437,0,0,0,20,evil_twin,evil_twin
1683996582,3531,299,0,1,1,0,0,44,0,233,2,8,65,2061822124,2,0,0,0,4330,0,220,41,0,1,1,0,54,6,2437,0,0,0,20,evil_twin,evil_twin
1683996582,3538,125,0,1,1,0,0,44,0,234,2,8,65,1030041973,2,0,0,0,4331,0,46,41,0,1,1,0,54,6,2437,0,0,0,20,evil_twin,evil_twin
1683996582,3557,141,1,0,0,1,0,44,0,130,2,8,66,1510148691,2,0,0,0,133,0,62,41,0,1,1,0,54,6,2437,0,0,0,20,evil_twin,evil_twin
1683996583,3578,298,0,1,1,0,0,44,0,236,2,8,73,693622222,2,0,0,0,4333,0,219,41,0,1,1,0,54,6,2437,0,0,0,20,evil_twin,evil_twin
1683996583,3594,298,0,1,1,0,0,44,0,237,2,8,65,2536666820,2,0,0,0,4334,0,219,41,0,1,1,0,54,6,2437,0,0,0,20,evil_twin,evil_twin
1683996583,3627,296,0,1,1,0,0,44,0,238,2,8,65,732119669,2,0,0,0,4335,0,217,41,0,1,1,0,54,6,2437,0,0,0,20,evil_twin,evil_twin
1683996583,3643,297,0,1,1,0,0,44,0,239,2,8,65,1555769369,2,0,0,0,4336,0,218,41,0,1,1,0,54,6,2437,0,0,0,20,evil_twin,evil_twin
1683996583,3656,298,0,1,1,0,0,44,0,240,2,8,65,3892770239,2,0,0,0,4337,0,219,41,0,1,1,0,54,6,2437,0,0,0,20,evil_twin,evil_twin
1683996583,3666,297,0,1,1,0,0,44,0,241,2,8,65,337605311,2,0,0,0,4338,0,218,41,0,1,1,0,54,6,2437,0,0,0,20,evil_twin,evil_twin
1683996583,3681,298,0,1,1,0,0,44,0,242,2,8,65,592656232,2,0,0,0,4339,0,219,41,0,1,1,0,54,6,2437,0,0,0,20,evil_twin,evil_twin
1683996583,3690,298,0,1,1,0,0,44,0,243,2,8,65,3189572963,2,0,0,0,4340,0,219,41,0,1,1,0,54,6,2437,0,0,0,20,evil_twin,evil_twin
1683996583,3704,297,0,1,1,0,0,44,0,244,2,8,65,2841659003,2,0,0,0,4341,0,218,41,0,1,1,0,54,6,2437,0,0,0,20,evil_twin,evil_twin
1683996583,3718,297,0,1,1,0,0,44,0,245,2,8,65,3589555025,2,0,0,0,4342,0,218,41,0,1,1,0,54,6,2437,0,0,0,20,evil_twin,evil_twin
1683996583,3729,298,0,1,1,0,0,44,0,246,2,8,65,2962064451,2,0,0,0,4343,0,219,41,0,1,1,0,54,6,2437,0,0,0,20,evil_twin,evil_twin
1683996584,3741,296,0,1,1,0,0,44,0,247,2,8,65,3410137321,2,0,0,0,4344,0,217,41,0,1,1,0,54,6,2437,0,0,0,20,evil_twin,evil_twin
1683996584,3754,298,0,1,1,0,0,44,0,248,2,8,65,221467508,2,0,0,0,4345,0,219,41,0,1,1,0,54,6,2437,0,0,0,20,evil_twin,evil_twin
1683996584,3766,298,0,1,1,0,0,44,0,249,2,8,65,2187400085,2,0,0,0,4346,0,219,41,0,1,1,0,54,6,2437,0,0,0,20,evil_twin,evil_twin
1683996584,3773,297,0,1,1,0,0,44,0,250,2,8,65,247108486,2,0,0,0,4347,0,218,41,0,1,1,0,54,6,2437,0,0,0,20,evil_twin,evil_twin
1683996584,3791,297,0,1,1,0,0,44,0,251,2,8,65,3113675723,2,0,0,0,4348,0,218,41,0,1,1,0,54,6,2437,0,0,0,20,evil_twin,evil_twin
1683996584,3803,296,0,1,1,0,0,44,0,252,2,8,65,4292906898,2,0,0,0,4349,0,217,41,0,1,1,0,54,6,2437,0,0,0,20,evil_twin,evil_twin
1683996584,3819,298,0,1,1,0,0,44,0,253,2,8,65,1520933610,2,0,0,0,4350,0,219,41,0,1,1,0,54,6,2437,0,0,0,20,evil_twin,evil_twin
1683996584,3830,298,0,1,1,0,0,44,0,254,2,8,65,1664994710,2,0,0,0,4351,0,219,41,0,1,1,0,54,6,2437,0,0,0,20,evil_twin,evil_twin
1683996584,3841,297,0,1,1,0,0,44,0,255,2,8,65,3533407408,2,0,0,0,4352,0,218,41,0,1,1,0,54,6,2437,0,0,0,20,evil_twin,evil_twin
1683996584,3862,298,0,1,1,0,0,44,0,256,2,8,65,438236443,2,0,0,0,4353,0,219,41,0,1,1,0,54,6,2437,0,0,0,20,evil_twin,evil_twin
1683996585,3877,299,0,1,1,0,0,44,0,257,2,8,65,2942780098,2,0,0,0,4354,0,220,41,0,1,1,0,54,6,2437,0,0,0,20,evil_twin,evil_twin
1683996585,3880,299,0,1,1,0,0,44,0,257,2,8,73,3155432791,2,0,0,0,4354,0,220,41,0,1,1,0,54,6,2437,0,0,0,20,evil_twin,evil_twin
1683996585,3883,125,0,1,1,0,0,44,0,258,2,8,65,508216872,2,0,0,0,4355,0,46,41,0,1,1,0,54,6,2437,0,0,0,20,evil_twin,evil_twin
1683996585,3902,298,0,1,1,0,0,44,0,259,2,8,65,4092674774,2,0,0,0,4356,0,219,41,0,1,1,0,54,6,2437,0,0,0,20,evil_twin,evil_twin
1683996585,3905,298,0,1,1,0,0,44,0,259,2,8,73,3963519438,2,0,0,0,4356,0,219,41,0,1,1,0,54,6,2437,0,0,0,20,evil_twin,evil_twin
1683996585,3924,297,0,1,1,0,0,44,0,260,2,8,65,333705334,2,0,0,0,4357,0,218,41,0,1,1,0,54,6,2437,0,0,0,20,evil_twin,evil_twin
1683996585,3927,297,0,1,1,0,0,44,0,260,2,8,73,111380133,2,0,0,0,4357,0,218,41,0,1,1,0,54,6,2437,0,0,0,20,evil_twin,evil_twin
1683996585,3941,296,0,1,1,0,0,44,0,261,2,8,65,1695872643,2,0,0,0,4358,0,217,41,0,1,1,0,54,6,2437,0,0,0,20,evil_twin,evil_twin
1683996585,3948,141,1,0,0,1,0,44,0,131,2,8,66,383225353,2,0,0,0,134,0,62,41,0,1,1,0,54,6,2437,0,0,0,20,evil_twin,evil_twin
1683996585,3964,297,0,1,1,0,0,44,0,262,2,8,65,1668125629,2,0,0,0,4359,0,218,41,0,1,1,0,54,6,2437,0,0,0,20,evil_twin,evil_twin
1683996585,3978,296,0,1,1,0,0,44,0,263,2,8,65,4248017263,2,0,0,0,4360,0,217,41,0,1,1,0,54,6,2437,0,0,0,20,evil_twin,evil_twin
1683996585,3994,296,0,1,1,0,0,44,0,264,2,8,65,723950796,2,0,0,0,4361,0,217,41,0,1,1,0,54,6,2437,0,0,0,20,evil_twin,evil_twin
1683996585,4006,297,0,1,1,0,0,44,0,265,2,8,65,3594142734,2,0,0,0,4362,0,218,41,0,1,1,0,54,6,2437,0,0,0,20,evil_twin,evil_twin
1683996585,4018,296,0,1,1,0,0,44,0,266,2,8,65,2672776810,2,0,0,0,4363,0,217,41,0,1,1,0,54,6,2437,0,0,0,20,evil_twin,evil_twin
1683996586,4032,296,0,1,1,0,0,44,0,267,2,8,65,2024924026,2,0,0,0,4364,0,217,41,0,1,1,0,54,6,2437,0,0,0,20,evil_twin,evil_twin
1683996586,4044,298,0,1,1,0,0,44,0,268,2,8,65,2298883636,2,0,0,0,4365,0,219,41,0,1,1,0,54,6,2437,0,0,0,20,evil_twin,evil_twin
1683996586,4057,297,0,1,1,0,0,44,0,269,2,8,65,2791532846,2,0,0,0,4366,0,218,41,0,1,1,0,54,6,2437,0,0,0,20,evil_twin,evil_twin
1683996586,4070,297,0,1,1,0,0,44,0,270,2,8,65,2316832812,2,0,0,0,4367,0,218,41,0,1,1,0,54,6,2437,0,0,0,20,evil_twin,evil_twin
1683996586,4081,298,0,1,1,0,0,44,0,271,2,8,65,3398910683,2,0,0,0,4368,0,219,41,0,1,1,0,54,6,2437,0,0,0,20,evil_twin,evil_twin
1683996586,4091,298,0,1,1,0,0,44,0,272,2,8,65,1963914053,2,0,0,0,4369,0,219,41,0,1,1,0,54,6,2437,0,0,0,20,evil_twin,evil_twin
1683996586,4105,299,0,1,1,0,0,44,0,273,2,8,65,2033562366,2,0,0,0,4370,0,220,41,0,1,1,0,54,6,2437,0,0,0,20,evil_twin,evil_twin
1683996586,4118,298,0,1,1,0,0,44,0,274,2,8,65,1661240699,2,0,0,0,4371,0,219,41,0,1,1,0,54,6,2437,0,0,0,20,evil_twin,evil_twin
1683996586,4127,297,0,1,1,0,0,44,0,275,2,8,65,676459354,2,0,0,0,4372,0,218,41,0,1,1,0,54,6,2437,0,0,0,20,evil_twin,evil_twin
1683996586,4138,297,0,1,1,0,0,44,0,276,2,8,65,43124452,2,0,0,0,4373,0,218,41,0,1,1,0,54,6,2437,0,0,0,20,evil_twin,evil_twin
1683996586,4150,297,0,1,1,0,0,44,0,277,2,8,65,391679730,2,0,0,0,4374,0,218,41,0,1,1,0,54,6,2437,0,0,0,20,evil_twin,evil_twin
1683996587,4162,297,0,1,1,0,0,44,0,278,2,8,65,2090372447,2,0,0,0,4375,0,218,41,0,1,1,0,54,6,2437,0,0,0,20,evil_twin,evil_twin
1683996587,4176,296,0,1,1,0,0,44,0,279,2,8,65,2864242256,2,0,0,0,4376,0,217,41,0,1,1,0,54,6,2437,0,0,0,20,evil_twin,evil_twin
1683996587,4195,298,0,1,1,0,0,44,0,280,2,8,65,2890295012,2,0,0,0,4377,0,219,41,0,1,1,0,54,6,2437,0,0,0,20,evil_twin,evil_twin
1683996587,4208,298,0,1,1,0,0,44,0,281,2,8,65,316013387,2,0,0,0,4378,0,219,41,0,1,1,0,54,6,2437,0,0,0,20,evil_twin,evil_twin
1683996587,4211,298,0,1,1,0,0,44,0,281,2,8,73,219822163,2,0,0,0,4378,0,219,41,0,1,1,0,54,6,2437,0,0,0,20,evil_twin,evil_twin
1683996587,4231,296,0,1,1,0,0,44,0,282,2,8,65,2866725940,2,0,0,0,4379,0,217,41,0,1,1,0,54,6,2437,0,0,0,20,evil_twin,evil_twin
1683996587,4241,125,0,1,1,0,0,44,0,283,2,8,65,715126490,2,0,0,0,4380,0,46,41,0,1,1,0,54,6,2437,0,0,0,20,evil_twin,evil_twin
1683996587,4250,297,0,1,1,0,0,44,0,284,2,8,65,3555222067,2,0,0,0,4381,0,218,41,0,1,1,0,54,6,2437,0,0,0,20,evil_twin,evil_twin
1683996587,4253,297,0,1,1,0,0,44,0,284,2,8,73,3332904160,2,0,0,0,4381,0,218,41,0,1,1,0,54,6,2437,0,0,0,20,evil_twin,evil_twin
1683996587,4256,297,0,1,1,0,0,44,0,284,2,8,73,3332904160,2,0,0,0,4381,0,218,41,0,1,1,0,48,6,2437,0,0,0,20,evil_twin,evil_twin
1683996587,4259,297,0,1,1,0,0,44,0,284,2,8,73,3332904160,2,0,0,0,4381,0,218,41,0,1,1,0,48,6,2437,0,0,0,20,evil_twin,evil_twin
1683996587,4268,299,0,1,1,0,0,44,0,285,2,8,65,2558222060,2,0,0,0,4382,0,220,41,0,1,1,0,54,6,2437,0,0,0,20,evil_twin,evil_twin
1683996587,4271,299,0,1,1,0,0,44,0,285,2,8,73,2332559737,2,0,0,0,4382,0,220,41,0,1,1,0,54,6,2437,0,0,0,20,evil_twin,evil_twin
1683996587,4274,299,0,1,1,0,0,44,0,285,2,8,73,2332559737,2,0,0,0,4382,0,220,41,0,1,1,0,48,6,2437,0,0,0,20,evil_twin,evil_twin
1683996587,4277,299,0,1,1,0,0,44,0,285,2,8,73,2332559737,2,0,0,0,4382,0,220,41,0,1,1,0,48,6,2437,0,0,0,20,evil_twin,evil_twin
1683996587,4306,141,1,0,0,1,0,44,0,132,2,8,66,835556248,2,0,0,0,135,0,62,41,0,1,1,0,54,6,2437,0,0,0,20,evil_twin,evil_twin
1683996587,4321,298,0,1,1,0,0,44,0,286,2,8,65,1610930135,2,0,0,0,4383,0,219,41,0,1,1,0,54,6,2437,0,0,0,20,evil_twin,evil_twin
1683996587,4335,299,0,1,1,0,0,44,0,287,2,8,65,2286327873,2,0,0,0,4384,0,220,41,0,1,1,0,54,6,2437,0,0,0,20,evil_twin,evil_twin
1683996587,4348,299,0,1,1,0,0,44,0,288,2,8,65,344278716,2,0,0,0,4385,0,220,41,0,1,1,0,54,6,2437,0,0,0,20,evil_twin,evil_twin
1683996588,4359,297,0,1,1,0,0,44,0,289,2,8,65,2094315267,2,0,0,0,4386,0,218,41,0,1,1,0,54,6,2437,0,0,0,20,evil_twin,evil_twin
1683996588,4371,301,0,1,1,0,0,44,0,290,2,8,65,2851739346,2,0,0,0,4387,0,222,41,0,1,1,0,54,6,2437,0,0,0,20,evil_twin,evil_twin
1683996588,4381,300,0,1,1,0,0,44,0,291,2,8,65,3656654940,2,0,0,0,4388,0,221,41,0,1,1,0,54,6,2437,0,0,0,20,evil_twin,evil_twin
1683996588,4383,300,0,1,1,0,0,44,0,291,2,8,73,1501705408,2,0,0,0,4388,0,221,41,0,1,1,0,54,6,2437,0,0,0,20,evil_twin,evil_twin
1683996588,4385,300,0,1,1,0,0,44,0,291,2,8,73,1501705408,2,0,0,0,4388,0,221,41,0,1,1,0,48,6,2437,0,0,0,20,evil_twin,evil_twin
1683996588,4406,300,0,1,1,0,0,44,0,292,2,8,65,1986542782,2,0,0,0,4389,0,221,41,0,1,1,0,54,6,2437,0,0,0,20,evil_twin,evil_twin
1683996588,4425,301,0,1,1,0,0,44,0,293,2,8,65,2762492370,2,0,0,0,4390,0,222,41,0,1,1,0,54,6,2437,0,0,0,20,evil_twin,evil_twin
1683996588,4442,300,0,1,1,0,0,44,0,294,2,8,65,2834588896,2,0,0,0,4391,0,221,41,0,1,1,0,54,6,2437,0,0,0,20,evil_twin,evil_twin
1683996588,4474,301,0,1,1,0,0,44,0,295,2,8,65,2369173901,2,0,0,0,4392,0,222,41,0,1,1,0,54,6,2437,0,0,0,20,evil_twin,evil_twin
1683996588,4497,300,0,1,1,0,0,44,0,296,2,8,65,2126896847,2,0,0,0,4393,0,221,41,0,1,1,0,54,6,2437,0,0,0,20,evil_twin,evil_twin
1683996588,4518,300,0,1,1,0,0,44,0,297,2,8,65,1756997053,2,0,0,0,4394,0,221,41,0,1,1,0,54,6,2437,0,0,0,20,evil_twin,evil_twin
1683996589,4531,301,0,1,1,0,0,44,0,298,2,8,65,406299545,2,0,0,0,4395,0,222,41,0,1,1,0,54,6,2437,0,0,0,20,evil_twin,evil_twin
1683996589,4543,299,0,1,1,0,0,44,0,299,2,8,65,106629883,2,0,0,0,4396,0,220,41,0,1,1,0,54,6,2437,0,0,0,20,evil_twin,evil_twin
1683996589,4558,300,0,1,1,0,0,44,0,300,2,8,65,1115441906,2,0,0,0,4397,0,221,41,0,1,1,0,54,6,2437,0,0,0,20,evil_twin,evil_twin
1683996589,4569,301,0,1,1,0,0,44,0,301,2,8,65,2643065357,2,0,0,0,4398,0,222,41,0,1,1,0,54,6,2437,0,0,0,20,evil_twin,evil_twin
1683996589,4583,301,0,1,1,0,0,44,0,302,2,8,65,3767946586,2,0,0,0,4399,0,222,41,0,1,1,0,54,6,2437,0,0,0,20,evil_twin,evil_twin
1683996589,4605,301,0,1,1,0,0,44,0,303,2,8,65,733193268,2,0,0,0,4400,0,222,41,0,1,1,0,54,6,2437,0,0,0,20,evil_twin,evil_twin
1683996589,4618,125,0,1,1,0,0,44,0,304,2,8,65,3103755389,2,0,0,0,4401,0,46,41,0,1,1,0,54,6,2437,0,0,0,20,evil_twin,evil_twin
1683996589,4623,299,0,1,1,0,0,44,0,305,2,8,65,3022846187,2,0,0,0,4402,0,220,41,0,1,1,0,54,6,2437,0,0,0,20,evil_twin,evil_twin
1683996589,4635,296,0,1,1,0,0,44,0,306,2,8,65,2165173575,2,0,0,0,4403,0,217,41,0,1,1,0,54,6,2437,0,0,0,20,evil_twin,evil_twin
1683996589,4642,297,0,1,1,0,0,44,0,307,2,8,65,1177031721,2,0,0,0,4404,0,218,41,0,1,1,0,54,6,2437,0,0,0,20,evil_twin,evil_twin
1683996589,4656,141,1,0,0,1,0,44,0,133,2,8,66,1229940358,2,0,0,0,136,0,62,41,0,1,1,0,54,6,2437,0,0,0,20,evil_twin,evil_twin
1683996589,4664,296,0,1,1,0,0,44,0,308,2,8,65,848938797,2,0,0,0,4405,0,217,41,0,1,1,0,54,6,2437,0,0,0,20,evil_twin,evil_twin
1683996590,4683,298,0,1,1,0,0,44,0,309,2,8,65,1102047308,2,0,0,0,4406,0,219,41,0,1,1,0,54,6,2437,0,0,0,20,evil_twin,evil_twin
1683996590,4695,300,0,1,1,0,0,44,0,310,2,8,65,2714181373,2,0,0,0,4407,0,221,41,0,1,1,0,54,6,2437,0,0,0,20,evil_twin,evil_twin
1683996590,4710,300,0,1,1,0,0,44,0,311,2,8,65,1191270158,2,0,0,0,4408,0,221,41,0,1,1,0,54,6,2437,0,0,0,20,evil_twin,evil_twin
1683996590,4728,300,0,1,1,0,0,44,0,312,2,8,65,1754658933,2,0,0,0,4409,0,221,41,0,1,1,0,54,6,2437,0,0,0,20,evil_twin,evil_twin
1683996590,4743,301,0,1,1,0,0,44,0,313,2,8,65,2807695476,2,0,0,0,4410,0,222,41,0,1,1,0,54,6,2437,0,0,0,20,evil_twin,evil_twin
1683996590,4756,299,0,1,1,0,0,44,0,314,2,8,65,1666227459,2,0,0,0,4411,0,220,41,0,1,1,0,54,6,2437,0,0,0,20,evil_twin,evil_twin
1683996590,4773,300,0,1,1,0,0,44,0,315,2,8,65,1993727140,2,0,0,0,4412,0,221,41,0,1,1,0,54,6,2437,0,0,0,20,evil_twin,evil_twin
1683996590,4785,298,0,1,1,0,0,44,0,316,2,8,65,3074938052,2,0,0,0,4413,0,219,41,0,1,1,0,54,6,2437,0,0,0,20,evil_twin,evil_twin
1683996590,4801,300,0,1,1,0,0,44,0,317,2,8,65,2620171999,2,0,0,0,4414,0,221,41,0,1,1,0,54,6,2437,0,0,0,20,evil_twin,evil_twin
1683996590,4817,299,0,1,1,0,0,44,0,318,2,8,65,21051866,2,0,0,0,4415,0,220,41,0,1,1,0,54,6,2437,0,0,0,20,evil_twin,evil_twin
1683996591,4841,300,0,1,1,0,0,44,0,319,2,8,65,4045690685,2,0,0,0,4416,0,221,41,0,1,1,0,54,6,2437,0,0,0,20,evil_twin,evil_twin
1683996591,4854,299,0,1,1,0,0,44,0,320,2,8,65,1557099777,2,0,0,0,4417,0,220,41,0,1,1,0,54,6,2437,0,0,0,20,evil_twin,evil_twin
1683996591,4891,299,0,1,1,0,0,44,0,321,2,8,65,2405212550,2,0,0,0,4418,0,220,41,0,1,1,0,54,6,2437,0,0,0,20,evil_twin,evil_twin
1683996591,4919,299,0,1,1,0,0,44,0,322,2,8,65,3774126287,2,0,0,0,4419,0,220,41,0,1,1,0,54,6,2437,0,0,0,20,evil_twin,evil_twin
1683996591,4930,301,0,1,1,0,0,44,0,323,2,8,65,4099313345,2,0,0,0,4420,0,222,41,0,1,1,0,54,6,2437,0,0,0,20,evil_twin,evil_twin
1683996591,4942,298,0,1,1,0,0,44,0,324,2,8,65,3558517977,2,0,0,0,4421,0,219,41,0,1,1,0,54,6,2437,0,0,0,20,evil_twin,evil_twin
1683996591,4955,299,0,1,1,0,0,44,0,325,2,8,65,95599230,2,0,0,0,4422,0,220,41,0,1,1,0,54,6,2437,0,0,0,20,evil_twin,evil_twin
1683996591,4957,299,0,1,1,0,0,44,0,325,2,8,73,381808107,2,0,0,0,4422,0,220,41,0,1,1,0,54,6,2437,0,0,0,20,evil_twin,evil_twin
1683996591,4959,299,0,1,1,0,0,44,0,325,2,8,73,381808107,2,0,0,0,4422,0,220,41,0,1,1,0,48,6,2437,0,0,0,20,evil_twin,evil_twin
1683996591,4961,299,0,1,1,0,0,44,0,325,2,8,73,381808107,2,0,0,0,4422,0,220,41,0,1,1,0,48,6,2437,0,0,0,20,evil_twin,evil_twin
1683996591,4964,299,0,1,1,0,0,44,0,325,2,8,73,381808107,2,0,0,0,4422,0,220,41,0,1,1,0,36,6,2437,0,0,0,20,evil_twin,evil_twin
1683996591,4966,299,0,1,1,0,0,44,0,325,2,8,73,381808107,2,0,0,0,4422,0,220,41,0,1,1,0,36,6,2437,0,0,0,20,evil_twin,evil_twin
1683996591,4968,299,0,1,1,0,0,320,0,325,2,8,73,3367154781,2,0,0,0,4422,0,220,41,0,1,0,1,1,6,2437,0,0,0,192,evil_twin,evil_twin
1683996591,4978,299,0,1,1,0,0,44,0,326,2,8,65,1065863584,2,0,0,0,4423,0,220,41,0,1,1,0,54,6,2437,0,0,0,20,evil_twin,evil_twin
1683996591,4988,300,0,1,1,0,0,44,0,327,2,8,65,2824519911,2,0,0,0,4424,0,221,41,0,1,1,0,54,6,2437,0,0,0,20,evil_twin,evil_twin
1683996591,4991,125,0,1,1,0,0,44,0,328,2,8,65,650968495,2,0,0,0,4425,0,46,41,0,1,1,0,54,6,2437,0,0,0,20,evil_twin,evil_twin
1683996591,5003,298,0,1,1,0,0,44,0,329,2,8,65,92513744,2,0,0,0,4426,0,219,41,0,1,1,0,54,6,2437,0,0,0,20,evil_twin,evil_twin
1683996591,5005,298,0,1,1,0,0,44,0,329,2,8,73,441214664,2,0,0,0,4426,0,219,41,0,1,1,0,54,6,2437,0,0,0,20,evil_twin,evil_twin
1683996591,5023,141,1,0,0,1,0,44,0,134,2,8,66,1141996582,2,0,0,0,137,0,62,41,0,1,1,0,54,6,2437,0,0,0,20,evil_twin,evil_twin
1683996591,5026,141,1,0,0,1,0,44,0,134,2,8,74,3252911556,2,0,0,0,137,0,62,41,0,1,1,0,54,6,2437,0,0,0,20,evil_twin,evil_twin
1683996591,5029,141,1,0,0,1,0,44,0,134,2,8,74,3252911556,2,0,0,0,137,0,62,41,0,1,1,0,54,6,2437,0,0,0,20,evil_twin,evil_twin
1683996592,5040,298,0,1,1,0,0,44,0,330,2,8,65,3122032967,2,0,0,0,4427,0,219,41,0,1,1,0,54,6,2437,0,0,0,20,evil_twin,evil_twin
1683996592,5070,300,0,1,1,0,0,44,0,331,2,8,65,771008279,2,0,0,0,4428,0,221,41,0,1,1,0,54,6,2437,0,0,0,20,evil_twin,evil_twin
1683996592,5095,298,0,1,1,0,0,44,0,332,2,8,65,13766728,2,0,0,0,4429,0,219,41,0,1,1,0,54,6,2437,0,0,0,20,evil_twin,evil_twin
1683996592,5124,301,0,1,1,0,0,44,0,333,2,8,65,1648439703,2,0,0,0,4430,0,222,41,0,1,1,0,54,6,2437,0,0,0,20,evil_twin,evil_twin
1683996592,5140,301,0,1,1,0,0,44,0,334,2,8,65,3130484223,2,0,0,0,4431,0,222,41,0,1,1,0,54,6,2437,0,0,0,20,evil_twin,evil_twin
1683996592,5152,301,0,1,1,0,0,44,0,335,2,8,65,1715212837,2,0,0,0,4432,0,222,41,0,1,1,0,54,6,2437,0,0,0,20,evil_twin,evil_twin
1683996592,5166,299,0,1,1,0,0,44,0,336,2,8,65,3677458314,2,0,0,0,4433,0,220,41,0,1,1,0,54,6,2437,0,0,0,20,evil_twin,evil_twin
1683996592,5187,299,0,1,1,0,0,44,0,337,2,8,65,1787732345,2,0,0,0,4434,0,220,41,0,1,1,0,54,6,2437,0,0,0,20,evil_twin,evil_twin
1683996592,5197,300,0,1,1,0,0,44,0,338,2,8,65,1696956090,2,0,0,0,4435,0,221,41,0,1,1,0,54,6,2437,0,0,0,20,evil_twin,evil_twin
1683996592,5213,299,0,1,1,0,0,44,0,339,2,8,65,1991759897,2,0,0,0,4436,0,220,41,0,1,1,0,54,6,2437,0,0,0,20,evil_twin,evil_twin
1683996593,5227,299,0,1,1,0,0,44,0,340,2,8,65,3178902908,2,0,0,0,4437,0,220,41,0,1,1,0,54,6,2437,0,0,0,20,evil_twin,evil_twin
1683996593,5241,300,0,1,1,0,0,44,0,341,2,8,65,1134516381,2,0,0,0,4438,0,221,41,0,1,1,0,54,6,2437,0,0,0,20,evil_twin,evil_twin
1683996593,5256,299,0,1,1,0,0,44,0,342,2,8,65,3262458055,2,0,0,0,4439,0,220,41,0,1,1,0,54,6,2437,0,0,0,20,evil_twin,evil_twin
1683996593,5258,299,0,1,1,0,0,44,0,342,2,8,73,3506863954,2,0,0,0,4439,0,220,41,0,1,1,0,54,6,2437,0,0,0,20,evil_twin,evil_twin
1683996593,5260,299,0,1,1,0,0,44,0,342,2,8,73,3506863954,2,0,0,0,4439,0,220,41,0,1,1,0,48,6,2437,0,0,0,20,evil_twin,evil_twin
1683996593,5262,299,0,1,1,0,0,44,0,342,2,8,73,3506863954,2,0,0,0,4439,0,220,41,0,1,1,0,48,6,2437,0,0,0,20,evil_twin,evil_twin
1683996593,5265,299,0,1,1,0,0,44,0,342,2,8,73,3506863954,2,0,0,0,4439,0,220,41,0,1,1,0,36,6,2437,0,0,0,20,evil_twin,evil_twin
1683996593,5270,299,0,1,1,0,0,44,0,342,2,8,73,3506863954,2,0,0,0,4439,0,220,41,0,1,1,0,36,6,2437,0,0,0,20,evil_twin,evil_twin
1683996593,5272,299,0,1,1,0,0,320,0,342,2,8,73,259335908,2,0,0,0,4439,0,220,41,0,1,0,1,1,6,2437,0,0,0,192,evil_twin,evil_twin
1683996593,5283,298,0,1,1,0,0,44,0,343,2,8,65,4047258885,2,0,0,0,4440,0,219,41,0,1,1,0,54,6,2437,0,0,0,20,evil_twin,evil_twin
1683996593,5304,300,0,1,1,0,0,44,0,344,2,8,65,1059442106,2,0,0,0,4441,0,221,41,0,1,1,0,54,6,2437,0,0,0,20,evil_twin,evil_twin
1683996593,5328,300,0,1,1,0,0,44,0,345,2,8,65,3186501928,2,0,0,0,4442,0,221,41,0,1,1,0,54,6,2437,0,0,0,20,evil_twin,evil_twin
1683996593,5374,300,0,1,1,0,0,44,0,346,2,8,65,3609506313,2,0,0,0,4443,0,221,41,0,1,1,0,54,6,2437,0,0,0,20,evil_twin,evil_twin
1683996593,5387,297,0,1,1,0,0,44,0,347,2,8,65,2859428483,2,0,0,0,4444,0,218,41,0,1,1,0,54,6,2437,0,0,0,20,evil_twin,evil_twin
1683996593,5419,300,0,1,1,0,0,44,0,348,2,8,65,1281415187,2,0,0,0,4445,0,221,41,0,1,1,0,54,6,2437,0,0,0,20,evil_twin,evil_twin
1683996593,5435,125,0,1,1,0,0,44,0,349,2,8,65,2466647401,2,0,0,0,4446,0,46,41,0,1,1,0,54,6,2437,0,0,0,20,evil_twin,evil_twin
1683996593,5438,298,0,1,1,0,0,44,0,350,2,8,65,2064709321,2,0,0,0,4447,0,219,41,0,1,1,0,54,6,2437,0,0,0,20,evil_twin,evil_twin
1683996594,5452,299,0,1,1,0,0,44,0,351,2,8,65,1830955341,2,0,0,0,4448,0,220,41,0,1,1,0,54,6,2437,0,0,0,20,evil_twin,evil_twin
1683996594,5467,298,0,1,1,0,0,44,0,352,2,8,65,967880722,2,0,0,0,4449,0,219,41,0,1,1,0,54,6,2437,0,0,0,20,evil_twin,evil_twin
1683996594,5499,299,0,1,1,0,0,44,0,354,2,8,65,331897909,2,0,0,0,4451,0,220,41,0,1,1,0,54,6,2437,0,0,0,20,evil_twin,evil_twin
1683996594,5511,299,0,1,1,0,0,44,0,355,2,8,65,2339476644,2,0,0,0,4452,0,220,41,0,1,1,0,54,6,2437,0,0,0,20,evil_twin,evil_twin
1683996594,5531,300,0,1,1,0,0,44,0,356,2,8,65,3062391615,2,0,0,0,4453,0,221,41,0,1,1,0,54,6,2437,0,0,0,20,evil_twin,evil_twin
1683996594,5544,299,0,1,1,0,0,44,0,357,2,8,65,3046857769,2,0,0,0,4454,0,220,41,0,1,1,0,54,6,2437,0,0,0,20,evil_twin,evil_twin
1683996594,5556,298,0,1,1,0,0,44,0,358,2,8,65,2286981426,2,0,0,0,4455,0,219,41,0,1,1,0,54,6,2437,0,0,0,20,evil_twin,evil_twin
1683996594,5566,300,0,1,1,0,0,44,0,359,2,8,65,5708799,2,0,0,0,4456,0,221,41,0,1,1,0,54,6,2437,0,0,0,20,evil_twin,evil_twin
1683996594,5582,301,0,1,1,0,0,44,0,360,2,8,65,2693559153,2,0,0,0,4457,0,222,41,0,1,1,0,54,6,2437,0,0,0,20,evil_twin,evil_twin
1683996595,5596,298,0,1,1,0,0,44,0,361,2,8,65,2858995058,2,0,0,0,4458,0,219,41,0,1,1,0,54,6,2437,0,0,0,20,evil_twin,evil_twin
1683996595,5609,299,0,1,1,0,0,44,0,362,2,8,65,1080223953,2,0,0,0,4459,0,220,41,0,1,1,0,54,6,2437,0,0,0,20,evil_twin,evil_twin
1683996595,5622,301,0,1,1,0,0,44,0,363,2,8,65,3781100230,2,0,0,0,4460,0,222,41,0,1,1,0,54,6,2437,0,0,0,20,evil_twin,evil_twin
1683996595,5624,301,0,1,1,0,0,44,0,363,2,8,73,409381821,2,0,0,0,4460,0,222,41,0,1,1,0,54,6,2437,0,0,0,20,evil_twin,evil_twin
1683996595,5626,301,0,1,1,0,0,44,0,363,2,8,73,409381821,2,0,0,0,4460,0,222,41,0,1,1,0,48,6,2437,0,0,0,20,evil_twin,evil_twin
1683996595,5628,301,0,1,1,0,0,44,0,363,2,8,73,409381821,2,0,0,0,4460,0,222,41,0,1,1,0,48,6,2437,0,0,0,20,evil_twin,evil_twin
1683996595,5641,300,0,1,1,0,0,44,0,364,2,8,65,1216506779,2,0,0,0,4461,0,221,41,0,1,1,0,54,6,2437,0,0,0,20,evil_twin,evil_twin
1683996595,5654,301,0,1,1,0,0,44,0,365,2,8,65,3095597973,2,0,0,0,4462,0,222,41,0,1,1,0,54,6,2437,0,0,0,20,evil_twin,evil_twin
1683996595,5666,300,0,1,1,0,0,44,0,366,2,8,65,3528986941,2,0,0,0,4463,0,221,41,0,1,1,0,54,6,2437,0,0,0,20,evil_twin,evil_twin
1683996595,5677,301,0,1,1,0,0,44,0,367,2,8,65,3204708317,2,0,0,0,4464,0,222,41,0,1,1,0,54,6,2437,0,0,0,20,evil_twin,evil_twin
1683996595,5692,297,0,1,1,0,0,44,0,368,2,8,65,732905526,2,0,0,0,4465,0,218,41,0,1,1,0,54,6,2437,0,0,0,20,evil_twin,evil_twin
1683996595,5708,302,0,1,1,0,0,44,0,369,2,8,65,306293760,2,0,0,0,4466,0,223,41,0,1,1,0,54,6,2437,0,0,0,20,evil_twin,evil_twin
1683996595,5731,301,0,1,1,0,0,44,0,370,2,8,65,798068920,2,0,0,0,4467,0,222,41,0,1,1,0,54,6,2437,0,0,0,20,evil_twin,evil_twin
1683996595,5738,125,0,1,1,0,0,44,0,371,2,8,65,4230066128,2,0,0,0,4468,0,46,41,0,1,1,0,54,6,2437,0,0,0,20,evil_twin,evil_twin
1683996596,5745,141,1,0,0,1,0,44,0,136,2,8,66,2635209007,2,0,0,0,139,0,62,41,0,1,1,0,54,6,2437,0,0,0,20,evil_twin,evil_twin
1683996596,5748,141,1,0,0,1,0,44,0,136,2,8,74,417339597,2,0,0,0,139,0,62,41,0,1,1,0,54,6,2437,0,0,0,20,evil_twin,evil_twin
1683996596,5751,141,1,0,0,1,0,44,0,136,2,8,74,417339597,2,0,0,0,139,0,62,41,0,1,1,0,54,6,2437,0,0,0,20,evil_twin,evil_twin
1683996596,5754,141,1,0,0,1,0,44,0,136,2,8,74,417339597,2,0,0,0,139,0,62,41,0,1,1,0,36,6,2437,0,0,0,20,evil_twin,evil_twin
1683996596,5757,141,1,0,0,1,0,44,0,136,2,8,74,417339597,2,0,0,0,139,0,62,41,0,1,1,0,24,6,2437,0,0,0,20,evil_twin,evil_twin
1683996596,5760,141,1,0,0,1,0,48,0,136,2,8,74,828034387,2,0,0,0,139,0,62,41,0,1,1,0,18,6,2437,0,0,0,20,evil_twin,evil_twin
1683996596,5763,141,1,0,0,1,0,48,0,136,2,8,74,828034387,2,0,0,0,139,0,62,41,0,1,1,0,18,6,2437,0,0,0,20,evil_twin,evil_twin
1683996596,5769,298,0,1,1,0,0,44,0,372,2,8,65,1772842492,2,0,0,0,4469,0,219,41,0,1,1,0,54,6,2437,0,0,0,20,evil_twin,evil_twin
1683996596,5771,298,0,1,1,0,0,44,0,372,2,8,73,1986309860,2,0,0,0,4469,0,219,41,0,1,1,0,54,6,2437,0,0,0,20,evil_twin,evil_twin
1683996596,5773,298,0,1,1,0,0,44,0,372,2,8,73,1986309860,2,0,0,0,4469,0,219,41,0,1,1,0,48,6,2437,0,0,0,20,evil_twin,evil_twin
1683996596,5775,298,0,1,1,0,0,44,0,372,2,8,73,1986309860,2,0,0,0,4469,0,219,41,0,1,1,0,48,6,2437,0,0,0,20,evil_twin,evil_twin
1683996596,5840,298,0,1,1,0,0,44,0,373,2,8,65,1673110174,2,0,0,0,4470,0,219,41,0,1,1,0,54,6,2437,0,0,0,20,evil_twin,evil_twin
1683996596,5842,298,0,1,1,0,0,44,0,373,2,8,73,2088132998,2,0,0,0,4470,0,219,41,0,1,1,0,54,6,2437,0,0,0,20,evil_twin,evil_twin
1683996596,5844,298,0,1,1,0,0,44,0,373,2,8,73,2088132998,2,0,0,0,4470,0,219,41,0,1,1,0,48,6,2437,0,0,0,20,evil_twin,evil_twin
1683996596,5846,298,0,1,1,0,0,44,0,373,2,8,73,2088132998,2,0,0,0,4470,0,219,41,0,1,1,0,48,6,2437,0,0,0,20,evil_twin,evil_twin
1683996596,5848,298,0,1,1,0,0,44,0,373,2,8,73,2088132998,2,0,0,0,4470,0,219,41,0,1,1,0,36,6,2437,0,0,0,20,evil_twin,evil_twin
1683996596,5850,298,0,1,1,0,0,44,0,373,2,8,73,2088132998,2,0,0,0,4470,0,219,41,0,1,1,0,36,6,2437,0,0,0,20,evil_twin,evil_twin
1683996596,5855,298,0,1,1,0,0,320,0,373,2,8,73,3031503467,2,0,0,0,4470,0,219,41,0,1,0,1,1,6,2437,0,0,0,192,evil_twin,evil_twin
1683996596,5874,300,0,1,1,0,0,44,0,374,2,8,65,3860481836,2,0,0,0,4471,0,221,41,0,1,1,0,54,6,2437,0,0,0,20,evil_twin,evil_twin
1683996596,5876,300,0,1,1,0,0,44,0,374,2,8,73,1718375344,2,0,0,0,4471,0,221,41,0,1,1,0,54,6,2437,0,0,0,20,evil_twin,evil_twin
1683996596,5886,300,0,1,1,0,0,44,0,375,2,8,65,2806343731,2,0,0,0,4472,0,221,41,0,1,1,0,54,6,2437,0,0,0,20,evil_twin,evil_twin
1683996596,5915,298,0,1,1,0,0,44,0,376,2,8,73,3009764168,2,0,0,0,4473,0,219,41,0,1,1,0,54,6,2437,0,0,0,20,evil_twin,evil_twin
1683996596,5949,298,0,1,1,0,0,44,0,377,2,8,73,251449638,2,0,0,0,4474,0,219,41,0,1,1,0,54,6,2437,0,0,0,20,evil_twin,evil_twin
1683996596,5979,297,0,1,1,0,0,44,0,378,2,8,65,3158148955,2,0,0,0,4475,0,218,41,0,1,1,0,54,6,2437,0,0,0,20,evil_twin,evil_twin
1683996596,6088,299,0,1,1,0,0,44,0,380,2,8,65,1781129928,2,0,0,0,4477,0,220,41,0,1,1,0,48,6,2437,0,0,0,20,evil_twin,evil_twin
1683996596,6100,297,0,1,1,0,0,44,0,381,2,8,65,581079142,2,0,0,0,4478,0,218,41,0,1,1,0,48,6,2437,0,0,0,20,evil_twin,evil_twin
1683996597,6110,296,0,1,1,0,0,44,0,382,2,8,65,2311982395,2,0,0,0,4479,0,217,41,0,1,1,0,48,6,2437,0,0,0,20,evil_twin,evil_twin
1683996597,6134,297,0,1,1,0,0,44,0,383,2,8,65,3395988940,2,0,0,0,4480,0,218,41,0,1,1,0,48,6,2437,0,0,0,20,evil_twin,evil_twin
1683996597,6150,297,0,1,1,0,0,44,0,384,2,8,65,1603491500,2,0,0,0,4481,0,218,41,0,1,1,0,48,6,2437,0,0,0,20,evil_twin,evil_twin
1683996597,6153,297,0,1,1,0,0,44,0,384,2,8,73,1255350399,2,0,0,0,4481,0,218,41,0,1,1,0,48,6,2437,0,0,0,20,evil_twin,evil_twin
1683996597,6164,296,0,1,1,0,0,44,0,385,2,8,65,1756469444,2,0,0,0,4482,0,217,41,0,1,1,0,48,6,2437,0,0,0,20,evil_twin,evil_twin
1683996597,6177,297,0,1,1,0,0,44,0,386,2,8,65,2557871021,2,0,0,0,4483,0,218,41,0,1,1,0,48,6,2437,0,0,0,20,evil_twin,evil_twin
1683996597,6189,297,0,1,1,0,0,44,0,387,2,8,65,866687669,2,0,0,0,4484,0,218,41,0,1,1,0,48,6,2437,0,0,0,20,evil_twin,evil_twin
1683996597,6203,297,0,1,1,0,0,44,0,388,2,8,65,3136349598,2,0,0,0,4485,0,218,41,0,1,1,0,48,6,2437,0,0,0,20,evil_twin,evil_twin
1683996597,6222,296,0,1,1,0,0,44,0,389,2,8,65,3235130536,2,0,0,0,4486,0,217,41,0,1,1,0,48,6,2437,0,0,0,20,evil_twin,evil_twin
1683996597,6241,297,0,1,1,0,0,44,0,390,2,8,65,2175629779,2,0,0,0,4487,0,218,41,0,1,1,0,48,6,2437,0,0,0,20,evil_twin,evil_twin
1683996597,6255,297,0,1,1,0,0,44,0,391,2,8,65,163557604,2,0,0,0,4488,0,218,41,0,1,1,0,48,6,2437,0,0,0,20,evil_twin,evil_twin
1683996597,6276,125,0,1,1,0,0,44,0,392,2,8,65,360730536,2,0,0,0,4489,0,46,41,0,1,1,0,48,6,2437,0,0,0,20,evil_twin,evil_twin
1683996598,6291,141,1,0,0,1,0,44,0,137,2,8,66,3222961445,2,0,0,0,140,0,62,41,0,1,1,0,54,6,2437,0,0,0,20,evil_twin,evil_twin
1683996598,6296,296,0,1,1,0,0,44,0,393,2,8,65,1697790424,2,0,0,0,4490,0,217,41,0,1,1,0,48,6,2437,0,0,0,20,evil_twin,evil_twin
1683996598,6311,298,0,1,1,0,0,44,0,394,2,8,65,1571958392,2,0,0,0,4491,0,219,41,0,1,1,0,48,6,2437,0,0,0,20,evil_twin,evil_twin
1683996598,6313,298,0,1,1,0,0,44,0,394,2,8,73,1115549024,2,0,0,0,4491,0,219,41,0,1,1,0,48,6,2437,0,0,0,20,evil_twin,evil_twin
1683996598,6324,297,0,1,1,0,0,44,0,395,2,8,65,2711096695,2,0,0,0,4492,0,218,41,0,1,1,0,48,6,2437,0,0,0,20,evil_twin,evil_twin
1683996598,6342,297,0,1,1,0,0,44,0,396,2,8,65,2624553679,2,0,0,0,4493,0,218,41,0,1,1,0,48,6,2437,0,0,0,20,evil_twin,evil_twin
1683996598,6354,297,0,1,1,0,0,44,0,397,2,8,65,3252326466,2,0,0,0,4494,0,218,41,0,1,1,0,48,6,2437,0,0,0,20,evil_twin,evil_twin
1683996598,6366,297,0,1,1,0,0,44,0,398,2,8,65,3840902762,2,0,0,0,4495,0,218,41,0,1,1,0,48,6,2437,0,0,0,20,evil_twin,evil_twin
1683996598,6377,298,0,1,1,0,0,44,0,399,2,8,65,2842455249,2,0,0,0,4496,0,219,41,0,1,1,0,48,6,2437,0,0,0,20,evil_twin,evil_twin
1683996598,6386,298,0,1,1,0,0,44,0,400,2,8,65,4173804027,2,0,0,0,4497,0,219,41,0,1,1,0,48,6,2437,0,0,0,20,evil_twin,evil_twin
1683996598,6399,297,0,1,1,0,0,44,0,401,2,8,65,3739677254,2,0,0,0,4498,0,218,41,0,1,1,0,48,6,2437,0,0,0,20,evil_twin,evil_twin
1683996598,6421,299,0,1,1,0,0,44,0,402,2,8,65,4034769907,2,0,0,0,4499,0,220,41,0,1,1,0,48,6,2437,0,0,0,20,evil_twin,evil_twin
1683996599,6436,298,0,1,1,0,0,44,0,403,2,8,65,1923156576,2,0,0,0,4500,0,219,41,0,1,1,0,48,6,2437,0,0,0,20,evil_twin,evil_twin
1683996599,6446,298,0,1,1,0,0,44,0,404,2,8,65,3131281436,2,0,0,0,4501,0,219,41,0,1,1,0,48,6,2437,0,0,0,20,evil_twin,evil_twin
1683996599,6462,299,0,1,1,0,0,44,0,405,2,8,65,3204269298,2,0,0,0,4502,0,220,41,0,1,1,0,48,6,2437,0,0,0,20,evil_twin,evil_twin
1683996599,6473,298,0,1,1,0,0,44,0,406,2,8,65,2777362394,2,0,0,0,4503,0,219,41,0,1,1,0,48,6,2437,0,0,0,20,evil_twin,evil_twin
1683996599,6484,300,0,1,1,0,0,44,0,407,2,8,65,3806155817,2,0,0,0,4504,0,221,41,0,1,1,0,48,6,2437,0,0,0,20,evil_twin,evil_twin
1683996599,6495,298,0,1,1,0,0,44,0,408,2,8,65,1798717342,2,0,0,0,4505,0,219,41,0,1,1,0,48,6,2437,0,0,0,20,evil_twin,evil_twin
1683996599,6506,300,0,1,1,0,0,44,0,409,2,8,65,4261842191,2,0,0,0,4506,0,221,41,0,1,1,0,48,6,2437,0,0,0,20,evil_twin,evil_twin
1683996599,6517,300,0,1,1,0,0,44,0,410,2,8,65,3681563856,2,0,0,0,4507,0,221,41,0,1,1,0,48,6,2437,0,0,0,20,evil_twin,evil_twin
1683996599,6528,125,0,1,1,0,0,44,0,411,2,8,65,4042980827,2,0,0,0,4508,0,46,41,0,1,1,0,48,6,2437,0,0,0,20,evil_twin,evil_twin
1683996599,6537,297,0,1,1,0,0,44,0,412,2,8,65,44188199,2,0,0,0,4509,0,218,41,0,1,1,0,48,6,2437,0,0,0,20,evil_twin,evil_twin
1683996599,6544,141,1,0,0,1,0,44,0,138,2,8,66,445031230,2,0,0,0,141,0,62,41,0,1,1,0,54,6,2437,0,0,0,20,evil_twin,evil_twin
1683996599,6550,298,0,1,1,0,0,44,0,413,2,8,65,550976400,2,0,0,0,4510,0,219,41,0,1,1,0,48,6,2437,0,0,0,20,evil_twin,evil_twin
1683996600,6562,296,0,1,1,0,0,44,0,414,2,8,65,3587349343,2,0,0,0,4511,0,217,41,0,1,1,0,48,6,2437,0,0,0,20,evil_twin,evil_twin
1683996600,6574,299,0,1,1,0,0,44,0,415,2,8,65,1098135648,2,0,0,0,4512,0,220,41,0,1,1,0,48,6,2437,0,0,0,20,evil_twin,evil_twin
1683996600,6576,299,0,1,1,0,0,44,0,415,2,8,73,1376219125,2,0,0,0,4512,0,220,41,0,1,1,0,48,6,2437,0,0,0,20,evil_twin,evil_twin
1683996600,6586,299,0,1,1,0,0,44,0,416,2,8,65,1548621164,2,0,0,0,4513,0,220,41,0,1,1,0,48,6,2437,0,0,0,20,evil_twin,evil_twin
1683996600,6596,300,0,1,1,0,0,44,0,417,2,8,65,817473497,2,0,0,0,4514,0,221,41,0,1,1,0,54,6,2437,0,0,0,20,evil_twin,evil_twin
1683996600,6607,300,0,1,1,0,0,44,0,418,2,8,65,3435535606,2,0,0,0,4515,0,221,41,0,1,1,0,54,6,2437,0,0,0,20,evil_twin,evil_twin
1683996600,6618,299,0,1,1,0,0,44,0,419,2,8,65,2009710938,2,0,0,0,4516,0,220,41,0,1,1,0,54,6,2437,0,0,0,20,evil_twin,evil_twin
1683996600,6628,298,0,1,1,0,0,44,0,420,2,8,65,2244347361,2,0,0,0,4517,0,219,41,0,1,1,0,54,6,2437,0,0,0,20,evil_twin,evil_twin
1683996600,6632,141,1,0,0,1,0,44,0,139,2,8,66,2272272744,2,0,0,0,142,0,62,41,0,1,1,0,54,6,2437,0,0,0,20,evil_twin,evil_twin
1683996600,6638,141,0,1,1,0,0,44,0,421,2,8,65,3828131239,2,0,0,0,4518,0,62,41,0,1,1,0,54,6,2437,0,0,0,20,evil_twin,evil_twin
1683996600,6653,299,0,1,1,0,0,44,0,422,2,8,65,496810357,2,0,0,0,4519,0,220,41,0,1,1,0,54,6,2437,0,0,0,20,evil_twin,evil_twin
1683996600,6666,300,0,1,1,0,0,44,0,423,2,8,65,3966866182,2,0,0,0,4520,0,221,41,0,1,1,0,54,6,2437,0,0,0,20,evil_twin,evil_twin
1683996600,6678,300,0,1,1,0,0,44,0,424,2,8,65,2323674828,2,0,0,0,4521,0,221,41,0,1,1,0,54,6,2437,0,0,0,20,evil_twin,evil_twin
1683996601,6692,299,0,1,1,0,0,44,0,425,2,8,65,3027498622,2,0,0,0,4522,0,220,41,0,1,1,0,54,6,2437,0,0,0,20,evil_twin,evil_twin
1683996601,6705,300,0,1,1,0,0,44,0,426,2,8,65,160972210,2,0,0,0,4523,0,221,41,0,1,1,0,54,6,2437,0,0,0,20,evil_twin,evil_twin
1683996601,6722,299,0,1,1,0,0,44,0,427,2,8,65,258056253,2,0,0,0,4524,0,220,41,0,1,1,0,54,6,2437,0,0,0,20,evil_twin,evil_twin
1683996601,6746,298,0,1,1,0,0,44,0,428,2,8,65,4218408281,2,0,0,0,4525,0,219,41,0,1,1,0,54,6,2437,0,0,0,20,evil_twin,evil_twin
1683996601,6758,297,0,1,1,0,0,44,0,429,2,8,65,644009870,2,0,0,0,4526,0,218,41,0,1,1,0,54,6,2437,0,0,0,20,evil_twin,evil_twin
1683996601,6770,298,0,1,1,0,0,44,0,430,2,8,65,1049026629,2,0,0,0,4527,0,219,41,0,1,1,0,54,6,2437,0,0,0,20,evil_twin,evil_twin
1683996601,6788,298,0,1,1,0,0,44,0,431,2,8,65,4054747695,2,0,0,0,4528,0,219,41,0,1,1,0,54,6,2437,0,0,0,20,evil_twin,evil_twin
1683996601,6806,298,0,1,1,0,0,44,0,432,2,8,65,1305209548,2,0,0,0,4529,0,219,41,0,1,1,0,54,6,2437,0,0,0,20,evil_twin,evil_twin
1683996601,6819,298,0,1,1,0,0,44,0,433,2,8,65,1812715553,2,0,0,0,4530,0,219,41,0,1,1,0,54,6,2437,0,0,0,20,evil_twin,evil_twin
1683996601,6821,298,0,1,1,0,0,44,0,433,2,8,73,1942231865,2,0,0,0,4530,0,219,41,0,1,1,0,54,6,2437,0,0,0,20,evil_twin,evil_twin
1683996601,6824,125,0,1,1,0,0,44,0,434,2,8,65,3114039508,2,0,0,0,4531,0,46,41,0,1,1,0,54,6,2437,0,0,0,20,evil_twin,evil_twin
1683996601,6850,297,0,1,1,0,0,44,0,435,2,8,65,1810107448,2,0,0,0,4532,0,218,41,0,1,1,0,54,6,2437,0,0,0,20,evil_twin,evil_twin
1683996601,6853,141,1,0,0,1,0,44,0,140,2,8,66,1101189671,2,0,0,0,143,0,62,41,0,1,1,0,54,6,2437,0,0,0,20,evil_twin,evil_twin
1683996601,6855,141,1,0,0,1,0,44,0,140,2,8,74,3293631429,2,0,0,0,143,0,62,41,0,1,1,0,54,6,2437,0,0,0,20,evil_twin,evil_twin
1683996601,6857,141,1,0,0,1,0,44,0,140,2,8,74,3293631429,2,0,0,0,143,0,62,41,0,1,1,0,54,6,2437,0,0,0,20,evil_twin,evil_twin
1683996601,6859,141,1,0,0,1,0,44,0,140,2,8,74,3293631429,2,0,0,0,143,0,62,41,0,1,1,0,36,6,2437,0,0,0,20,evil_twin,evil_twin
1683996602,6877,297,0,1,1,0,0,44,0,436,2,8,65,3227831156,2,0,0,0,4533,0,218,41,0,1,1,0,54,6,2437,0,0,0,20,evil_twin,evil_twin
1683996602,6891,297,0,1,1,0,0,44,0,437,2,8,65,3508328788,2,0,0,0,4534,0,218,41,0,1,1,0,54,6,2437,0,0,0,20,evil_twin,evil_twin
1683996602,6894,297,0,1,1,0,0,44,0,437,2,8,73,3294408583,2,0,0,0,4534,0,218,41,0,1,1,0,54,6,2437,0,0,0,20,evil_twin,evil_twin
1683996602,6896,297,0,1,1,0,0,44,0,437,2,8,73,3294408583,2,0,0,0,4534,0,218,41,0,1,1,0,48,6,2437,0,0,0,20,evil_twin,evil_twin
1683996602,6899,297,0,1,1,0,0,44,0,437,2,8,73,3294408583,2,0,0,0,4534,0,218,41,0,1,1,0,48,6,2437,0,0,0,20,evil_twin,evil_twin
1683996602,6902,297,0,1,1,0,0,44,0,437,2,8,73,3294408583,2,0,0,0,4534,0,218,41,0,1,1,0,36,6,2437,0,0,0,20,evil_twin,evil_twin
1683996602,6917,297,0,1,1,0,0,44,0,438,2,8,65,30411007,2,0,0,0,4535,0,218,41,0,1,1,0,54,6,2437,0,0,0,20,evil_twin,evil_twin
1683996602,6920,297,0,1,1,0,0,44,0,438,2,8,73,345013804,2,0,0,0,4535,0,218,41,0,1,1,0,54,6,2437,0,0,0,20,evil_twin,evil_twin
1683996602,6923,297,0,1,1,0,0,44,0,438,2,8,73,345013804,2,0,0,0,4535,0,218,41,0,1,1,0,48,6,2437,0,0,0,20,evil_twin,evil_twin
1683996602,6926,297,0,1,1,0,0,44,0,438,2,8,73,345013804,2,0,0,0,4535,0,218,41,0,1,1,0,48,6,2437,0,0,0,20,evil_twin,evil_twin
1683996602,6938,300,0,1,1,0,0,44,0,439,2,8,65,2112211096,2,0,0,0,4536,0,221,41,0,1,1,0,54,6,2437,0,0,0,20,evil_twin,evil_twin
1683996602,6947,301,0,1,1,0,0,44,0,440,2,8,65,1913850516,2,0,0,0,4537,0,222,41,0,1,1,0,54,6,2437,0,0,0,20,evil_twin,evil_twin
1683996602,6961,300,0,1,1,0,0,44,0,441,2,8,65,422536253,2,0,0,0,4538,0,221,41,0,1,1,0,54,6,2437,0,0,0,20,evil_twin,evil_twin
1683996602,6976,300,0,1,1,0,0,44,0,442,2,8,65,3447203216,2,0,0,0,4539,0,221,41,0,1,1,0,54,6,2437,0,0,0,20,evil_twin,evil_twin
1683996602,6992,299,0,1,1,0,0,44,0,443,2,8,65,4037997180,2,0,0,0,4540,0,220,41,0,1,1,0,54,6,2437,0,0,0,20,evil_twin,evil_twin
1683996602,7007,300,0,1,1,0,0,44,0,444,2,8,65,2803608384,2,0,0,0,4541,0,221,41,0,1,1,0,54,6,2437,0,0,0,20,evil_twin,evil_twin
1683996602,7021,298,0,1,1,0,0,44,0,445,2,8,65,131698460,2,0,0,0,4542,0,219,41,0,1,1,0,54,6,2437,0,0,0,20,evil_twin,evil_twin
1683996603,7032,298,0,1,1,0,0,44,0,446,2,8,65,1147288086,2,0,0,0,4543,0,219,41,0,1,1,0,54,6,2437,0,0,0,20,evil_twin,evil_twin
1683996603,7043,298,0,1,1,0,0,44,0,447,2,8,65,3891862165,2,0,0,0,4544,0,219,41,0,1,1,0,54,6,2437,0,0,0,20,evil_twin,evil_twin
1683996603,7055,299,0,1,1,0,0,44,0,448,2,8,65,1982202065,2,0,0,0,4545,0,220,41,0,1,1,0,54,6,2437,0,0,0,20,evil_twin,evil_twin
1683996603,7067,298,0,1,1,0,0,44,0,449,2,8,65,4046921700,2,0,0,0,4546,0,219,41,0,1,1,0,54,6,2437,0,0,0,20,evil_twin,evil_twin
1683996603,7069,298,0,1,1,0,0,44,0,449,2,8,73,4009286908,2,0,0,0,4546,0,219,41,0,1,1,0,54,6,2437,0,0,0,20,evil_twin,evil_twin
1683996603,7071,298,0,1,1,0,0,44,0,449,2,8,73,4009286908,2,0,0,0,4546,0,219,41,0,1,1,0,48,6,2437,0,0,0,20,evil_twin,evil_twin
1683996603,7084,300,0,1,1,0,0,44,0,450,2,8,65,2000193634,2,0,0,0,4547,0,221,41,0,1,1,0,54,6,2437,0,0,0,20,evil_twin,evil_twin
1683996603,7097,300,0,1,1,0,0,44,0,451,2,8,65,2617725074,2,0,0,0,4548,0,221,41,0,1,1,0,54,6,2437,0,0,0,20,evil_twin,evil_twin
1683996603,7111,300,0,1,1,0,0,44,0,452,2,8,65,750283842,2,0,0,0,4549,0,221,41,0,1,1,0,54,6,2437,0,0,0,20,evil_twin,evil_twin
1683996603,7123,299,0,1,1,0,0,44,0,453,2,8,65,316608702,2,0,0,0,4550,0,220,41,0,1,1,0,48,6,2437,0,0,0,20,evil_twin,evil_twin
1683996603,7141,297,0,1,1,0,0,44,0,454,2,8,65,3934753712,2,0,0,0,4551,0,218,41,0,1,1,0,48,6,2437,0,0,0,20,evil_twin,evil_twin
1683996603,7146,125,0,1,1,0,0,44,0,455,2,8,65,3721710189,2,0,0,0,4552,0,46,41,0,1,1,0,48,6,2437,0,0,0,20,evil_twin,evil_twin
1683996603,7155,297,0,1,1,0,0,44,0,456,2,8,65,3965777458,2,0,0,0,4553,0,218,41,0,1,1,0,48,6,2437,0,0,0,20,evil_twin,evil_twin
1683996603,7167,141,1,0,0,1,0,44,0,141,2,8,66,1176330491,2,0,0,0,144,0,62,41,0,1,1,0,54,6,2437,0,0,0,20,evil_twin,evil_twin
1683996604,7179,296,0,1,1,0,0,44,0,457,2,8,65,4058467543,2,0,0,0,4554,0,217,41,0,1,1,0,48,6,2437,0,0,0,20,evil_twin,evil_twin
1683996604,7204,296,0,1,1,0,0,44,0,458,2,8,65,4101186694,2,0,0,0,4555,0,217,41,0,1,1,0,48,6,2437,0,0,0,20,evil_twin,evil_twin
1683996604,7229,296,0,1,1,0,0,44,0,459,2,8,65,2081565666,2,0,0,0,4556,0,217,41,0,1,1,0,48,6,2437,0,0,0,20,evil_twin,evil_twin
1683996604,7273,297,0,1,1,0,0,44,0,460,2,8,65,564221994,2,0,0,0,4557,0,218,41,0,1,1,0,48,6,2437,0,0,0,20,evil_twin,evil_twin
1683996604,7290,295,0,1,1,0,0,44,0,461,2,8,65,94413984,2,0,0,0,4558,0,216,41,0,1,1,0,48,6,2437,0,0,0,20,evil_twin,evil_twin
1683996604,7316,298,0,1,1,0,0,44,0,463,2,8,65,412793906,2,0,0,0,4560,0,219,41,0,1,1,0,48,6,2437,0,0,0,20,evil_twin,evil_twin
1683996604,7332,297,0,1,1,0,0,44,0,464,2,8,65,2256017031,2,0,0,0,4561,0,218,41,0,1,1,0,48,6,2437,0,0,0,20,evil_twin,evil_twin
1683996604,7345,298,0,1,1,0,0,44,0,465,2,8,65,2843810378,2,0,0,0,4562,0,219,41,0,1,1,0,48,6,2437,0,0,0,20,evil_twin,evil_twin
1683996604,7361,298,0,1,1,0,0,44,0,466,2,8,65,3868164234,2,0,0,0,4563,0,219,41,0,1,1,0,48,6,2437,0,0,0,20,evil_twin,evil_twin
1683996605,7376,296,0,1,1,0,0,44,0,467,2,8,65,1340475325,2,0,0,0,4564,0,217,41,0,1,1,0,48,6,2437,0,0,0,20,evil_twin,evil_twin
1683996605,7390,297,0,1,1,0,0,44,0,468,2,8,65,3978522914,2,0,0,0,4565,0,218,41,0,1,1,0,48,6,2437,0,0,0,20,evil_twin,evil_twin
1683996605,7408,297,0,1,1,0,0,44,0,469,2,8,65,1667295830,2,0,0,0,4566,0,218,41,0,1,1,0,48,6,2437,0,0,0,20,evil_twin,evil_twin
1683996605,7421,298,0,1,1,0,0,44,0,470,2,8,65,1360743690,2,0,0,0,4567,0,219,41,0,1,1,0,48,6,2437,0,0,0,20,evil_twin,evil_twin
1683996605,7435,299,0,1,1,0,0,44,0,471,2,8,65,4256603080,2,0,0,0,4568,0,220,41,0,1,1,0,48,6,2437,0,0,0,20,evil_twin,evil_twin
1683996605,7464,297,0,1,1,0,0,44,0,472,2,8,65,1870367463,2,0,0,0,4569,0,218,41,0,1,1,0,48,6,2437,0,0,0,20,evil_twin,evil_twin
1683996605,7476,298,0,1,1,0,0,44,0,473,2,8,65,3438387151,2,0,0,0,4570,0,219,41,0,1,1,0,48,6,2437,0,0,0,20,evil_twin,evil_twin
1683996605,7490,297,0,1,1,0,0,44,0,474,2,8,65,360908088,2,0,0,0,4571,0,218,41,0,1,1,0,48,6,2437,0,0,0,20,evil_twin,evil_twin
1683996605,7503,298,0,1,1,0,0,44,0,475,2,8,65,2297227612,2,0,0,0,4572,0,219,41,0,1,1,0,48,6,2437,0,0,0,20,evil_twin,evil_twin
1683996605,7505,298,0,1,1,0,0,44,0,475,2,8,73,2535664196,2,0,0,0,4572,0,219,41,0,1,1,0,48,6,2437,0,0,0,20,evil_twin,evil_twin
1683996605,7511,125,0,1,1,0,0,44,0,476,2,8,65,749193990,2,0,0,0,4573,0,46,41,0,1,1,0,48,6,2437,0,0,0,20,evil_twin,evil_twin
1683996605,7514,125,0,1,1,0,0,44,0,476,2,8,73,520059725,2,0,0,0,4573,0,46,41,0,1,1,0,48,6,2437,0,0,0,20,evil_twin,evil_twin
1683996605,7523,299,0,1,1,0,0,44,0,477,2,8,65,27986278,2,0,0,0,4574,0,220,41,0,1,1,0,48,6,2437,0,0,0,20,evil_twin,evil_twin
1683996606,7537,297,0,1,1,0,0,44,0,478,2,8,65,3761606211,2,0,0,0,4575,0,218,41,0,1,1,0,48,6,2437,0,0,0,20,evil_twin,evil_twin
1683996606,7546,296,0,1,1,0,0,44,0,479,2,8,65,2159713460,2,0,0,0,4576,0,217,41,0,1,1,0,48,6,2437,0,0,0,20,evil_twin,evil_twin
1683996606,7559,141,1,0,0,1,0,44,0,142,2,8,66,1088036392,2,0,0,0,145,0,62,41,0,1,1,0,54,6,2437,0,0,0,20,evil_twin,evil_twin
1683996606,7563,296,0,1,1,0,0,44,0,480,2,8,65,1224554115,2,0,0,0,4577,0,217,41,0,1,1,0,48,6,2437,0,0,0,20,evil_twin,evil_twin
1683996606,7574,297,0,1,1,0,0,44,0,481,2,8,65,794642890,2,0,0,0,4578,0,218,41,0,1,1,0,48,6,2437,0,0,0,20,evil_twin,evil_twin
1683996606,7584,299,0,1,1,0,0,44,0,482,2,8,65,2798745636,2,0,0,0,4579,0,220,41,0,1,1,0,48,6,2437,0,0,0,20,evil_twin,evil_twin
1683996606,7601,298,0,1,1,0,0,44,0,483,2,8,65,1121429522,2,0,0,0,4580,0,219,41,0,1,1,0,48,6,2437,0,0,0,20,evil_twin,evil_twin
1683996606,7604,298,0,1,1,0,0,44,0,483,2,8,73,1561881354,2,0,0,0,4580,0,219,41,0,1,1,0,48,6,2437,0,0,0,20,evil_twin,evil_twin
1683996606,7618,294,0,1,1,0,0,44,0,484,2,8,65,4216107103,2,0,0,0,4581,0,215,41,0,1,1,0,48,6,2437,0,0,0,20,evil_twin,evil_twin
1683996606,7642,295,0,1,1,0,0,44,0,485,2,8,65,1882822653,2,0,0,0,4582,0,216,41,0,1,1,0,48,6,2437,0,0,0,20,evil_twin,evil_twin
1683996606,7660,298,0,1,1,0,0,44,0,486,2,8,65,4154093444,2,0,0,0,4583,0,219,41,0,1,1,0,48,6,2437,0,0,0,20,evil_twin,evil_twin
1683996607,7681,295,0,1,1,0,0,44,0,488,2,8,65,3540262055,2,0,0,0,4585,0,216,41,0,1,1,0,48,6,2437,0,0,0,20,evil_twin,evil_twin
1683996607,7693,297,0,1,1,0,0,44,0,489,2,8,65,1275816896,2,0,0,0,4586,0,218,41,0,1,1,0,48,6,2437,0,0,0,20,evil_twin,evil_twin
1683996607,7708,296,0,1,1,0,0,44,0,490,2,8,65,3914135743,2,0,0,0,4587,0,217,41,0,1,1,0,54,6,2437,0,0,0,20,evil_twin,evil_twin
1683996607,7741,297,0,1,1,0,0,44,0,493,2,8,65,1813099070,2,0,0,0,4590,0,218,41,0,1,1,0,54,6,2437,0,0,0,20,evil_twin,evil_twin
1683996607,7785,297,0,1,1,0,0,44,0,495,2,8,65,2719608667,2,0,0,0,4592,0,218,41,0,1,1,0,54,6,2437,0,0,0,20,evil_twin,evil_twin
1683996607,7819,296,0,1,1,0,0,44,0,496,2,8,65,560005701,2,0,0,0,4593,0,217,41,0,1,1,0,54,6,2437,0,0,0,20,evil_twin,evil_twin
1683996608,7867,297,0,1,1,0,0,44,0,499,2,8,65,3393987833,2,0,0,0,4596,0,218,41,0,1,1,0,54,6,2437,0,0,0,20,evil_twin,evil_twin
1683996608,7897,295,0,1,1,0,0,44,0,501,2,8,65,8360212,2,0,0,0,4598,0,216,41,0,1,1,0,54,6,2437,0,0,0,20,evil_twin,evil_twin
1683996608,7913,295,0,1,1,0,0,44,0,502,2,8,65,3071391829,2,0,0,0,4599,0,216,41,0,1,1,0,54,6,2437,0,0,0,20,evil_twin,evil_twin
1683996608,7916,125,0,1,1,0,0,44,0,503,2,8,65,2386938716,2,0,0,0,4600,0,46,41,0,1,1,0,54,6,2437,0,0,0,20,evil_twin,evil_twin
1683996608,7924,141,1,0,0,1,0,44,0,143,2,8,66,426285445,2,0,0,0,146,0,62,41,0,1,1,0,54,6,2437,0,0,0,20,evil_twin,evil_twin
1683996608,7927,141,1,0,0,1,0,44,0,143,2,8,74,2627377255,2,0,0,0,146,0,62,41,0,1,1,0,54,6,2437,0,0,0,20,evil_twin,evil_twin
1683996608,7930,141,1,0,0,1,0,44,0,143,2,8,74,2627377255,2,0,0,0,146,0,62,41,0,1,1,0,54,6,2437,0,0,0,20,evil_twin,evil_twin
1683996608,7940,297,0,1,1,0,0,44,0,504,2,8,65,3248899569,2,0,0,0,4601,0,218,41,0,1,1,0,54,6,2437,0,0,0,20,evil_twin,evil_twin
1683996608,7942,297,0,1,1,0,0,44,0,504,2,8,73,3571856162,2,0,0,0,4601,0,218,41,0,1,1,0,54,6,2437,0,0,0,20,evil_twin,evil_twin
1683996608,7955,297,0,1,1,0,0,44,0,505,2,8,65,2290520289,2,0,0,0,4602,0,218,41,0,1,1,0,54,6,2437,0,0,0,20,evil_twin,evil_twin
1683996608,7967,296,0,1,1,0,0,44,0,506,2,8,65,3202960769,2,0,0,0,4603,0,217,41,0,1,1,0,54,6,2437,0,0,0,20,evil_twin,evil_twin
1683996608,7983,297,0,1,1,0,0,44,0,507,2,8,65,3313092723,2,0,0,0,4604,0,218,41,0,1,1,0,54,6,2437,0,0,0,20,evil_twin,evil_twin
1683996608,8014,299,0,1,1,0,0,44,0,508,2,8,65,1307929400,2,0,0,0,4605,0,220,41,0,1,1,0,54,6,2437,0,0,0,20,evil_twin,evil_twin
1683996609,8028,298,0,1,1,0,0,44,0,509,2,8,65,655211696,2,0,0,0,4606,0,219,41,0,1,1,0,54,6,2437,0,0,0,20,evil_twin,evil_twin
1683996609,8043,299,0,1,1,0,0,44,0,510,2,8,65,468008551,2,0,0,0,4607,0,220,41,0,1,1,0,54,6,2437,0,0,0,20,evil_twin,evil_twin
1683996609,8055,298,0,1,1,0,0,44,0,511,2,8,65,16881525,2,0,0,0,4608,0,219,41,0,1,1,0,54,6,2437,0,0,0,20,evil_twin,evil_twin
1683996609,8069,298,0,1,1,0,0,44,0,512,2,8,65,3594599756,2,0,0,0,4609,0,219,41,0,1,1,0,54,6,2437,0,0,0,20,evil_twin,evil_twin
1683996609,8082,298,0,1,1,0,0,44,0,513,2,8,65,70105791,2,0,0,0,4610,0,219,41,0,1,1,0,54,6,2437,0,0,0,20,evil_twin,evil_twin
1683996609,8093,299,0,1,1,0,0,44,0,514,2,8,65,2201902649,2,0,0,0,4611,0,220,41,0,1,1,0,54,6,2437,0,0,0,20,evil_twin,evil_twin
1683996609,8095,299,0,1,1,0,0,44,0,514,2,8,73,2420967852,2,0,0,0,4611,0,220,41,0,1,1,0,54,6,2437,0,0,0,20,evil_twin,evil_twin
1683996609,8097,299,0,1,1,0,0,44,0,514,2,8,73,2420967852,2,0,0,0,4611,0,220,41,0,1,1,0,48,6,2437,0,0,0,20,evil_twin,evil_twin
1683996609,8112,298,0,1,1,0,0,44,0,515,2,8,65,1309425322,2,0,0,0,4612,0,219,41,0,1,1,0,54,6,2437,0,0,0,20,evil_twin,evil_twin
1683996609,8123,297,0,1,1,0,0,44,0,516,2,8,65,3852526318,2,0,0,0,4613,0,218,41,0,1,1,0,54,6,2437,0,0,0,20,evil_twin,evil_twin
1683996609,8136,297,0,1,1,0,0,44,0,517,2,8,65,105391800,2,0,0,0,4614,0,218,41,0,1,1,0,54,6,2437,0,0,0,20,evil_twin,evil_twin
1683996610,8147,300,0,1,1,0,0,44,0,518,2,8,65,379491935,2,0,0,0,4615,0,221,41,0,1,1,0,54,6,2437,0,0,0,20,evil_twin,evil_twin
1683996610,8161,300,0,1,1,0,0,44,0,519,2,8,65,1482802191,2,0,0,0,4616,0,221,41,0,1,1,0,54,6,2437,0,0,0,20,evil_twin,evil_twin
1683996610,8177,301,0,1,1,0,0,44,0,520,2,8,65,3046632993,2,0,0,0,4617,0,222,41,0,1,1,0,54,6,2437,0,0,0,20,evil_twin,evil_twin
1683996610,8187,301,0,1,1,0,0,44,0,521,2,8,65,817485425,2,0,0,0,4618,0,222,41,0,1,1,0,54,6,2437,0,0,0,20,evil_twin,evil_twin
1683996610,8195,125,0,1,1,0,0,44,0,522,2,8,65,980102041,2,0,0,0,4619,0,46,41,0,1,1,0,54,6,2437,0,0,0,20,evil_twin,evil_twin
1683996610,8201,296,0,1,1,0,0,44,0,523,2,8,65,2197802177,2,0,0,0,4620,0,217,41,0,1,1,0,54,6,2437,0,0,0,20,evil_twin,evil_twin
1683996610,8212,141,1,0,0,1,0,44,0,144,2,8,66,608043199,2,0,0,0,147,0,62,41,0,1,1,0,54,6,2437,0,0,0,20,evil_twin,evil_twin
1683996610,8224,296,0,1,1,0,0,44,0,524,2,8,65,910006387,2,0,0,0,4621,0,217,41,0,1,1,0,54,6,2437,0,0,0,20,evil_twin,evil_twin
1683996610,8230,297,0,1,1,0,0,44,0,525,2,8,65,3121703936,2,0,0,0,4622,0,218,41,0,1,1,0,54,6,2437,0,0,0,20,evil_twin,evil_twin
1683996610,8241,298,0,1,1,0,0,44,0,526,2,8,65,878945744,2,0,0,0,4623,0,219,41,0,1,1,0,54,6,2437,0,0,0,20,evil_twin,evil_twin
1683996610,8251,297,0,1,1,0,0,44,0,527,2,8,65,2293110194,2,0,0,0,4624,0,218,41,0,1,1,0,54,6,2437,0,0,0,20,evil_twin,evil_twin
1683996610,8267,297,0,1,1,0,0,44,0,528,2,8,65,4176273761,2,0,0,0,4625,0,218,41,0,1,1,0,54,6,2437,0,0,0,20,evil_twin,evil_twin
1683996610,8278,298,0,1,1,0,0,44,0,529,2,8,65,555259740,2,0,0,0,4626,0,219,41,0,1,1,0,54,6,2437,0,0,0,20,evil_twin,evil_twin
1683996611,8302,298,0,1,1,0,0,44,0,530,2,8,65,1007163003,2,0,0,0,4627,0,219,41,0,1,1,0,54,6,2437,0,0,0,20,evil_twin,evil_twin
1683996611,8321,298,0,1,1,0,0,44,0,531,2,8,65,133650993,2,0,0,0,4628,0,219,41,0,1,1,0,54,6,2437,0,0,0,20,evil_twin,evil_twin
1683996611,8332,295,0,1,1,0,0,44,0,532,2,8,65,1897695308,2,0,0,0,4629,0,216,41,0,1,1,0,54,6,2437,0,0,0,20,evil_twin,evil_twin
1683996611,8343,296,0,1,1,0,0,44,0,533,2,8,65,184068086,2,0,0,0,4630,0,217,41,0,1,1,0,54,6,2437,0,0,0,20,evil_twin,evil_twin
1683996611,8356,297,0,1,1,0,0,44,0,534,2,8,65,1658171144,2,0,0,0,4631,0,218,41,0,1,1,0,54,6,2437,0,0,0,20,evil_twin,evil_twin
1683996611,8367,295,0,1,1,0,0,44,0,535,2,8,65,257345736,2,0,0,0,4632,0,216,41,0,1,1,0,54,6,2437,0,0,0,20,evil_twin,evil_twin
1683996611,8382,298,0,1,1,0,0,44,0,536,2,8,65,3695288047,2,0,0,0,4633,0,219,41,0,1,1,0,54,6,2437,0,0,0,20,evil_twin,evil_twin
1683996611,8400,296,0,1,1,0,0,44,0,537,2,8,65,372445374,2,0,0,0,4634,0,217,41,0,1,1,0,54,6,2437,0,0,0,20,evil_twin,evil_twin
1683996611,8418,298,0,1,1,0,0,44,0,538,2,8,65,3391830544,2,0,0,0,4635,0,219,41,0,1,1,0,54,6,2437,0,0,0,20,evil_twin,evil_twin
1683996612,8486,297,0,1,1,0,0,44,0,539,2,8,65,632852870,2,0,0,0,4636,0,218,41,0,1,1,0,54,6,2437,0,0,0,20,evil_twin,evil_twin
1683996612,8504,295,0,1,1,0,0,44,0,540,2,8,65,1637610230,2,0,0,0,4637,0,216,41,0,1,1,0,54,6,2437,0,0,0,20,evil_twin,evil_twin
1683996612,8518,294,0,1,1,0,0,44,0,541,2,8,65,2740535980,2,0,0,0,4638,0,215,41,0,1,1,0,54,6,2437,0,0,0,20,evil_twin,evil_twin
1683996612,8530,296,0,1,1,0,0,44,0,542,2,8,65,3873883574,2,0,0,0,4639,0,217,41,0,1,1,0,54,6,2437,0,0,0,20,evil_twin,evil_twin
1683996612,8544,295,0,1,1,0,0,44,0,543,2,8,65,388738086,2,0,0,0,4640,0,216,41,0,1,1,0,54,6,2437,0,0,0,20,evil_twin,evil_twin
1683996612,8565,295,0,1,1,0,0,44,0,544,2,8,65,1184678678,2,0,0,0,4641,0,216,41,0,1,1,0,54,6,2437,0,0,0,20,evil_twin,evil_twin
1683996612,8570,125,0,1,1,0,0,44,0,545,2,8,65,163209101,2,0,0,0,4642,0,46,41,0,1,1,0,54,6,2437,0,0,0,20,evil_twin,evil_twin
1683996612,8582,141,1,0,0,1,0,44,0,145,2,8,66,3655700058,2,0,0,0,148,0,62,41,0,1,1,0,54,6,2437,0,0,0,20,evil_twin,evil_twin
1683996612,8586,295,0,1,1,0,0,44,0,546,2,8,65,2434483437,2,0,0,0,4643,0,216,41,0,1,1,0,54,6,2437,0,0,0,20,evil_twin,evil_twin
1683996612,8598,298,0,1,1,0,0,44,0,547,2,8,65,902381941,2,0,0,0,4644,0,219,41,0,1,1,0,54,6,2437,0,0,0,20,evil_twin,evil_twin
1683996612,8610,297,0,1,1,0,0,44,0,548,2,8,65,131928146,2,0,0,0,4645,0,218,41,0,1,1,0,54,6,2437,0,0,0,20,evil_twin,evil_twin
1683996613,8645,298,0,1,1,0,0,44,0,550,2,8,65,4274649726,2,0,0,0,4647,0,219,41,0,1,1,0,54,6,2437,0,0,0,20,evil_twin,evil_twin
1683996613,8664,299,0,1,1,0,0,44,0,551,2,8,65,3875778837,2,0,0,0,4648,0,220,41,0,1,1,0,54,6,2437,0,0,0,20,evil_twin,evil_twin
1683996613,8678,301,0,1,1,0,0,44,0,552,2,8,65,1074248918,2,0,0,0,4649,0,222,41,0,1,1,0,54,6,2437,0,0,0,20,evil_twin,evil_twin
1683996613,8694,298,0,1,1,0,0,44,0,553,2,8,65,1186848993,2,0,0,0,4650,0,219,41,0,1,1,0,54,6,2437,0,0,0,20,evil_twin,evil_twin
1683996613,8705,297,0,1,1,0,0,44,0,554,2,8,65,2768376837,2,0,0,0,4651,0,218,41,0,1,1,0,54,6,2437,0,0,0,20,evil_twin,evil_twin
1683996613,8717,299,0,1,1,0,0,44,0,555,2,8,65,2729644744,2,0,0,0,4652,0,220,41,0,1,1,0,54,6,2437,0,0,0,20,evil_twin,evil_twin
1683996613,8728,300,0,1,1,0,0,44,0,556,2,8,65,3843506022,2,0,0,0,4653,0,221,41,0,1,1,0,54,6,2437,0,0,0,20,evil_twin,evil_twin
1683996613,8737,298,0,1,1,0,0,44,0,557,2,8,65,1738484496,2,0,0,0,4654,0,219,41,0,1,1,0,54,6,2437,0,0,0,20,evil_twin,evil_twin
1683996613,8748,299,0,1,1,0,0,44,0,558,2,8,65,1690527249,2,0,0,0,4655,0,220,41,0,1,1,0,54,6,2437,0,0,0,20,evil_twin,evil_twin
1683996613,8762,299,0,1,1,0,0,44,0,559,2,8,65,1334595287,2,0,0,0,4656,0,220,41,0,1,1,0,54,6,2437,0,0,0,20,evil_twin,evil_twin
1683996614,8776,299,0,1,1,0,0,44,0,560,2,8,65,3778888565,2,0,0,0,4657,0,220,41,0,1,1,0,54,6,2437,0,0,0,20,evil_twin,evil_twin
1683996614,8781,298,0,1,1,0,0,44,0,561,2,8,65,1288365275,2,0,0,0,4658,0,219,41,0,1,1,0,54,6,2437,0,0,0,20,evil_twin,evil_twin
1683996614,8792,298,0,1,1,0,0,44,0,562,2,8,65,1557033963,2,0,0,0,4659,0,219,41,0,1,1,0,54,6,2437,0,0,0,20,evil_twin,evil_twin
1683996614,8807,297,0,1,1,0,0,44,0,563,2,8,65,853323249,2,0,0,0,4660,0,218,41,0,1,1,0,54,6,2437,0,0,0,20,evil_twin,evil_twin
1683996614,8819,299,0,1,1,0,0,44,0,564,2,8,65,575414896,2,0,0,0,4661,0,220,41,0,1,1,0,54,6,2437,0,0,0,20,evil_twin,evil_twin
1683996614,8831,125,0,1,1,0,0,44,0,565,2,8,65,1742643826,2,0,0,0,4662,0,46,41,0,1,1,0,54,6,2437,0,0,0,20,evil_twin,evil_twin
1683996614,8834,296,0,1,1,0,0,44,0,566,2,8,65,1221766379,2,0,0,0,4663,0,217,41,0,1,1,0,54,6,2437,0,0,0,20,evil_twin,evil_twin
1683996614,8847,296,0,1,1,0,0,44,0,567,2,8,65,4084181891,2,0,0,0,4664,0,217,41,0,1,1,0,54,6,2437,0,0,0,20,evil_twin,evil_twin
1683996614,8871,297,0,1,1,0,0,44,0,568,2,8,65,3813121984,2,0,0,0,4665,0,218,41,0,1,1,0,54,6,2437,0,0,0,20,evil_twin,evil_twin
1683996614,8886,296,0,1,1,0,0,44,0,569,2,8,65,4218380610,2,0,0,0,4666,0,217,41,0,1,1,0,54,6,2437,0,0,0,20,evil_twin,evil_twin
1683996614,8902,295,0,1,1,0,0,44,0,570,2,8,65,3127839286,2,0,0,0,4667,0,216,41,0,1,1,0,54,6,2437,0,0,0,20,evil_twin,evil_twin
1683996615,8915,295,0,1,1,0,0,44,0,571,2,8,65,1347665940,2,0,0,0,4668,0,216,41,0,1,1,0,54,6,2437,0,0,0,20,evil_twin,evil_twin
1683996615,8928,297,0,1,1,0,0,44,0,572,2,8,65,2084783406,2,0,0,0,4669,0,218,41,0,1,1,0,54,6,2437,0,0,0,20,evil_twin,evil_twin
1683996615,8944,296,0,1,1,0,0,44,0,573,2,8,65,2017620635,2,0,0,0,4670,0,217,41,0,1,1,0,54,6,2437,0,0,0,20,evil_twin,evil_twin
1683996615,8959,297,0,1,1,0,0,44,0,574,2,8,65,126603979,2,0,0,0,4671,0,218,41,0,1,1,0,54,6,2437,0,0,0,20,evil_twin,evil_twin
1683996615,8971,296,0,1,1,0,0,44,0,575,2,8,65,3731777481,2,0,0,0,4672,0,217,41,0,1,1,0,54,6,2437,0,0,0,20,evil_twin,evil_twin
1683996615,8984,296,0,1,1,0,0,44,0,576,2,8,65,3300765536,2,0,0,0,4673,0,217,41,0,1,1,0,54,6,2437,0,0,0,20,evil_twin,evil_twin
1683996615,8997,296,0,1,1,0,0,44,0,577,2,8,65,1314311528,2,0,0,0,4674,0,217,41,0,1,1,0,54,6,2437,0,0,0,20,evil_twin,evil_twin
1683996615,9010,295,0,1,1,0,0,44,0,578,2,8,65,1863999749,2,0,0,0,4675,0,216,41,0,1,1,0,54,6,2437,0,0,0,20,evil_twin,evil_twin
1683996615,9023,295,0,1,1,0,0,44,0,579,2,8,65,3054866021,2,0,0,0,4676,0,216,41,0,1,1,0,54,6,2437,0,0,0,20,evil_twin,evil_twin
1683996615,9034,298,0,1,1,0,0,44,0,580,2,8,65,2405153524,2,0,0,0,4677,0,219,41,0,1,1,0,54,6,2437,0,0,0,20,evil_twin,evil_twin
1683996616,9046,295,0,1,1,0,0,44,0,581,2,8,65,2753731237,2,0,0,0,4678,0,216,41,0,1,1,0,54,6,2437,0,0,0,20,evil_twin,evil_twin
1683996616,9059,296,0,1,1,0,0,44,0,582,2,8,65,1720202300,2,0,0,0,4679,0,217,41,0,1,1,0,54,6,2437,0,0,0,20,evil_twin,evil_twin
1683996616,9083,296,0,1,1,0,0,44,0,584,2,8,65,3819684692,2,0,0,0,4681,0,217,41,0,1,1,0,54,6,2437,0,0,0,20,evil_twin,evil_twin
1683996616,9098,299,0,1,1,0,0,44,0,585,2,8,65,4133169814,2,0,0,0,4682,0,220,41,0,1,1,0,54,6,2437,0,0,0,20,evil_twin,evil_twin
1683996616,9110,298,0,1,1,0,0,44,0,586,2,8,65,3617534337,2,0,0,0,4683,0,219,41,0,1,1,0,54,6,2437,0,0,0,20,evil_twin,evil_twin
1683996616,9117,125,0,1,1,0,0,44,0,587,2,8,65,1263685624,2,0,0,0,4684,0,46,41,0,1,1,0,54,6,2437,0,0,0,20,evil_twin,evil_twin
1683996616,9128,297,0,1,1,0,0,44,0,588,2,8,65,2006183049,2,0,0,0,4685,0,218,41,0,1,1,0,54,6,2437,0,0,0,20,evil_twin,evil_twin
1683996616,9131,141,1,0,0,1,0,44,0,147,2,8,66,3812353329,2,0,0,0,150,0,62,41,0,1,1,0,54,6,2437,0,0,0,20,evil_twin,evil_twin
1683996616,9147,296,0,1,1,0,0,44,0,589,2,8,65,1712801715,2,0,0,0,4686,0,217,41,0,1,1,0,54,6,2437,0,0,0,20,evil_twin,evil_twin
1683996616,9159,298,0,1,1,0,0,44,0,590,2,8,65,2651275904,2,0,0,0,4687,0,219,41,0,1,1,0,54,6,2437,0,0,0,20,evil_twin,evil_twin
1683996616,9178,295,0,1,1,0,0,44,0,591,2,8,65,3154565760,2,0,0,0,4688,0,216,41,0,1,1,0,54,6,2437,0,0,0,20,evil_twin,evil_twin
1683996617,9193,295,0,1,1,0,0,44,0,592,2,8,65,3589362276,2,0,0,0,4689,0,216,41,0,1,1,0,54,6,2437,0,0,0,20,evil_twin,evil_twin
1683996617,9204,294,0,1,1,0,0,44,0,593,2,8,65,250830959,2,0,0,0,4690,0,215,41,0,1,1,0,54,6,2437,0,0,0,20,evil_twin,evil_twin
1683996617,9219,293,0,1,1,0,0,44,0,594,2,8,65,1777647483,2,0,0,0,4691,0,214,41,0,1,1,0,54,6,2437,0,0,0,20,evil_twin,evil_twin
1683996617,9233,294,0,1,1,0,0,44,0,595,2,8,65,26036265,2,0,0,0,4692,0,215,41,0,1,1,0,54,6,2437,0,0,0,20,evil_twin,evil_twin
1683996617,9250,296,0,1,1,0,0,44,0,596,2,8,65,1399770826,2,0,0,0,4693,0,217,41,0,1,1,0,54,6,2437,0,0,0,20,evil_twin,evil_twin
1683996617,9262,295,0,1,1,0,0,44,0,597,2,8,65,1939324732,2,0,0,0,4694,0,216,41,0,1,1,0,54,6,2437,0,0,0,20,evil_twin,evil_twin
1683996617,9278,296,0,1,1,0,0,44,0,598,2,8,65,2165206163,2,0,0,0,4695,0,217,41,0,1,1,0,54,6,2437,0,0,0,20,evil_twin,evil_twin
1683996617,9291,297,0,1,1,0,0,44,0,599,2,8,65,850224287,2,0,0,0,4696,0,218,41,0,1,1,0,54,6,2437,0,0,0,20,evil_twin,evil_twin
1683996617,9300,295,0,1,1,0,0,44,0,600,2,8,65,2550851423,2,0,0,0,4697,0,216,41,0,1,1,0,54,6,2437,0,0,0,20,evil_twin,evil_twin
1683996617,9313,297,0,1,1,0,0,44,0,601,2,8,65,2389908221,2,0,0,0,4698,0,218,41,0,1,1,0,54,6,2437,0,0,0,20,evil_twin,evil_twin
1683996618,9326,298,0,1,1,0,0,44,0,602,2,8,65,2265941641,2,0,0,0,4699,0,219,41,0,1,1,0,54,6,2437,0,0,0,20,evil_twin,evil_twin
1683996618,9336,295,0,1,1,0,0,44,0,603,2,8,65,4143605997,2,0,0,0,4700,0,216,41,0,1,1,0,54,6,2437,0,0,0,20,evil_twin,evil_twin
1683996618,9354,297,0,1,1,0,0,44,0,604,2,8,65,2882046115,2,0,0,0,4701,0,218,41,0,1,1,0,54,6,2437,0,0,0,20,evil_twin,evil_twin
1683996618,9365,296,0,1,1,0,0,44,0,605,2,8,65,658288799,2,0,0,0,4702,0,217,41,0,1,1,0,54,6,2437,0,0,0,20,evil_twin,evil_twin
1683996618,9377,297,0,1,1,0,0,44,0,606,2,8,65,976128093,2,0,0,0,4703,0,218,41,0,1,1,0,54,6,2437,0,0,0,20,evil_twin,evil_twin
1683996618,9389,297,0,1,1,0,0,44,0,607,2,8,65,3227116463,2,0,0,0,4704,0,218,41,0,1,1,0,54,6,2437,0,0,0,20,evil_twin,evil_twin
1683996618,9401,297,0,1,1,0,0,44,0,608,2,8,65,577814200,2,0,0,0,4705,0,218,41,0,1,1,0,54,6,2437,0,0,0,20,evil_twin,evil_twin
1683996618,9414,297,0,1,1,0,0,44,0,609,2,8,65,1883642260,2,0,0,0,4706,0,218,41,0,1,1,0,54,6,2437,0,0,0,20,evil_twin,evil_twin
1683996618,9423,125,0,1,1,0,0,44,0,610,2,8,65,1960783026,2,0,0,0,4707,0,46,41,0,1,1,0,54,6,2437,0,0,0,20,evil_twin,evil_twin
1683996618,9432,296,0,1,1,0,0,44,0,611,2,8,65,103924865,2,0,0,0,4708,0,217,41,0,1,1,0,54,6,2437,0,0,0,20,evil_twin,evil_twin
1683996618,9443,296,0,1,1,0,0,44,0,612,2,8,65,648457582,2,0,0,0,4709,0,217,41,0,1,1,0,54,6,2437,0,0,0,20,evil_twin,evil_twin
1683996619,9454,297,0,1,1,0,0,44,0,613,2,8,65,2980052963,2,0,0,0,4710,0,218,41,0,1,1,0,54,6,2437,0,0,0,20,evil_twin,evil_twin
1683996619,9468,296,0,1,1,0,0,44,0,614,2,8,65,2501330609,2,0,0,0,4711,0,217,41,0,1,1,0,54,6,2437,0,0,0,20,evil_twin,evil_twin
1683996619,9498,299,0,1,1,0,0,44,0,615,2,8,65,4259158870,2,0,0,0,4712,0,220,41,0,1,1,0,54,6,2437,0,0,0,20,evil_twin,evil_twin
1683996619,9508,301,0,1,1,0,0,44,0,616,2,8,65,3467278092,2,0,0,0,4713,0,222,41,0,1,1,0,54,6,2437,0,0,0,20,evil_twin,evil_twin
1683996619,9525,300,0,1,1,0,0,44,0,617,2,8,65,2296922909,2,0,0,0,4714,0,221,41,0,1,1,0,54,6,2437,0,0,0,20,evil_twin,evil_twin
1683996619,9554,300,0,1,1,0,0,44,0,618,2,8,73,2265505798,2,0,0,0,4715,0,221,41,0,1,1,0,54,6,2437,0,0,0,20,evil_twin,evil_twin
1683996619,9605,301,0,1,1,0,0,44,0,619,2,8,65,1451040092,2,0,0,0,4716,0,222,41,0,1,1,0,54,6,2437,0,0,0,20,evil_twin,evil_twin
1683996619,9645,300,0,1,1,0,0,44,0,620,2,8,65,1168696179,2,0,0,0,4717,0,221,41,0,1,1,0,54,6,2437,0,0,0,20,evil_twin,evil_twin
1683996619,9696,300,0,1,1,0,0,44,0,621,2,8,65,1397123729,2,0,0,0,4718,0,221,41,0,1,1,0,54,6,2437,0,0,0,20,evil_twin,evil_twin
1683996619,9754,300,0,1,1,0,0,44,0,622,2,8,73,2679808969,2,0,0,0,4719,0,221,41,0,1,1,0,48,6,2437,0,0,0,20,evil_twin,evil_twin
1683996619,9756,300,0,1,1,0,0,44,0,622,2,8,73,2679808969,2,0,0,0,4719,0,221,41,0,1,1,0,48,6,2437,0,0,0,20,evil_twin,evil_twin
1683996620,9846,301,0,1,1,0,0,44,0,624,2,8,65,2498427469,2,0,0,0,4721,0,222,41,0,1,1,0,54,6,2437,0,0,0,20,evil_twin,evil_twin
1683996620,9869,301,0,1,1,0,0,44,0,625,2,8,65,1335936716,2,0,0,0,4722,0,222,41,0,1,1,0,54,6,2437,0,0,0,20,evil_twin,evil_twin
1683996620,9878,299,0,1,1,0,0,44,0,626,2,8,65,895249981,2,0,0,0,4723,0,220,41,0,1,1,0,54,6,2437,0,0,0,20,evil_twin,evil_twin
1683996620,9899,300,0,1,1,0,0,44,0,627,2,8,65,834340650,2,0,0,0,4724,0,221,41,0,1,1,0,54,6,2437,0,0,0,20,evil_twin,evil_twin
1683996620,9911,300,0,1,1,0,0,44,0,628,2,8,65,2267291478,2,0,0,0,4725,0,221,41,0,1,1,0,54,6,2437,0,0,0,20,evil_twin,evil_twin
1683996620,9923,301,0,1,1,0,0,44,0,629,2,8,65,4019988089,2,0,0,0,4726,0,222,41,0,1,1,0,54,6,2437,0,0,0,20,evil_twin,evil_twin
1683996620,9931,125,0,1,1,0,0,44,0,630,2,8,65,1060806710,2,0,0,0,4727,0,46,41,0,1,1,0,54,6,2437,0,0,0,20,evil_twin,evil_twin
1683996620,9937,297,0,1,1,0,0,44,0,631,2,8,65,3309255087,2,0,0,0,4728,0,218,41,0,1,1,0,54,6,2437,0,0,0,20,evil_twin,evil_twin
1683996620,9955,296,0,1,1,0,0,44,0,632,2,8,65,2513664678,2,0,0,0,4729,0,217,41,0,1,1,0,54,6,2437,0,0,0,20,evil_twin,evil_twin
1683996620,9966,297,0,1,1,0,0,44,0,633,2,8,65,2732021303,2,0,0,0,4730,0,218,41,0,1,1,0,54,6,2437,0,0,0,20,evil_twin,evil_twin
1683996621,9977,297,0,1,1,0,0,44,0,634,2,8,65,1274541705,2,0,0,0,4731,0,218,41,0,1,1,0,54,6,2437,0,0,0,20,evil_twin,evil_twin
1683996621,9987,298,0,1,1,0,0,44,0,635,2,8,65,1647109853,2,0,0,0,4732,0,219,41,0,1,1,0,54,6,2437,0,0,0,20,evil_twin,evil_twin
1683996621,10001,297,0,1,1,0,0,44,0,636,2,8,65,3887709198,2,0,0,0,4733,0,218,41,0,1,1,0,54,6,2437,0,0,0,20,evil_twin,evil_twin
1683996621,10010,299,0,1,1,0,0,44,0,637,2,8,65,2472584528,2,0,0,0,4734,0,220,41,0,1,1,0,54,6,2437,0,0,0,20,evil_twin,evil_twin
1683996621,10024,299,0,1,1,0,0,44,0,638,2,8,65,3291351458,2,0,0,0,4735,0,220,41,0,1,1,0,54,6,2437,0,0,0,20,evil_twin,evil_twin
1683996621,10036,296,0,1,1,0,0,44,0,639,2,8,65,3729542350,2,0,0,0,4736,0,217,41,0,1,1,0,54,6,2437,0,0,0,20,evil_twin,evil_twin
1683996621,10047,296,0,1,1,0,0,44,0,640,2,8,65,2525695764,2,0,0,0,4737,0,217,41,0,1,1,0,54,6,2437,0,0,0,20,evil_twin,evil_twin
1683996621,10056,296,0,1,1,0,0,44,0,641,2,8,65,1207931088,2,0,0,0,4738,0,217,41,0,1,1,0,54,6,2437,0,0,0,20,evil_twin,evil_twin
1683996621,10063,297,0,1,1,0,0,44,0,642,2,8,65,3030304130,2,0,0,0,4739,0,218,41,0,1,1,0,54,6,2437,0,0,0,20,evil_twin,evil_twin
1683996621,10075,296,0,1,1,0,0,44,0,643,2,8,65,446068239,2,0,0,0,4740,0,217,41,0,1,1,0,54,6,2437,0,0,0,20,evil_twin,evil_twin
1683996622,10092,298,0,1,1,0,0,44,0,644,2,8,65,283651716,2,0,0,0,4741,0,219,41,0,1,1,0,54,6,2437,0,0,0,20,evil_twin,evil_twin
1683996622,10102,297,0,1,1,0,0,44,0,645,2,8,65,1677417302,2,0,0,0,4742,0,218,41,0,1,1,0,54,6,2437,0,0,0,20,evil_twin,evil_twin
1683996622,10117,297,0,1,1,0,0,44,0,646,2,8,65,3452204901,2,0,0,0,4743,0,218,41,0,1,1,0,54,6,2437,0,0,0,20,evil_twin,evil_twin
1683996622,10125,297,0,1,1,0,0,44,0,647,2,8,65,271641325,2,0,0,0,4744,0,218,41,0,1,1,0,54,6,2437,0,0,0,20,evil_twin,evil_twin
1683996622,10136,296,0,1,1,0,0,44,0,648,2,8,65,1536995238,2,0,0,0,4745,0,217,41,0,1,1,0,54,6,2437,0,0,0,20,evil_twin,evil_twin
1683996622,10143,298,0,1,1,0,0,44,0,649,2,8,65,3712417646,2,0,0,0,4746,0,219,41,0,1,1,0,54,6,2437,0,0,0,20,evil_twin,evil_twin
1683996622,10150,297,0,1,1,0,0,44,0,650,2,8,65,3927510330,2,0,0,0,4747,0,218,41,0,1,1,0,54,6,2437,0,0,0,20,evil_twin,evil_twin
1683996622,10171,296,0,1,1,0,0,44,0,651,2,8,65,3139001931,2,0,0,0,4748,0,217,41,0,1,1,0,54,6,2437,0,0,0,20,evil_twin,evil_twin
1683996622,10181,298,0,1,1,0,0,44,0,652,2,8,65,2061507157,2,0,0,0,4749,0,219,41,0,1,1,0,54,6,2437,0,0,0,20,evil_twin,evil_twin
1683996622,10188,297,0,1,1,0,0,44,0,653,2,8,65,2080820829,2,0,0,0,4750,0,218,41,0,1,1,0,54,6,2437,0,0,0,20,evil_twin,evil_twin
1683996623,10197,299,0,1,1,0,0,44,0,654,2,8,65,2084829843,2,0,0,0,4751,0,220,41,0,1,1,0,54,6,2437,0,0,0,20,evil_twin,evil_twin
1683996623,10208,297,0,1,1,0,0,44,0,655,2,8,65,489795747,2,0,0,0,4752,0,218,41,0,1,1,0,54,6,2437,0,0,0,20,evil_twin,evil_twin
1683996623,10215,297,0,1,1,0,0,44,0,656,2,8,65,181966225,2,0,0,0,4753,0,218,41,0,1,1,0,54,6,2437,0,0,0,20,evil_twin,evil_twin
1683996623,10225,298,0,1,1,0,0,44,0,657,2,8,65,2957123756,2,0,0,0,4754,0,219,41,0,1,1,0,54,6,2437,0,0,0,20,evil_twin,evil_twin
1683996623,10236,298,0,1,1,0,0,44,0,658,2,8,65,3177762046,2,0,0,0,4755,0,219,41,0,1,1,0,54,6,2437,0,0,0,20,evil_twin,evil_twin
1683996623,10247,296,0,1,1,0,0,44,0,659,2,8,65,3689946874,2,0,0,0,4756,0,217,41,0,1,1,0,54,6,2437,0,0,0,20,evil_twin,evil_twin
1683996623,10256,295,0,1,1,0,0,44,0,660,2,8,65,4030557094,2,0,0,0,4757,0,216,41,0,1,1,0,54,6,2437,0,0,0,20,evil_twin,evil_twin
1683996623,10266,297,0,1,1,0,0,44,0,661,2,8,65,4272166975,2,0,0,0,4758,0,218,41,0,1,1,0,54,6,2437,0,0,0,20,evil_twin,evil_twin
1683996623,10275,297,0,1,1,0,0,44,0,662,2,8,65,3036012208,2,0,0,0,4759,0,218,41,0,1,1,0,54,6,2437,0,0,0,20,evil_twin,evil_twin
1683996623,10286,296,0,1,1,0,0,44,0,663,2,8,65,3257406896,2,0,0,0,4760,0,217,41,0,1,1,0,54,6,2437,0,0,0,20,evil_twin,evil_twin
1683996624,10296,296,0,1,1,0,0,44,0,664,2,8,65,4235392814,2,0,0,0,4761,0,217,41,0,1,1,0,54,6,2437,0,0,0,20,evil_twin,evil_twin
1683996624,10305,295,0,1,1,0,0,44,0,665,2,8,65,2995733808,2,0,0,0,4762,0,216,41,0,1,1,0,54,6,2437,0,0,0,20,evil_twin,evil_twin
1683996624,10323,297,0,1,1,0,0,44,0,667,2,8,65,3287054701,2,0,0,0,4764,0,218,41,0,1,1,0,54,6,2437,0,0,0,20,evil_twin,evil_twin
1683996624,10334,297,0,1,1,0,0,44,0,668,2,8,65,3811366756,2,0,0,0,4765,0,218,41,0,1,1,0,54,6,2437,0,0,0,20,evil_twin,evil_twin
1683996624,10343,295,0,1,1,0,0,44,0,669,2,8,65,3335190647,2,0,0,0,4766,0,216,41,0,1,1,0,54,6,2437,0,0,0,20,evil_twin,evil_twin
1683996624,10346,296,0,1,1,0,0,44,0,670,2,8,65,1431448769,2,0,0,0,4767,0,217,41,0,1,1,0,54,6,2437,0,0,0,20,evil_twin,evil_twin
1683996624,10357,297,0,1,1,0,0,44,0,671,2,8,65,3823900958,2,0,0,0,4768,0,218,41,0,1,1,0,54,6,2437,0,0,0,20,evil_twin,evil_twin
1683996624,10366,298,0,1,1,0,0,44,0,672,2,8,65,3823792172,2,0,0,0,4769,0,219,41,0,1,1,0,54,6,2437,0,0,0,20,evil_twin,evil_twin
1683996624,10373,295,0,1,1,0,0,44,0,673,2,8,65,473645294,2,0,0,0,4770,0,216,41,0,1,1,0,54,6,2437,0,0,0,20,evil_twin,evil_twin
1683996625,10402,296,0,1,1,0,0,44,0,674,2,8,65,1816512812,2,0,0,0,4771,0,217,41,0,1,1,0,54,6,2437,0,0,0,20,evil_twin,evil_twin
1683996625,10416,298,0,1,1,0,0,44,0,675,2,8,65,4211714750,2,0,0,0,4772,0,219,41,0,1,1,0,54,6,2437,0,0,0,20,evil_twin,evil_twin
1683996625,10454,295,0,1,1,0,0,44,0,676,2,8,65,3259278090,2,0,0,0,4773,0,216,41,0,1,1,0,54,6,2437,0,0,0,20,evil_twin,evil_twin
1683996625,10498,297,0,1,1,0,0,44,0,677,2,8,65,2563550232,2,0,0,0,4774,0,218,41,0,1,1,0,54,6,2437,0,0,0,20,evil_twin,evil_twin
1683996625,10517,296,0,1,1,0,0,44,0,678,2,8,65,82122224,2,0,0,0,4775,0,217,41,0,1,1,0,54,6,2437,0,0,0,20,evil_twin,evil_twin
1683996625,10526,298,0,1,1,0,0,44,0,679,2,8,65,2791947437,2,0,0,0,4776,0,219,41,0,1,1,0,54,6,2437,0,0,0,20,evil_twin,evil_twin
1683996625,10537,298,0,1,1,0,0,44,0,680,2,8,65,1080118653,2,0,0,0,4777,0,219,41,0,1,1,0,54,6,2437,0,0,0,20,evil_twin,evil_twin
1683996625,10543,297,0,1,1,0,0,44,0,681,2,8,65,3856525159,2,0,0,0,4778,0,218,41,0,1,1,0,54,6,2437,0,0,0,20,evil_twin,evil_twin
1683996625,10554,298,0,1,1,0,0,44,0,682,2,8,65,3509602800,2,0,0,0,4779,0,219,41,0,1,1,0,54,6,2437,0,0,0,20,evil_twin,evil_twin
1683996625,10565,298,0,1,1,0,0,44,0,683,2,8,65,1130904102,2,0,0,0,4780,0,219,41,0,1,1,0,54,6,2437,0,0,0,20,evil_twin,evil_twin
1683996626,10579,297,0,1,1,0,0,44,0,684,2,8,65,3905791838,2,0,0,0,4781,0,218,41,0,1,1,0,54,6,2437,0,0,0,20,evil_twin,evil_twin
1683996626,10598,299,0,1,1,0,0,44,0,685,2,8,65,65442936,2,0,0,0,4782,0,220,41,0,1,1,0,54,6,2437,0,0,0,20,evil_twin,evil_twin
1683996626,10610,295,0,1,1,0,0,44,0,686,2,8,65,1406262999,2,0,0,0,4783,0,216,41,0,1,1,0,54,6,2437,0,0,0,20,evil_twin,evil_twin
1683996626,10619,296,0,1,1,0,0,44,0,687,2,8,65,332917159,2,0,0,0,4784,0,217,41,0,1,1,0,54,6,2437,0,0,0,20,evil_twin,evil_twin
1683996626,10629,297,0,1,1,0,0,44,0,688,2,8,65,1226466813,2,0,0,0,4785,0,218,41,0,1,1,0,54,6,2437,0,0,0,20,evil_twin,evil_twin
1683996626,10641,298,0,1,1,0,0,44,0,689,2,8,65,813713312,2,0,0,0,4786,0,219,41,0,1,1,0,54,6,2437,0,0,0,20,evil_twin,evil_twin
1683996626,10652,296,0,1,1,0,0,44,0,690,2,8,65,3517856251,2,0,0,0,4787,0,217,41,0,1,1,0,54,6,2437,0,0,0,20,evil_twin,evil_twin
1683996626,10660,296,0,1,1,0,0,44,0,691,2,8,65,428052661,2,0,0,0,4788,0,217,41,0,1,1,0,54,6,2437,0,0,0,20,evil_twin,evil_twin
1683996626,10671,296,0,1,1,0,0,44,0,692,2,8,65,2070981090,2,0,0,0,4789,0,217,41,0,1,1,0,54,6,2437,0,0,0,20,evil_twin,evil_twin
1683996626,10678,298,0,1,1,0,0,44,0,693,2,8,65,3349382553,2,0,0,0,4790,0,219,41,0,1,1,0,54,6,2437,0,0,0,20,evil_twin,evil_twin
1683996627,10699,297,0,1,1,0,0,44,0,694,2,8,65,3432754499,2,0,0,0,4791,0,218,41,0,1,1,0,54,6,2437,0,0,0,20,evil_twin,evil_twin
1683996627,10749,298,0,1,1,0,0,44,0,695,2,8,65,3646424087,2,0,0,0,4792,0,219,41,0,1,1,0,54,6,2437,0,0,0,20,evil_twin,evil_twin
1683996627,10764,297,0,1,1,0,0,44,0,696,2,8,65,3689954289,2,0,0,0,4793,0,218,41,0,1,1,0,54,6,2437,0,0,0,20,evil_twin,evil_twin
1683996627,10800,298,0,1,1,0,0,44,0,697,2,8,65,3020324302,2,0,0,0,4794,0,219,41,0,1,1,0,54,6,2437,0,0,0,20,evil_twin,evil_twin
1683996627,10828,296,0,1,1,0,0,44,0,698,2,8,65,2624526282,2,0,0,0,4795,0,217,41,0,1,1,0,54,6,2437,0,0,0,20,evil_twin,evil_twin
1683996627,10839,297,0,1,1,0,0,44,0,699,2,8,65,3667571882,2,0,0,0,4796,0,218,41,0,1,1,0,54,6,2437,0,0,0,20,evil_twin,evil_twin
1683996627,10922,297,0,1,1,0,0,44,0,700,2,8,65,2191547702,2,0,0,0,4797,0,218,41,0,1,1,0,54,6,2437,0,0,0,20,evil_twin,evil_twin
1683996627,10924,297,0,1,1,0,0,44,0,700,2,8,73,2548050917,2,0,0,0,4797,0,218,41,0,1,1,0,54,6,2437,0,0,0,20,evil_twin,evil_twin
1683996627,10960,297,0,1,1,0,0,44,0,701,2,8,65,1639608940,2,0,0,0,4798,0,218,41,0,1,1,0,54,6,2437,0,0,0,20,evil_twin,evil_twin
1683996627,10967,296,0,1,1,0,0,44,0,702,2,8,65,2353017097,2,0,0,0,4799,0,217,41,0,1,1,0,54,6,2437,0,0,0,20,evil_twin,evil_twin
1683996627,10972,298,0,1,1,0,0,44,0,703,2,8,65,2485011055,2,0,0,0,4800,0,219,41,0,1,1,0,54,6,2437,0,0,0,20,evil_twin,evil_twin
1683996628,10983,296,0,1,1,0,0,44,0,704,2,8,65,2011212611,2,0,0,0,4801,0,217,41,0,1,1,0,54,6,2437,0,0,0,20,evil_twin,evil_twin
1683996628,10992,296,0,1,1,0,0,44,0,705,2,8,65,3485112753,2,0,0,0,4802,0,217,41,0,1,1,0,54,6,2437,0,0,0,20,evil_twin,evil_twin
1683996628,11002,299,0,1,1,0,0,44,0,706,2,8,65,2161469411,2,0,0,0,4803,0,220,41,0,1,1,0,54,6,2437,0,0,0,20,evil_twin,evil_twin
1683996628,11009,297,0,1,1,0,0,44,0,707,2,8,65,3032979873,2,0,0,0,4804,0,218,41,0,1,1,0,54,6,2437,0,0,0,20,evil_twin,evil_twin
1683996628,11037,297,0,1,1,0,0,44,0,708,2,8,65,3550555029,2,0,0,0,4805,0,218,41,0,1,1,0,54,6,2437,0,0,0,20,evil_twin,evil_twin
1683996628,11046,296,0,1,1,0,0,44,0,709,2,8,65,2699766598,2,0,0,0,4806,0,217,41,0,1,1,0,54,6,2437,0,0,0,20,evil_twin,evil_twin
1683996628,11057,296,0,1,1,0,0,44,0,710,2,8,65,2785432499,2,0,0,0,4807,0,217,41,0,1,1,0,54,6,2437,0,0,0,20,evil_twin,evil_twin
1683996628,11068,297,0,1,1,0,0,44,0,711,2,8,65,4147121060,2,0,0,0,4808,0,218,41,0,1,1,0,54,6,2437,0,0,0,20,evil_twin,evil_twin
1683996628,11078,141,1,0,0,1,0,44,0,149,2,8,66,955420116,2,0,0,0,152,0,62,41,0,1,1,0,54,6,2437,0,0,0,20,evil_twin,evil_twin
1683996628,11084,296,0,1,1,0,0,44,0,712,2,8,65,566410761,2,0,0,0,4809,0,217,41,0,1,1,0,54,6,2437,0,0,0,20,evil_twin,evil_twin
1683996628,11095,297,0,1,1,0,0,44,0,713,2,8,65,1841217660,2,0,0,0,4810,0,218,41,0,1,1,0,54,6,2437,0,0,0,20,evil_twin,evil_twin
1683996629,11103,299,0,1,1,0,0,44,0,714,2,8,65,1696159631,2,0,0,0,4811,0,220,41,0,1,1,0,54,6,2437,0,0,0,20,evil_twin,evil_twin
1683996629,11111,297,0,1,1,0,0,44,0,715,2,8,65,2038200015,2,0,0,0,4812,0,218,41,0,1,1,0,54,6,2437,0,0,0,20,evil_twin,evil_twin
1683996629,11128,297,0,1,1,0,0,44,0,716,2,8,65,2958167481,2,0,0,0,4813,0,218,41,0,1,1,0,54,6,2437,0,0,0,20,evil_twin,evil_twin
1683996629,11142,299,0,1,1,0,0,44,0,717,2,8,65,3481989692,2,0,0,0,4814,0,220,41,0,1,1,0,54,6,2437,0,0,0,20,evil_twin,evil_twin
1683996629,11153,296,0,1,1,0,0,44,0,718,2,8,65,332510396,2,0,0,0,4815,0,217,41,0,1,1,0,54,6,2437,0,0,0,20,evil_twin,evil_twin
1683996629,11222,297,0,1,1,0,0,44,0,719,2,8,65,3404041062,2,0,0,0,4816,0,218,41,0,1,1,0,54,6,2437,0,0,0,20,evil_twin,evil_twin
1683996629,11289,299,0,1,1,0,0,44,0,720,2,8,65,2767532263,2,0,0,0,4817,0,220,41,0,1,1,0,54,6,2437,0,0,0,20,evil_twin,evil_twin
1683996629,11353,296,0,1,1,0,0,44,0,721,2,8,65,703371788,2,0,0,0,4818,0,217,41,0,1,1,0,54,6,2437,0,0,0,20,evil_twin,evil_twin
1683996629,11409,297,0,1,1,0,0,44,0,722,2,8,65,1325132871,2,0,0,0,4819,0,218,41,0,1,1,0,54,6,2437,0,0,0,20,evil_twin,evil_twin
1683996629,11455,299,0,1,1,0,0,44,0,723,2,8,65,3750160811,2,0,0,0,4820,0,220,41,0,1,1,0,54,6,2437,0,0,0,20,evil_twin,evil_twin
1683996630,11464,299,0,1,1,0,0,44,0,724,2,8,65,1563328836,2,0,0,0,4821,0,220,41,0,1,1,0,54,6,2437,0,0,0,20,evil_twin,evil_twin
1683996630,11481,299,0,1,1,0,0,44,0,725,2,8,65,3926721920,2,0,0,0,4822,0,220,41,0,1,1,0,54,6,2437,0,0,0,20,evil_twin,evil_twin
1683996630,11483,299,0,1,1,0,0,44,0,725,2,8,73,4185805333,2,0,0,0,4822,0,220,41,0,1,1,0,54,6,2437,0,0,0,20,evil_twin,evil_twin
1683996630,11491,298,0,1,1,0,0,44,0,726,2,8,65,3376040243,2,0,0,0,4823,0,219,41,0,1,1,0,54,6,2437,0,0,0,20,evil_twin,evil_twin
1683996630,11500,298,0,1,1,0,0,44,0,727,2,8,65,2997594878,2,0,0,0,4824,0,219,41,0,1,1,0,54,6,2437,0,0,0,20,evil_twin,evil_twin
1683996630,11515,297,0,1,1,0,0,44,0,728,2,8,65,3388928104,2,0,0,0,4825,0,218,41,0,1,1,0,54,6,2437,0,0,0,20,evil_twin,evil_twin
1683996630,11524,298,0,1,1,0,0,44,0,729,2,8,65,1159872323,2,0,0,0,4826,0,219,41,0,1,1,0,54,6,2437,0,0,0,20,evil_twin,evil_twin
1683996630,11532,298,0,1,1,0,0,44,0,730,2,8,65,407540398,2,0,0,0,4827,0,219,41,0,1,1,0,54,6,2437,0,0,0,20,evil_twin,evil_twin
1683996630,11537,125,0,1,1,0,0,44,0,731,2,8,65,2569563214,2,0,0,0,4828,0,46,41,0,1,1,0,54,6,2437,0,0,0,20,evil_twin,evil_twin
1683996630,11546,297,0,1,1,0,0,44,0,732,2,8,65,434062326,2,0,0,0,4829,0,218,41,0,1,1,0,54,6,2437,0,0,0,20,evil_twin,evil_twin
1683996630,11555,298,0,1,1,0,0,44,0,733,2,8,65,2475949251,2,0,0,0,4830,0,219,41,0,1,1,0,54,6,2437,0,0,0,20,evil_twin,evil_twin
1683996631,11565,297,0,1,1,0,0,44,0,734,2,8,65,1092363946,2,0,0,0,4831,0,218,41,0,1,1,0,54,6,2437,0,0,0,20,evil_twin,evil_twin
1683996631,11575,296,0,1,1,0,0,44,0,735,2,8,65,3264752871,2,0,0,0,4832,0,217,41,0,1,1,0,54,6,2437,0,0,0,20,evil_twin,evil_twin
1683996631,11583,298,0,1,1,0,0,44,0,736,2,8,65,2546013459,2,0,0,0,4833,0,219,41,0,1,1,0,54,6,2437,0,0,0,20,evil_twin,evil_twin
1683996631,11592,297,0,1,1,0,0,44,0,737,2,8,65,139606974,2,0,0,0,4834,0,218,41,0,1,1,0,54,6,2437,0,0,0,20,evil_twin,evil_twin
1683996631,11609,297,0,1,1,0,0,44,0,738,2,8,65,3170119167,2,0,0,0,4835,0,218,41,0,1,1,0,54,6,2437,0,0,0,20,evil_twin,evil_twin
1683996631,11617,297,0,1,1,0,0,44,0,739,2,8,65,336201816,2,0,0,0,4836,0,218,41,0,1,1,0,54,6,2437,0,0,0,20,evil_twin,evil_twin
1683996631,11623,296,0,1,1,0,0,44,0,740,2,8,65,3753104942,2,0,0,0,4837,0,217,41,0,1,1,0,54,6,2437,0,0,0,20,evil_twin,evil_twin
1683996631,11633,296,0,1,1,0,0,44,0,741,2,8,65,725522669,2,0,0,0,4838,0,217,41,0,1,1,0,54,6,2437,0,0,0,20,evil_twin,evil_twin
1683996631,11642,297,0,1,1,0,0,44,0,742,2,8,65,2749635361,2,0,0,0,4839,0,218,41,0,1,1,0,54,6,2437,0,0,0,20,evil_twin,evil_twin
1683996631,11652,298,0,1,1,0,0,44,0,743,2,8,65,1896699040,2,0,0,0,4840,0,219,41,0,1,1,0,54,6,2437,0,0,0,20,evil_twin,evil_twin
1683996631,11661,296,0,1,1,0,0,44,0,744,2,8,65,1242018376,2,0,0,0,4841,0,217,41,0,1,1,0,54,6,2437,0,0,0,20,evil_twin,evil_twin
1683996632,11669,297,0,1,1,0,0,44,0,745,2,8,65,4083051171,2,0,0,0,4842,0,218,41,0,1,1,0,54,6,2437,0,0,0,20,evil_twin,evil_twin
1683996632,11682,296,0,1,1,0,0,44,0,746,2,8,65,3824953936,2,0,0,0,4843,0,217,41,0,1,1,0,54,6,2437,0,0,0,20,evil_twin,evil_twin
1683996632,11690,297,0,1,1,0,0,44,0,747,2,8,65,3395575034,2,0,0,0,4844,0,218,41,0,1,1,0,54,6,2437,0,0,0,20,evil_twin,evil_twin
1683996632,11698,298,0,1,1,0,0,44,0,748,2,8,65,814098638,2,0,0,0,4845,0,219,41,0,1,1,0,54,6,2437,0,0,0,20,evil_twin,evil_twin
1683996632,11705,296,0,1,1,0,0,44,0,749,2,8,65,3385368935,2,0,0,0,4846,0,217,41,0,1,1,0,54,6,2437,0,0,0,20,evil_twin,evil_twin
1683996632,11713,297,0,1,1,0,0,44,0,750,2,8,65,2585534506,2,0,0,0,4847,0,218,41,0,1,1,0,54,6,2437,0,0,0,20,evil_twin,evil_twin
1683996632,11731,296,0,1,1,0,0,44,0,751,2,8,65,47503832,2,0,0,0,4848,0,217,41,0,1,1,0,54,6,2437,0,0,0,20,evil_twin,evil_twin
1683996632,11738,296,0,1,1,0,0,44,0,752,2,8,65,707834683,2,0,0,0,4849,0,217,41,0,1,1,0,54,6,2437,0,0,0,20,evil_twin,evil_twin
1683996632,11748,297,0,1,1,0,0,44,0,753,2,8,65,2478561374,2,0,0,0,4850,0,218,41,0,1,1,0,54,6,2437,0,0,0,20,evil_twin,evil_twin
1683996633,11766,297,0,1,1,0,0,44,0,754,2,8,65,1198322400,2,0,0,0,4851,0,218,41,0,1,1,0,54,6,2437,0,0,0,20,evil_twin,evil_twin
1683996633,11772,297,0,1,1,0,0,44,0,755,2,8,65,2264513042,2,0,0,0,4852,0,218,41,0,1,1,0,54,6,2437,0,0,0,20,evil_twin,evil_twin
1683996633,11779,296,0,1,1,0,0,44,0,756,2,8,65,1337576889,2,0,0,0,4853,0,217,41,0,1,1,0,54,6,2437,0,0,0,20,evil_twin,evil_twin
1683996633,11796,297,0,1,1,0,0,44,0,757,2,8,65,2087961039,2,0,0,0,4854,0,218,41,0,1,1,0,54,6,2437,0,0,0,20,evil_twin,evil_twin
1683996633,11803,297,0,1,1,0,0,44,0,758,2,8,65,2595727450,2,0,0,0,4855,0,218,41,0,1,1,0,54,6,2437,0,0,0,20,evil_twin,evil_twin
1683996633,11822,298,0,1,1,0,0,44,0,759,2,8,65,4113893424,2,0,0,0,4856,0,219,41,0,1,1,0,54,6,2437,0,0,0,20,evil_twin,evil_twin
1683996633,11829,297,0,1,1,0,0,44,0,760,2,8,65,17583173,2,0,0,0,4857,0,218,41,0,1,1,0,54,6,2437,0,0,0,20,evil_twin,evil_twin
1683996633,11837,297,0,1,1,0,0,44,0,761,2,8,65,695485368,2,0,0,0,4858,0,218,41,0,1,1,0,54,6,2437,0,0,0,20,evil_twin,evil_twin
1683996633,11845,297,0,1,1,0,0,44,0,762,2,8,65,1638441003,2,0,0,0,4859,0,218,41,0,1,1,0,54,6,2437,0,0,0,20,evil_twin,evil_twin
1683996633,11856,296,0,1,1,0,0,44,0,763,2,8,65,2003105376,2,0,0,0,4860,0,217,41,0,1,1,0,54,6,2437,0,0,0,20,evil_twin,evil_twin
1683996634,11865,296,0,1,1,0,0,44,0,764,2,8,65,1800929626,2,0,0,0,4861,0,217,41,0,1,1,0,54,6,2437,0,0,0,20,evil_twin,evil_twin
1683996634,11875,297,0,1,1,0,0,44,0,765,2,8,65,1071850855,2,0,0,0,4862,0,218,41,0,1,1,0,54,6,2437,0,0,0,20,evil_twin,evil_twin
1683996634,11886,297,0,1,1,0,0,44,0,766,2,8,65,3397148281,2,0,0,0,4863,0,218,41,0,1,1,0,54,6,2437,0,0,0,20,evil_twin,evil_twin
1683996634,11897,296,0,1,1,0,0,44,0,767,2,8,65,2683694339,2,0,0,0,4864,0,217,41,0,1,1,0,54,6,2437,0,0,0,20,evil_twin,evil_twin
1683996634,11908,297,0,1,1,0,0,44,0,768,2,8,65,4290017763,2,0,0,0,4865,0,218,41,0,1,1,0,54,6,2437,0,0,0,20,evil_twin,evil_twin
1683996634,11920,296,0,1,1,0,0,44,0,769,2,8,65,377785682,2,0,0,0,4866,0,217,41,0,1,1,0,54,6,2437,0,0,0,20,evil_twin,evil_twin
1683996634,11934,296,0,1,1,0,0,44,0,770,2,8,65,3318894251,2,0,0,0,4867,0,217,41,0,1,1,0,54,6,2437,0,0,0,20,evil_twin,evil_twin
1683996634,11951,296,0,1,1,0,0,44,0,771,2,8,65,3923390761,2,0,0,0,4868,0,217,41,0,1,1,0,54,6,2437,0,0,0,20,evil_twin,evil_twin
1683996634,11962,296,0,1,1,0,0,44,0,772,2,8,65,2758348870,2,0,0,0,4869,0,217,41,0,1,1,0,54,6,2437,0,0,0,20,evil_twin,evil_twin
1683996634,11973,297,0,1,1,0,0,44,0,773,2,8,65,1362462769,2,0,0,0,4870,0,218,41,0,1,1,0,54,6,2437,0,0,0,20,evil_twin,evil_twin
1683996634,11978,297,0,1,1,0,0,44,0,774,2,8,65,272793506,2,0,0,0,4871,0,218,41,0,1,1,0,54,6,2437,0,0,0,20,evil_twin,evil_twin
1683996635,12010,298,0,1,1,0,0,44,0,775,2,8,65,1629616044,2,0,0,0,4872,0,219,41,0,1,1,0,54,6,2437,0,0,0,20,evil_twin,evil_twin
1683996635,12018,298,0,1,1,0,0,44,0,775,2,8,73,2129540276,2,0,0,0,4872,0,219,41,0,1,1,0,54,6,2437,0,0,0,20,evil_twin,evil_twin
1683996635,12035,296,0,1,1,0,0,44,0,776,2,8,65,2719536646,2,0,0,0,4873,0,217,41,0,1,1,0,54,6,2437,0,0,0,20,evil_twin,evil_twin
1683996635,12054,298,0,1,1,0,0,44,0,777,2,8,65,1506008899,2,0,0,0,4874,0,219,41,0,1,1,0,54,6,2437,0,0,0,20,evil_twin,evil_twin
1683996635,12067,296,0,1,1,0,0,44,0,778,2,8,65,1430318186,2,0,0,0,4875,0,217,41,0,1,1,0,54,6,2437,0,0,0,20,evil_twin,evil_twin
1683996635,12090,298,0,1,1,0,0,44,0,779,2,8,65,222429968,2,0,0,0,4876,0,219,41,0,1,1,0,54,6,2437,0,0,0,20,evil_twin,evil_twin
1683996635,12100,296,0,1,1,0,0,44,0,780,2,8,65,3786617652,2,0,0,0,4877,0,217,41,0,1,1,0,54,6,2437,0,0,0,20,evil_twin,evil_twin
1683996635,12102,296,0,1,1,0,0,44,0,780,2,8,73,2078845289,2,0,0,0,4877,0,217,41,0,1,1,0,54,6,2437,0,0,0,20,evil_twin,evil_twin
1683996635,12115,296,0,1,1,0,0,44,0,781,2,8,65,3919084471,2,0,0,0,4878,0,217,41,0,1,1,0,54,6,2437,0,0,0,20,evil_twin,evil_twin
1683996635,12127,297,0,1,1,0,0,44,0,782,2,8,65,3570827167,2,0,0,0,4879,0,218,41,0,1,1,0,54,6,2437,0,0,0,20,evil_twin,evil_twin
1683996635,12136,299,0,1,1,0,0,44,0,783,2,8,65,1790272079,2,0,0,0,4880,0,220,41,0,1,1,0,54,6,2437,0,0,0,20,evil_twin,evil_twin
1683996636,12146,298,0,1,1,0,0,44,0,784,2,8,65,2281406591,2,0,0,0,4881,0,219,41,0,1,1,0,54,6,2437,0,0,0,20,evil_twin,evil_twin
1683996636,12158,298,0,1,1,0,0,44,0,785,2,8,65,1562367732,2,0,0,0,4882,0,219,41,0,1,1,0,54,6,2437,0,0,0,20,evil_twin,evil_twin
1683996636,12165,296,0,1,1,0,0,44,0,786,2,8,65,3428433457,2,0,0,0,4883,0,217,41,0,1,1,0,54,6,2437,0,0,0,20,evil_twin,evil_twin
1683996636,12175,298,0,1,1,0,0,44,0,787,2,8,65,3231696591,2,0,0,0,4884,0,219,41,0,1,1,0,54,6,2437,0,0,0,20,evil_twin,evil_twin
1683996636,12188,297,0,1,1,0,0,44,0,788,2,8,65,1898538439,2,0,0,0,4885,0,218,41,0,1,1,0,54,6,2437,0,0,0,20,evil_twin,evil_twin
1683996636,12196,295,0,1,1,0,0,44,0,789,2,8,65,2985620119,2,0,0,0,4886,0,216,41,0,1,1,0,54,6,2437,0,0,0,20,evil_twin,evil_twin
1683996636,12204,298,0,1,1,0,0,44,0,790,2,8,65,2988824434,2,0,0,0,4887,0,219,41,0,1,1,0,54,6,2437,0,0,0,20,evil_twin,evil_twin
1683996636,12215,297,0,1,1,0,0,44,0,791,2,8,65,2492587664,2,0,0,0,4888,0,218,41,0,1,1,0,54,6,2437,0,0,0,20,evil_twin,evil_twin
1683996636,12223,297,0,1,1,0,0,44,0,792,2,8,65,981739216,2,0,0,0,4889,0,218,41,0,1,1,0,54,6,2437,0,0,0,20,evil_twin,evil_twin
1683996636,12234,298,0,1,1,0,0,44,0,793,2,8,65,2601151029,2,0,0,0,4890,0,219,41,0,1,1,0,54,6,2437,0,0,0,20,evil_twin,evil_twin
1683996637,12246,296,0,1,1,0,0,44,0,794,2,8,65,3305414214,2,0,0,0,4891,0,217,41,0,1,1,0,54,6,2437,0,0,0,20,evil_twin,evil_twin
1683996637,12254,297,0,1,1,0,0,44,0,795,2,8,65,1438461578,2,0,0,0,4892,0,218,41,0,1,1,0,54,6,2437,0,0,0,20,evil_twin,evil_twin
1683996637,12262,299,0,1,1,0,0,44,0,796,2,8,65,559297559,2,0,0,0,4893,0,220,41,0,1,1,0,54,6,2437,0,0,0,20,evil_twin,evil_twin
1683996637,12277,297,0,1,1,0,0,44,0,797,2,8,65,3652668473,2,0,0,0,4894,0,218,41,0,1,1,0,54,6,2437,0,0,0,20,evil_twin,evil_twin
1683996637,12286,298,0,1,1,0,0,44,0,798,2,8,65,4129260242,2,0,0,0,4895,0,219,41,0,1,1,0,54,6,2437,0,0,0,20,evil_twin,evil_twin
1683996637,12299,297,0,1,1,0,0,44,0,799,2,8,65,2096072665,2,0,0,0,4896,0,218,41,0,1,1,0,54,6,2437,0,0,0,20,evil_twin,evil_twin
1683996637,12313,298,0,1,1,0,0,44,0,800,2,8,65,2042422103,2,0,0,0,4897,0,219,41,0,1,1,0,54,6,2437,0,0,0,20,evil_twin,evil_twin
1683996637,12320,296,0,1,1,0,0,44,0,801,2,8,65,988711143,2,0,0,0,4898,0,217,41,0,1,1,0,54,6,2437,0,0,0,20,evil_twin,evil_twin
1683996637,12329,297,0,1,1,0,0,44,0,802,2,8,65,2036439047,2,0,0,0,4899,0,218,41,0,1,1,0,54,6,2437,0,0,0,20,evil_twin,evil_twin
1683996637,12338,297,0,1,1,0,0,44,0,803,2,8,65,1274310986,2,0,0,0,4900,0,218,41,0,1,1,0,54,6,2437,0,0,0,20,evil_twin,evil_twin
1683996638,12353,298,0,1,1,0,0,44,0,804,2,8,65,1332324572,2,0,0,0,4901,0,219,41,0,1,1,0,54,6,2437,0,0,0,20,evil_twin,evil_twin
1683996638,12360,298,0,1,1,0,0,44,0,805,2,8,65,340345292,2,0,0,0,4902,0,219,41,0,1,1,0,54,6,2437,0,0,0,20,evil_twin,evil_twin
1683996638,12371,298,0,1,1,0,0,44,0,806,2,8,65,1706150245,2,0,0,0,4903,0,219,41,0,1,1,0,54,6,2437,0,0,0,20,evil_twin,evil_twin
1683996638,12378,296,0,1,1,0,0,44,0,807,2,8,65,2392151407,2,0,0,0,4904,0,217,41,0,1,1,0,54,6,2437,0,0,0,20,evil_twin,evil_twin
1683996638,12384,298,0,1,1,0,0,44,0,808,2,8,65,185840688,2,0,0,0,4905,0,219,41,0,1,1,0,54,6,2437,0,0,0,20,evil_twin,evil_twin
1683996638,12391,297,0,1,1,0,0,44,0,809,2,8,65,1476042652,2,0,0,0,4906,0,218,41,0,1,1,0,54,6,2437,0,0,0,20,evil_twin,evil_twin
1683996638,12398,298,0,1,1,0,0,44,0,810,2,8,65,1453021980,2,0,0,0,4907,0,219,41,0,1,1,0,54,6,2437,0,0,0,20,evil_twin,evil_twin
1683996638,12404,297,0,1,1,0,0,44,0,811,2,8,65,2778467713,2,0,0,0,4908,0,218,41,0,1,1,0,54,6,2437,0,0,0,20,evil_twin,evil_twin
1683996638,12411,299,0,1,1,0,0,44,0,812,2,8,65,1928441447,2,0,0,0,4909,0,220,41,0,1,1,0,54,6,2437,0,0,0,20,evil_twin,evil_twin
1683996638,12417,141,1,0,0,1,0,44,0,150,2,8,66,1137754717,2,0,0,0,153,0,62,41,0,1,1,0,54,6,2437,0,0,0,20,evil_twin,evil_twin
1683996638,12423,298,0,1,1,0,0,44,0,813,2,8,65,3070080149,2,0,0,0,4910,0,219,41,0,1,1,0,54,6,2437,0,0,0,20,evil_twin,evil_twin
1683996639,12432,299,0,1,1,0,0,44,0,814,2,8,65,3131922012,2,0,0,0,4911,0,220,41,0,1,1,0,54,6,2437,0,0,0,20,evil_twin,evil_twin
1683996639,12440,298,0,1,1,0,0,44,0,815,2,8,65,953346761,2,0,0,0,4912,0,219,41,0,1,1,0,54,6,2437,0,0,0,20,evil_twin,evil_twin
1683996639,12450,298,0,1,1,0,0,44,0,816,2,8,65,2364668496,2,0,0,0,4913,0,219,41,0,1,1,0,54,6,2437,0,0,0,20,evil_twin,evil_twin
1683996639,12458,301,0,1,1,0,0,44,0,817,2,8,65,1872614519,2,0,0,0,4914,0,222,41,0,1,1,0,54,6,2437,0,0,0,20,evil_twin,evil_twin
1683996639,12462,300,0,1,1,0,0,44,0,818,2,8,65,2459571191,2,0,0,0,4915,0,221,41,0,1,1,0,54,6,2437,0,0,0,20,evil_twin,evil_twin
1683996639,12469,300,0,1,1,0,0,44,0,819,2,8,65,3994534339,2,0,0,0,4916,0,221,41,0,1,1,0,54,6,2437,0,0,0,20,evil_twin,evil_twin
1683996639,12475,299,0,1,1,0,0,44,0,820,2,8,65,3199479331,2,0,0,0,4917,0,220,41,0,1,1,0,54,6,2437,0,0,0,20,evil_twin,evil_twin
1683996639,12483,300,0,1,1,0,0,44,0,821,2,8,65,3762965729,2,0,0,0,4918,0,221,41,0,1,1,0,54,6,2437,0,0,0,20,evil_twin,evil_twin
1683996639,12492,301,0,1,1,0,0,44,0,822,2,8,65,1009073047,2,0,0,0,4919,0,222,41,0,1,1,0,54,6,2437,0,0,0,20,evil_twin,evil_twin
1683996639,12499,299,0,1,1,0,0,44,0,823,2,8,65,1999397294,2,0,0,0,4920,0,220,41,0,1,1,0,54,6,2437,0,0,0,20,evil_twin,evil_twin
1683996640,12505,300,0,1,1,0,0,44,0,824,2,8,65,2211113939,2,0,0,0,4921,0,221,41,0,1,1,0,54,6,2437,0,0,0,20,evil_twin,evil_twin
1683996640,12522,301,0,1,1,0,0,44,0,825,2,8,65,3964261516,2,0,0,0,4922,0,222,41,0,1,1,0,54,6,2437,0,0,0,20,evil_twin,evil_twin
1683996640,12529,301,0,1,1,0,0,44,0,826,2,8,65,2424682362,2,0,0,0,4923,0,222,41,0,1,1,0,54,6,2437,0,0,0,20,evil_twin,evil_twin
1683996640,12535,300,0,1,1,0,0,44,0,827,2,8,65,2271523590,2,0,0,0,4924,0,221,41,0,1,1,0,54,6,2437,0,0,0,20,evil_twin,evil_twin
1683996640,12542,301,0,1,1,0,0,44,0,828,2,8,65,828161167,2,0,0,0,4925,0,222,41,0,1,1,0,54,6,2437,0,0,0,20,evil_twin,evil_twin
1683996640,12555,300,0,1,1,0,0,44,0,830,2,8,65,2773675694,2,0,0,0,4927,0,221,41,0,1,1,0,54,6,2437,0,0,0,20,evil_twin,evil_twin
1683996640,12564,299,0,1,1,0,0,44,0,831,2,8,65,3903695223,2,0,0,0,4928,0,220,41,0,1,1,0,54,6,2437,0,0,0,20,evil_twin,evil_twin
1683996640,12580,298,0,1,1,0,0,44,0,832,2,8,65,895621777,2,0,0,0,4929,0,219,41,0,1,1,0,54,6,2437,0,0,0,20,evil_twin,evil_twin
1683996640,12583,125,0,1,1,0,0,44,0,833,2,8,65,1325833574,2,0,0,0,4930,0,46,41,0,1,1,0,54,6,2437,0,0,0,20,evil_twin,evil_twin
1683996640,12625,298,0,1,1,0,0,44,0,834,2,8,65,666811472,2,0,0,0,4931,0,219,41,0,1,1,0,54,6,2437,0,0,0,20,evil_twin,evil_twin
1683996641,12666,297,0,1,1,0,0,44,0,835,2,8,65,2742517938,2,0,0,0,4932,0,218,41,0,1,1,0,54,6,2437,0,0,0,20,evil_twin,evil_twin
1683996641,12677,297,0,1,1,0,0,44,0,836,2,8,65,2725669132,2,0,0,0,4933,0,218,41,0,1,1,0,54,6,2437,0,0,0,20,evil_twin,evil_twin
1683996641,12685,299,0,1,1,0,0,44,0,837,2,8,65,1783473883,2,0,0,0,4934,0,220,41,0,1,1,0,54,6,2437,0,0,0,20,evil_twin,evil_twin
1683996641,12694,298,0,1,1,0,0,44,0,838,2,8,65,4155471647,2,0,0,0,4935,0,219,41,0,1,1,0,54,6,2437,0,0,0,20,evil_twin,evil_twin
1683996641,12702,297,0,1,1,0,0,44,0,839,2,8,65,2384958238,2,0,0,0,4936,0,218,41,0,1,1,0,54,6,2437,0,0,0,20,evil_twin,evil_twin
1683996641,12712,296,0,1,1,0,0,44,0,840,2,8,65,2673952005,2,0,0,0,4937,0,217,41,0,1,1,0,54,6,2437,0,0,0,20,evil_twin,evil_twin
1683996641,12722,298,0,1,1,0,0,44,0,841,2,8,65,2982332637,2,0,0,0,4938,0,219,41,0,1,1,0,54,6,2437,0,0,0,20,evil_twin,evil_twin
1683996641,12730,298,0,1,1,0,0,44,0,842,2,8,65,3589116227,2,0,0,0,4939,0,219,41,0,1,1,0,54,6,2437,0,0,0,20,evil_twin,evil_twin
1683996641,12739,297,0,1,1,0,0,44,0,843,2,8,65,1697416539,2,0,0,0,4940,0,218,41,0,1,1,0,54,6,2437,0,0,0,20,evil_twin,evil_twin
1683996641,12744,299,0,1,1,0,0,44,0,844,2,8,65,3946982516,2,0,0,0,4941,0,220,41,0,1,1,0,54,6,2437,0,0,0,20,evil_twin,evil_twin
1683996642,12752,298,0,1,1,0,0,44,0,845,2,8,65,2777672033,2,0,0,0,4942,0,219,41,0,1,1,0,54,6,2437,0,0,0,20,evil_twin,evil_twin
1683996642,12760,298,0,1,1,0,0,44,0,846,2,8,65,2836513518,2,0,0,0,4943,0,219,41,0,1,1,0,54,6,2437,0,0,0,20,evil_twin,evil_twin
1683996642,12769,296,0,1,1,0,0,44,0,847,2,8,65,2165337278,2,0,0,0,4944,0,217,41,0,1,1,0,54,6,2437,0,0,0,20,evil_twin,evil_twin
1683996642,12775,296,0,1,1,0,0,44,0,848,2,8,65,2682306177,2,0,0,0,4945,0,217,41,0,1,1,0,54,6,2437,0,0,0,20,evil_twin,evil_twin
1683996642,12781,297,0,1,1,0,0,44,0,849,2,8,65,56260773,2,0,0,0,4946,0,218,41,0,1,1,0,54,6,2437,0,0,0,20,evil_twin,evil_twin
1683996642,12791,297,0,1,1,0,0,44,0,850,2,8,65,863426833,2,0,0,0,4947,0,218,41,0,1,1,0,54,6,2437,0,0,0,20,evil_twin,evil_twin
1683996642,12798,296,0,1,1,0,0,44,0,851,2,8,65,773444220,2,0,0,0,4948,0,217,41,0,1,1,0,54,6,2437,0,0,0,20,evil_twin,evil_twin
1683996642,12809,299,0,1,1,0,0,44,0,852,2,8,65,2528273950,2,0,0,0,4949,0,220,41,0,1,1,0,54,6,2437,0,0,0,20,evil_twin,evil_twin
1683996642,12837,297,0,1,1,0,0,44,0,853,2,8,65,2895696429,2,0,0,0,4950,0,218,41,0,1,1,0,54,6,2437,0,0,0,20,evil_twin,evil_twin
1683996642,12863,297,0,1,1,0,0,44,0,854,2,8,65,3280448649,2,0,0,0,4951,0,218,41,0,1,1,0,54,6,2437,0,0,0,20,evil_twin,evil_twin
1683996643,12873,299,0,1,1,0,0,44,0,855,2,8,65,1191510149,2,0,0,0,4952,0,220,41,0,1,1,0,54,6,2437,0,0,0,20,evil_twin,evil_twin
1683996643,12884,299,0,1,1,0,0,44,0,856,2,8,65,3779738044,2,0,0,0,4953,0,220,41,0,1,1,0,54,6,2437,0,0,0,20,evil_twin,evil_twin
1683996643,12886,299,0,1,1,0,0,44,0,856,2,8,73,4063850025,2,0,0,0,4953,0,220,41,0,1,1,0,54,6,2437,0,0,0,20,evil_twin,evil_twin
1683996643,12896,298,0,1,1,0,0,44,0,857,2,8,65,2683638276,2,0,0,0,4954,0,219,41,0,1,1,0,54,6,2437,0,0,0,20,evil_twin,evil_twin
1683996643,12904,298,0,1,1,0,0,44,0,858,2,8,65,1341038078,2,0,0,0,4955,0,219,41,0,1,1,0,54,6,2437,0,0,0,20,evil_twin,evil_twin
1683996643,12913,299,0,1,1,0,0,44,0,859,2,8,65,3754767071,2,0,0,0,4956,0,220,41,0,1,1,0,54,6,2437,0,0,0,20,evil_twin,evil_twin
1683996643,12915,299,0,1,1,0,0,44,0,859,2,8,73,3435029834,2,0,0,0,4956,0,220,41,0,1,1,0,54,6,2437,0,0,0,20,evil_twin,evil_twin
1683996643,12923,298,0,1,1,0,0,44,0,860,2,8,65,2308611457,2,0,0,0,4957,0,219,41,0,1,1,0,54,6,2437,0,0,0,20,evil_twin,evil_twin
1683996643,12932,141,1,0,0,1,0,44,0,151,2,8,66,3141340114,2,0,0,0,154,0,62,41,0,1,1,0,54,6,2437,0,0,0,20,evil_twin,evil_twin
1683996643,12935,141,0,1,1,0,0,44,0,861,2,8,65,1325657226,2,0,0,0,4958,0,62,41,0,1,1,0,54,6,2437,0,0,0,20,evil_twin,evil_twin
1683996643,12937,141,0,1,1,0,0,44,0,861,2,8,73,3404852584,2,0,0,0,4958,0,62,41,0,1,1,0,54,6,2437,0,0,0,20,evil_twin,evil_twin
1683996643,12940,297,0,1,1,0,0,44,0,862,2,8,65,1035354124,2,0,0,0,4959,0,218,41,0,1,1,0,54,6,2437,0,0,0,20,evil_twin,evil_twin
1683996643,12942,297,0,1,1,0,0,44,0,862,2,8,73,687224543,2,0,0,0,4959,0,218,41,0,1,1,0,54,6,2437,0,0,0,20,evil_twin,evil_twin
1683996643,12944,297,0,1,1,0,0,44,0,862,2,8,73,687224543,2,0,0,0,4959,0,218,41,0,1,1,0,48,6,2437,0,0,0,20,evil_twin,evil_twin
1683996643,12946,297,0,1,1,0,0,44,0,862,2,8,73,687224543,2,0,0,0,4959,0,218,41,0,1,1,0,48,6,2437,0,0,0,20,evil_twin,evil_twin
1683996643,12959,298,0,1,1,0,0,44,0,863,2,8,65,1267910192,2,0,0,0,4960,0,219,41,0,1,1,0,54,6,2437,0,0,0,20,evil_twin,evil_twin
1683996643,12967,297,0,1,1,0,0,44,0,864,2,8,65,2298210990,2,0,0,0,4961,0,218,41,0,1,1,0,54,6,2437,0,0,0,20,evil_twin,evil_twin
1683996643,12975,297,0,1,1,0,0,44,0,865,2,8,65,2700909068,2,0,0,0,4962,0,218,41,0,1,1,0,54,6,2437,0,0,0,20,evil_twin,evil_twin
1683996644,12984,298,0,1,1,0,0,44,0,866,2,8,65,747953901,2,0,0,0,4963,0,219,41,0,1,1,0,54,6,2437,0,0,0,20,evil_twin,evil_twin
1683996644,12987,298,0,1,1,0,0,44,0,866,2,8,73,861609461,2,0,0,0,4963,0,219,41,0,1,1,0,48,6,2437,0,0,0,20,evil_twin,evil_twin
1683996644,12995,296,0,1,1,0,0,44,0,867,2,8,65,1120931755,2,0,0,0,4964,0,217,41,0,1,1,0,54,6,2437,0,0,0,20,evil_twin,evil_twin
1683996644,13004,296,0,1,1,0,0,44,0,868,2,8,65,203109537,2,0,0,0,4965,0,217,41,0,1,1,0,54,6,2437,0,0,0,20,evil_twin,evil_twin
1683996644,13013,299,0,1,1,0,0,44,0,869,2,8,65,3299041599,2,0,0,0,4966,0,220,41,0,1,1,0,54,6,2437,0,0,0,20,evil_twin,evil_twin
1683996644,13020,298,0,1,1,0,0,44,0,870,2,8,65,3678327622,2,0,0,0,4967,0,219,41,0,1,1,0,54,6,2437,0,0,0,20,evil_twin,evil_twin
1683996644,13026,299,0,1,1,0,0,44,0,871,2,8,65,4127982380,2,0,0,0,4968,0,220,41,0,1,1,0,54,6,2437,0,0,0,20,evil_twin,evil_twin
1683996644,13033,297,0,1,1,0,0,44,0,872,2,8,65,2601207256,2,0,0,0,4969,0,218,41,0,1,1,0,54,6,2437,0,0,0,20,evil_twin,evil_twin
1683996644,13041,299,0,1,1,0,0,44,0,873,2,8,65,3258201273,2,0,0,0,4970,0,220,41,0,1,1,0,54,6,2437,0,0,0,20,evil_twin,evil_twin
1683996644,13049,299,0,1,1,0,0,44,0,874,2,8,65,3520320017,2,0,0,0,4971,0,220,41,0,1,1,0,54,6,2437,0,0,0,20,evil_twin,evil_twin
1683996644,13067,298,0,1,1,0,0,44,0,875,2,8,65,401449010,2,0,0,0,4972,0,219,41,0,1,1,0,54,6,2437,0,0,0,20,evil_twin,evil_twin
1683996645,13076,297,0,1,1,0,0,44,0,876,2,8,65,743761584,2,0,0,0,4973,0,218,41,0,1,1,0,54,6,2437,0,0,0,20,evil_twin,evil_twin
1683996645,13080,299,0,1,1,0,0,44,0,877,2,8,65,1436129294,2,0,0,0,4974,0,220,41,0,1,1,0,54,6,2437,0,0,0,20,evil_twin,evil_twin
1683996645,13089,297,0,1,1,0,0,44,0,878,2,8,65,2471045639,2,0,0,0,4975,0,218,41,0,1,1,0,54,6,2437,0,0,0,20,evil_twin,evil_twin
1683996645,13091,297,0,1,1,0,0,44,0,878,2,8,73,2248760532,2,0,0,0,4975,0,218,41,0,1,1,0,54,6,2437,0,0,0,20,evil_twin,evil_twin
1683996645,13104,298,0,1,1,0,0,44,0,880,2,8,65,1324749622,2,0,0,0,4977,0,219,41,0,1,1,0,54,6,2437,0,0,0,20,evil_twin,evil_twin
1683996645,13117,297,0,1,1,0,0,44,0,881,2,8,65,719658004,2,0,0,0,4978,0,218,41,0,1,1,0,54,6,2437,0,0,0,20,evil_twin,evil_twin
1683996645,13127,298,0,1,1,0,0,44,0,882,2,8,65,1142094605,2,0,0,0,4979,0,219,41,0,1,1,0,54,6,2437,0,0,0,20,evil_twin,evil_twin
1683996645,13135,298,0,1,1,0,0,44,0,883,2,8,65,1404069754,2,0,0,0,4980,0,219,41,0,1,1,0,54,6,2437,0,0,0,20,evil_twin,evil_twin
1683996645,13147,141,1,0,0,1,0,44,0,152,2,8,66,2077757667,2,0,0,0,155,0,62,41,0,1,1,0,54,6,2437,0,0,0,20,evil_twin,evil_twin
1683996645,13153,299,0,1,1,0,0,44,0,885,2,8,65,2940866293,2,0,0,0,4982,0,220,41,0,1,1,0,54,6,2437,0,0,0,20,evil_twin,evil_twin
1683996646,13161,298,0,1,1,0,0,44,0,886,2,8,65,4034677946,2,0,0,0,4983,0,219,41,0,1,1,0,54,6,2437,0,0,0,20,evil_twin,evil_twin
1683996646,13171,299,0,1,1,0,0,44,0,887,2,8,65,750476088,2,0,0,0,4984,0,220,41,0,1,1,0,54,6,2437,0,0,0,20,evil_twin,evil_twin
1683996646,13187,299,0,1,1,0,0,44,0,888,2,8,65,3423258653,2,0,0,0,4985,0,220,41,0,1,1,0,54,6,2437,0,0,0,20,evil_twin,evil_twin
1683996646,13194,299,0,1,1,0,0,44,0,889,2,8,65,4147187846,2,0,0,0,4986,0,220,41,0,1,1,0,54,6,2437,0,0,0,20,evil_twin,evil_twin
1683996646,13200,297,0,1,1,0,0,44,0,890,2,8,65,1020624069,2,0,0,0,4987,0,218,41,0,1,1,0,54,6,2437,0,0,0,20,evil_twin,evil_twin
1683996646,13209,297,0,1,1,0,0,44,0,891,2,8,65,2240235808,2,0,0,0,4988,0,218,41,0,1,1,0,54,6,2437,0,0,0,20,evil_twin,evil_twin
1683996646,13229,297,0,1,1,0,0,44,0,892,2,8,65,2127634829,2,0,0,0,4989,0,218,41,0,1,1,0,54,6,2437,0,0,0,20,evil_twin,evil_twin
1683996646,13236,297,0,1,1,0,0,44,0,893,2,8,65,1712604046,2,0,0,0,4990,0,218,41,0,1,1,0,54,6,2437,0,0,0,20,evil_twin,evil_twin
1683996646,13239,297,0,1,1,0,0,44,0,893,2,8,73,1934898525,2,0,0,0,4990,0,218,41,0,1,1,0,54,6,2437,0,0,0,20,evil_twin,evil_twin
1683996646,13246,298,0,1,1,0,0,44,0,894,2,8,65,2352435686,2,0,0,0,4991,0,219,41,0,1,1,0,54,6,2437,0,0,0,20,evil_twin,evil_twin
1683996646,13252,296,0,1,1,0,0,44,0,895,2,8,65,2985723655,2,0,0,0,4992,0,217,41,0,1,1,0,54,6,2437,0,0,0,20,evil_twin,evil_twin
1683996647,13260,297,0,1,1,0,0,44,0,896,2,8,65,1726425855,2,0,0,0,4993,0,218,41,0,1,1,0,54,6,2437,0,0,0,20,evil_twin,evil_twin
1683996647,13270,298,0,1,1,0,0,44,0,897,2,8,65,1376722262,2,0,0,0,4994,0,219,41,0,1,1,0,54,6,2437,0,0,0,20,evil_twin,evil_twin
1683996647,13278,296,0,1,1,0,0,44,0,898,2,8,65,29324725,2,0,0,0,4995,0,217,41,0,1,1,0,54,6,2437,0,0,0,20,evil_twin,evil_twin
1683996647,13284,297,0,1,1,0,0,44,0,899,2,8,65,2330193184,2,0,0,0,4996,0,218,41,0,1,1,0,54,6,2437,0,0,0,20,evil_twin,evil_twin
1683996647,13289,298,0,1,1,0,0,44,0,900,2,8,65,4282418398,2,0,0,0,4997,0,219,41,0,1,1,0,54,6,2437,0,0,0,20,evil_twin,evil_twin
1683996647,13295,296,0,1,1,0,0,44,0,901,2,8,65,1266636498,2,0,0,0,4998,0,217,41,0,1,1,0,54,6,2437,0,0,0,20,evil_twin,evil_twin
1683996647,13298,297,0,1,1,0,0,44,0,902,2,8,65,1391470292,2,0,0,0,4999,0,218,41,0,1,1,0,54,6,2437,0,0,0,20,evil_twin,evil_twin
1683996647,13305,299,0,1,1,0,0,44,0,903,2,8,65,729639566,2,0,0,0,5000,0,220,41,0,1,1,0,54,6,2437,0,0,0,20,evil_twin,evil_twin
1683996647,13312,296,0,1,1,0,0,44,0,904,2,8,65,1569036916,2,0,0,0,5001,0,217,41,0,1,1,0,54,6,2437,0,0,0,20,evil_twin,evil_twin
1683996647,13318,296,0,1,1,0,0,44,0,905,2,8,65,3665105378,2,0,0,0,5002,0,217,41,0,1,1,0,54,6,2437,0,0,0,20,evil_twin,evil_twin
1683996648,13325,298,0,1,1,0,0,44,0,906,2,8,65,2847663865,2,0,0,0,5003,0,219,41,0,1,1,0,54,6,2437,0,0,0,20,evil_twin,evil_twin
1683996648,13332,295,0,1,1,0,0,44,0,907,2,8,65,162255984,2,0,0,0,5004,0,216,41,0,1,1,0,54,6,2437,0,0,0,20,evil_twin,evil_twin
1683996648,13338,297,0,1,1,0,0,44,0,908,2,8,65,1942372773,2,0,0,0,5005,0,218,41,0,1,1,0,54,6,2437,0,0,0,20,evil_twin,evil_twin
1683996648,13343,295,0,1,1,0,0,44,0,909,2,8,65,2879296908,2,0,0,0,5006,0,216,41,0,1,1,0,54,6,2437,0,0,0,20,evil_twin,evil_twin
1683996648,13348,294,0,1,1,0,0,44,0,910,2,8,65,2062450012,2,0,0,0,5007,0,215,41,0,1,1,0,54,6,2437,0,0,0,20,evil_twin,evil_twin
1683996648,13352,296,0,1,1,0,0,44,0,911,2,8,65,3597257417,2,0,0,0,5008,0,217,41,0,1,1,0,54,6,2437,0,0,0,20,evil_twin,evil_twin
1683996648,13359,294,0,1,1,0,0,44,0,912,2,8,65,1251084694,2,0,0,0,5009,0,215,41,0,1,1,0,54,6,2437,0,0,0,20,evil_twin,evil_twin
1683996648,13364,298,0,1,1,0,0,44,0,913,2,8,65,4118625243,2,0,0,0,5010,0,219,41,0,1,1,0,54,6,2437,0,0,0,20,evil_twin,evil_twin
1683996648,13371,297,0,1,1,0,0,44,0,914,2,8,65,958948721,2,0,0,0,5011,0,218,41,0,1,1,0,54,6,2437,0,0,0,20,evil_twin,evil_twin
1683996648,13388,296,0,1,1,0,0,44,0,915,2,8,65,2668898991,2,0,0,0,5012,0,217,41,0,1,1,0,54,6,2437,0,0,0,20,evil_twin,evil_twin
1683996649,13399,296,0,1,1,0,0,44,0,916,2,8,65,2521051580,2,0,0,0,5013,0,217,41,0,1,1,0,54,6,2437,0,0,0,20,evil_twin,evil_twin
1683996649,13405,297,0,1,1,0,0,44,0,917,2,8,65,2228648074,2,0,0,0,5014,0,218,41,0,1,1,0,54,6,2437,0,0,0,20,evil_twin,evil_twin
1683996649,13412,299,0,1,1,0,0,44,0,918,2,8,65,3403523323,2,0,0,0,5015,0,220,41,0,1,1,0,54,6,2437,0,0,0,20,evil_twin,evil_twin
1683996649,13421,297,0,1,1,0,0,44,0,919,2,8,65,2817715175,2,0,0,0,5016,0,218,41,0,1,1,0,54,6,2437,0,0,0,20,evil_twin,evil_twin
1683996649,13427,299,0,1,1,0,0,44,0,920,2,8,65,2150597066,2,0,0,0,5017,0,220,41,0,1,1,0,54,6,2437,0,0,0,20,evil_twin,evil_twin
1683996649,13432,299,0,1,1,0,0,44,0,921,2,8,65,1136277134,2,0,0,0,5018,0,220,41,0,1,1,0,54,6,2437,0,0,0,20,evil_twin,evil_twin
1683996649,13438,301,0,1,1,0,0,44,0,922,2,8,65,1006977724,2,0,0,0,5019,0,222,41,0,1,1,0,54,6,2437,0,0,0,20,evil_twin,evil_twin
1683996649,13443,297,0,1,1,0,0,44,0,923,2,8,65,2307476497,2,0,0,0,5020,0,218,41,0,1,1,0,54,6,2437,0,0,0,20,evil_twin,evil_twin
1683996649,13451,295,0,1,1,0,0,44,0,924,2,8,65,319115334,2,0,0,0,5021,0,216,41,0,1,1,0,54,6,2437,0,0,0,20,evil_twin,evil_twin
1683996649,13458,297,0,1,1,0,0,44,0,925,2,8,65,4218504975,2,0,0,0,5022,0,218,41,0,1,1,0,54,6,2437,0,0,0,20,evil_twin,evil_twin
1683996827,3,294,1,2,1,0,2,44,0,53,2,8,65,1533361015,2,0,0,0,54,0,215,41,0,1,1,0,24,6,2437,0,0,0,20,evil_twin,evil_twin
1683996827,18,294,1,2,1,0,2,44,0,54,2,8,65,2607786454,2,0,0,0,55,0,215,41,0,1,1,0,24,6,2437,0,0,0,20,evil_twin,evil_twin
1683996827,31,296,1,2,1,0,2,48,0,55,2,8,65,71110081,2,0,0,0,56,0,217,41,0,1,1,0,18,6,2437,0,0,0,20,evil_twin,evil_twin
1683996827,46,295,1,2,1,0,2,48,0,56,2,8,65,882011843,2,0,0,0,57,0,216,41,0,1,1,0,18,6,2437,0,0,0,20,evil_twin,evil_twin
1683996827,63,294,1,2,1,0,2,48,0,57,2,8,65,670334204,2,0,0,0,58,0,215,41,0,1,1,0,18,6,2437,0,0,0,20,evil_twin,evil_twin
1683996827,75,294,1,2,1,0,2,48,0,58,2,8,65,3690209828,2,0,0,0,59,0,215,41,0,1,1,0,18,6,2437,0,0,0,20,evil_twin,evil_twin
1683996828,89,295,1,2,1,0,2,48,0,59,2,8,65,2389723448,2,0,0,0,60,0,216,41,0,1,1,0,18,6,2437,0,0,0,20,evil_twin,evil_twin
1683996828,109,294,1,2,1,0,2,48,0,60,2,8,65,288214485,2,0,0,0,61,0,215,41,0,1,1,0,18,6,2437,0,0,0,20,evil_twin,evil_twin
1683996828,113,141,2,1,0,1,2,44,0,4,2,8,66,1768012803,2,0,0,0,7,0,62,41,0,1,1,0,54,6,2437,0,0,0,20,evil_twin,evil_twin
1683996828,116,141,1,2,1,0,2,48,0,61,2,8,65,1257529964,2,0,0,0,62,0,62,41,0,1,1,0,18,6,2437,0,0,0,20,evil_twin,evil_twin
1683996828,127,294,1,2,1,0,2,48,0,62,2,8,65,2767353445,2,0,0,0,63,0,215,41,0,1,1,0,18,6,2437,0,0,0,20,evil_twin,evil_twin
1683996828,144,294,1,2,1,0,2,48,0,63,2,8,65,2143104098,2,0,0,0,64,0,215,41,0,1,1,0,18,6,2437,0,0,0,20,evil_twin,evil_twin
1683996828,157,293,1,2,1,0,2,48,0,64,2,8,65,3903759996,2,0,0,0,65,0,214,41,0,1,1,0,18,6,2437,0,0,0,20,evil_twin,evil_twin
1683996828,172,295,1,2,1,0,2,48,0,65,2,8,65,1344401846,2,0,0,0,66,0,216,41,0,1,1,0,18,6,2437,0,0,0,20,evil_twin,evil_twin
1683996828,185,295,1,2,1,0,2,48,0,66,2,8,65,711936994,2,0,0,0,67,0,216,41,0,1,1,0,18,6,2437,0,0,0,20,evil_twin,evil_twin
1683996828,189,296,1,2,1,0,2,48,0,67,2,8,65,2106295883,2,0,0,0,68,0,217,41,0,1,1,0,18,6,2437,0,0,0,20,evil_twin,evil_twin
1683996828,200,293,1,2,1,0,2,48,0,68,2,8,65,3669189183,2,0,0,0,69,0,214,41,0,1,1,0,18,6,2437,0,0,0,20,evil_twin,evil_twin
1683996828,213,295,1,2,1,0,2,48,0,69,2,8,65,4251014121,2,0,0,0,70,0,216,41,0,1,1,0,18,6,2437,0,0,0,20,evil_twin,evil_twin
1683996829,231,293,1,2,1,0,2,48,0,70,2,8,65,1907690797,2,0,0,0,71,0,214,41,0,1,1,0,18,6,2437,0,0,0,20,evil_twin,evil_twin
1683996829,243,296,1,2,1,0,2,48,0,71,2,8,65,3925157331,2,0,0,0,72,0,217,41,0,1,1,0,18,6,2437,0,0,0,20,evil_twin,evil_twin
1683996829,261,294,1,2,1,0,2,48,0,72,2,8,65,2321466810,2,0,0,0,73,0,215,41,0,1,1,0,18,6,2437,0,0,0,20,evil_twin,evil_twin
1683996829,263,294,1,2,1,0,2,48,0,72,2,8,73,2910474038,2,0,0,0,73,0,215,41,0,1,1,0,18,6,2437,0,0,0,20,evil_twin,evil_twin
1683996829,275,294,1,2,1,0,2,48,0,73,2,8,65,2395021431,2,0,0,0,74,0,215,41,0,1,1,0,18,6,2437,0,0,0,20,evil_twin,evil_twin
1683996829,277,294,1,2,1,0,2,48,0,73,2,8,73,2850401019,2,0,0,0,74,0,215,41,0,1,1,0,18,6,2437,0,0,0,20,evil_twin,evil_twin
1683996829,288,294,1,2,1,0,2,48,0,74,2,8,65,3989725133,2,0,0,0,75,0,215,41,0,1,1,0,18,6,2437,0,0,0,20,evil_twin,evil_twin
1683996829,303,294,1,2,1,0,2,48,0,75,2,8,65,2682092478,2,0,0,0,76,0,215,41,0,1,1,0,18,6,2437,0,0,0,20,evil_twin,evil_twin
1683996829,313,295,1,2,1,0,2,48,0,76,2,8,65,809454719,2,0,0,0,77,0,216,41,0,1,1,0,18,6,2437,0,0,0,20,evil_twin,evil_twin
1683996829,315,295,1,2,1,0,2,48,0,76,2,8,73,3558254590,2,0,0,0,77,0,216,41,0,1,1,0,18,6,2437,0,0,0,20,evil_twin,evil_twin
1683996829,325,295,1,2,1,0,2,48,0,77,2,8,65,2351040697,2,0,0,0,78,0,216,41,0,1,1,0,18,6,2437,0,0,0,20,evil_twin,evil_twin
1683996829,327,295,1,2,1,0,2,48,0,77,2,8,73,1745609528,2,0,0,0,78,0,216,41,0,1,1,0,18,6,2437,0,0,0,20,evil_twin,evil_twin
1683996829,337,294,1,2,1,0,2,48,0,78,2,8,65,264871847,2,0,0,0,79,0,215,41,0,1,1,0,18,6,2437,0,0,0,20,evil_twin,evil_twin
1683996829,339,294,1,2,1,0,2,48,0,78,2,8,73,686626091,2,0,0,0,79,0,215,41,0,1,1,0,18,6,2437,0,0,0,20,evil_twin,evil_twin
1683996829,352,296,1,2,1,0,2,48,0,79,2,8,65,1036906712,2,0,0,0,80,0,217,41,0,1,1,0,18,6,2437,0,0,0,20,evil_twin,evil_twin
1683996829,354,296,1,2,1,0,2,48,0,79,2,8,73,2811652741,2,0,0,0,80,0,217,41,0,1,1,0,18,6,2437,0,0,0,20,evil_twin,evil_twin
1683996829,356,296,1,2,1,0,2,48,0,79,2,8,73,2811652741,2,0,0,0,80,0,217,41,0,1,1,0,12,6,2437,0,0,0,20,evil_twin,evil_twin
1683996830,375,295,1,2,1,0,2,48,0,80,2,8,65,1949821671,2,0,0,0,81,0,216,41,0,1,1,0,18,6,2437,0,0,0,20,evil_twin,evil_twin
1683996830,395,294,1,2,1,0,2,48,0,81,2,8,65,3728101206,2,0,0,0,82,0,215,41,0,1,1,0,18,6,2437,0,0,0,20,evil_twin,evil_twin
1683996830,407,293,1,2,1,0,2,48,0,82,2,8,65,1812067220,2,0,0,0,83,0,214,41,0,1,1,0,18,6,2437,0,0,0,20,evil_twin,evil_twin
1683996830,422,294,1,2,1,0,2,48,0,83,2,8,65,474934554,2,0,0,0,84,0,215,41,0,1,1,0,18,6,2437,0,0,0,20,evil_twin,evil_twin
1683996830,436,295,1,2,1,0,2,48,0,84,2,8,65,3766384452,2,0,0,0,85,0,216,41,0,1,1,0,18,6,2437,0,0,0,20,evil_twin,evil_twin
1683996830,438,295,1,2,1,0,2,48,0,84,2,8,73,72850629,2,0,0,0,85,0,216,41,0,1,1,0,18,6,2437,0,0,0,20,evil_twin,evil_twin
1683996830,440,295,1,2,1,0,2,48,0,84,2,8,73,72850629,2,0,0,0,85,0,216,41,0,1,1,0,12,6,2437,0,0,0,20,evil_twin,evil_twin
1683996830,457,295,1,2,1,0,2,48,0,85,2,8,65,3092389217,2,0,0,0,86,0,216,41,0,1,1,0,18,6,2437,0,0,0,20,evil_twin,evil_twin
1683996830,459,295,1,2,1,0,2,48,0,85,2,8,73,1551628000,2,0,0,0,86,0,216,41,0,1,1,0,18,6,2437,0,0,0,20,evil_twin,evil_twin
1683996830,469,292,1,2,1,0,2,48,0,86,2,8,65,3084397712,2,0,0,0,87,0,213,41,0,1,1,0,18,6,2437,0,0,0,20,evil_twin,evil_twin
1683996830,480,294,1,2,1,0,2,48,0,87,2,8,65,874374294,2,0,0,0,88,0,215,41,0,1,1,0,18,6,2437,0,0,0,20,evil_twin,evil_twin
1683996830,492,294,1,2,1,0,2,48,0,88,2,8,65,437759993,2,0,0,0,89,0,215,41,0,1,1,0,12,6,2437,0,0,0,20,evil_twin,evil_twin
1683996831,502,294,1,2,1,0,2,48,0,89,2,8,65,2408645645,2,0,0,0,90,0,215,41,0,1,1,0,12,6,2437,0,0,0,20,evil_twin,evil_twin
1683996831,512,295,1,2,1,0,2,48,0,90,2,8,65,4103451592,2,0,0,0,91,0,216,41,0,1,1,0,12,6,2437,0,0,0,20,evil_twin,evil_twin
1683996831,524,295,1,2,1,0,2,48,0,91,2,8,65,2218854612,2,0,0,0,92,0,216,41,0,1,1,0,12,6,2437,0,0,0,20,evil_twin,evil_twin
1683996831,535,293,1,2,1,0,2,48,0,92,2,8,65,846244138,2,0,0,0,93,0,214,41,0,1,1,0,12,6,2437,0,0,0,20,evil_twin,evil_twin
1683996831,565,293,1,2,1,0,2,48,0,94,2,8,65,4148746685,2,0,0,0,95,0,214,41,0,1,1,0,12,6,2437,0,0,0,20,evil_twin,evil_twin
1683996831,575,293,1,2,1,0,2,48,0,95,2,8,65,2432663224,2,0,0,0,96,0,214,41,0,1,1,0,12,6,2437,0,0,0,20,evil_twin,evil_twin
1683996831,587,294,1,2,1,0,2,48,0,96,2,8,65,4294753320,2,0,0,0,97,0,215,41,0,1,1,0,12,6,2437,0,0,0,20,evil_twin,evil_twin
1683996831,602,292,1,2,1,0,2,48,0,97,2,8,65,2540121368,2,0,0,0,98,0,213,41,0,1,1,0,12,6,2437,0,0,0,20,evil_twin,evil_twin
1683996831,617,125,1,2,1,0,2,48,0,98,2,8,65,1840698522,2,0,0,0,99,0,46,41,0,1,1,0,12,6,2437,0,0,0,20,evil_twin,evil_twin
1683996831,631,292,1,2,1,0,2,48,0,99,2,8,65,3838890875,2,0,0,0,100,0,213,41,0,1,1,0,12,6,2437,0,0,0,20,evil_twin,evil_twin
1683996831,638,141,2,1,0,1,2,44,0,5,2,8,66,1230108311,2,0,0,0,8,0,62,41,0,1,1,0,54,6,2437,0,0,0,20,evil_twin,evil_twin
1683996832,657,296,1,2,1,0,2,48,0,101,2,8,65,2587269667,2,0,0,0,102,0,217,41,0,1,1,0,12,6,2437,0,0,0,20,evil_twin,evil_twin
1683996832,668,294,1,2,1,0,2,48,0,102,2,8,65,3566637355,2,0,0,0,103,0,215,41,0,1,1,0,12,6,2437,0,0,0,20,evil_twin,evil_twin
1683996832,679,296,1,2,1,0,2,48,0,103,2,8,65,956300574,2,0,0,0,104,0,217,41,0,1,1,0,12,6,2437,0,0,0,20,evil_twin,evil_twin
1683996832,695,296,1,2,1,0,2,48,0,104,2,8,65,3763389685,2,0,0,0,105,0,217,41,0,1,1,0,12,6,2437,0,0,0,20,evil_twin,evil_twin
1683996832,709,294,1,2,1,0,2,48,0,105,2,8,65,2145527415,2,0,0,0,106,0,215,41,0,1,1,0,12,6,2437,0,0,0,20,evil_twin,evil_twin
1683996832,721,296,1,2,1,0,2,48,0,106,2,8,65,2407625915,2,0,0,0,107,0,217,41,0,1,1,0,12,6,2437,0,0,0,20,evil_twin,evil_twin
1683996832,734,294,1,2,1,0,2,48,0,107,2,8,65,1705827305,2,0,0,0,108,0,215,41,0,1,1,0,12,6,2437,0,0,0,20,evil_twin,evil_twin
1683996832,748,294,1,2,1,0,2,48,0,108,2,8,65,3088483874,2,0,0,0,109,0,215,41,0,1,1,0,12,6,2437,0,0,0,20,evil_twin,evil_twin
1683996832,759,295,1,2,1,0,2,48,0,109,2,8,65,770449426,2,0,0,0,110,0,216,41,0,1,1,0,12,6,2437,0,0,0,20,evil_twin,evil_twin
1683996833,769,293,1,2,1,0,2,48,0,110,2,8,65,4018574390,2,0,0,0,111,0,214,41,0,1,1,0,12,6,2437,0,0,0,20,evil_twin,evil_twin
1683996833,771,293,1,2,1,0,2,48,0,110,2,8,73,3377312327,2,0,0,0,111,0,214,41,0,1,1,0,12,6,2437,0,0,0,20,evil_twin,evil_twin
1683996833,783,294,1,2,1,0,2,48,0,111,2,8,65,3640026675,2,0,0,0,112,0,215,41,0,1,1,0,12,6,2437,0,0,0,20,evil_twin,evil_twin
1683996833,796,297,1,2,1,0,2,48,0,112,2,8,65,856526384,2,0,0,0,113,0,218,41,0,1,1,0,12,6,2437,0,0,0,20,evil_twin,evil_twin
1683996833,808,294,1,2,1,0,2,48,0,113,2,8,65,4279453192,2,0,0,0,114,0,215,41,0,1,1,0,12,6,2437,0,0,0,20,evil_twin,evil_twin
1683996833,822,294,1,2,1,0,2,48,0,114,2,8,65,3532878727,2,0,0,0,115,0,215,41,0,1,1,0,12,6,2437,0,0,0,20,evil_twin,evil_twin
1683996833,835,294,1,2,1,0,2,48,0,115,2,8,65,2995816960,2,0,0,0,116,0,215,41,0,1,1,0,12,6,2437,0,0,0,20,evil_twin,evil_twin
1683996833,846,296,1,2,1,0,2,48,0,116,2,8,65,2742759385,2,0,0,0,117,0,217,41,0,1,1,0,12,6,2437,0,0,0,20,evil_twin,evil_twin
1683996833,860,294,1,2,1,0,2,48,0,117,2,8,65,2832169653,2,0,0,0,118,0,215,41,0,1,1,0,12,6,2437,0,0,0,20,evil_twin,evil_twin
1683996833,871,294,1,2,1,0,2,48,0,118,2,8,65,1532472763,2,0,0,0,119,0,215,41,0,1,1,0,12,6,2437,0,0,0,20,evil_twin,evil_twin
1683996833,889,296,1,2,1,0,2,48,0,120,2,8,65,1028686968,2,0,0,0,121,0,217,41,0,1,1,0,12,6,2437,0,0,0,20,evil_twin,evil_twin
1683996834,902,295,1,2,1,0,2,48,0,121,2,8,65,3310997923,2,0,0,0,122,0,216,41,0,1,1,0,12,6,2437,0,0,0,20,evil_twin,evil_twin
1683996834,914,295,1,2,1,0,2,48,0,122,2,8,65,1830367396,2,0,0,0,123,0,216,41,0,1,1,0,12,6,2437,0,0,0,20,evil_twin,evil_twin
1683996834,927,296,1,2,1,0,2,48,0,123,2,8,65,2148235763,2,0,0,0,124,0,217,41,0,1,1,0,12,6,2437,0,0,0,20,evil_twin,evil_twin
1683996834,947,295,1,2,1,0,2,48,0,124,2,8,65,858447787,2,0,0,0,125,0,216,41,0,1,1,0,12,6,2437,0,0,0,20,evil_twin,evil_twin
1683996834,972,295,1,2,1,0,2,48,0,125,2,8,65,2364962045,2,0,0,0,126,0,216,41,0,1,1,0,12,6,2437,0,0,0,20,evil_twin,evil_twin
1683996834,982,125,1,2,1,0,2,48,0,126,2,8,65,1518886801,2,0,0,0,127,0,46,41,0,1,1,0,12,6,2437,0,0,0,20,evil_twin,evil_twin
1683996834,994,297,1,2,1,0,2,48,0,127,2,8,65,4105371982,2,0,0,0,128,0,218,41,0,1,1,0,18,6,2437,0,0,0,20,evil_twin,evil_twin
1683996834,1071,297,1,2,1,0,2,48,0,129,2,8,65,61097256,2,0,0,0,130,0,218,41,0,1,1,0,18,6,2437,0,0,0,20,evil_twin,evil_twin
1683996834,1091,297,1,2,1,0,2,48,0,130,2,8,65,3179110867,2,0,0,0,131,0,218,41,0,1,1,0,18,6,2437,0,0,0,20,evil_twin,evil_twin
1683996834,1107,299,1,2,1,0,2,48,0,131,2,8,65,2841512696,2,0,0,0,132,0,220,41,0,1,1,0,18,6,2437,0,0,0,20,evil_twin,evil_twin
1683996835,1118,298,1,2,1,0,2,48,0,132,2,8,65,3600732450,2,0,0,0,133,0,219,41,0,1,1,0,18,6,2437,0,0,0,20,evil_twin,evil_twin
1683996835,1130,299,1,2,1,0,2,48,0,133,2,8,65,2639526515,2,0,0,0,134,0,220,41,0,1,1,0,18,6,2437,0,0,0,20,evil_twin,evil_twin
1683996835,1144,298,1,2,1,0,2,48,0,134,2,8,65,2959361183,2,0,0,0,135,0,219,41,0,1,1,0,18,6,2437,0,0,0,20,evil_twin,evil_twin
1683996835,1156,297,1,2,1,0,2,48,0,135,2,8,65,534155203,2,0,0,0,136,0,218,41,0,1,1,0,18,6,2437,0,0,0,20,evil_twin,evil_twin
1683996835,1169,296,1,2,1,0,2,48,0,136,2,8,65,981799154,2,0,0,0,137,0,217,41,0,1,1,0,18,6,2437,0,0,0,20,evil_twin,evil_twin
1683996835,1181,296,1,2,1,0,2,48,0,137,2,8,65,3123232881,2,0,0,0,138,0,217,41,0,1,1,0,18,6,2437,0,0,0,20,evil_twin,evil_twin
1683996835,1206,297,1,2,1,0,2,48,0,139,2,8,65,1967524759,2,0,0,0,140,0,218,41,0,1,1,0,18,6,2437,0,0,0,20,evil_twin,evil_twin
1683996835,1219,299,1,2,1,0,2,48,0,140,2,8,65,3202548643,2,0,0,0,141,0,220,41,0,1,1,0,18,6,2437,0,0,0,20,evil_twin,evil_twin
1683996836,1235,297,1,2,1,0,2,48,0,141,2,8,65,3643530364,2,0,0,0,142,0,218,41,0,1,1,0,18,6,2437,0,0,0,20,evil_twin,evil_twin
1683996836,1244,297,1,2,1,0,2,48,0,142,2,8,65,3701623911,2,0,0,0,143,0,218,41,0,1,1,0,18,6,2437,0,0,0,20,evil_twin,evil_twin
1683996836,1256,298,1,2,1,0,2,48,0,143,2,8,65,3381487626,2,0,0,0,144,0,219,41,0,1,1,0,18,6,2437,0,0,0,20,evil_twin,evil_twin
1683996836,1271,299,1,2,1,0,2,48,0,144,2,8,65,1712516882,2,0,0,0,145,0,220,41,0,1,1,0,18,6,2437,0,0,0,20,evil_twin,evil_twin
1683996836,1290,299,1,2,1,0,2,48,0,145,2,8,65,266380943,2,0,0,0,146,0,220,41,0,1,1,0,18,6,2437,0,0,0,20,evil_twin,evil_twin
1683996836,1302,296,1,2,1,0,2,48,0,146,2,8,65,1312449032,2,0,0,0,147,0,217,41,0,1,1,0,18,6,2437,0,0,0,20,evil_twin,evil_twin
1683996836,1315,299,1,2,1,0,2,48,0,147,2,8,65,4082638561,2,0,0,0,148,0,220,41,0,1,1,0,18,6,2437,0,0,0,20,evil_twin,evil_twin
1683996836,1328,125,1,2,1,0,2,48,0,148,2,8,65,2121342896,2,0,0,0,149,0,46,41,0,1,1,0,18,6,2437,0,0,0,20,evil_twin,evil_twin
1683996836,1331,297,1,2,1,0,2,48,0,149,2,8,65,377848728,2,0,0,0,150,0,218,41,0,1,1,0,18,6,2437,0,0,0,20,evil_twin,evil_twin
1683996836,1338,141,2,1,0,1,2,44,0,7,2,8,66,3372690152,2,0,0,0,10,0,62,41,0,1,1,0,54,6,2437,0,0,0,20,evil_twin,evil_twin
1683996836,1353,296,1,2,1,0,2,48,0,150,2,8,65,54369630,2,0,0,0,151,0,217,41,0,1,1,0,18,6,2437,0,0,0,20,evil_twin,evil_twin
1683996836,1365,296,1,2,1,0,2,48,0,151,2,8,65,2437772636,2,0,0,0,152,0,217,41,0,1,1,0,18,6,2437,0,0,0,20,evil_twin,evil_twin
1683996836,1387,297,1,2,1,0,2,48,0,152,2,8,65,3665751005,2,0,0,0,153,0,218,41,0,1,1,0,18,6,2437,0,0,0,20,evil_twin,evil_twin
1683996837,1397,299,1,2,1,0,2,48,0,153,2,8,65,4176309751,2,0,0,0,154,0,220,41,0,1,1,0,18,6,2437,0,0,0,20,evil_twin,evil_twin
1683996837,1411,299,1,2,1,0,2,48,0,154,2,8,65,2985172263,2,0,0,0,155,0,220,41,0,1,1,0,18,6,2437,0,0,0,20,evil_twin,evil_twin
1683996837,1419,299,1,2,1,0,2,48,0,155,2,8,65,2216276302,2,0,0,0,156,0,220,41,0,1,1,0,18,6,2437,0,0,0,20,evil_twin,evil_twin
1683996837,1432,300,1,2,1,0,2,48,0,156,2,8,65,1774553809,2,0,0,0,157,0,221,41,0,1,1,0,18,6,2437,0,0,0,20,evil_twin,evil_twin
1683996837,1455,299,1,2,1,0,2,48,0,158,2,8,65,2706160612,2,0,0,0,159,0,220,41,0,1,1,0,18,6,2437,0,0,0,20,evil_twin,evil_twin
1683996837,1466,300,1,2,1,0,2,48,0,159,2,8,65,2848413151,2,0,0,0,160,0,221,41,0,1,1,0,18,6,2437,0,0,0,20,evil_twin,evil_twin
1683996837,1474,299,1,2,1,0,2,48,0,160,2,8,65,1208565665,2,0,0,0,161,0,220,41,0,1,1,0,18,6,2437,0,0,0,20,evil_twin,evil_twin
1683996837,1489,299,1,2,1,0,2,48,0,161,2,8,65,1707171062,2,0,0,0,162,0,220,41,0,1,1,0,18,6,2437,0,0,0,20,evil_twin,evil_twin
1683996838,1500,299,1,2,1,0,2,48,0,162,2,8,65,830870003,2,0,0,0,163,0,220,41,0,1,1,0,18,6,2437,0,0,0,20,evil_twin,evil_twin
1683996838,1513,299,1,2,1,0,2,48,0,163,2,8,65,2748887274,2,0,0,0,164,0,220,41,0,1,1,0,18,6,2437,0,0,0,20,evil_twin,evil_twin
1683996838,1515,299,1,2,1,0,2,48,0,163,2,8,73,2964055935,2,0,0,0,164,0,220,41,0,1,1,0,18,6,2437,0,0,0,20,evil_twin,evil_twin
1683996838,1527,302,1,2,1,0,2,48,0,164,2,8,65,3030558910,2,0,0,0,165,0,223,41,0,1,1,0,18,6,2437,0,0,0,20,evil_twin,evil_twin
1683996838,1539,301,1,2,1,0,2,48,0,165,2,8,65,494301490,2,0,0,0,166,0,222,41,0,1,1,0,18,6,2437,0,0,0,20,evil_twin,evil_twin
1683996838,1554,298,1,2,1,0,2,44,0,166,2,8,65,374922589,2,0,0,0,167,0,219,41,0,1,1,0,24,6,2437,0,0,0,20,evil_twin,evil_twin
1683996838,1563,300,1,2,1,0,2,44,0,167,2,8,65,3261962078,2,0,0,0,168,0,221,41,0,1,1,0,24,6,2437,0,0,0,20,evil_twin,evil_twin
1683996838,1573,125,1,2,1,0,2,44,0,168,2,8,65,3905277019,2,0,0,0,169,0,46,41,0,1,1,0,24,6,2437,0,0,0,20,evil_twin,evil_twin
1683996838,1582,297,1,2,1,0,2,44,0,169,2,8,65,258983929,2,0,0,0,170,0,218,41,0,1,1,0,24,6,2437,0,0,0,20,evil_twin,evil_twin
1683996838,1596,297,1,2,1,0,2,44,0,170,2,8,65,2003953396,2,0,0,0,171,0,218,41,0,1,1,0,24,6,2437,0,0,0,20,evil_twin,evil_twin
1683996838,1610,297,1,2,1,0,2,44,0,171,2,8,65,3394368449,2,0,0,0,172,0,218,41,0,1,1,0,24,6,2437,0,0,0,20,evil_twin,evil_twin
1683996838,1621,297,1,2,1,0,2,44,0,172,2,8,65,2987467638,2,0,0,0,173,0,218,41,0,1,1,0,24,6,2437,0,0,0,20,evil_twin,evil_twin
1683996839,1634,298,1,2,1,0,2,44,0,173,2,8,65,554653710,2,0,0,0,174,0,219,41,0,1,1,0,24,6,2437,0,0,0,20,evil_twin,evil_twin
1683996839,1644,297,1,2,1,0,2,44,0,174,2,8,65,239385461,2,0,0,0,175,0,218,41,0,1,1,0,24,6,2437,0,0,0,20,evil_twin,evil_twin
1683996839,1657,295,1,2,1,0,2,44,0,175,2,8,65,1291795293,2,0,0,0,176,0,216,41,0,1,1,0,24,6,2437,0,0,0,20,evil_twin,evil_twin
1683996839,1663,141,2,1,0,1,2,44,0,8,2,8,66,2612434855,2,0,0,0,11,0,62,41,0,1,1,0,54,6,2437,0,0,0,20,evil_twin,evil_twin
1683996839,1677,298,1,2,1,0,2,44,0,176,2,8,65,2530802304,2,0,0,0,177,0,219,41,0,1,1,0,24,6,2437,0,0,0,20,evil_twin,evil_twin
1683996839,1689,295,1,2,1,0,2,44,0,177,2,8,65,3726672327,2,0,0,0,178,0,216,41,0,1,1,0,24,6,2437,0,0,0,20,evil_twin,evil_twin
1683996839,1701,298,1,2,1,0,2,44,0,178,2,8,65,1572054969,2,0,0,0,179,0,219,41,0,1,1,0,24,6,2437,0,0,0,20,evil_twin,evil_twin
1683996839,1716,297,1,2,1,0,2,44,0,179,2,8,65,3534781083,2,0,0,0,180,0,218,41,0,1,1,0,24,6,2437,0,0,0,20,evil_twin,evil_twin
1683996839,1726,296,1,2,1,0,2,44,0,180,2,8,65,124052467,2,0,0,0,181,0,217,41,0,1,1,0,24,6,2437,0,0,0,20,evil_twin,evil_twin
1683996839,1739,296,1,2,1,0,2,44,0,181,2,8,65,3771569435,2,0,0,0,182,0,217,41,0,1,1,0,24,6,2437,0,0,0,20,evil_twin,evil_twin
1683996839,1751,295,1,2,1,0,2,44,0,182,2,8,65,255495903,2,0,0,0,183,0,216,41,0,1,1,0,24,6,2437,0,0,0,20,evil_twin,evil_twin
1683996839,1764,296,1,2,1,0,2,44,0,183,2,8,65,1713636692,2,0,0,0,184,0,217,41,0,1,1,0,24,6,2437,0,0,0,20,evil_twin,evil_twin
1683996840,1778,298,1,2,1,0,2,44,0,184,2,8,65,2494560294,2,0,0,0,185,0,219,41,0,1,1,0,24,6,2437,0,0,0,20,evil_twin,evil_twin
1683996840,1780,298,1,2,1,0,2,44,0,184,2,8,73,2338339646,2,0,0,0,185,0,219,41,0,1,1,0,24,6,2437,0,0,0,20,evil_twin,evil_twin
1683996840,1782,298,1,2,1,0,2,48,0,184,2,8,73,1404573698,2,0,0,0,185,0,219,41,0,1,1,0,18,6,2437,0,0,0,20,evil_twin,evil_twin
1683996840,1784,298,1,2,1,0,2,48,0,184,2,8,73,1404573698,2,0,0,0,185,0,219,41,0,1,1,0,18,6,2437,0,0,0,20,evil_twin,evil_twin
1683996840,1786,298,1,2,1,0,2,48,0,184,2,8,73,1404573698,2,0,0,0,185,0,219,41,0,1,1,0,12,6,2437,0,0,0,20,evil_twin,evil_twin
1683996840,1794,296,1,2,1,0,2,44,0,185,2,8,65,2534242417,2,0,0,0,186,0,217,41,0,1,1,0,24,6,2437,0,0,0,20,evil_twin,evil_twin
1683996840,1805,298,1,2,1,0,2,44,0,186,2,8,65,3875499147,2,0,0,0,187,0,219,41,0,1,1,0,24,6,2437,0,0,0,20,evil_twin,evil_twin
1683996840,1822,295,1,2,1,0,2,44,0,187,2,8,65,254253077,2,0,0,0,188,0,216,41,0,1,1,0,24,6,2437,0,0,0,20,evil_twin,evil_twin
1683996840,1841,298,1,2,1,0,2,44,0,189,2,8,65,3960340097,2,0,0,0,190,0,219,41,0,1,1,0,24,6,2437,0,0,0,20,evil_twin,evil_twin
1683996840,1854,296,1,2,1,0,2,44,0,190,2,8,65,2160281220,2,0,0,0,191,0,217,41,0,1,1,0,24,6,2437,0,0,0,20,evil_twin,evil_twin
1683996840,1867,297,1,2,1,0,2,44,0,191,2,8,65,1411136921,2,0,0,0,192,0,218,41,0,1,1,0,24,6,2437,0,0,0,20,evil_twin,evil_twin
1683996840,1886,297,1,2,1,0,2,44,0,192,2,8,65,1858414872,2,0,0,0,193,0,218,41,0,1,1,0,24,6,2437,0,0,0,20,evil_twin,evil_twin
1683996841,1898,297,1,2,1,0,2,44,0,193,2,8,65,2370451826,2,0,0,0,194,0,218,41,0,1,1,0,24,6,2437,0,0,0,20,evil_twin,evil_twin
1683996841,1915,296,1,2,1,0,2,44,0,194,2,8,65,3117613479,2,0,0,0,195,0,217,41,0,1,1,0,24,6,2437,0,0,0,20,evil_twin,evil_twin
1683996841,1932,297,1,2,1,0,2,44,0,195,2,8,65,753696607,2,0,0,0,196,0,218,41,0,1,1,0,24,6,2437,0,0,0,20,evil_twin,evil_twin
1683996841,1940,125,1,2,1,0,2,44,0,196,2,8,65,4257464383,2,0,0,0,197,0,46,41,0,1,1,0,24,6,2437,0,0,0,20,evil_twin,evil_twin
1683996841,1948,141,2,1,0,1,2,44,0,9,2,8,66,1047010282,2,0,0,0,12,0,62,41,0,1,1,0,54,6,2437,0,0,0,20,evil_twin,evil_twin
1683996841,1955,296,1,2,1,0,2,44,0,197,2,8,65,2550945945,2,0,0,0,198,0,217,41,0,1,1,0,24,6,2437,0,0,0,20,evil_twin,evil_twin
1683996841,1969,296,1,2,1,0,2,44,0,198,2,8,65,3822543377,2,0,0,0,199,0,217,41,0,1,1,0,24,6,2437,0,0,0,20,evil_twin,evil_twin
1683996841,1982,297,1,2,1,0,2,44,0,199,2,8,65,137661363,2,0,0,0,200,0,218,41,0,1,1,0,24,6,2437,0,0,0,20,evil_twin,evil_twin
1683996841,2006,296,1,2,1,0,2,44,0,200,2,8,65,3810410810,2,0,0,0,201,0,217,41,0,1,1,0,24,6,2437,0,0,0,20,evil_twin,evil_twin
1683996841,2022,297,1,2,1,0,2,44,0,201,2,8,65,586670594,2,0,0,0,202,0,218,41,0,1,1,0,24,6,2437,0,0,0,20,evil_twin,evil_twin
1683996841,2032,297,1,2,1,0,2,44,0,202,2,8,65,2768357329,2,0,0,0,203,0,218,41,0,1,1,0,24,6,2437,0,0,0,20,evil_twin,evil_twin
1683996841,2046,297,1,2,1,0,2,44,0,203,2,8,65,229264791,2,0,0,0,204,0,218,41,0,1,1,0,24,6,2437,0,0,0,20,evil_twin,evil_twin
1683996842,2062,297,1,2,1,0,2,44,0,204,2,8,65,228840227,2,0,0,0,205,0,218,41,0,1,1,0,24,6,2437,0,0,0,20,evil_twin,evil_twin
1683996842,2076,297,1,2,1,0,2,44,0,205,2,8,65,2918456270,2,0,0,0,206,0,218,41,0,1,1,0,36,6,2437,0,0,0,20,evil_twin,evil_twin
1683996842,2087,296,1,2,1,0,2,44,0,206,2,8,65,1785348703,2,0,0,0,207,0,217,41,0,1,1,0,36,6,2437,0,0,0,20,evil_twin,evil_twin
1683996842,2100,296,1,2,1,0,2,44,0,207,2,8,65,1831436160,2,0,0,0,208,0,217,41,0,1,1,0,36,6,2437,0,0,0,20,evil_twin,evil_twin
1683996842,2102,296,1,2,1,0,2,44,0,207,2,8,73,4151502301,2,0,0,0,208,0,217,41,0,1,1,0,36,6,2437,0,0,0,20,evil_twin,evil_twin
1683996842,2137,296,1,2,1,0,2,44,0,208,2,8,65,504501409,2,0,0,0,209,0,217,41,0,1,1,0,36,6,2437,0,0,0,20,evil_twin,evil_twin
1683996842,2140,296,1,2,1,0,2,44,0,208,2,8,73,2219413244,2,0,0,0,209,0,217,41,0,1,1,0,36,6,2437,0,0,0,20,evil_twin,evil_twin
1683996842,2181,297,1,2,1,0,2,44,0,209,2,8,65,1005565102,2,0,0,0,210,0,218,41,0,1,1,0,36,6,2437,0,0,0,20,evil_twin,evil_twin
1683996842,2189,297,1,2,1,0,2,44,0,210,2,8,65,3920475376,2,0,0,0,211,0,218,41,0,1,1,0,36,6,2437,0,0,0,20,evil_twin,evil_twin
1683996842,2197,297,1,2,1,0,2,44,0,211,2,8,65,3664426555,2,0,0,0,212,0,218,41,0,1,1,0,36,6,2437,0,0,0,20,evil_twin,evil_twin
1683996842,2207,297,1,2,1,0,2,44,0,212,2,8,65,196864661,2,0,0,0,213,0,218,41,0,1,1,0,36,6,2437,0,0,0,20,evil_twin,evil_twin
1683996842,2209,297,1,2,1,0,2,44,0,212,2,8,73,519806022,2,0,0,0,213,0,218,41,0,1,1,0,36,6,2437,0,0,0,20,evil_twin,evil_twin
1683996842,2223,298,1,2,1,0,2,44,0,213,2,8,65,1318580897,2,0,0,0,214,0,219,41,0,1,1,0,36,6,2437,0,0,0,20,evil_twin,evil_twin
1683996843,2236,297,1,2,1,0,2,44,0,214,2,8,65,1744001307,2,0,0,0,215,0,218,41,0,1,1,0,36,6,2437,0,0,0,20,evil_twin,evil_twin
1683996843,2250,300,1,2,1,0,2,44,0,215,2,8,65,3136109958,2,0,0,0,216,0,221,41,0,1,1,0,36,6,2437,0,0,0,20,evil_twin,evil_twin
1683996843,2260,125,1,2,1,0,2,44,0,216,2,8,65,4235296175,2,0,0,0,217,0,46,41,0,1,1,0,36,6,2437,0,0,0,20,evil_twin,evil_twin
1683996843,2263,297,1,2,1,0,2,44,0,217,2,8,65,4119166515,2,0,0,0,218,0,218,41,0,1,1,0,36,6,2437,0,0,0,20,evil_twin,evil_twin
1683996843,2272,141,2,1,0,1,2,44,0,10,2,8,66,983587574,2,0,0,0,13,0,62,41,0,1,1,0,54,6,2437,0,0,0,20,evil_twin,evil_twin
1683996843,2280,299,1,2,1,0,2,44,0,218,2,8,65,1362235893,2,0,0,0,219,0,220,41,0,1,1,0,36,6,2437,0,0,0,20,evil_twin,evil_twin
1683996843,2305,295,1,2,1,0,2,44,0,219,2,8,65,4242625113,2,0,0,0,220,0,216,41,0,1,1,0,36,6,2437,0,0,0,20,evil_twin,evil_twin
1683996843,2326,298,1,2,1,0,2,44,0,220,2,8,65,2010075848,2,0,0,0,221,0,219,41,0,1,1,0,36,6,2437,0,0,0,20,evil_twin,evil_twin
1683996843,2355,298,1,2,1,0,2,44,0,221,2,8,65,2251828764,2,0,0,0,222,0,219,41,0,1,1,0,36,6,2437,0,0,0,20,evil_twin,evil_twin
1683996843,2368,299,1,2,1,0,2,44,0,222,2,8,65,3558492022,2,0,0,0,223,0,220,41,0,1,1,0,36,6,2437,0,0,0,20,evil_twin,evil_twin
1683996843,2382,298,1,2,1,0,2,44,0,223,2,8,65,24559785,2,0,0,0,224,0,219,41,0,1,1,0,36,6,2437,0,0,0,20,evil_twin,evil_twin
1683996843,2384,298,1,2,1,0,2,44,0,223,2,8,73,515441585,2,0,0,0,224,0,219,41,0,1,1,0,36,6,2437,0,0,0,20,evil_twin,evil_twin
1683996843,2398,299,1,2,1,0,2,44,0,224,2,8,65,795628671,2,0,0,0,225,0,220,41,0,1,1,0,36,6,2437,0,0,0,20,evil_twin,evil_twin
1683996844,2414,297,1,2,1,0,2,44,0,225,2,8,65,3197231883,2,0,0,0,226,0,218,41,0,1,1,0,36,6,2437,0,0,0,20,evil_twin,evil_twin
1683996844,2429,299,1,2,1,0,2,44,0,226,2,8,65,852009239,2,0,0,0,227,0,220,41,0,1,1,0,36,6,2437,0,0,0,20,evil_twin,evil_twin
1683996844,2444,296,1,2,1,0,2,44,0,227,2,8,65,1482193716,2,0,0,0,228,0,217,41,0,1,1,0,36,6,2437,0,0,0,20,evil_twin,evil_twin
1683996844,2458,298,1,2,1,0,2,44,0,228,2,8,65,795002540,2,0,0,0,229,0,219,41,0,1,1,0,36,6,2437,0,0,0,20,evil_twin,evil_twin
1683996844,2484,298,1,2,1,0,2,44,0,229,2,8,65,1750745315,2,0,0,0,230,0,219,41,0,1,1,0,36,6,2437,0,0,0,20,evil_twin,evil_twin
1683996844,2498,297,1,2,1,0,2,44,0,230,2,8,65,3591645009,2,0,0,0,231,0,218,41,0,1,1,0,36,6,2437,0,0,0,20,evil_twin,evil_twin
1683996844,2512,297,1,2,1,0,2,44,0,231,2,8,65,833615850,2,0,0,0,232,0,218,41,0,1,1,0,36,6,2437,0,0,0,20,evil_twin,evil_twin
1683996844,2514,297,1,2,1,0,2,44,0,231,2,8,73,619675961,2,0,0,0,232,0,218,41,0,1,1,0,36,6,2437,0,0,0,20,evil_twin,evil_twin
1683996844,2530,296,1,2,1,0,2,44,0,232,2,8,65,3214853872,2,0,0,0,233,0,217,41,0,1,1,0,36,6,2437,0,0,0,20,evil_twin,evil_twin
1683996844,2547,297,1,2,1,0,2,44,0,233,2,8,65,3350691473,2,0,0,0,234,0,218,41,0,1,1,0,36,6,2437,0,0,0,20,evil_twin,evil_twin
1683996844,2562,299,1,2,1,0,2,44,0,234,2,8,65,2089202106,2,0,0,0,235,0,220,41,0,1,1,0,36,6,2437,0,0,0,20,evil_twin,evil_twin
1683996845,2578,299,1,2,1,0,2,44,0,235,2,8,65,2391874519,2,0,0,0,236,0,220,41,0,1,1,0,36,6,2437,0,0,0,20,evil_twin,evil_twin
1683996845,2592,299,1,2,1,0,2,44,0,236,2,8,65,3393960099,2,0,0,0,237,0,220,41,0,1,1,0,36,6,2437,0,0,0,20,evil_twin,evil_twin
1683996845,2604,299,1,2,1,0,2,44,0,237,2,8,65,1647603321,2,0,0,0,238,0,220,41,0,1,1,0,36,6,2437,0,0,0,20,evil_twin,evil_twin
1683996845,2620,125,1,2,1,0,2,44,0,238,2,8,65,3646090008,2,0,0,0,239,0,46,41,0,1,1,0,36,6,2437,0,0,0,20,evil_twin,evil_twin
1683996845,2623,297,1,2,1,0,2,44,0,239,2,8,65,2140366807,2,0,0,0,240,0,218,41,0,1,1,0,36,6,2437,0,0,0,20,evil_twin,evil_twin
1683996845,2631,141,2,1,0,1,2,44,0,11,2,8,66,4183336742,2,0,0,0,14,0,62,41,0,1,1,0,54,6,2437,0,0,0,20,evil_twin,evil_twin
1683996845,2641,297,1,2,1,0,2,44,0,240,2,8,65,555611171,2,0,0,0,241,0,218,41,0,1,1,0,48,6,2437,0,0,0,20,evil_twin,evil_twin
1683996845,2654,295,1,2,1,0,2,44,0,241,2,8,65,2636157986,2,0,0,0,242,0,216,41,0,1,1,0,48,6,2437,0,0,0,20,evil_twin,evil_twin
1683996845,2667,296,1,2,1,0,2,44,0,242,2,8,65,2536175942,2,0,0,0,243,0,217,41,0,1,1,0,48,6,2437,0,0,0,20,evil_twin,evil_twin
1683996845,2683,299,1,2,1,0,2,44,0,243,2,8,65,2302251334,2,0,0,0,244,0,220,41,0,1,1,0,48,6,2437,0,0,0,20,evil_twin,evil_twin
1683996845,2695,297,1,2,1,0,2,44,0,244,2,8,65,2696693288,2,0,0,0,245,0,218,41,0,1,1,0,48,6,2437,0,0,0,20,evil_twin,evil_twin
1683996845,2707,297,1,2,1,0,2,44,0,245,2,8,65,451284254,2,0,0,0,246,0,218,41,0,1,1,0,48,6,2437,0,0,0,20,evil_twin,evil_twin
1683996846,2722,298,1,2,1,0,2,44,0,246,2,8,65,908873230,2,0,0,0,247,0,219,41,0,1,1,0,48,6,2437,0,0,0,20,evil_twin,evil_twin
1683996846,2734,297,1,2,1,0,2,44,0,247,2,8,65,4115143071,2,0,0,0,248,0,218,41,0,1,1,0,48,6,2437,0,0,0,20,evil_twin,evil_twin
1683996846,2746,299,1,2,1,0,2,44,0,248,2,8,65,1480092991,2,0,0,0,249,0,220,41,0,1,1,0,48,6,2437,0,0,0,20,evil_twin,evil_twin
1683996846,2763,298,1,2,1,0,2,44,0,249,2,8,65,3720264150,2,0,0,0,250,0,219,41,0,1,1,0,48,6,2437,0,0,0,20,evil_twin,evil_twin
1683996846,2765,69,1,2,0,1,1,0,0,110,2,4,0,1860041957,2,0,0,0,0,0,0,41,0,1,1,0,54,6,2437,0,0,0,20,evil_twin,evil_twin
1683996846,2766,1569,1,2,0,1,1,0,0,111,0,4,0,1756831146,2,0,0,0,0,0,0,41,0,1,1,0,6,6,2437,0,0,0,20,evil_twin,evil_twin
1683996846,2767,318,0,0,0,1,0,314,0,2612,0,5,0,4258383976,2,0,0,0,0,0,0,41,0,1,0,1,1,6,2437,0,0,0,192,evil_twin,evil_twin
1683996846,2782,298,1,2,1,0,2,44,0,250,2,8,65,1683769355,2,0,0,0,251,0,219,41,0,1,1,0,48,6,2437,0,0,0,20,evil_twin,evil_twin
1683996846,2793,300,1,2,1,0,2,44,0,251,2,8,65,2797171151,2,0,0,0,252,0,221,41,0,1,1,0,48,6,2437,0,0,0,20,evil_twin,evil_twin
1683996846,2807,298,1,2,1,0,2,44,0,252,2,8,65,3763867077,2,0,0,0,253,0,219,41,0,1,1,0,48,6,2437,0,0,0,20,evil_twin,evil_twin
1683996846,2820,298,1,2,1,0,2,44,0,253,2,8,65,3629231405,2,0,0,0,254,0,219,41,0,1,1,0,48,6,2437,0,0,0,20,evil_twin,evil_twin
1683996846,2832,298,1,2,1,0,2,44,0,254,2,8,65,2460936167,2,0,0,0,255,0,219,41,0,1,1,0,48,6,2437,0,0,0,20,evil_twin,evil_twin
1683996846,2834,298,1,2,1,0,2,44,0,254,2,8,73,2371953919,2,0,0,0,255,0,219,41,0,1,1,0,48,6,2437,0,0,0,20,evil_twin,evil_twin
1683996846,2836,298,1,2,1,0,2,44,0,254,2,8,73,2371953919,2,0,0,0,255,0,219,41,0,1,1,0,36,6,2437,0,0,0,20,evil_twin,evil_twin
1683996847,2868,298,1,2,1,0,2,44,0,256,2,8,65,1658742457,2,0,0,0,257,0,219,41,0,1,1,0,48,6,2437,0,0,0,20,evil_twin,evil_twin
1683996847,2870,298,1,2,1,0,2,44,0,256,2,8,73,2098308513,2,0,0,0,257,0,219,41,0,1,1,0,48,6,2437,0,0,0,20,evil_twin,evil_twin
1683996847,2885,300,1,2,1,0,2,44,0,257,2,8,65,3505981095,2,0,0,0,258,0,221,41,0,1,1,0,48,6,2437,0,0,0,20,evil_twin,evil_twin
1683996847,2912,297,1,2,1,0,2,44,0,258,2,8,65,1713295713,2,0,0,0,259,0,218,41,0,1,1,0,48,6,2437,0,0,0,20,evil_twin,evil_twin
1683996847,2923,299,1,2,1,0,2,44,0,259,2,8,65,1358392698,2,0,0,0,260,0,220,41,0,1,1,0,48,6,2437,0,0,0,20,evil_twin,evil_twin
1683996847,2936,125,1,2,1,0,2,44,0,260,2,8,65,3936343733,2,0,0,0,261,0,46,41,0,1,1,0,48,6,2437,0,0,0,20,evil_twin,evil_twin
1683996847,2939,297,1,2,1,0,2,44,0,261,2,8,65,3354918989,2,0,0,0,262,0,218,41,0,1,1,0,48,6,2437,0,0,0,20,evil_twin,evil_twin
1683996847,2949,141,2,1,0,1,2,44,0,12,2,8,66,1519487170,2,0,0,0,15,0,62,41,0,1,1,0,54,6,2437,0,0,0,20,evil_twin,evil_twin
1683996847,2959,296,1,2,1,0,2,44,0,262,2,8,65,496676555,2,0,0,0,263,0,217,41,0,1,1,0,48,6,2437,0,0,0,20,evil_twin,evil_twin
1683996847,2973,296,1,2,1,0,2,44,0,263,2,8,65,2130519675,2,0,0,0,264,0,217,41,0,1,1,0,48,6,2437,0,0,0,20,evil_twin,evil_twin
1683996847,2984,297,1,2,1,0,2,44,0,264,2,8,65,3274053569,2,0,0,0,265,0,218,41,0,1,1,0,48,6,2437,0,0,0,20,evil_twin,evil_twin
1683996847,2986,297,1,2,1,0,2,44,0,264,2,8,73,3597033746,2,0,0,0,265,0,218,41,0,1,1,0,48,6,2437,0,0,0,20,evil_twin,evil_twin
1683996847,2999,298,1,2,1,0,2,44,0,265,2,8,65,1640405606,2,0,0,0,266,0,219,41,0,1,1,0,48,6,2437,0,0,0,20,evil_twin,evil_twin
1683996847,3012,298,1,2,1,0,2,44,0,266,2,8,65,3092066265,2,0,0,0,267,0,219,41,0,1,1,0,48,6,2437,0,0,0,20,evil_twin,evil_twin
1683996847,3014,298,1,2,1,0,2,44,0,266,2,8,73,2810375361,2,0,0,0,267,0,219,41,0,1,1,0,48,6,2437,0,0,0,20,evil_twin,evil_twin
1683996847,3016,298,1,2,1,0,2,44,0,266,2,8,73,2810375361,2,0,0,0,267,0,219,41,0,1,1,0,36,6,2437,0,0,0,20,evil_twin,evil_twin
1683996848,3028,297,1,2,1,0,2,44,0,267,2,8,65,2826508742,2,0,0,0,268,0,218,41,0,1,1,0,48,6,2437,0,0,0,20,evil_twin,evil_twin
1683996848,3046,297,1,2,1,0,2,44,0,268,2,8,65,2438657653,2,0,0,0,269,0,218,41,0,1,1,0,48,6,2437,0,0,0,20,evil_twin,evil_twin
1683996848,3058,298,1,2,1,0,2,44,0,269,2,8,65,701208737,2,0,0,0,270,0,219,41,0,1,1,0,48,6,2437,0,0,0,20,evil_twin,evil_twin
1683996848,3085,296,1,2,1,0,2,44,0,271,2,8,65,174247044,2,0,0,0,272,0,217,41,0,1,1,0,48,6,2437,0,0,0,20,evil_twin,evil_twin
1683996848,3096,297,1,2,1,0,2,44,0,272,2,8,65,1095261900,2,0,0,0,273,0,218,41,0,1,1,0,48,6,2437,0,0,0,20,evil_twin,evil_twin
1683996848,3106,295,1,2,1,0,2,44,0,273,2,8,65,2211801060,2,0,0,0,274,0,216,41,0,1,1,0,48,6,2437,0,0,0,20,evil_twin,evil_twin
1683996848,3114,297,1,2,1,0,2,44,0,274,2,8,65,3516865500,2,0,0,0,275,0,218,41,0,1,1,0,48,6,2437,0,0,0,20,evil_twin,evil_twin
1683996848,3133,297,1,2,1,0,2,44,0,275,2,8,65,4203597943,2,0,0,0,276,0,218,41,0,1,1,0,48,6,2437,0,0,0,20,evil_twin,evil_twin
1683996848,3135,297,1,2,1,0,2,44,0,275,2,8,73,4023232164,2,0,0,0,276,0,218,41,0,1,1,0,48,6,2437,0,0,0,20,evil_twin,evil_twin
1683996848,3145,299,1,2,1,0,2,44,0,276,2,8,65,3154910727,2,0,0,0,277,0,220,41,0,1,1,0,54,6,2437,0,0,0,20,evil_twin,evil_twin
1683996849,3155,300,1,2,1,0,2,44,0,277,2,8,65,247741888,2,0,0,0,278,0,221,41,0,1,1,0,54,6,2437,0,0,0,20,evil_twin,evil_twin
1683996849,3163,297,1,2,1,0,2,44,0,278,2,8,65,2516209607,2,0,0,0,279,0,218,41,0,1,1,0,54,6,2437,0,0,0,20,evil_twin,evil_twin
1683996849,3165,297,1,2,1,0,2,44,0,278,2,8,73,2159687956,2,0,0,0,279,0,218,41,0,1,1,0,54,6,2437,0,0,0,20,evil_twin,evil_twin
1683996849,3175,296,1,2,1,0,2,44,0,279,2,8,65,994385393,2,0,0,0,280,0,217,41,0,1,1,0,54,6,2437,0,0,0,20,evil_twin,evil_twin
1683996849,3180,125,1,2,1,0,2,44,0,280,2,8,65,28930648,2,0,0,0,281,0,46,41,0,1,1,0,54,6,2437,0,0,0,20,evil_twin,evil_twin
1683996849,3183,298,1,2,1,0,2,44,0,281,2,8,65,3608616703,2,0,0,0,282,0,219,41,0,1,1,0,54,6,2437,0,0,0,20,evil_twin,evil_twin
1683996849,3190,297,1,2,1,0,2,44,0,282,2,8,65,3726992786,2,0,0,0,283,0,218,41,0,1,1,0,54,6,2437,0,0,0,20,evil_twin,evil_twin
1683996849,3198,296,1,2,1,0,2,44,0,283,2,8,65,719713261,2,0,0,0,284,0,217,41,0,1,1,0,54,6,2437,0,0,0,20,evil_twin,evil_twin
1683996849,3214,141,2,1,0,1,2,44,0,13,2,8,66,1740452050,2,0,0,0,16,0,62,41,0,1,1,0,54,6,2437,0,0,0,20,evil_twin,evil_twin
1683996849,3223,298,1,2,1,0,2,44,0,284,2,8,65,1738590238,2,0,0,0,285,0,219,41,0,1,1,0,54,6,2437,0,0,0,20,evil_twin,evil_twin
1683996849,3240,297,1,2,1,0,2,44,0,285,2,8,65,1711062146,2,0,0,0,286,0,218,41,0,1,1,0,54,6,2437,0,0,0,20,evil_twin,evil_twin
1683996849,3278,297,1,2,1,0,2,44,0,286,2,8,65,2410124864,2,0,0,0,287,0,218,41,0,1,1,0,54,6,2437,0,0,0,20,evil_twin,evil_twin
1683996849,3312,298,1,2,1,0,2,44,0,287,2,8,65,3151916107,2,0,0,0,288,0,219,41,0,1,1,0,54,6,2437,0,0,0,20,evil_twin,evil_twin
1683996850,3332,297,1,2,1,0,2,44,0,288,2,8,65,4068764103,2,0,0,0,289,0,218,41,0,1,1,0,54,6,2437,0,0,0,20,evil_twin,evil_twin
1683996850,3379,296,1,2,1,0,2,44,0,291,2,8,65,385547937,2,0,0,0,292,0,217,41,0,1,1,0,54,6,2437,0,0,0,20,evil_twin,evil_twin
1683996850,3396,296,1,2,1,0,2,44,0,292,2,8,65,1514440839,2,0,0,0,293,0,217,41,0,1,1,0,54,6,2437,0,0,0,20,evil_twin,evil_twin
1683996850,3405,296,1,2,1,0,2,44,0,293,2,8,73,3626530033,2,0,0,0,294,0,217,41,0,1,1,0,54,6,2437,0,0,0,20,evil_twin,evil_twin
1683996850,3415,294,1,2,1,0,2,44,0,294,2,8,65,403516658,2,0,0,0,295,0,215,41,0,1,1,0,54,6,2437,0,0,0,20,evil_twin,evil_twin
1683996850,3431,296,1,2,1,0,2,44,0,295,2,8,65,1983924100,2,0,0,0,296,0,217,41,0,1,1,0,54,6,2437,0,0,0,20,evil_twin,evil_twin
1683996850,3441,295,1,2,1,0,2,44,0,296,2,8,65,2455055358,2,0,0,0,297,0,216,41,0,1,1,0,54,6,2437,0,0,0,20,evil_twin,evil_twin
1683996850,3454,296,1,2,1,0,2,44,0,297,2,8,65,4068333546,2,0,0,0,298,0,217,41,0,1,1,0,54,6,2437,0,0,0,20,evil_twin,evil_twin
1683996851,3470,297,1,2,1,0,2,44,0,298,2,8,65,1181549806,2,0,0,0,299,0,218,41,0,1,1,0,54,6,2437,0,0,0,20,evil_twin,evil_twin
1683996851,3481,296,1,2,1,0,2,44,0,299,2,8,65,2915737511,2,0,0,0,300,0,217,41,0,1,1,0,54,6,2437,0,0,0,20,evil_twin,evil_twin
1683996851,3497,297,1,2,1,0,2,44,0,300,2,8,65,3826352129,2,0,0,0,301,0,218,41,0,1,1,0,54,6,2437,0,0,0,20,evil_twin,evil_twin
1683996851,3511,297,1,2,1,0,2,44,0,301,2,8,65,4002257195,2,0,0,0,302,0,218,41,0,1,1,0,54,6,2437,0,0,0,20,evil_twin,evil_twin
1683996851,3529,295,1,2,1,0,2,44,0,302,2,8,65,3390390730,2,0,0,0,303,0,216,41,0,1,1,0,54,6,2437,0,0,0,20,evil_twin,evil_twin
1683996851,3541,295,1,2,1,0,2,44,0,303,2,8,65,3040339460,2,0,0,0,304,0,216,41,0,1,1,0,54,6,2437,0,0,0,20,evil_twin,evil_twin
1683996851,3554,296,1,2,1,0,2,44,0,304,2,8,65,3986004574,2,0,0,0,305,0,217,41,0,1,1,0,54,6,2437,0,0,0,20,evil_twin,evil_twin
1683996851,3562,125,1,2,1,0,2,44,0,305,2,8,65,3218895730,2,0,0,0,306,0,46,41,0,1,1,0,54,6,2437,0,0,0,20,evil_twin,evil_twin
1683996851,3575,141,2,1,0,1,2,44,0,14,2,8,66,1687361338,2,0,0,0,17,0,62,41,0,1,1,0,54,6,2437,0,0,0,20,evil_twin,evil_twin
1683996851,3578,296,1,2,1,0,2,44,0,306,2,8,65,3233251444,2,0,0,0,307,0,217,41,0,1,1,0,54,6,2437,0,0,0,20,evil_twin,evil_twin
1683996851,3594,296,1,2,1,0,2,44,0,307,2,8,65,3303441808,2,0,0,0,308,0,217,41,0,1,1,0,54,6,2437,0,0,0,20,evil_twin,evil_twin
1683996851,3607,297,1,2,1,0,2,44,0,308,2,8,65,1849705338,2,0,0,0,309,0,218,41,0,1,1,0,54,6,2437,0,0,0,20,evil_twin,evil_twin
1683996852,3621,294,1,2,1,0,2,44,0,309,2,8,65,18085281,2,0,0,0,310,0,215,41,0,1,1,0,54,6,2437,0,0,0,20,evil_twin,evil_twin
1683996852,3629,141,2,1,0,1,2,44,0,15,2,8,66,3864424095,2,0,0,0,18,0,62,41,0,1,1,0,54,6,2437,0,0,0,20,evil_twin,evil_twin
1683996852,3637,297,1,2,1,0,2,44,0,310,2,8,65,422322671,2,0,0,0,311,0,218,41,0,1,1,0,54,6,2437,0,0,0,20,evil_twin,evil_twin
1683996852,3652,297,1,2,1,0,2,44,0,311,2,8,65,3603532764,2,0,0,0,312,0,218,41,0,1,1,0,54,6,2437,0,0,0,20,evil_twin,evil_twin
1683996852,3669,298,1,2,1,0,2,44,0,312,2,8,65,664621287,2,0,0,0,313,0,219,41,0,1,1,0,54,6,2437,0,0,0,20,evil_twin,evil_twin
1683996852,3682,298,1,2,1,0,2,44,0,313,2,8,65,1572730904,2,0,0,0,314,0,219,41,0,1,1,0,54,6,2437,0,0,0,20,evil_twin,evil_twin
1683996852,3685,298,1,2,1,0,2,44,0,313,2,8,73,1114782464,2,0,0,0,314,0,219,41,0,1,1,0,54,6,2437,0,0,0,20,evil_twin,evil_twin
1683996852,3688,298,1,2,1,0,2,44,0,313,2,8,73,1114782464,2,0,0,0,314,0,219,41,0,1,1,0,48,6,2437,0,0,0,20,evil_twin,evil_twin
1683996852,3691,298,1,2,1,0,2,44,0,313,2,8,73,1114782464,2,0,0,0,314,0,219,41,0,1,1,0,48,6,2437,0,0,0,20,evil_twin,evil_twin
1683996852,3704,297,1,2,1,0,2,44,0,314,2,8,65,3436135398,2,0,0,0,315,0,218,41,0,1,1,0,54,6,2437,0,0,0,20,evil_twin,evil_twin
1683996852,3729,297,1,2,1,0,2,44,0,315,2,8,65,2780906503,2,0,0,0,316,0,218,41,0,1,1,0,54,6,2437,0,0,0,20,evil_twin,evil_twin
1683996852,3737,298,1,2,1,0,2,44,0,316,2,8,65,1996546975,2,0,0,0,317,0,219,41,0,1,1,0,54,6,2437,0,0,0,20,evil_twin,evil_twin
1683996852,3739,298,1,2,1,0,2,44,0,316,2,8,73,1758404743,2,0,0,0,317,0,219,41,0,1,1,0,54,6,2437,0,0,0,20,evil_twin,evil_twin
1683996852,3763,296,1,2,1,0,2,44,0,317,2,8,65,4125281633,2,0,0,0,318,0,217,41,0,1,1,0,54,6,2437,0,0,0,20,evil_twin,evil_twin
1683996852,3765,296,1,2,1,0,2,44,0,317,2,8,73,1874417468,2,0,0,0,318,0,217,41,0,1,1,0,54,6,2437,0,0,0,20,evil_twin,evil_twin
1683996852,3789,296,1,2,1,0,2,44,0,318,2,8,65,3955904977,2,0,0,0,319,0,217,41,0,1,1,0,54,6,2437,0,0,0,20,evil_twin,evil_twin
1683996853,3816,297,1,2,1,0,2,44,0,319,2,8,65,3865267539,2,0,0,0,320,0,218,41,0,1,1,0,54,6,2437,0,0,0,20,evil_twin,evil_twin
1683996853,3840,296,1,2,1,0,2,44,0,320,2,8,65,2388114131,2,0,0,0,321,0,217,41,0,1,1,0,54,6,2437,0,0,0,20,evil_twin,evil_twin
1683996853,3856,296,1,2,1,0,2,44,0,321,2,8,65,2443067326,2,0,0,0,322,0,217,41,0,1,1,0,54,6,2437,0,0,0,20,evil_twin,evil_twin
1683996853,3859,296,1,2,1,0,2,44,0,321,2,8,73,197502435,2,0,0,0,322,0,217,41,0,1,1,0,54,6,2437,0,0,0,20,evil_twin,evil_twin
1683996853,3862,296,1,2,1,0,2,44,0,321,2,8,73,197502435,2,0,0,0,322,0,217,41,0,1,1,0,48,6,2437,0,0,0,20,evil_twin,evil_twin
1683996853,3865,296,1,2,1,0,2,44,0,321,2,8,73,197502435,2,0,0,0,322,0,217,41,0,1,1,0,48,6,2437,0,0,0,20,evil_twin,evil_twin
1683996853,3868,296,1,2,1,0,2,44,0,321,2,8,73,197502435,2,0,0,0,322,0,217,41,0,1,1,0,36,6,2437,0,0,0,20,evil_twin,evil_twin
1683996853,3871,296,1,2,1,0,2,44,0,321,2,8,73,197502435,2,0,0,0,322,0,217,41,0,1,1,0,36,6,2437,0,0,0,20,evil_twin,evil_twin
1683996853,3874,296,1,2,1,0,2,320,0,321,2,8,73,4090678649,2,0,0,0,322,0,217,41,0,1,0,1,1,6,2437,0,0,0,192,evil_twin,evil_twin
1683996853,3890,298,1,2,1,0,2,44,0,322,2,8,65,2527316734,2,0,0,0,323,0,219,41,0,1,1,0,54,6,2437,0,0,0,20,evil_twin,evil_twin
1683996853,3893,298,1,2,1,0,2,44,0,322,2,8,73,2305559014,2,0,0,0,323,0,219,41,0,1,1,0,54,6,2437,0,0,0,20,evil_twin,evil_twin
1683996853,3896,298,1,2,1,0,2,44,0,322,2,8,73,2305559014,2,0,0,0,323,0,219,41,0,1,1,0,48,6,2437,0,0,0,20,evil_twin,evil_twin
1683996853,3899,298,1,2,1,0,2,44,0,322,2,8,73,2305559014,2,0,0,0,323,0,219,41,0,1,1,0,48,6,2437,0,0,0,20,evil_twin,evil_twin
1683996853,3902,298,1,2,1,0,2,44,0,322,2,8,73,2305559014,2,0,0,0,323,0,219,41,0,1,1,0,36,6,2437,0,0,0,20,evil_twin,evil_twin
1683996853,3905,298,1,2,1,0,2,44,0,322,2,8,73,2305559014,2,0,0,0,323,0,219,41,0,1,1,0,36,6,2437,0,0,0,20,evil_twin,evil_twin
1683996853,3908,298,1,2,1,0,2,320,0,322,2,8,73,1101756939,2,0,0,0,323,0,219,41,0,1,0,1,1,6,2437,0,0,0,192,evil_twin,evil_twin
1683996853,3921,298,1,2,1,0,2,44,0,323,2,8,65,3146842703,2,0,0,0,324,0,219,41,0,1,1,0,54,6,2437,0,0,0,20,evil_twin,evil_twin
1683996853,3936,125,1,2,1,0,2,44,0,324,2,8,65,1211303847,2,0,0,0,325,0,46,41,0,1,1,0,54,6,2437,0,0,0,20,evil_twin,evil_twin
1683996853,3939,296,1,2,1,0,2,44,0,325,2,8,65,3920501973,2,0,0,0,326,0,217,41,0,1,1,0,54,6,2437,0,0,0,20,evil_twin,evil_twin
1683996853,3944,141,2,1,0,1,2,44,0,16,2,8,66,234790709,2,0,0,0,19,0,62,41,0,1,1,0,54,6,2437,0,0,0,20,evil_twin,evil_twin
1683996853,3958,295,1,2,1,0,2,44,0,326,2,8,65,1020076053,2,0,0,0,327,0,216,41,0,1,1,0,54,6,2437,0,0,0,20,evil_twin,evil_twin
1683996853,3969,295,1,2,1,0,2,44,0,327,2,8,65,1403596052,2,0,0,0,328,0,216,41,0,1,1,0,54,6,2437,0,0,0,20,evil_twin,evil_twin
1683996853,3994,297,1,2,1,0,2,44,0,328,2,8,65,899770798,2,0,0,0,329,0,218,41,0,1,1,0,54,6,2437,0,0,0,20,evil_twin,evil_twin
1683996853,4004,298,1,2,1,0,2,44,0,329,2,8,65,4267326972,2,0,0,0,330,0,219,41,0,1,1,0,54,6,2437,0,0,0,20,evil_twin,evil_twin
1683996853,4007,298,1,2,1,0,2,44,0,329,2,8,73,3784703716,2,0,0,0,330,0,219,41,0,1,1,0,54,6,2437,0,0,0,20,evil_twin,evil_twin
1683996854,4020,297,1,2,1,0,2,44,0,330,2,8,65,1410551227,2,0,0,0,331,0,218,41,0,1,1,0,48,6,2437,0,0,0,20,evil_twin,evil_twin
1683996854,4023,297,1,2,1,0,2,44,0,330,2,8,73,1095973736,2,0,0,0,331,0,218,41,0,1,1,0,48,6,2437,0,0,0,20,evil_twin,evil_twin
1683996854,4026,297,1,2,1,0,2,44,0,330,2,8,73,1095973736,2,0,0,0,331,0,218,41,0,1,1,0,36,6,2437,0,0,0,20,evil_twin,evil_twin
1683996854,4029,297,1,2,1,0,2,44,0,330,2,8,73,1095973736,2,0,0,0,331,0,218,41,0,1,1,0,36,6,2437,0,0,0,20,evil_twin,evil_twin
1683996854,4032,297,1,2,1,0,2,44,0,330,2,8,73,1095973736,2,0,0,0,331,0,218,41,0,1,1,0,24,6,2437,0,0,0,20,evil_twin,evil_twin
1683996854,4035,297,1,2,1,0,2,44,0,330,2,8,73,1095973736,2,0,0,0,331,0,218,41,0,1,1,0,24,6,2437,0,0,0,20,evil_twin,evil_twin
1683996854,4038,297,1,2,1,0,2,320,0,330,2,8,73,1366382170,2,0,0,0,331,0,218,41,0,1,0,1,1,6,2437,0,0,0,192,evil_twin,evil_twin
1683996854,4059,297,1,2,1,0,2,44,0,331,2,8,65,4089884299,2,0,0,0,332,0,218,41,0,1,1,0,48,6,2437,0,0,0,20,evil_twin,evil_twin
1683996854,4075,294,1,2,1,0,2,44,0,332,2,8,65,3194974,2,0,0,0,333,0,215,41,0,1,1,0,48,6,2437,0,0,0,20,evil_twin,evil_twin
1683996854,4087,297,1,2,1,0,2,44,0,333,2,8,65,3968363562,2,0,0,0,334,0,218,41,0,1,1,0,48,6,2437,0,0,0,20,evil_twin,evil_twin
1683996854,4103,295,1,2,1,0,2,44,0,334,2,8,65,1061190667,2,0,0,0,335,0,216,41,0,1,1,0,48,6,2437,0,0,0,20,evil_twin,evil_twin
1683996854,4118,294,1,2,1,0,2,44,0,335,2,8,65,1826344687,2,0,0,0,336,0,215,41,0,1,1,0,48,6,2437,0,0,0,20,evil_twin,evil_twin
1683996854,4120,294,1,2,1,0,2,44,0,335,2,8,73,1275020387,2,0,0,0,336,0,215,41,0,1,1,0,48,6,2437,0,0,0,20,evil_twin,evil_twin
1683996854,4122,294,1,2,1,0,2,44,0,335,2,8,73,1275020387,2,0,0,0,336,0,215,41,0,1,1,0,36,6,2437,0,0,0,20,evil_twin,evil_twin
1683996854,4150,294,1,2,1,0,2,44,0,336,2,8,65,2299104140,2,0,0,0,337,0,215,41,0,1,1,0,48,6,2437,0,0,0,20,evil_twin,evil_twin
1683996854,4172,296,1,2,1,0,2,44,0,337,2,8,65,669965411,2,0,0,0,338,0,217,41,0,1,1,0,48,6,2437,0,0,0,20,evil_twin,evil_twin
1683996854,4186,296,1,2,1,0,2,44,0,338,2,8,65,1892730374,2,0,0,0,339,0,217,41,0,1,1,0,48,6,2437,0,0,0,20,evil_twin,evil_twin
1683996854,4206,296,1,2,1,0,2,44,0,339,2,8,65,2596813429,2,0,0,0,340,0,217,41,0,1,1,0,48,6,2437,0,0,0,20,evil_twin,evil_twin
1683996855,4221,295,1,2,1,0,2,44,0,340,2,8,65,2069358713,2,0,0,0,341,0,216,41,0,1,1,0,48,6,2437,0,0,0,20,evil_twin,evil_twin
1683996855,4234,297,1,2,1,0,2,44,0,341,2,8,65,1443369928,2,0,0,0,342,0,218,41,0,1,1,0,48,6,2437,0,0,0,20,evil_twin,evil_twin
1683996855,4255,297,1,2,1,0,2,44,0,342,2,8,65,4038727203,2,0,0,0,343,0,218,41,0,1,1,0,48,6,2437,0,0,0,20,evil_twin,evil_twin
1683996855,4276,298,1,2,1,0,2,44,0,343,2,8,65,1958937823,2,0,0,0,344,0,219,41,0,1,1,0,48,6,2437,0,0,0,20,evil_twin,evil_twin
1683996855,4299,297,1,2,1,0,2,44,0,344,2,8,65,2078853551,2,0,0,0,345,0,218,41,0,1,1,0,48,6,2437,0,0,0,20,evil_twin,evil_twin
1683996855,4312,125,1,2,1,0,2,44,0,345,2,8,65,529765611,2,0,0,0,346,0,46,41,0,1,1,0,48,6,2437,0,0,0,20,evil_twin,evil_twin
1683996855,4320,296,1,2,1,0,2,44,0,346,2,8,65,988541695,2,0,0,0,347,0,217,41,0,1,1,0,48,6,2437,0,0,0,20,evil_twin,evil_twin
1683996855,4327,141,2,1,0,1,2,44,0,17,2,8,66,1926336716,2,0,0,0,20,0,62,41,0,1,1,0,54,6,2437,0,0,0,20,evil_twin,evil_twin
1683996855,4341,297,1,2,1,0,2,44,0,347,2,8,65,686165215,2,0,0,0,348,0,218,41,0,1,1,0,48,6,2437,0,0,0,20,evil_twin,evil_twin
1683996855,4355,296,1,2,1,0,2,44,0,348,2,8,65,1976994108,2,0,0,0,349,0,217,41,0,1,1,0,48,6,2437,0,0,0,20,evil_twin,evil_twin
1683996855,4372,295,1,2,1,0,2,44,0,349,2,8,65,919996520,2,0,0,0,350,0,216,41,0,1,1,0,48,6,2437,0,0,0,20,evil_twin,evil_twin
1683996856,4388,301,1,2,1,0,2,44,0,350,2,8,65,2555738870,2,0,0,0,351,0,222,41,0,1,1,0,48,6,2437,0,0,0,20,evil_twin,evil_twin
1683996856,4398,301,1,2,1,0,2,44,0,351,2,8,65,560600550,2,0,0,0,352,0,222,41,0,1,1,0,48,6,2437,0,0,0,20,evil_twin,evil_twin
1683996856,4414,300,1,2,1,0,2,44,0,352,2,8,65,1487922430,2,0,0,0,353,0,221,41,0,1,1,0,48,6,2437,0,0,0,20,evil_twin,evil_twin
1683996856,4433,298,1,2,1,0,2,44,0,353,2,8,65,3046909549,2,0,0,0,354,0,219,41,0,1,1,0,48,6,2437,0,0,0,20,evil_twin,evil_twin
1683996856,4465,299,1,2,1,0,2,44,0,354,2,8,65,3007588526,2,0,0,0,355,0,220,41,0,1,1,0,48,6,2437,0,0,0,20,evil_twin,evil_twin
1683996856,4476,298,1,2,1,0,2,44,0,355,2,8,65,2654165633,2,0,0,0,356,0,219,41,0,1,1,0,48,6,2437,0,0,0,20,evil_twin,evil_twin
1683996856,4498,300,1,2,1,0,2,44,0,356,2,8,65,1593315240,2,0,0,0,357,0,221,41,0,1,1,0,48,6,2437,0,0,0,20,evil_twin,evil_twin
1683996856,4515,300,1,2,1,0,2,44,0,357,2,8,65,3653988889,2,0,0,0,358,0,221,41,0,1,1,0,48,6,2437,0,0,0,20,evil_twin,evil_twin
1683996856,4528,300,1,2,1,0,2,44,0,358,2,8,65,4006397820,2,0,0,0,359,0,221,41,0,1,1,0,48,6,2437,0,0,0,20,evil_twin,evil_twin
1683996856,4542,300,1,2,1,0,2,44,0,359,2,8,65,3534922891,2,0,0,0,360,0,221,41,0,1,1,0,48,6,2437,0,0,0,20,evil_twin,evil_twin
1683996857,4564,300,1,2,1,0,2,44,0,361,2,8,65,2613265696,2,0,0,0,362,0,221,41,0,1,1,0,48,6,2437,0,0,0,20,evil_twin,evil_twin
1683996857,4576,300,1,2,1,0,2,44,0,362,2,8,65,640477843,2,0,0,0,363,0,221,41,0,1,1,0,48,6,2437,0,0,0,20,evil_twin,evil_twin
1683996857,4592,300,1,2,1,0,2,44,0,363,2,8,65,3424109116,2,0,0,0,364,0,221,41,0,1,1,0,48,6,2437,0,0,0,20,evil_twin,evil_twin
1683996857,4609,300,1,2,1,0,2,44,0,364,2,8,65,1464075298,2,0,0,0,365,0,221,41,0,1,1,0,48,6,2437,0,0,0,20,evil_twin,evil_twin
1683996857,4634,298,1,2,1,0,2,44,0,365,2,8,65,2495802282,2,0,0,0,366,0,219,41,0,1,1,0,48,6,2437,0,0,0,20,evil_twin,evil_twin
1683996857,4636,298,1,2,1,0,2,44,0,365,2,8,73,2332895410,2,0,0,0,366,0,219,41,0,1,1,0,48,6,2437,0,0,0,20,evil_twin,evil_twin
1683996857,4651,297,1,2,1,0,2,44,0,366,2,8,65,1744324367,2,0,0,0,367,0,218,41,0,1,1,0,48,6,2437,0,0,0,20,evil_twin,evil_twin
1683996857,4660,125,1,2,1,0,2,44,0,367,2,8,65,422900567,2,0,0,0,368,0,46,41,0,1,1,0,54,6,2437,0,0,0,20,evil_twin,evil_twin
1683996857,4662,125,1,2,1,0,2,44,0,367,2,8,73,728515356,2,0,0,0,368,0,46,41,0,1,1,0,54,6,2437,0,0,0,20,evil_twin,evil_twin
1683996857,4664,125,1,2,1,0,2,44,0,367,2,8,73,728515356,2,0,0,0,368,0,46,41,0,1,1,0,48,6,2437,0,0,0,20,evil_twin,evil_twin
1683996857,4666,125,1,2,1,0,2,44,0,367,2,8,73,728515356,2,0,0,0,368,0,46,41,0,1,1,0,48,6,2437,0,0,0,20,evil_twin,evil_twin
1683996857,4668,125,1,2,1,0,2,44,0,367,2,8,73,728515356,2,0,0,0,368,0,46,41,0,1,1,0,36,6,2437,0,0,0,20,evil_twin,evil_twin
1683996857,4685,296,1,2,1,0,2,44,0,368,2,8,65,370699420,2,0,0,0,369,0,217,41,0,1,1,0,54,6,2437,0,0,0,20,evil_twin,evil_twin
1683996857,4690,296,1,2,1,0,2,44,0,368,2,8,73,2353264321,2,0,0,0,369,0,217,41,0,1,1,0,54,6,2437,0,0,0,20,evil_twin,evil_twin
1683996857,4711,294,1,2,1,0,2,44,0,369,2,8,65,4057084824,2,0,0,0,370,0,215,41,0,1,1,0,54,6,2437,0,0,0,20,evil_twin,evil_twin
1683996857,4745,296,1,2,1,0,2,44,0,370,2,8,65,3882657881,2,0,0,0,371,0,217,41,0,1,1,0,54,6,2437,0,0,0,20,evil_twin,evil_twin
1683996857,4749,296,1,2,1,0,2,44,0,370,2,8,73,2100769284,2,0,0,0,371,0,217,41,0,1,1,0,54,6,2437,0,0,0,20,evil_twin,evil_twin
1683996858,4768,295,1,2,1,0,2,44,0,371,2,8,65,840377257,2,0,0,0,372,0,216,41,0,1,1,0,54,6,2437,0,0,0,20,evil_twin,evil_twin
1683996858,4770,295,1,2,1,0,2,44,0,371,2,8,73,3594438696,2,0,0,0,372,0,216,41,0,1,1,0,54,6,2437,0,0,0,20,evil_twin,evil_twin
1683996858,4780,296,1,2,1,0,2,44,0,372,2,8,65,3782760559,2,0,0,0,373,0,217,41,0,1,1,0,54,6,2437,0,0,0,20,evil_twin,evil_twin
1683996858,4797,297,1,2,1,0,2,44,0,373,2,8,65,2301112876,2,0,0,0,374,0,218,41,0,1,1,0,54,6,2437,0,0,0,20,evil_twin,evil_twin
1683996858,4801,297,1,2,1,0,2,44,0,373,2,8,73,2624079103,2,0,0,0,374,0,218,41,0,1,1,0,54,6,2437,0,0,0,20,evil_twin,evil_twin
1683996858,4804,297,1,2,1,0,2,44,0,373,2,8,73,2624079103,2,0,0,0,374,0,218,41,0,1,1,0,48,6,2437,0,0,0,20,evil_twin,evil_twin
1683996858,4814,296,1,2,1,0,2,44,0,374,2,8,65,696274175,2,0,0,0,375,0,217,41,0,1,1,0,54,6,2437,0,0,0,20,evil_twin,evil_twin
1683996858,4833,294,1,2,1,0,2,44,0,375,2,8,65,1077673586,2,0,0,0,376,0,215,41,0,1,1,0,54,6,2437,0,0,0,20,evil_twin,evil_twin
1683996858,4850,296,1,2,1,0,2,44,0,376,2,8,65,3393607415,2,0,0,0,377,0,217,41,0,1,1,0,54,6,2437,0,0,0,20,evil_twin,evil_twin
1683996858,4863,294,1,2,1,0,2,44,0,377,2,8,65,2214048179,2,0,0,0,378,0,215,41,0,1,1,0,54,6,2437,0,0,0,20,evil_twin,evil_twin
1683996858,4866,294,1,2,1,0,2,44,0,377,2,8,73,2765306687,2,0,0,0,378,0,215,41,0,1,1,0,54,6,2437,0,0,0,20,evil_twin,evil_twin
1683996858,4883,296,1,2,1,0,2,44,0,378,2,8,65,738753761,2,0,0,0,379,0,217,41,0,1,1,0,54,6,2437,0,0,0,20,evil_twin,evil_twin
1683996858,4897,295,1,2,1,0,2,44,0,379,2,8,65,1963477106,2,0,0,0,380,0,216,41,0,1,1,0,54,6,2437,0,0,0,20,evil_twin,evil_twin
1683996858,4916,295,1,2,1,0,2,44,0,380,2,8,65,2553575042,2,0,0,0,381,0,216,41,0,1,1,0,54,6,2437,0,0,0,20,evil_twin,evil_twin
1683996859,4927,297,1,2,1,0,2,44,0,381,2,8,65,2522731499,2,0,0,0,382,0,218,41,0,1,1,0,48,6,2437,0,0,0,20,evil_twin,evil_twin
1683996859,4980,295,1,2,1,0,2,44,0,383,2,8,65,2112575273,2,0,0,0,384,0,216,41,0,1,1,0,48,6,2437,0,0,0,20,evil_twin,evil_twin
1683996859,5005,296,1,2,1,0,2,44,0,384,2,8,65,2475264923,2,0,0,0,385,0,217,41,0,1,1,0,48,6,2437,0,0,0,20,evil_twin,evil_twin
1683996859,5038,297,1,2,1,0,2,44,0,385,2,8,65,56191871,2,0,0,0,386,0,218,41,0,1,1,0,48,6,2437,0,0,0,20,evil_twin,evil_twin
1683996859,5052,295,1,2,1,0,2,44,0,386,2,8,65,3974518696,2,0,0,0,387,0,216,41,0,1,1,0,48,6,2437,0,0,0,20,evil_twin,evil_twin
1683996859,5069,295,1,2,1,0,2,44,0,387,2,8,65,4262397652,2,0,0,0,388,0,216,41,0,1,1,0,48,6,2437,0,0,0,20,evil_twin,evil_twin
1683996859,5081,125,1,2,1,0,2,44,0,388,2,8,65,2931061494,2,0,0,0,389,0,46,41,0,1,1,0,48,6,2437,0,0,0,20,evil_twin,evil_twin
1683996859,5094,297,1,2,1,0,2,44,0,389,2,8,65,1038178329,2,0,0,0,390,0,218,41,0,1,1,0,48,6,2437,0,0,0,20,evil_twin,evil_twin
1683996859,5106,297,1,2,1,0,2,44,0,390,2,8,65,2298660161,2,0,0,0,391,0,218,41,0,1,1,0,48,6,2437,0,0,0,20,evil_twin,evil_twin
1683996859,5119,294,1,2,1,0,2,44,0,391,2,8,65,2196341454,2,0,0,0,392,0,215,41,0,1,1,0,48,6,2437,0,0,0,20,evil_twin,evil_twin
1683996859,5141,294,1,2,1,0,2,44,0,392,2,8,65,3559727224,2,0,0,0,393,0,215,41,0,1,1,0,48,6,2437,0,0,0,20,evil_twin,evil_twin
1683996860,5155,294,1,2,1,0,2,44,0,393,2,8,65,3502851493,2,0,0,0,394,0,215,41,0,1,1,0,48,6,2437,0,0,0,20,evil_twin,evil_twin
1683996860,5166,295,1,2,1,0,2,44,0,394,2,8,65,50745077,2,0,0,0,395,0,216,41,0,1,1,0,48,6,2437,0,0,0,20,evil_twin,evil_twin
1683996860,5179,294,1,2,1,0,2,44,0,395,2,8,65,3377320350,2,0,0,0,396,0,215,41,0,1,1,0,48,6,2437,0,0,0,20,evil_twin,evil_twin
1683996860,5202,293,1,2,1,0,2,44,0,396,2,8,65,2235891,2,0,0,0,397,0,214,41,0,1,1,0,48,6,2437,0,0,0,20,evil_twin,evil_twin
1683996860,5215,294,1,2,1,0,2,44,0,397,2,8,65,1585754211,2,0,0,0,398,0,215,41,0,1,1,0,48,6,2437,0,0,0,20,evil_twin,evil_twin
1683996860,5235,292,1,2,1,0,2,44,0,398,2,8,65,761386540,2,0,0,0,399,0,213,41,0,1,1,0,48,6,2437,0,0,0,20,evil_twin,evil_twin
1683996860,5251,294,1,2,1,0,2,44,0,399,2,8,65,3460089088,2,0,0,0,400,0,215,41,0,1,1,0,48,6,2437,0,0,0,20,evil_twin,evil_twin
1683996860,5268,295,1,2,1,0,2,44,0,400,2,8,65,422010955,2,0,0,0,401,0,216,41,0,1,1,0,48,6,2437,0,0,0,20,evil_twin,evil_twin
1683996860,5285,295,1,2,1,0,2,44,0,401,2,8,65,2672220374,2,0,0,0,402,0,216,41,0,1,1,0,54,6,2437,0,0,0,20,evil_twin,evil_twin
1683996861,5300,295,1,2,1,0,2,44,0,402,2,8,65,2862421974,2,0,0,0,403,0,216,41,0,1,1,0,54,6,2437,0,0,0,20,evil_twin,evil_twin
1683996861,5313,296,1,2,1,0,2,44,0,403,2,8,65,2912363578,2,0,0,0,404,0,217,41,0,1,1,0,54,6,2437,0,0,0,20,evil_twin,evil_twin
1683996861,5315,296,1,2,1,0,2,44,0,403,2,8,73,936164967,2,0,0,0,404,0,217,41,0,1,1,0,54,6,2437,0,0,0,20,evil_twin,evil_twin
1683996861,5332,295,1,2,1,0,2,44,0,404,2,8,65,3309614212,2,0,0,0,405,0,216,41,0,1,1,0,54,6,2437,0,0,0,20,evil_twin,evil_twin
1683996861,5334,295,1,2,1,0,2,44,0,404,2,8,73,560815877,2,0,0,0,405,0,216,41,0,1,1,0,54,6,2437,0,0,0,20,evil_twin,evil_twin
1683996861,5350,294,1,2,1,0,2,44,0,405,2,8,65,4250478433,2,0,0,0,406,0,215,41,0,1,1,0,54,6,2437,0,0,0,20,evil_twin,evil_twin
1683996861,5363,297,1,2,1,0,2,44,0,406,2,8,65,2725228450,2,0,0,0,407,0,218,41,0,1,1,0,54,6,2437,0,0,0,20,evil_twin,evil_twin
1683996861,5365,297,1,2,1,0,2,44,0,406,2,8,73,3073366385,2,0,0,0,407,0,218,41,0,1,1,0,54,6,2437,0,0,0,20,evil_twin,evil_twin
1683996861,5380,297,1,2,1,0,2,44,0,407,2,8,65,1047315263,2,0,0,0,408,0,218,41,0,1,1,0,54,6,2437,0,0,0,20,evil_twin,evil_twin
1683996861,5395,297,1,2,1,0,2,44,0,408,2,8,65,1589924012,2,0,0,0,409,0,218,41,0,1,1,0,54,6,2437,0,0,0,20,evil_twin,evil_twin
1683996861,5414,296,1,2,1,0,2,44,0,409,2,8,65,2952152637,2,0,0,0,410,0,217,41,0,1,1,0,54,6,2437,0,0,0,20,evil_twin,evil_twin
1683996861,5416,296,1,2,1,0,2,44,0,409,2,8,73,900586592,2,0,0,0,410,0,217,41,0,1,1,0,54,6,2437,0,0,0,20,evil_twin,evil_twin
1683996861,5430,295,1,2,1,0,2,44,0,410,2,8,65,1049636982,2,0,0,0,411,0,216,41,0,1,1,0,54,6,2437,0,0,0,20,evil_twin,evil_twin
1683996861,5432,295,1,2,1,0,2,44,0,410,2,8,73,3669613559,2,0,0,0,411,0,216,41,0,1,1,0,54,6,2437,0,0,0,20,evil_twin,evil_twin
1683996861,5434,295,1,2,1,0,2,44,0,410,2,8,73,3669613559,2,0,0,0,411,0,216,41,0,1,1,0,48,6,2437,0,0,0,20,evil_twin,evil_twin
1683996861,5436,295,1,2,1,0,2,44,0,410,2,8,73,3669613559,2,0,0,0,411,0,216,41,0,1,1,0,48,6,2437,0,0,0,20,evil_twin,evil_twin
1683996861,5438,295,1,2,1,0,2,44,0,410,2,8,73,3669613559,2,0,0,0,411,0,216,41,0,1,1,0,36,6,2437,0,0,0,20,evil_twin,evil_twin
1683996861,5440,295,1,2,1,0,2,44,0,410,2,8,73,3669613559,2,0,0,0,411,0,216,41,0,1,1,0,36,6,2437,0,0,0,20,evil_twin,evil_twin
1683996861,5442,295,1,2,1,0,2,320,0,410,2,8,73,2944346154,2,0,0,0,411,0,216,41,0,1,0,1,1,6,2437,0,0,0,192,evil_twin,evil_twin
1683996861,5456,295,1,2,1,0,2,44,0,411,2,8,65,4196654611,2,0,0,0,412,0,216,41,0,1,1,0,54,6,2437,0,0,0,20,evil_twin,evil_twin
1683996861,5458,295,1,2,1,0,2,44,0,411,2,8,73,503985554,2,0,0,0,412,0,216,41,0,1,1,0,54,6,2437,0,0,0,20,evil_twin,evil_twin
1683996861,5460,295,1,2,1,0,2,44,0,411,2,8,73,503985554,2,0,0,0,412,0,216,41,0,1,1,0,48,6,2437,0,0,0,20,evil_twin,evil_twin
1683996861,5462,295,1,2,1,0,2,44,0,411,2,8,73,503985554,2,0,0,0,412,0,216,41,0,1,1,0,48,6,2437,0,0,0,20,evil_twin,evil_twin
1683996861,5464,295,1,2,1,0,2,44,0,411,2,8,73,503985554,2,0,0,0,412,0,216,41,0,1,1,0,36,6,2437,0,0,0,20,evil_twin,evil_twin
1683996862,5477,296,1,2,1,0,2,44,0,412,2,8,65,961326277,2,0,0,0,413,0,217,41,0,1,1,0,54,6,2437,0,0,0,20,evil_twin,evil_twin
1683996862,5494,296,1,2,1,0,2,44,0,413,2,8,65,1500932971,2,0,0,0,414,0,217,41,0,1,1,0,54,6,2437,0,0,0,20,evil_twin,evil_twin
1683996862,5512,141,2,1,0,1,2,44,0,20,2,8,66,855037938,2,0,0,0,23,0,62,41,0,1,1,0,54,6,2437,0,0,0,20,evil_twin,evil_twin
1683996862,5524,297,1,2,1,0,2,44,0,416,2,8,65,1418838760,2,0,0,0,417,0,218,41,0,1,1,0,48,6,2437,0,0,0,20,evil_twin,evil_twin
1683996862,5539,298,1,2,1,0,2,44,0,417,2,8,65,2057845493,2,0,0,0,418,0,219,41,0,1,1,0,48,6,2437,0,0,0,20,evil_twin,evil_twin
1683996862,5554,296,1,2,1,0,2,44,0,418,2,8,65,2780910267,2,0,0,0,419,0,217,41,0,1,1,0,48,6,2437,0,0,0,20,evil_twin,evil_twin
1683996862,5570,296,1,2,1,0,2,44,0,419,2,8,65,871969952,2,0,0,0,420,0,217,41,0,1,1,0,48,6,2437,0,0,0,20,evil_twin,evil_twin
1683996862,5589,299,1,2,1,0,2,44,0,420,2,8,65,1376262626,2,0,0,0,421,0,220,41,0,1,1,0,48,6,2437,0,0,0,20,evil_twin,evil_twin
1683996862,5603,300,1,2,1,0,2,44,0,421,2,8,65,2000805294,2,0,0,0,422,0,221,41,0,1,1,0,48,6,2437,0,0,0,20,evil_twin,evil_twin
1683996862,5618,298,1,2,1,0,2,44,0,422,2,8,65,2928235737,2,0,0,0,423,0,219,41,0,1,1,0,48,6,2437,0,0,0,20,evil_twin,evil_twin
1683996863,5632,300,1,2,1,0,2,44,0,423,2,8,65,426703758,2,0,0,0,424,0,221,41,0,1,1,0,48,6,2437,0,0,0,20,evil_twin,evil_twin
1683996863,5636,298,1,2,1,0,2,44,0,424,2,8,65,2420594157,2,0,0,0,425,0,219,41,0,1,1,0,48,6,2437,0,0,0,20,evil_twin,evil_twin
1683996863,5649,299,1,2,1,0,2,44,0,425,2,8,65,1653728636,2,0,0,0,426,0,220,41,0,1,1,0,48,6,2437,0,0,0,20,evil_twin,evil_twin
1683996863,5662,300,1,2,1,0,2,44,0,426,2,8,65,1194283222,2,0,0,0,427,0,221,41,0,1,1,0,48,6,2437,0,0,0,20,evil_twin,evil_twin
1683996863,5680,299,1,2,1,0,2,44,0,427,2,8,65,3650893674,2,0,0,0,428,0,220,41,0,1,1,0,48,6,2437,0,0,0,20,evil_twin,evil_twin
1683996863,5693,299,1,2,1,0,2,44,0,428,2,8,65,148433857,2,0,0,0,429,0,220,41,0,1,1,0,48,6,2437,0,0,0,20,evil_twin,evil_twin
1683996863,5707,297,1,2,1,0,2,44,0,429,2,8,65,3618370678,2,0,0,0,430,0,218,41,0,1,1,0,48,6,2437,0,0,0,20,evil_twin,evil_twin
1683996863,5720,300,1,2,1,0,2,44,0,430,2,8,65,1771888676,2,0,0,0,431,0,221,41,0,1,1,0,48,6,2437,0,0,0,20,evil_twin,evil_twin
1683996863,5735,298,1,2,1,0,2,44,0,431,2,8,65,2386492136,2,0,0,0,432,0,219,41,0,1,1,0,48,6,2437,0,0,0,20,evil_twin,evil_twin
1683996863,5737,298,1,2,1,0,2,44,0,431,2,8,73,2448505328,2,0,0,0,432,0,219,41,0,1,1,0,48,6,2437,0,0,0,20,evil_twin,evil_twin
1683996863,5739,298,1,2,1,0,2,44,0,431,2,8,73,2448505328,2,0,0,0,432,0,219,41,0,1,1,0,36,6,2437,0,0,0,20,evil_twin,evil_twin
1683996863,5752,300,1,2,1,0,2,44,0,432,2,8,65,3194705538,2,0,0,0,433,0,221,41,0,1,1,0,48,6,2437,0,0,0,20,evil_twin,evil_twin
1683996864,5764,299,1,2,1,0,2,44,0,433,2,8,65,3514054415,2,0,0,0,434,0,220,41,0,1,1,0,48,6,2437,0,0,0,20,evil_twin,evil_twin
1683996864,5779,299,1,2,1,0,2,44,0,434,2,8,65,3898402722,2,0,0,0,435,0,220,41,0,1,1,0,54,6,2437,0,0,0,20,evil_twin,evil_twin
1683996864,5787,125,1,2,1,0,2,44,0,435,2,8,65,1965584272,2,0,0,0,436,0,46,41,0,1,1,0,54,6,2437,0,0,0,20,evil_twin,evil_twin
1683996864,5805,296,1,2,1,0,2,44,0,436,2,8,65,1800589978,2,0,0,0,437,0,217,41,0,1,1,0,54,6,2437,0,0,0,20,evil_twin,evil_twin
1683996864,5817,295,1,2,1,0,2,44,0,437,2,8,65,2588574723,2,0,0,0,438,0,216,41,0,1,1,0,54,6,2437,0,0,0,20,evil_twin,evil_twin
1683996864,5831,298,1,2,1,0,2,44,0,438,2,8,65,2956509700,2,0,0,0,439,0,219,41,0,1,1,0,54,6,2437,0,0,0,20,evil_twin,evil_twin
1683996864,5844,298,1,2,1,0,2,44,0,439,2,8,65,3566857367,2,0,0,0,440,0,219,41,0,1,1,0,54,6,2437,0,0,0,20,evil_twin,evil_twin
1683996864,5857,297,1,2,1,0,2,44,0,440,2,8,65,2864750597,2,0,0,0,441,0,218,41,0,1,1,0,54,6,2437,0,0,0,20,evil_twin,evil_twin
1683996864,5886,297,1,2,1,0,2,44,0,442,2,8,65,1431778297,2,0,0,0,443,0,218,41,0,1,1,0,54,6,2437,0,0,0,20,evil_twin,evil_twin
1683996864,5899,297,1,2,1,0,2,44,0,443,2,8,65,3742171787,2,0,0,0,444,0,218,41,0,1,1,0,54,6,2437,0,0,0,20,evil_twin,evil_twin
1683996865,5914,296,1,2,1,0,2,44,0,444,2,8,65,2351837984,2,0,0,0,445,0,217,41,0,1,1,0,54,6,2437,0,0,0,20,evil_twin,evil_twin
1683996865,5928,296,1,2,1,0,2,44,0,445,2,8,65,1102740769,2,0,0,0,446,0,217,41,0,1,1,0,54,6,2437,0,0,0,20,evil_twin,evil_twin
1683996865,5942,297,1,2,1,0,2,44,0,446,2,8,65,550661388,2,0,0,0,447,0,218,41,0,1,1,0,54,6,2437,0,0,0,20,evil_twin,evil_twin
1683996865,5963,297,1,2,1,0,2,44,0,447,2,8,65,2500992749,2,0,0,0,448,0,218,41,0,1,1,0,54,6,2437,0,0,0,20,evil_twin,evil_twin
1683996865,6007,296,1,2,1,0,2,44,0,449,2,8,65,3533710625,2,0,0,0,450,0,217,41,0,1,1,0,54,6,2437,0,0,0,20,evil_twin,evil_twin
1683996865,6023,297,1,2,1,0,2,44,0,450,2,8,65,2921485178,2,0,0,0,451,0,218,41,0,1,1,0,54,6,2437,0,0,0,20,evil_twin,evil_twin
1683996865,6036,297,1,2,1,0,2,44,0,451,2,8,65,631329166,2,0,0,0,452,0,218,41,0,1,1,0,54,6,2437,0,0,0,20,evil_twin,evil_twin
1683996865,6039,297,1,2,1,0,2,44,0,451,2,8,73,820062045,2,0,0,0,452,0,218,41,0,1,1,0,54,6,2437,0,0,0,20,evil_twin,evil_twin
1683996865,6042,297,1,2,1,0,2,44,0,451,2,8,73,820062045,2,0,0,0,452,0,218,41,0,1,1,0,48,6,2437,0,0,0,20,evil_twin,evil_twin
1683996865,6061,298,1,2,1,0,2,44,0,452,2,8,65,2723043716,2,0,0,0,453,0,219,41,0,1,1,0,54,6,2437,0,0,0,20,evil_twin,evil_twin
1683996865,6076,297,1,2,1,0,2,44,0,453,2,8,65,3423118592,2,0,0,0,454,0,218,41,0,1,1,0,54,6,2437,0,0,0,20,evil_twin,evil_twin
1683996866,6090,295,1,2,1,0,2,44,0,454,2,8,65,2464353159,2,0,0,0,455,0,216,41,0,1,1,0,54,6,2437,0,0,0,20,evil_twin,evil_twin
1683996866,6099,125,1,2,1,0,2,44,0,455,2,8,65,724082398,2,0,0,0,456,0,46,41,0,1,1,0,54,6,2437,0,0,0,20,evil_twin,evil_twin
1683996866,6112,296,1,2,1,0,2,44,0,456,2,8,65,1629697426,2,0,0,0,457,0,217,41,0,1,1,0,54,6,2437,0,0,0,20,evil_twin,evil_twin
1683996866,6133,296,1,2,1,0,2,44,0,457,2,8,65,3268012012,2,0,0,0,458,0,217,41,0,1,1,0,54,6,2437,0,0,0,20,evil_twin,evil_twin
1683996866,6136,141,2,1,0,1,2,44,0,22,2,8,66,1511592953,2,0,0,0,25,0,62,41,0,1,1,0,54,6,2437,0,0,0,20,evil_twin,evil_twin
1683996866,6146,295,1,2,1,0,2,44,0,458,2,8,65,2397507166,2,0,0,0,459,0,216,41,0,1,1,0,54,6,2437,0,0,0,20,evil_twin,evil_twin
1683996866,6159,297,1,2,1,0,2,44,0,459,2,8,65,1740279343,2,0,0,0,460,0,218,41,0,1,1,0,54,6,2437,0,0,0,20,evil_twin,evil_twin
1683996866,6171,297,1,2,1,0,2,44,0,460,2,8,65,1470180216,2,0,0,0,461,0,218,41,0,1,1,0,54,6,2437,0,0,0,20,evil_twin,evil_twin
1683996866,6182,298,1,2,1,0,2,44,0,461,2,8,65,1284476811,2,0,0,0,462,0,219,41,0,1,1,0,54,6,2437,0,0,0,20,evil_twin,evil_twin
1683996866,6196,298,1,2,1,0,2,44,0,463,2,8,65,609979062,2,0,0,0,464,0,219,41,0,1,1,0,54,6,2437,0,0,0,20,evil_twin,evil_twin
1683996866,6209,298,1,2,1,0,2,44,0,464,2,8,65,4136657646,2,0,0,0,465,0,219,41,0,1,1,0,54,6,2437,0,0,0,20,evil_twin,evil_twin
1683996867,6219,297,1,2,1,0,2,44,0,465,2,8,65,597732995,2,0,0,0,466,0,218,41,0,1,1,0,54,6,2437,0,0,0,20,evil_twin,evil_twin
1683996867,6229,298,1,2,1,0,2,44,0,466,2,8,65,2621034483,2,0,0,0,467,0,219,41,0,1,1,0,54,6,2437,0,0,0,20,evil_twin,evil_twin
1683996867,6239,298,1,2,1,0,2,44,0,467,2,8,65,234696138,2,0,0,0,468,0,219,41,0,1,1,0,54,6,2437,0,0,0,20,evil_twin,evil_twin
1683996867,6242,141,1,2,1,0,2,44,0,468,2,8,65,1708958297,2,0,0,0,469,0,62,41,0,1,1,0,54,6,2437,0,0,0,20,evil_twin,evil_twin
1683996867,6254,298,1,2,1,0,2,44,0,469,2,8,65,2591554453,2,0,0,0,470,0,219,41,0,1,1,0,54,6,2437,0,0,0,20,evil_twin,evil_twin
1683996867,6262,298,1,2,1,0,2,44,0,470,2,8,65,922275488,2,0,0,0,471,0,219,41,0,1,1,0,54,6,2437,0,0,0,20,evil_twin,evil_twin
1683996867,6272,298,1,2,1,0,2,44,0,471,2,8,65,3034437227,2,0,0,0,472,0,219,41,0,1,1,0,54,6,2437,0,0,0,20,evil_twin,evil_twin
1683996867,6286,298,1,2,1,0,2,44,0,472,2,8,65,3399656640,2,0,0,0,473,0,219,41,0,1,1,0,54,6,2437,0,0,0,20,evil_twin,evil_twin
1683996867,6301,298,1,2,1,0,2,44,0,473,2,8,65,649114401,2,0,0,0,474,0,219,41,0,1,1,0,54,6,2437,0,0,0,20,evil_twin,evil_twin
1683996867,6315,297,1,2,1,0,2,44,0,474,2,8,65,2745242033,2,0,0,0,475,0,218,41,0,1,1,0,54,6,2437,0,0,0,20,evil_twin,evil_twin
1683996867,6318,297,1,2,1,0,2,44,0,474,2,8,73,3068225378,2,0,0,0,475,0,218,41,0,1,1,0,54,6,2437,0,0,0,20,evil_twin,evil_twin
1683996867,6321,297,1,2,1,0,2,44,0,474,2,8,73,3068225378,2,0,0,0,475,0,218,41,0,1,1,0,48,6,2437,0,0,0,20,evil_twin,evil_twin
1683996867,6324,297,1,2,1,0,2,44,0,474,2,8,73,3068225378,2,0,0,0,475,0,218,41,0,1,1,0,48,6,2437,0,0,0,20,evil_twin,evil_twin
1683996867,6341,299,1,2,1,0,2,44,0,475,2,8,65,1508618976,2,0,0,0,476,0,220,41,0,1,1,0,54,6,2437,0,0,0,20,evil_twin,evil_twin
1683996868,6355,298,1,2,1,0,2,44,0,476,2,8,65,336137173,2,0,0,0,477,0,219,41,0,1,1,0,54,6,2437,0,0,0,20,evil_twin,evil_twin
1683996868,6358,125,1,2,1,0,2,44,0,477,2,8,65,1063479870,2,0,0,0,478,0,46,41,0,1,1,0,54,6,2437,0,0,0,20,evil_twin,evil_twin
1683996868,6366,141,2,1,0,1,2,44,0,24,2,8,66,3567244543,2,0,0,0,27,0,62,41,0,1,1,0,54,6,2437,0,0,0,20,evil_twin,evil_twin
1683996868,6378,295,1,2,1,0,2,44,0,478,2,8,65,3223691154,2,0,0,0,479,0,216,41,0,1,1,0,54,6,2437,0,0,0,20,evil_twin,evil_twin
1683996868,6392,295,1,2,1,0,2,44,0,479,2,8,65,1592865927,2,0,0,0,480,0,216,41,0,1,1,0,54,6,2437,0,0,0,20,evil_twin,evil_twin
1683996868,6407,296,1,2,1,0,2,44,0,480,2,8,65,2370498001,2,0,0,0,481,0,217,41,0,1,1,0,54,6,2437,0,0,0,20,evil_twin,evil_twin
1683996868,6424,297,1,2,1,0,2,44,0,481,2,8,65,4015465897,2,0,0,0,482,0,218,41,0,1,1,0,54,6,2437,0,0,0,20,evil_twin,evil_twin
1683996868,6438,298,1,2,1,0,2,44,0,482,2,8,65,4293253098,2,0,0,0,483,0,219,41,0,1,1,0,54,6,2437,0,0,0,20,evil_twin,evil_twin
1683996868,6454,299,1,2,1,0,2,44,0,483,2,8,65,3367528307,2,0,0,0,484,0,220,41,0,1,1,0,54,6,2437,0,0,0,20,evil_twin,evil_twin
1683996868,6466,297,1,2,1,0,2,44,0,484,2,8,65,1998264364,2,0,0,0,485,0,218,41,0,1,1,0,54,6,2437,0,0,0,20,evil_twin,evil_twin
1683996868,6480,298,1,2,1,0,2,44,0,485,2,8,65,77977359,2,0,0,0,486,0,219,41,0,1,1,0,54,6,2437,0,0,0,20,evil_twin,evil_twin
1683996868,6495,297,1,2,1,0,2,44,0,486,2,8,65,1864578813,2,0,0,0,487,0,218,41,0,1,1,0,54,6,2437,0,0,0,20,evil_twin,evil_twin
1683996869,6509,298,1,2,1,0,2,44,0,487,2,8,65,2572680890,2,0,0,0,488,0,219,41,0,1,1,0,54,6,2437,0,0,0,20,evil_twin,evil_twin
1683996869,6520,299,1,2,1,0,2,44,0,488,2,8,65,3671097778,2,0,0,0,489,0,220,41,0,1,1,0,54,6,2437,0,0,0,20,evil_twin,evil_twin
1683996869,6532,298,1,2,1,0,2,44,0,489,2,8,65,4025969308,2,0,0,0,490,0,219,41,0,1,1,0,54,6,2437,0,0,0,20,evil_twin,evil_twin
1683996869,6549,299,1,2,1,0,2,44,0,490,2,8,65,2890806601,2,0,0,0,491,0,220,41,0,1,1,0,54,6,2437,0,0,0,20,evil_twin,evil_twin
1683996869,6564,297,1,2,1,0,2,44,0,491,2,8,65,100439304,2,0,0,0,492,0,218,41,0,1,1,0,54,6,2437,0,0,0,20,evil_twin,evil_twin
1683996869,6579,298,1,2,1,0,2,44,0,492,2,8,65,1606450050,2,0,0,0,493,0,219,41,0,1,1,0,54,6,2437,0,0,0,20,evil_twin,evil_twin
1683996869,6609,300,1,2,1,0,2,44,0,494,2,8,65,2189436666,2,0,0,0,495,0,221,41,0,1,1,0,54,6,2437,0,0,0,20,evil_twin,evil_twin
1683996869,6625,296,1,2,1,0,2,44,0,495,2,8,65,1341072364,2,0,0,0,496,0,217,41,0,1,1,0,54,6,2437,0,0,0,20,evil_twin,evil_twin
1683996869,6639,296,1,2,1,0,2,44,0,496,2,8,65,811528652,2,0,0,0,497,0,217,41,0,1,1,0,54,6,2437,0,0,0,20,evil_twin,evil_twin
1683996869,6642,125,1,2,1,0,2,44,0,497,2,8,65,2857992035,2,0,0,0,498,0,46,41,0,1,1,0,54,6,2437,0,0,0,20,evil_twin,evil_twin
1683996870,6655,297,1,2,1,0,2,44,0,498,2,8,65,946187626,2,0,0,0,499,0,218,41,0,1,1,0,54,6,2437,0,0,0,20,evil_twin,evil_twin
1683996870,6669,295,1,2,1,0,2,44,0,499,2,8,65,2866441902,2,0,0,0,500,0,216,41,0,1,1,0,54,6,2437,0,0,0,20,evil_twin,evil_twin
1683996870,6679,295,1,2,1,0,2,44,0,500,2,8,65,1599822407,2,0,0,0,501,0,216,41,0,1,1,0,54,6,2437,0,0,0,20,evil_twin,evil_twin
1683996870,6711,141,2,1,0,1,2,44,0,25,2,8,66,510535779,2,0,0,0,28,0,62,41,0,1,1,0,54,6,2437,0,0,0,20,evil_twin,evil_twin
1683996870,6719,295,1,2,1,0,2,44,0,502,2,8,65,743783120,2,0,0,0,503,0,216,41,0,1,1,0,54,6,2437,0,0,0,20,evil_twin,evil_twin
1683996870,6731,297,1,2,1,0,2,44,0,503,2,8,65,3274667319,2,0,0,0,504,0,218,41,0,1,1,0,54,6,2437,0,0,0,20,evil_twin,evil_twin
1683996870,6745,295,1,2,1,0,2,44,0,504,2,8,65,957943389,2,0,0,0,505,0,216,41,0,1,1,0,54,6,2437,0,0,0,20,evil_twin,evil_twin
1683996870,6756,295,1,2,1,0,2,44,0,505,2,8,65,3691655095,2,0,0,0,506,0,216,41,0,1,1,0,54,6,2437,0,0,0,20,evil_twin,evil_twin
1683996870,6770,295,1,2,1,0,2,44,0,506,2,8,65,546642941,2,0,0,0,507,0,216,41,0,1,1,0,54,6,2437,0,0,0,20,evil_twin,evil_twin
1683996870,6783,294,1,2,1,0,2,44,0,507,2,8,65,1105833808,2,0,0,0,508,0,215,41,0,1,1,0,54,6,2437,0,0,0,20,evil_twin,evil_twin
1683996871,6796,296,1,2,1,0,2,44,0,508,2,8,65,1442215981,2,0,0,0,509,0,217,41,0,1,1,0,54,6,2437,0,0,0,20,evil_twin,evil_twin
1683996871,6808,295,1,2,1,0,2,44,0,509,2,8,65,1643866558,2,0,0,0,510,0,216,41,0,1,1,0,54,6,2437,0,0,0,20,evil_twin,evil_twin
1683996871,6818,297,1,2,1,0,2,44,0,510,2,8,65,1146006639,2,0,0,0,511,0,218,41,0,1,1,0,54,6,2437,0,0,0,20,evil_twin,evil_twin
1683996871,6829,295,1,2,1,0,2,44,0,511,2,8,65,4026464483,2,0,0,0,512,0,216,41,0,1,1,0,54,6,2437,0,0,0,20,evil_twin,evil_twin
1683996871,6854,295,1,2,1,0,2,44,0,512,2,8,65,1681024571,2,0,0,0,513,0,216,41,0,1,1,0,54,6,2437,0,0,0,20,evil_twin,evil_twin
1683996871,6901,296,1,2,1,0,2,44,0,513,2,8,65,1463635552,2,0,0,0,514,0,217,41,0,1,1,0,54,6,2437,0,0,0,20,evil_twin,evil_twin
1683996871,6951,297,1,2,1,0,2,44,0,514,2,8,65,3046006097,2,0,0,0,515,0,218,41,0,1,1,0,54,6,2437,0,0,0,20,evil_twin,evil_twin
1683996871,7002,298,1,2,1,0,2,44,0,515,2,8,65,1024099372,2,0,0,0,516,0,219,41,0,1,1,0,54,6,2437,0,0,0,20,evil_twin,evil_twin
1683996871,7053,296,1,2,1,0,2,44,0,516,2,8,65,3254244157,2,0,0,0,517,0,217,41,0,1,1,0,54,6,2437,0,0,0,20,evil_twin,evil_twin
1683996871,7111,296,1,2,1,0,2,44,0,517,2,8,65,2156818236,2,0,0,0,518,0,217,41,0,1,1,0,54,6,2437,0,0,0,20,evil_twin,evil_twin
1683996872,7128,298,1,2,1,0,2,44,0,518,2,8,65,3181201724,2,0,0,0,519,0,219,41,0,1,1,0,54,6,2437,0,0,0,20,evil_twin,evil_twin
1683996872,7139,295,1,2,1,0,2,44,0,519,2,8,65,3073425760,2,0,0,0,520,0,216,41,0,1,1,0,54,6,2437,0,0,0,20,evil_twin,evil_twin
1683996872,7162,295,1,2,1,0,2,44,0,520,2,8,65,2184977358,2,0,0,0,521,0,216,41,0,1,1,0,54,6,2437,0,0,0,20,evil_twin,evil_twin
1683996872,7174,296,1,2,1,0,2,44,0,521,2,8,65,1089745404,2,0,0,0,522,0,217,41,0,1,1,0,54,6,2437,0,0,0,20,evil_twin,evil_twin
1683996872,7184,125,1,2,1,0,2,44,0,522,2,8,65,3721852938,2,0,0,0,523,0,46,41,0,1,1,0,54,6,2437,0,0,0,20,evil_twin,evil_twin
1683996872,7198,295,1,2,1,0,2,44,0,523,2,8,65,3310855712,2,0,0,0,524,0,216,41,0,1,1,0,54,6,2437,0,0,0,20,evil_twin,evil_twin
1683996872,7222,296,1,2,1,0,2,44,0,524,2,8,65,3658533685,2,0,0,0,525,0,217,41,0,1,1,0,54,6,2437,0,0,0,20,evil_twin,evil_twin
1683996872,7240,297,1,2,1,0,2,44,0,525,2,8,65,1352122720,2,0,0,0,526,0,218,41,0,1,1,0,54,6,2437,0,0,0,20,evil_twin,evil_twin
1683996872,7248,298,1,2,1,0,2,44,0,526,2,8,65,1006713496,2,0,0,0,527,0,219,41,0,1,1,0,54,6,2437,0,0,0,20,evil_twin,evil_twin
1683996872,7267,298,1,2,1,0,2,44,0,527,2,8,65,2555640498,2,0,0,0,528,0,219,41,0,1,1,0,54,6,2437,0,0,0,20,evil_twin,evil_twin
1683996873,7325,297,1,2,1,0,2,44,0,528,2,8,65,649527926,2,0,0,0,529,0,218,41,0,1,1,0,54,6,2437,0,0,0,20,evil_twin,evil_twin
1683996873,7343,295,1,2,1,0,2,44,0,529,2,8,65,2524880561,2,0,0,0,530,0,216,41,0,1,1,0,54,6,2437,0,0,0,20,evil_twin,evil_twin
1683996873,7382,297,1,2,1,0,2,44,0,530,2,8,65,2863351883,2,0,0,0,531,0,218,41,0,1,1,0,54,6,2437,0,0,0,20,evil_twin,evil_twin
1683996873,7401,296,1,2,1,0,2,44,0,531,2,8,65,750347118,2,0,0,0,532,0,217,41,0,1,1,0,54,6,2437,0,0,0,20,evil_twin,evil_twin
1683996873,7413,296,1,2,1,0,2,44,0,532,2,8,65,4107431529,2,0,0,0,533,0,217,41,0,1,1,0,54,6,2437,0,0,0,20,evil_twin,evil_twin
1683996873,7421,297,1,2,1,0,2,44,0,533,2,8,65,3046203080,2,0,0,0,534,0,218,41,0,1,1,0,54,6,2437,0,0,0,20,evil_twin,evil_twin
1683996873,7432,298,1,2,1,0,2,44,0,534,2,8,65,2237214075,2,0,0,0,535,0,219,41,0,1,1,0,54,6,2437,0,0,0,20,evil_twin,evil_twin
1683996873,7437,296,1,2,1,0,2,44,0,535,2,8,65,4176802962,2,0,0,0,536,0,217,41,0,1,1,0,54,6,2437,0,0,0,20,evil_twin,evil_twin
1683996873,7448,297,1,2,1,0,2,44,0,536,2,8,65,908112791,2,0,0,0,537,0,218,41,0,1,1,0,54,6,2437,0,0,0,20,evil_twin,evil_twin
1683996873,7459,297,1,2,1,0,2,44,0,537,2,8,65,2333497389,2,0,0,0,538,0,218,41,0,1,1,0,54,6,2437,0,0,0,20,evil_twin,evil_twin
1683996873,7474,298,1,2,1,0,2,44,0,538,2,8,65,1213189832,2,0,0,0,539,0,219,41,0,1,1,0,54,6,2437,0,0,0,20,evil_twin,evil_twin
1683996874,7490,298,1,2,1,0,2,44,0,539,2,8,65,3361012633,2,0,0,0,540,0,219,41,0,1,1,0,54,6,2437,0,0,0,20,evil_twin,evil_twin
1683996874,7502,298,1,2,1,0,2,44,0,540,2,8,65,2575886264,2,0,0,0,541,0,219,41,0,1,1,0,54,6,2437,0,0,0,20,evil_twin,evil_twin
1683996874,7524,296,1,2,1,0,2,44,0,541,2,8,65,2126433225,2,0,0,0,542,0,217,41,0,1,1,0,54,6,2437,0,0,0,20,evil_twin,evil_twin
1683996874,7535,297,1,2,1,0,2,44,0,542,2,8,65,2550884932,2,0,0,0,543,0,218,41,0,1,1,0,54,6,2437,0,0,0,20,evil_twin,evil_twin
1683996874,7545,298,1,2,1,0,2,44,0,543,2,8,65,889962835,2,0,0,0,544,0,219,41,0,1,1,0,54,6,2437,0,0,0,20,evil_twin,evil_twin
1683996874,7555,297,1,2,1,0,2,44,0,544,2,8,65,2474044239,2,0,0,0,545,0,218,41,0,1,1,0,54,6,2437,0,0,0,20,evil_twin,evil_twin
1683996874,7566,296,1,2,1,0,2,44,0,545,2,8,65,2315857736,2,0,0,0,546,0,217,41,0,1,1,0,54,6,2437,0,0,0,20,evil_twin,evil_twin
1683996874,7576,298,1,2,1,0,2,44,0,546,2,8,65,2940296998,2,0,0,0,547,0,219,41,0,1,1,0,54,6,2437,0,0,0,20,evil_twin,evil_twin
1683996874,7587,297,1,2,1,0,2,44,0,547,2,8,65,1394616088,2,0,0,0,548,0,218,41,0,1,1,0,54,6,2437,0,0,0,20,evil_twin,evil_twin
1683996874,7600,296,1,2,1,0,2,44,0,548,2,8,65,3198069330,2,0,0,0,549,0,217,41,0,1,1,0,54,6,2437,0,0,0,20,evil_twin,evil_twin
1683996875,7611,297,1,2,1,0,2,44,0,549,2,8,65,85879794,2,0,0,0,550,0,218,41,0,1,1,0,54,6,2437,0,0,0,20,evil_twin,evil_twin
1683996875,7627,296,1,2,1,0,2,44,0,550,2,8,65,3846396571,2,0,0,0,551,0,217,41,0,1,1,0,54,6,2437,0,0,0,20,evil_twin,evil_twin
1683996875,7637,297,1,2,1,0,2,44,0,551,2,8,65,1978021046,2,0,0,0,552,0,218,41,0,1,1,0,54,6,2437,0,0,0,20,evil_twin,evil_twin
1683996875,7648,297,1,2,1,0,2,44,0,552,2,8,65,2632305153,2,0,0,0,553,0,218,41,0,1,1,0,54,6,2437,0,0,0,20,evil_twin,evil_twin
1683996875,7659,298,1,2,1,0,2,44,0,553,2,8,65,937342554,2,0,0,0,554,0,219,41,0,1,1,0,54,6,2437,0,0,0,20,evil_twin,evil_twin
1683996875,7669,295,1,2,1,0,2,44,0,554,2,8,65,2206547116,2,0,0,0,555,0,216,41,0,1,1,0,54,6,2437,0,0,0,20,evil_twin,evil_twin
1683996875,7680,296,1,2,1,0,2,44,0,555,2,8,65,3559791237,2,0,0,0,556,0,217,41,0,1,1,0,54,6,2437,0,0,0,20,evil_twin,evil_twin
1683996875,7690,295,1,2,1,0,2,44,0,556,2,8,65,516650127,2,0,0,0,557,0,216,41,0,1,1,0,54,6,2437,0,0,0,20,evil_twin,evil_twin
1683996875,7701,296,1,2,1,0,2,44,0,557,2,8,65,2531108619,2,0,0,0,558,0,217,41,0,1,1,0,54,6,2437,0,0,0,20,evil_twin,evil_twin
1683996876,7715,297,1,2,1,0,2,44,0,558,2,8,65,1351350162,2,0,0,0,559,0,218,41,0,1,1,0,54,6,2437,0,0,0,20,evil_twin,evil_twin
1683996876,7728,297,1,2,1,0,2,44,0,559,2,8,65,4050387820,2,0,0,0,560,0,218,41,0,1,1,0,54,6,2437,0,0,0,20,evil_twin,evil_twin
1683996876,7739,296,1,2,1,0,2,44,0,560,2,8,65,4271616566,2,0,0,0,561,0,217,41,0,1,1,0,54,6,2437,0,0,0,20,evil_twin,evil_twin
1683996876,7750,296,1,2,1,0,2,44,0,561,2,8,65,3759291903,2,0,0,0,562,0,217,41,0,1,1,0,54,6,2437,0,0,0,20,evil_twin,evil_twin
1683996876,7767,298,1,2,1,0,2,44,0,562,2,8,65,4208651822,2,0,0,0,563,0,219,41,0,1,1,0,54,6,2437,0,0,0,20,evil_twin,evil_twin
1683996876,7778,297,1,2,1,0,2,44,0,563,2,8,65,1262313309,2,0,0,0,564,0,218,41,0,1,1,0,54,6,2437,0,0,0,20,evil_twin,evil_twin
1683996876,7788,296,1,2,1,0,2,44,0,564,2,8,65,3954237009,2,0,0,0,565,0,217,41,0,1,1,0,54,6,2437,0,0,0,20,evil_twin,evil_twin
1683996876,7806,295,1,2,1,0,2,44,0,565,2,8,65,2857338741,2,0,0,0,566,0,216,41,0,1,1,0,54,6,2437,0,0,0,20,evil_twin,evil_twin
1683996876,7820,296,1,2,1,0,2,44,0,566,2,8,65,674002969,2,0,0,0,567,0,217,41,0,1,1,0,54,6,2437,0,0,0,20,evil_twin,evil_twin
1683996876,7837,298,1,2,1,0,2,44,0,567,2,8,65,2458955263,2,0,0,0,568,0,219,41,0,1,1,0,54,6,2437,0,0,0,20,evil_twin,evil_twin
1683996877,7872,296,1,2,1,0,2,44,0,568,2,8,65,1708335573,2,0,0,0,569,0,217,41,0,1,1,0,54,6,2437,0,0,0,20,evil_twin,evil_twin
1683996877,7883,298,1,2,1,0,2,44,0,569,2,8,65,399567955,2,0,0,0,570,0,219,41,0,1,1,0,54,6,2437,0,0,0,20,evil_twin,evil_twin
1683996877,7891,298,1,2,1,0,2,44,0,570,2,8,65,3264560994,2,0,0,0,571,0,219,41,0,1,1,0,54,6,2437,0,0,0,20,evil_twin,evil_twin
1683996877,7901,296,1,2,1,0,2,44,0,571,2,8,65,2151644656,2,0,0,0,572,0,217,41,0,1,1,0,54,6,2437,0,0,0,20,evil_twin,evil_twin
1683996877,7911,297,1,2,1,0,2,44,0,572,2,8,65,2304274689,2,0,0,0,573,0,218,41,0,1,1,0,54,6,2437,0,0,0,20,evil_twin,evil_twin
1683996877,7920,298,1,2,1,0,2,44,0,573,2,8,65,1994419696,2,0,0,0,574,0,219,41,0,1,1,0,54,6,2437,0,0,0,20,evil_twin,evil_twin
1683996877,7927,297,1,2,1,0,2,44,0,574,2,8,65,1961824782,2,0,0,0,575,0,218,41,0,1,1,0,54,6,2437,0,0,0,20,evil_twin,evil_twin
1683996877,7948,297,1,2,1,0,2,44,0,575,2,8,65,1136442864,2,0,0,0,576,0,218,41,0,1,1,0,54,6,2437,0,0,0,20,evil_twin,evil_twin
1683996877,7956,299,1,2,1,0,2,44,0,576,2,8,65,2899811319,2,0,0,0,577,0,220,41,0,1,1,0,54,6,2437,0,0,0,20,evil_twin,evil_twin
1683996877,7970,298,1,2,1,0,2,44,0,577,2,8,65,4020587155,2,0,0,0,578,0,219,41,0,1,1,0,54,6,2437,0,0,0,20,evil_twin,evil_twin
1683996878,7991,297,1,2,1,0,2,44,0,578,2,8,65,2306048619,2,0,0,0,579,0,218,41,0,1,1,0,54,6,2437,0,0,0,20,evil_twin,evil_twin
1683996878,8003,298,1,2,1,0,2,44,0,579,2,8,65,2863560795,2,0,0,0,580,0,219,41,0,1,1,0,54,6,2437,0,0,0,20,evil_twin,evil_twin
1683996878,8018,298,1,2,1,0,2,44,0,580,2,8,65,3134496133,2,0,0,0,581,0,219,41,0,1,1,0,54,6,2437,0,0,0,20,evil_twin,evil_twin
1683996878,8028,297,1,2,1,0,2,44,0,581,2,8,65,1067798457,2,0,0,0,582,0,218,41,0,1,1,0,54,6,2437,0,0,0,20,evil_twin,evil_twin
1683996878,8039,296,1,2,1,0,2,44,0,582,2,8,65,4187801377,2,0,0,0,583,0,217,41,0,1,1,0,54,6,2437,0,0,0,20,evil_twin,evil_twin
1683996878,8051,299,1,2,1,0,2,44,0,583,2,8,65,2677216398,2,0,0,0,584,0,220,41,0,1,1,0,54,6,2437,0,0,0,20,evil_twin,evil_twin
1683996878,8079,297,1,2,1,0,2,44,0,585,2,8,65,2994641688,2,0,0,0,586,0,218,41,0,1,1,0,54,6,2437,0,0,0,20,evil_twin,evil_twin
1683996878,8090,298,1,2,1,0,2,44,0,586,2,8,65,1604338888,2,0,0,0,587,0,219,41,0,1,1,0,54,6,2437,0,0,0,20,evil_twin,evil_twin
1683996878,8101,296,1,2,1,0,2,44,0,587,2,8,65,3325766212,2,0,0,0,588,0,217,41,0,1,1,0,54,6,2437,0,0,0,20,evil_twin,evil_twin
1683996879,8122,296,1,2,1,0,2,44,0,588,2,8,65,564996717,2,0,0,0,589,0,217,41,0,1,1,0,54,6,2437,0,0,0,20,evil_twin,evil_twin
1683996879,8136,295,1,2,1,0,2,44,0,589,2,8,65,2396208783,2,0,0,0,590,0,216,41,0,1,1,0,54,6,2437,0,0,0,20,evil_twin,evil_twin
1683996879,8147,298,1,2,1,0,2,44,0,590,2,8,65,507782075,2,0,0,0,591,0,219,41,0,1,1,0,54,6,2437,0,0,0,20,evil_twin,evil_twin
1683996879,8158,298,1,2,1,0,2,44,0,591,2,8,65,793805515,2,0,0,0,592,0,219,41,0,1,1,0,54,6,2437,0,0,0,20,evil_twin,evil_twin
1683996879,8169,298,1,2,1,0,2,44,0,592,2,8,65,2182290616,2,0,0,0,593,0,219,41,0,1,1,0,54,6,2437,0,0,0,20,evil_twin,evil_twin
1683996879,8180,300,1,2,1,0,2,44,0,593,2,8,65,2907695295,2,0,0,0,594,0,221,41,0,1,1,0,54,6,2437,0,0,0,20,evil_twin,evil_twin
1683996879,8191,299,1,2,1,0,2,44,0,594,2,8,65,10815451,2,0,0,0,595,0,220,41,0,1,1,0,54,6,2437,0,0,0,20,evil_twin,evil_twin
1683996879,8193,299,1,2,1,0,2,44,0,594,2,8,73,332812366,2,0,0,0,595,0,220,41,0,1,1,0,54,6,2437,0,0,0,20,evil_twin,evil_twin
1683996879,8195,299,1,2,1,0,2,44,0,594,2,8,73,332812366,2,0,0,0,595,0,220,41,0,1,1,0,48,6,2437,0,0,0,20,evil_twin,evil_twin
1683996879,8206,299,1,2,1,0,2,44,0,595,2,8,65,2656173202,2,0,0,0,596,0,220,41,0,1,1,0,54,6,2437,0,0,0,20,evil_twin,evil_twin
1683996879,8208,299,1,2,1,0,2,44,0,595,2,8,73,2367859463,2,0,0,0,596,0,220,41,0,1,1,0,54,6,2437,0,0,0,20,evil_twin,evil_twin
1683996879,8229,300,1,2,1,0,2,44,0,596,2,8,65,1976663025,2,0,0,0,597,0,221,41,0,1,1,0,54,6,2437,0,0,0,20,evil_twin,evil_twin
1683996879,8231,300,1,2,1,0,2,44,0,596,2,8,73,4121390957,2,0,0,0,597,0,221,41,0,1,1,0,54,6,2437,0,0,0,20,evil_twin,evil_twin
1683996879,8233,300,1,2,1,0,2,44,0,596,2,8,73,4121390957,2,0,0,0,597,0,221,41,0,1,1,0,48,6,2437,0,0,0,20,evil_twin,evil_twin
1683996879,8235,300,1,2,1,0,2,44,0,596,2,8,73,4121390957,2,0,0,0,597,0,221,41,0,1,1,0,48,6,2437,0,0,0,20,evil_twin,evil_twin
1683996879,8237,300,1,2,1,0,2,44,0,596,2,8,73,4121390957,2,0,0,0,597,0,221,41,0,1,1,0,36,6,2437,0,0,0,20,evil_twin,evil_twin
1683996879,8239,300,1,2,1,0,2,44,0,596,2,8,73,4121390957,2,0,0,0,597,0,221,41,0,1,1,0,36,6,2437,0,0,0,20,evil_twin,evil_twin
1683996879,8241,300,1,2,1,0,2,320,0,596,2,8,73,3615165069,2,0,0,0,597,0,221,41,0,1,0,1,1,6,2437,0,0,0,192,evil_twin,evil_twin
1683996879,8258,296,1,2,1,0,2,44,0,597,2,8,65,3962506388,2,0,0,0,598,0,217,41,0,1,1,0,54,6,2437,0,0,0,20,evil_twin,evil_twin
1683996880,8281,299,1,2,1,0,2,44,0,598,2,8,65,2864012628,2,0,0,0,599,0,220,41,0,1,1,0,54,6,2437,0,0,0,20,evil_twin,evil_twin
1683996880,8294,299,1,2,1,0,2,44,0,599,2,8,65,3933552140,2,0,0,0,600,0,220,41,0,1,1,0,54,6,2437,0,0,0,20,evil_twin,evil_twin
1683996880,8305,299,1,2,1,0,2,44,0,600,2,8,65,1237174898,2,0,0,0,601,0,220,41,0,1,1,0,54,6,2437,0,0,0,20,evil_twin,evil_twin
1683996880,8317,300,1,2,1,0,2,44,0,601,2,8,65,3562476330,2,0,0,0,602,0,221,41,0,1,1,0,54,6,2437,0,0,0,20,evil_twin,evil_twin
1683996880,8328,296,1,2,1,0,2,44,0,602,2,8,65,3470779283,2,0,0,0,603,0,217,41,0,1,1,0,54,6,2437,0,0,0,20,evil_twin,evil_twin
1683996880,8331,141,2,1,0,1,2,44,0,26,2,8,66,302554171,2,0,0,0,29,0,62,41,0,1,1,0,54,6,2437,0,0,0,20,evil_twin,evil_twin
1683996880,8349,300,1,2,1,0,2,44,0,603,2,8,65,2537885798,2,0,0,0,604,0,221,41,0,1,1,0,54,6,2437,0,0,0,20,evil_twin,evil_twin
1683996880,8385,300,1,2,1,0,2,44,0,604,2,8,65,2069926228,2,0,0,0,605,0,221,41,0,1,1,0,54,6,2437,0,0,0,20,evil_twin,evil_twin
1683996880,8408,296,1,2,1,0,2,44,0,605,2,8,65,4191905725,2,0,0,0,606,0,217,41,0,1,1,0,54,6,2437,0,0,0,20,evil_twin,evil_twin
1683996880,8414,300,1,2,1,0,2,44,0,606,2,8,65,519712533,2,0,0,0,607,0,221,41,0,1,1,0,54,6,2437,0,0,0,20,evil_twin,evil_twin
1683996880,8426,300,1,2,1,0,2,44,0,607,2,8,65,3219960157,2,0,0,0,608,0,221,41,0,1,1,0,54,6,2437,0,0,0,20,evil_twin,evil_twin
1683996881,8435,299,1,2,1,0,2,44,0,608,2,8,65,407761092,2,0,0,0,609,0,220,41,0,1,1,0,54,6,2437,0,0,0,20,evil_twin,evil_twin
1683996881,8442,300,1,2,1,0,2,44,0,609,2,8,65,2473778373,2,0,0,0,610,0,221,41,0,1,1,0,54,6,2437,0,0,0,20,evil_twin,evil_twin
1683996881,8470,300,1,2,1,0,2,44,0,610,2,8,65,629028229,2,0,0,0,611,0,221,41,0,1,1,0,54,6,2437,0,0,0,20,evil_twin,evil_twin
1683996881,8493,300,1,2,1,0,2,44,0,611,2,8,65,1644320927,2,0,0,0,612,0,221,41,0,1,1,0,54,6,2437,0,0,0,20,evil_twin,evil_twin
1683996881,8519,298,1,2,1,0,2,44,0,612,2,8,65,1339295217,2,0,0,0,613,0,219,41,0,1,1,0,54,6,2437,0,0,0,20,evil_twin,evil_twin
1683996881,8529,299,1,2,1,0,2,44,0,613,2,8,65,1567206649,2,0,0,0,614,0,220,41,0,1,1,0,54,6,2437,0,0,0,20,evil_twin,evil_twin
1683996881,8542,298,1,2,1,0,2,44,0,614,2,8,65,2113143196,2,0,0,0,615,0,219,41,0,1,1,0,54,6,2437,0,0,0,20,evil_twin,evil_twin
1683996881,8555,299,1,2,1,0,2,44,0,615,2,8,65,2002533290,2,0,0,0,616,0,220,41,0,1,1,0,54,6,2437,0,0,0,20,evil_twin,evil_twin
1683996881,8557,299,1,2,1,0,2,44,0,615,2,8,73,1680829503,2,0,0,0,616,0,220,41,0,1,1,0,54,6,2437,0,0,0,20,evil_twin,evil_twin
1683996881,8568,299,1,2,1,0,2,44,0,616,2,8,65,729277599,2,0,0,0,617,0,220,41,0,1,1,0,54,6,2437,0,0,0,20,evil_twin,evil_twin
1683996881,8586,300,1,2,1,0,2,44,0,617,2,8,65,1113554444,2,0,0,0,618,0,221,41,0,1,1,0,54,6,2437,0,0,0,20,evil_twin,evil_twin
1683996882,8604,299,1,2,1,0,2,44,0,618,2,8,65,1819531629,2,0,0,0,619,0,220,41,0,1,1,0,54,6,2437,0,0,0,20,evil_twin,evil_twin
1683996882,8614,299,1,2,1,0,2,44,0,619,2,8,65,3662729165,2,0,0,0,620,0,220,41,0,1,1,0,54,6,2437,0,0,0,20,evil_twin,evil_twin
1683996882,8638,299,1,2,1,0,2,44,0,620,2,8,65,1499768822,2,0,0,0,621,0,220,41,0,1,1,0,54,6,2437,0,0,0,20,evil_twin,evil_twin
1683996882,8651,299,1,2,1,0,2,44,0,621,2,8,65,1674525388,2,0,0,0,622,0,220,41,0,1,1,0,54,6,2437,0,0,0,20,evil_twin,evil_twin
1683996882,8667,302,1,2,1,0,2,44,0,622,2,8,65,1098833728,2,0,0,0,623,0,223,41,0,1,1,0,54,6,2437,0,0,0,20,evil_twin,evil_twin
1683996882,8688,300,1,2,1,0,2,44,0,624,2,8,65,3872914356,2,0,0,0,625,0,221,41,0,1,1,0,54,6,2437,0,0,0,20,evil_twin,evil_twin
1683996882,8702,298,1,2,1,0,2,44,0,625,2,8,65,2856747744,2,0,0,0,626,0,219,41,0,1,1,0,54,6,2437,0,0,0,20,evil_twin,evil_twin
1683996882,8718,296,1,2,1,0,2,44,0,626,2,8,65,4175134426,2,0,0,0,627,0,217,41,0,1,1,0,54,6,2437,0,0,0,20,evil_twin,evil_twin
1683996882,8741,298,1,2,1,0,2,44,0,627,2,8,65,2147035456,2,0,0,0,628,0,219,41,0,1,1,0,54,6,2437,0,0,0,20,evil_twin,evil_twin
1683996882,8754,297,1,2,1,0,2,44,0,628,2,8,65,2459699732,2,0,0,0,629,0,218,41,0,1,1,0,54,6,2437,0,0,0,20,evil_twin,evil_twin
1683996883,8773,297,1,2,1,0,2,44,0,629,2,8,65,2794944482,2,0,0,0,630,0,218,41,0,1,1,0,54,6,2437,0,0,0,20,evil_twin,evil_twin
1683996883,8789,297,1,2,1,0,2,44,0,630,2,8,65,3891721318,2,0,0,0,631,0,218,41,0,1,1,0,54,6,2437,0,0,0,20,evil_twin,evil_twin
1683996883,8802,297,1,2,1,0,2,44,0,631,2,8,65,187786939,2,0,0,0,632,0,218,41,0,1,1,0,54,6,2437,0,0,0,20,evil_twin,evil_twin
1683996883,8815,298,1,2,1,0,2,44,0,632,2,8,65,2703774137,2,0,0,0,633,0,219,41,0,1,1,0,54,6,2437,0,0,0,20,evil_twin,evil_twin
1683996883,8829,297,1,2,1,0,2,44,0,633,2,8,65,3156317966,2,0,0,0,634,0,218,41,0,1,1,0,54,6,2437,0,0,0,20,evil_twin,evil_twin
1683996883,8842,296,1,2,1,0,2,44,0,634,2,8,65,78536264,2,0,0,0,635,0,217,41,0,1,1,0,54,6,2437,0,0,0,20,evil_twin,evil_twin
1683996883,8855,297,1,2,1,0,2,44,0,635,2,8,65,4277887813,2,0,0,0,636,0,218,41,0,1,1,0,54,6,2437,0,0,0,20,evil_twin,evil_twin
1683996883,8870,296,1,2,1,0,2,44,0,636,2,8,65,2078065053,2,0,0,0,637,0,217,41,0,1,1,0,54,6,2437,0,0,0,20,evil_twin,evil_twin
1683996883,8876,299,1,2,1,0,2,44,0,637,2,8,65,4217013109,2,0,0,0,638,0,220,41,0,1,1,0,54,6,2437,0,0,0,20,evil_twin,evil_twin
1683996883,8888,297,1,2,1,0,2,44,0,638,2,8,65,1126170860,2,0,0,0,639,0,218,41,0,1,1,0,54,6,2437,0,0,0,20,evil_twin,evil_twin
1683996884,8908,296,1,2,1,0,2,44,0,639,2,8,65,1511783239,2,0,0,0,640,0,217,41,0,1,1,0,54,6,2437,0,0,0,20,evil_twin,evil_twin
1683996884,8920,298,1,2,1,0,2,44,0,640,2,8,65,1359983779,2,0,0,0,641,0,219,41,0,1,1,0,54,6,2437,0,0,0,20,evil_twin,evil_twin
1683996884,8935,296,1,2,1,0,2,44,0,641,2,8,65,741354648,2,0,0,0,642,0,217,41,0,1,1,0,54,6,2437,0,0,0,20,evil_twin,evil_twin
1683996884,8951,298,1,2,1,0,2,44,0,642,2,8,65,228252391,2,0,0,0,643,0,219,41,0,1,1,0,54,6,2437,0,0,0,20,evil_twin,evil_twin
1683996884,8969,298,1,2,1,0,2,44,0,643,2,8,65,4082565491,2,0,0,0,644,0,219,41,0,1,1,0,54,6,2437,0,0,0,20,evil_twin,evil_twin
1683996884,8982,298,1,2,1,0,2,44,0,644,2,8,65,139658788,2,0,0,0,645,0,219,41,0,1,1,0,54,6,2437,0,0,0,20,evil_twin,evil_twin
1683996884,9000,298,1,2,1,0,2,44,0,645,2,8,65,1636388692,2,0,0,0,646,0,219,41,0,1,1,0,54,6,2437,0,0,0,20,evil_twin,evil_twin
1683996884,9017,299,1,2,1,0,2,44,0,646,2,8,65,1560341209,2,0,0,0,647,0,220,41,0,1,1,0,54,6,2437,0,0,0,20,evil_twin,evil_twin
1683996884,9032,298,1,2,1,0,2,44,0,647,2,8,65,1152833753,2,0,0,0,648,0,219,41,0,1,1,0,54,6,2437,0,0,0,20,evil_twin,evil_twin
1683996884,9046,296,1,2,1,0,2,44,0,648,2,8,65,2476252895,2,0,0,0,649,0,217,41,0,1,1,0,54,6,2437,0,0,0,20,evil_twin,evil_twin
1683996885,9060,298,1,2,1,0,2,44,0,649,2,8,65,2261724955,2,0,0,0,650,0,219,41,0,1,1,0,54,6,2437,0,0,0,20,evil_twin,evil_twin
1683996885,9080,297,1,2,1,0,2,44,0,650,2,8,65,4030543592,2,0,0,0,651,0,218,41,0,1,1,0,54,6,2437,0,0,0,20,evil_twin,evil_twin
1683996885,9094,298,1,2,1,0,2,44,0,651,2,8,65,1962205044,2,0,0,0,652,0,219,41,0,1,1,0,54,6,2437,0,0,0,20,evil_twin,evil_twin
1683996885,9119,297,1,2,1,0,2,44,0,652,2,8,65,3591513899,2,0,0,0,653,0,218,41,0,1,1,0,54,6,2437,0,0,0,20,evil_twin,evil_twin
1683996885,9132,298,1,2,1,0,2,44,0,653,2,8,65,167235881,2,0,0,0,654,0,219,41,0,1,1,0,54,6,2437,0,0,0,20,evil_twin,evil_twin
1683996885,9145,298,1,2,1,0,2,44,0,654,2,8,65,2872541356,2,0,0,0,655,0,219,41,0,1,1,0,54,6,2437,0,0,0,20,evil_twin,evil_twin
1683996885,9176,297,1,2,1,0,2,44,0,655,2,8,65,2223616515,2,0,0,0,656,0,218,41,0,1,1,0,54,6,2437,0,0,0,20,evil_twin,evil_twin
1683996885,9192,296,1,2,1,0,2,44,0,656,2,8,65,3611855516,2,0,0,0,657,0,217,41,0,1,1,0,54,6,2437,0,0,0,20,evil_twin,evil_twin
1683996885,9210,298,1,2,1,0,2,44,0,657,2,8,65,1945130558,2,0,0,0,658,0,219,41,0,1,1,0,54,6,2437,0,0,0,20,evil_twin,evil_twin
1683996886,9235,299,1,2,1,0,2,44,0,659,2,8,65,2640967316,2,0,0,0,660,0,220,41,0,1,1,0,54,6,2437,0,0,0,20,evil_twin,evil_twin
1683996886,9250,296,1,2,1,0,2,44,0,660,2,8,65,3695083374,2,0,0,0,661,0,217,41,0,1,1,0,54,6,2437,0,0,0,20,evil_twin,evil_twin
1683996886,9252,296,1,2,1,0,2,44,0,660,2,8,73,1181082931,2,0,0,0,661,0,217,41,0,1,1,0,54,6,2437,0,0,0,20,evil_twin,evil_twin
1683996886,9270,298,1,2,1,0,2,44,0,661,2,8,65,1353043701,2,0,0,0,662,0,219,41,0,1,1,0,54,6,2437,0,0,0,20,evil_twin,evil_twin
1683996886,9272,298,1,2,1,0,2,44,0,661,2,8,73,1332350445,2,0,0,0,662,0,219,41,0,1,1,0,54,6,2437,0,0,0,20,evil_twin,evil_twin
1683996886,9274,298,1,2,1,0,2,44,0,661,2,8,73,1332350445,2,0,0,0,662,0,219,41,0,1,1,0,48,6,2437,0,0,0,20,evil_twin,evil_twin
1683996886,9292,298,1,2,1,0,2,44,0,662,2,8,65,4158282188,2,0,0,0,663,0,219,41,0,1,1,0,54,6,2437,0,0,0,20,evil_twin,evil_twin
1683996886,9308,298,1,2,1,0,2,44,0,663,2,8,65,3600078752,2,0,0,0,664,0,219,41,0,1,1,0,54,6,2437,0,0,0,20,evil_twin,evil_twin
1683996886,9323,297,1,2,1,0,2,44,0,664,2,8,65,2083016848,2,0,0,0,665,0,218,41,0,1,1,0,54,6,2437,0,0,0,20,evil_twin,evil_twin
1683996886,9325,297,1,2,1,0,2,44,0,664,2,8,73,1768433219,2,0,0,0,665,0,218,41,0,1,1,0,54,6,2437,0,0,0,20,evil_twin,evil_twin
1683996886,9337,298,1,2,1,0,2,44,0,665,2,8,65,3228022845,2,0,0,0,666,0,219,41,0,1,1,0,54,6,2437,0,0,0,20,evil_twin,evil_twin
1683996886,9355,297,1,2,1,0,2,44,0,666,2,8,65,4234309855,2,0,0,0,667,0,218,41,0,1,1,0,54,6,2437,0,0,0,20,evil_twin,evil_twin
1683996886,9371,296,1,2,1,0,2,44,0,667,2,8,65,3289406627,2,0,0,0,668,0,217,41,0,1,1,0,54,6,2437,0,0,0,20,evil_twin,evil_twin
1683996886,9384,299,1,2,1,0,2,44,0,668,2,8,65,3658052633,2,0,0,0,669,0,220,41,0,1,1,0,54,6,2437,0,0,0,20,evil_twin,evil_twin
1683996887,9399,299,1,2,1,0,2,44,0,669,2,8,65,4051241883,2,0,0,0,670,0,220,41,0,1,1,0,54,6,2437,0,0,0,20,evil_twin,evil_twin
1683996887,9417,298,1,2,1,0,2,44,0,670,2,8,65,3343935907,2,0,0,0,671,0,219,41,0,1,1,0,54,6,2437,0,0,0,20,evil_twin,evil_twin
1683996887,9426,298,1,2,1,0,2,44,0,671,2,8,65,759270254,2,0,0,0,672,0,219,41,0,1,1,0,54,6,2437,0,0,0,20,evil_twin,evil_twin
1683996887,9441,297,1,2,1,0,2,44,0,672,2,8,65,1619592945,2,0,0,0,673,0,218,41,0,1,1,0,54,6,2437,0,0,0,20,evil_twin,evil_twin
1683996887,9456,298,1,2,1,0,2,44,0,673,2,8,65,1433358520,2,0,0,0,674,0,219,41,0,1,1,0,54,6,2437,0,0,0,20,evil_twin,evil_twin
1683996887,9471,297,1,2,1,0,2,44,0,674,2,8,65,1451429415,2,0,0,0,675,0,218,41,0,1,1,0,54,6,2437,0,0,0,20,evil_twin,evil_twin
1683996887,9473,297,1,2,1,0,2,44,0,674,2,8,73,1136883956,2,0,0,0,675,0,218,41,0,1,1,0,54,6,2437,0,0,0,20,evil_twin,evil_twin
1683996887,9487,298,1,2,1,0,2,44,0,675,2,8,65,1639759746,2,0,0,0,676,0,219,41,0,1,1,0,54,6,2437,0,0,0,20,evil_twin,evil_twin
1683996887,9503,298,1,2,1,0,2,44,0,676,2,8,65,1000581929,2,0,0,0,677,0,219,41,0,1,1,0,54,6,2437,0,0,0,20,evil_twin,evil_twin
1683996887,9524,298,1,2,1,0,2,44,0,677,2,8,65,2690577608,2,0,0,0,678,0,219,41,0,1,1,0,54,6,2437,0,0,0,20,evil_twin,evil_twin
1683996887,9539,296,1,2,1,0,2,44,0,678,2,8,65,3803837071,2,0,0,0,679,0,217,41,0,1,1,0,54,6,2437,0,0,0,20,evil_twin,evil_twin
1683996887,9541,296,1,2,1,0,2,44,0,678,2,8,73,2028103890,2,0,0,0,679,0,217,41,0,1,1,0,54,6,2437,0,0,0,20,evil_twin,evil_twin
1683996887,9543,296,1,2,1,0,2,44,0,678,2,8,73,2028103890,2,0,0,0,679,0,217,41,0,1,1,0,48,6,2437,0,0,0,20,evil_twin,evil_twin
1683996887,9545,296,1,2,1,0,2,44,0,678,2,8,73,2028103890,2,0,0,0,679,0,217,41,0,1,1,0,48,6,2437,0,0,0,20,evil_twin,evil_twin
1683996887,9547,296,1,2,1,0,2,44,0,678,2,8,73,2028103890,2,0,0,0,679,0,217,41,0,1,1,0,36,6,2437,0,0,0,20,evil_twin,evil_twin
1683996888,9560,299,1,2,1,0,2,44,0,679,2,8,65,755310985,2,0,0,0,680,0,220,41,0,1,1,0,54,6,2437,0,0,0,20,evil_twin,evil_twin
1683996888,9562,299,1,2,1,0,2,44,0,679,2,8,73,1047950876,2,0,0,0,680,0,220,41,0,1,1,0,54,6,2437,0,0,0,20,evil_twin,evil_twin
1683996888,9593,297,1,2,1,0,2,44,0,680,2,8,73,2954461953,2,0,0,0,681,0,218,41,0,1,1,0,54,6,2437,0,0,0,20,evil_twin,evil_twin
1683996888,9642,299,1,2,1,0,2,44,0,681,2,8,65,1971761904,2,0,0,0,682,0,220,41,0,1,1,0,54,6,2437,0,0,0,20,evil_twin,evil_twin
1683996888,9674,298,1,2,1,0,2,44,0,682,2,8,65,1782963846,2,0,0,0,683,0,219,41,0,1,1,0,54,6,2437,0,0,0,20,evil_twin,evil_twin
1683996888,9710,298,1,2,1,0,2,44,0,683,2,8,65,4001528709,2,0,0,0,684,0,219,41,0,1,1,0,54,6,2437,0,0,0,20,evil_twin,evil_twin
1683996888,9723,298,1,2,1,0,2,44,0,684,2,8,65,364730226,2,0,0,0,685,0,219,41,0,1,1,0,54,6,2437,0,0,0,20,evil_twin,evil_twin
1683996888,9737,299,1,2,1,0,2,44,0,685,2,8,65,4040273501,2,0,0,0,686,0,220,41,0,1,1,0,54,6,2437,0,0,0,20,evil_twin,evil_twin
1683996888,9751,298,1,2,1,0,2,44,0,686,2,8,65,2799259455,2,0,0,0,687,0,219,41,0,1,1,0,54,6,2437,0,0,0,20,evil_twin,evil_twin
1683996888,9765,300,1,2,1,0,2,44,0,687,2,8,65,42453455,2,0,0,0,688,0,221,41,0,1,1,0,54,6,2437,0,0,0,20,evil_twin,evil_twin
1683996888,9780,299,1,2,1,0,2,44,0,688,2,8,65,867049631,2,0,0,0,689,0,220,41,0,1,1,0,54,6,2437,0,0,0,20,evil_twin,evil_twin
1683996889,9798,298,1,2,1,0,2,44,0,689,2,8,65,1774822054,2,0,0,0,690,0,219,41,0,1,1,0,54,6,2437,0,0,0,20,evil_twin,evil_twin
1683996889,9800,298,1,2,1,0,2,44,0,689,2,8,73,1980129726,2,0,0,0,690,0,219,41,0,1,1,0,54,6,2437,0,0,0,20,evil_twin,evil_twin
1683996889,9813,298,1,2,1,0,2,44,0,690,2,8,65,2647704285,2,0,0,0,691,0,219,41,0,1,1,0,54,6,2437,0,0,0,20,evil_twin,evil_twin
1683996889,9815,298,1,2,1,0,2,44,0,690,2,8,73,2183070149,2,0,0,0,691,0,219,41,0,1,1,0,54,6,2437,0,0,0,20,evil_twin,evil_twin
1683996889,9817,298,1,2,1,0,2,44,0,690,2,8,73,2183070149,2,0,0,0,691,0,219,41,0,1,1,0,48,6,2437,0,0,0,20,evil_twin,evil_twin
1683996889,9819,298,1,2,1,0,2,44,0,690,2,8,73,2183070149,2,0,0,0,691,0,219,41,0,1,1,0,48,6,2437,0,0,0,20,evil_twin,evil_twin
1683996889,9834,299,1,2,1,0,2,44,0,691,2,8,65,2985487275,2,0,0,0,692,0,220,41,0,1,1,0,54,6,2437,0,0,0,20,evil_twin,evil_twin
1683996889,9849,298,1,2,1,0,2,44,0,692,2,8,65,92347395,2,0,0,0,693,0,219,41,0,1,1,0,54,6,2437,0,0,0,20,evil_twin,evil_twin
1683996889,9872,296,1,2,1,0,2,44,0,693,2,8,65,870291220,2,0,0,0,694,0,217,41,0,1,1,0,54,6,2437,0,0,0,20,evil_twin,evil_twin
1683996889,9874,296,1,2,1,0,2,44,0,693,2,8,73,2844003657,2,0,0,0,694,0,217,41,0,1,1,0,54,6,2437,0,0,0,20,evil_twin,evil_twin
1683996889,9877,296,1,2,1,0,2,44,0,693,2,8,73,2844003657,2,0,0,0,694,0,217,41,0,1,1,0,48,6,2437,0,0,0,20,evil_twin,evil_twin
1683996889,9893,298,1,2,1,0,2,44,0,694,2,8,65,1380415884,2,0,0,0,695,0,219,41,0,1,1,0,54,6,2437,0,0,0,20,evil_twin,evil_twin
1683996889,9908,297,1,2,1,0,2,44,0,695,2,8,65,2697174512,2,0,0,0,696,0,218,41,0,1,1,0,54,6,2437,0,0,0,20,evil_twin,evil_twin
1683996889,9921,298,1,2,1,0,2,44,0,696,2,8,65,1937889857,2,0,0,0,697,0,219,41,0,1,1,0,48,6,2437,0,0,0,20,evil_twin,evil_twin
1683996889,9933,298,1,2,1,0,2,44,0,697,2,8,65,130305659,2,0,0,0,698,0,219,41,0,1,1,0,48,6,2437,0,0,0,20,evil_twin,evil_twin
1683996889,9954,296,1,2,1,0,2,44,0,698,2,8,65,1859657566,2,0,0,0,699,0,217,41,0,1,1,0,48,6,2437,0,0,0,20,evil_twin,evil_twin
1683996890,9968,297,1,2,1,0,2,44,0,699,2,8,65,3652790706,2,0,0,0,700,0,218,41,0,1,1,0,48,6,2437,0,0,0,20,evil_twin,evil_twin
1683996890,9985,298,1,2,1,0,2,44,0,700,2,8,65,4247232077,2,0,0,0,701,0,219,41,0,1,1,0,48,6,2437,0,0,0,20,evil_twin,evil_twin
1683996890,9999,296,1,2,1,0,2,44,0,701,2,8,65,229950998,2,0,0,0,702,0,217,41,0,1,1,0,48,6,2437,0,0,0,20,evil_twin,evil_twin
1683996890,10014,297,1,2,1,0,2,44,0,702,2,8,65,3945984591,2,0,0,0,703,0,218,41,0,1,1,0,48,6,2437,0,0,0,20,evil_twin,evil_twin
1683996890,10030,141,2,1,0,1,2,44,0,27,2,8,66,1353256084,2,0,0,0,30,0,62,41,0,1,1,0,54,6,2437,0,0,0,20,evil_twin,evil_twin
1683996890,10049,297,1,2,1,0,2,44,0,703,2,8,65,219934196,2,0,0,0,704,0,218,41,0,1,1,0,48,6,2437,0,0,0,20,evil_twin,evil_twin
1683996890,10063,297,1,2,1,0,2,44,0,704,2,8,65,1845129143,2,0,0,0,705,0,218,41,0,1,1,0,48,6,2437,0,0,0,20,evil_twin,evil_twin
1683996890,10077,297,1,2,1,0,2,44,0,705,2,8,65,2946610875,2,0,0,0,706,0,218,41,0,1,1,0,48,6,2437,0,0,0,20,evil_twin,evil_twin
1683996890,10091,299,1,2,1,0,2,44,0,706,2,8,65,713414621,2,0,0,0,707,0,220,41,0,1,1,0,48,6,2437,0,0,0,20,evil_twin,evil_twin
1683996890,10106,299,1,2,1,0,2,44,0,707,2,8,65,3629762385,2,0,0,0,708,0,220,41,0,1,1,0,48,6,2437,0,0,0,20,evil_twin,evil_twin
1683996891,10122,297,1,2,1,0,2,44,0,708,2,8,65,1144176365,2,0,0,0,709,0,218,41,0,1,1,0,48,6,2437,0,0,0,20,evil_twin,evil_twin
1683996891,10133,297,1,2,1,0,2,44,0,709,2,8,65,3066250316,2,0,0,0,710,0,218,41,0,1,1,0,48,6,2437,0,0,0,20,evil_twin,evil_twin
1683996891,10146,296,1,2,1,0,2,44,0,710,2,8,65,1292816572,2,0,0,0,711,0,217,41,0,1,1,0,48,6,2437,0,0,0,20,evil_twin,evil_twin
1683996891,10160,298,1,2,1,0,2,44,0,711,2,8,65,396302860,2,0,0,0,712,0,219,41,0,1,1,0,48,6,2437,0,0,0,20,evil_twin,evil_twin
1683996891,10166,296,1,2,1,0,2,44,0,712,2,8,65,3073071386,2,0,0,0,713,0,217,41,0,1,1,0,48,6,2437,0,0,0,20,evil_twin,evil_twin
1683996891,10182,298,1,2,1,0,2,44,0,713,2,8,65,2334583701,2,0,0,0,714,0,219,41,0,1,1,0,48,6,2437,0,0,0,20,evil_twin,evil_twin
1683996891,10195,298,1,2,1,0,2,44,0,714,2,8,65,3357720535,2,0,0,0,715,0,219,41,0,1,1,0,48,6,2437,0,0,0,20,evil_twin,evil_twin
1683996891,10211,297,1,2,1,0,2,44,0,715,2,8,65,318103286,2,0,0,0,716,0,218,41,0,1,1,0,48,6,2437,0,0,0,20,evil_twin,evil_twin
1683996891,10223,297,1,2,1,0,2,44,0,716,2,8,65,2378290661,2,0,0,0,717,0,218,41,0,1,1,0,48,6,2437,0,0,0,20,evil_twin,evil_twin
1683996891,10240,298,1,2,1,0,2,44,0,717,2,8,65,460916372,2,0,0,0,718,0,219,41,0,1,1,0,48,6,2437,0,0,0,20,evil_twin,evil_twin
1683996891,10254,297,1,2,1,0,2,44,0,718,2,8,65,734320048,2,0,0,0,719,0,218,41,0,1,1,0,48,6,2437,0,0,0,20,evil_twin,evil_twin
1683996892,10269,298,1,2,1,0,2,44,0,719,2,8,65,429978883,2,0,0,0,720,0,219,41,0,1,1,0,48,6,2437,0,0,0,20,evil_twin,evil_twin
1683996892,10305,298,1,2,1,0,2,44,0,720,2,8,65,2928748414,2,0,0,0,721,0,219,41,0,1,1,0,48,6,2437,0,0,0,20,evil_twin,evil_twin
1683996892,10331,298,1,2,1,0,2,44,0,721,2,8,65,347846941,2,0,0,0,722,0,219,41,0,1,1,0,48,6,2437,0,0,0,20,evil_twin,evil_twin
1683996892,10374,125,1,2,1,0,2,44,0,722,2,8,65,1177203477,2,0,0,0,723,0,46,41,0,1,1,0,48,6,2437,0,0,0,20,evil_twin,evil_twin
1683996892,10377,298,1,2,1,0,2,44,0,723,2,8,65,1104265353,2,0,0,0,724,0,219,41,0,1,1,0,48,6,2437,0,0,0,20,evil_twin,evil_twin
1683996892,10408,296,1,2,1,0,2,44,0,724,2,8,65,584264503,2,0,0,0,725,0,217,41,0,1,1,0,48,6,2437,0,0,0,20,evil_twin,evil_twin
1683996892,10421,298,1,2,1,0,2,44,0,725,2,8,65,1439369487,2,0,0,0,726,0,219,41,0,1,1,0,48,6,2437,0,0,0,20,evil_twin,evil_twin
1683996892,10438,300,1,2,1,0,2,44,0,726,2,8,65,4245218359,2,0,0,0,727,0,221,41,0,1,1,0,48,6,2437,0,0,0,20,evil_twin,evil_twin
1683996892,10452,300,1,2,1,0,2,44,0,727,2,8,65,3621656788,2,0,0,0,728,0,221,41,0,1,1,0,48,6,2437,0,0,0,20,evil_twin,evil_twin
1683996892,10469,299,1,2,1,0,2,44,0,728,2,8,65,1699617187,2,0,0,0,729,0,220,41,0,1,1,0,48,6,2437,0,0,0,20,evil_twin,evil_twin
1683996892,10486,298,1,2,1,0,2,44,0,729,2,8,65,1290888213,2,0,0,0,730,0,219,41,0,1,1,0,48,6,2437,0,0,0,20,evil_twin,evil_twin
1683996892,10488,298,1,2,1,0,2,44,0,729,2,8,73,1396614925,2,0,0,0,730,0,219,41,0,1,1,0,48,6,2437,0,0,0,20,evil_twin,evil_twin
1683996893,10512,297,1,2,1,0,2,44,0,730,2,8,65,3030393066,2,0,0,0,731,0,218,41,0,1,1,0,48,6,2437,0,0,0,20,evil_twin,evil_twin
1683996893,10524,298,1,2,1,0,2,44,0,731,2,8,65,1307661028,2,0,0,0,732,0,219,41,0,1,1,0,48,6,2437,0,0,0,20,evil_twin,evil_twin
1683996893,10537,298,1,2,1,0,2,44,0,732,2,8,65,4112579965,2,0,0,0,733,0,219,41,0,1,1,0,48,6,2437,0,0,0,20,evil_twin,evil_twin
1683996893,10562,298,1,2,1,0,2,44,0,734,2,8,65,4186858353,2,0,0,0,735,0,219,41,0,1,1,0,48,6,2437,0,0,0,20,evil_twin,evil_twin
1683996893,10574,299,1,2,1,0,2,44,0,735,2,8,65,1271157798,2,0,0,0,736,0,220,41,0,1,1,0,54,6,2437,0,0,0,20,evil_twin,evil_twin
1683996893,10588,298,1,2,1,0,2,44,0,736,2,8,65,2348299061,2,0,0,0,737,0,219,41,0,1,1,0,54,6,2437,0,0,0,20,evil_twin,evil_twin
1683996893,10602,298,1,2,1,0,2,44,0,737,2,8,65,2796339146,2,0,0,0,738,0,219,41,0,1,1,0,54,6,2437,0,0,0,20,evil_twin,evil_twin
1683996893,10617,299,1,2,1,0,2,44,0,738,2,8,65,3095346095,2,0,0,0,739,0,220,41,0,1,1,0,54,6,2437,0,0,0,20,evil_twin,evil_twin
1683996893,10619,299,1,2,1,0,2,44,0,738,2,8,73,2869718074,2,0,0,0,739,0,220,41,0,1,1,0,54,6,2437,0,0,0,20,evil_twin,evil_twin
1683996894,10630,298,1,2,1,0,2,44,0,739,2,8,65,1324590916,2,0,0,0,740,0,219,41,0,1,1,0,54,6,2437,0,0,0,20,evil_twin,evil_twin
1683996894,10644,299,1,2,1,0,2,44,0,740,2,8,65,725647918,2,0,0,0,741,0,220,41,0,1,1,0,54,6,2437,0,0,0,20,evil_twin,evil_twin
1683996894,10659,299,1,2,1,0,2,44,0,741,2,8,65,835505134,2,0,0,0,742,0,220,41,0,1,1,0,54,6,2437,0,0,0,20,evil_twin,evil_twin
1683996894,10674,298,1,2,1,0,2,44,0,742,2,8,65,335382964,2,0,0,0,743,0,219,41,0,1,1,0,54,6,2437,0,0,0,20,evil_twin,evil_twin
1683996894,10683,125,1,2,1,0,2,44,0,743,2,8,65,345661270,2,0,0,0,744,0,46,41,0,1,1,0,54,6,2437,0,0,0,20,evil_twin,evil_twin
1683996894,10686,141,2,1,0,1,2,44,0,29,2,8,66,248477235,2,0,0,0,32,0,62,41,0,1,1,0,54,6,2437,0,0,0,20,evil_twin,evil_twin
1683996894,10703,297,1,2,1,0,2,44,0,744,2,8,65,1862288665,2,0,0,0,745,0,218,41,0,1,1,0,54,6,2437,0,0,0,20,evil_twin,evil_twin
1683996894,10722,300,1,2,1,0,2,44,0,745,2,8,65,2979663917,2,0,0,0,746,0,221,41,0,1,1,0,54,6,2437,0,0,0,20,evil_twin,evil_twin
1683996894,10724,300,1,2,1,0,2,44,0,745,2,8,73,837551281,2,0,0,0,746,0,221,41,0,1,1,0,54,6,2437,0,0,0,20,evil_twin,evil_twin
1683996894,10737,298,1,2,1,0,2,44,0,746,2,8,65,241244280,2,0,0,0,747,0,219,41,0,1,1,0,54,6,2437,0,0,0,20,evil_twin,evil_twin
1683996894,10750,297,1,2,1,0,2,44,0,747,2,8,65,3253650633,2,0,0,0,748,0,218,41,0,1,1,0,54,6,2437,0,0,0,20,evil_twin,evil_twin
1683996894,10763,300,1,2,1,0,2,44,0,748,2,8,65,3425775548,2,0,0,0,749,0,221,41,0,1,1,0,54,6,2437,0,0,0,20,evil_twin,evil_twin
1683996894,10776,300,1,2,1,0,2,44,0,749,2,8,65,1029277759,2,0,0,0,750,0,221,41,0,1,1,0,54,6,2437,0,0,0,20,evil_twin,evil_twin
1683996895,10789,299,1,2,1,0,2,44,0,750,2,8,65,3650158978,2,0,0,0,751,0,220,41,0,1,1,0,54,6,2437,0,0,0,20,evil_twin,evil_twin
1683996895,10797,298,1,2,1,0,2,44,0,751,2,8,65,2863438717,2,0,0,0,752,0,219,41,0,1,1,0,54,6,2437,0,0,0,20,evil_twin,evil_twin
1683996895,10813,300,1,2,1,0,2,44,0,752,2,8,65,2344533301,2,0,0,0,753,0,221,41,0,1,1,0,54,6,2437,0,0,0,20,evil_twin,evil_twin
1683996895,10827,300,1,2,1,0,2,44,0,753,2,8,65,3811760619,2,0,0,0,754,0,221,41,0,1,1,0,54,6,2437,0,0,0,20,evil_twin,evil_twin
1683996895,10830,300,1,2,1,0,2,44,0,753,2,8,73,1665453431,2,0,0,0,754,0,221,41,0,1,1,0,54,6,2437,0,0,0,20,evil_twin,evil_twin
1683996895,10844,299,1,2,1,0,2,44,0,754,2,8,65,1099739666,2,0,0,0,755,0,220,41,0,1,1,0,54,6,2437,0,0,0,20,evil_twin,evil_twin
1683996895,10860,298,1,2,1,0,2,44,0,755,2,8,65,1971373959,2,0,0,0,756,0,219,41,0,1,1,0,54,6,2437,0,0,0,20,evil_twin,evil_twin
1683996895,10875,300,1,2,1,0,2,44,0,756,2,8,65,4103827141,2,0,0,0,757,0,221,41,0,1,1,0,54,6,2437,0,0,0,20,evil_twin,evil_twin
1683996895,10887,297,1,2,1,0,2,44,0,757,2,8,65,4125412069,2,0,0,0,758,0,218,41,0,1,1,0,54,6,2437,0,0,0,20,evil_twin,evil_twin
1683996895,10908,299,1,2,1,0,2,44,0,758,2,8,65,947700321,2,0,0,0,759,0,220,41,0,1,1,0,54,6,2437,0,0,0,20,evil_twin,evil_twin
1683996895,10931,298,1,2,1,0,2,44,0,759,2,8,65,579427279,2,0,0,0,760,0,219,41,0,1,1,0,54,6,2437,0,0,0,20,evil_twin,evil_twin
1683996896,10950,299,1,2,1,0,2,44,0,760,2,8,65,2468850553,2,0,0,0,761,0,220,41,0,1,1,0,54,6,2437,0,0,0,20,evil_twin,evil_twin
1683996896,10967,302,1,2,1,0,2,44,0,761,2,8,65,2412412204,2,0,0,0,762,0,223,41,0,1,1,0,54,6,2437,0,0,0,20,evil_twin,evil_twin
1683996896,10979,298,1,2,1,0,2,44,0,762,2,8,65,802181895,2,0,0,0,763,0,219,41,0,1,1,0,54,6,2437,0,0,0,20,evil_twin,evil_twin
1683996896,10989,299,1,2,1,0,2,44,0,763,2,8,65,113685193,2,0,0,0,764,0,220,41,0,1,1,0,54,6,2437,0,0,0,20,evil_twin,evil_twin
1683996896,10992,125,1,2,1,0,2,44,0,764,2,8,65,3365509165,2,0,0,0,765,0,46,41,0,1,1,0,54,6,2437,0,0,0,20,evil_twin,evil_twin
1683996896,11012,300,1,2,1,0,2,44,0,765,2,8,65,1498892281,2,0,0,0,766,0,221,41,0,1,1,0,54,6,2437,0,0,0,20,evil_twin,evil_twin
1683996896,11031,299,1,2,1,0,2,44,0,766,2,8,65,2429938007,2,0,0,0,767,0,220,41,0,1,1,0,54,6,2437,0,0,0,20,evil_twin,evil_twin
1683996896,11059,298,1,2,1,0,2,44,0,768,2,8,65,3179911882,2,0,0,0,769,0,219,41,0,1,1,0,54,6,2437,0,0,0,20,evil_twin,evil_twin
1683996896,11071,298,1,2,1,0,2,44,0,769,2,8,65,3401602920,2,0,0,0,770,0,219,41,0,1,1,0,54,6,2437,0,0,0,20,evil_twin,evil_twin
1683996896,11088,297,1,2,1,0,2,44,0,770,2,8,65,2098537671,2,0,0,0,771,0,218,41,0,1,1,0,54,6,2437,0,0,0,20,evil_twin,evil_twin
1683996897,11098,297,1,2,1,0,2,44,0,771,2,8,65,601687256,2,0,0,0,772,0,218,41,0,1,1,0,54,6,2437,0,0,0,20,evil_twin,evil_twin
1683996897,11111,298,1,2,1,0,2,44,0,772,2,8,65,2381571080,2,0,0,0,773,0,219,41,0,1,1,0,54,6,2437,0,0,0,20,evil_twin,evil_twin
1683996897,11132,299,1,2,1,0,2,44,0,773,2,8,65,802806304,2,0,0,0,774,0,220,41,0,1,1,0,54,6,2437,0,0,0,20,evil_twin,evil_twin
1683996897,11146,298,1,2,1,0,2,44,0,774,2,8,65,3680166184,2,0,0,0,775,0,219,41,0,1,1,0,54,6,2437,0,0,0,20,evil_twin,evil_twin
1683996897,11159,299,1,2,1,0,2,44,0,775,2,8,65,511100083,2,0,0,0,776,0,220,41,0,1,1,0,54,6,2437,0,0,0,20,evil_twin,evil_twin
1683996897,11173,297,1,2,1,0,2,44,0,776,2,8,65,3387253257,2,0,0,0,777,0,218,41,0,1,1,0,54,6,2437,0,0,0,20,evil_twin,evil_twin
1683996897,11187,298,1,2,1,0,2,44,0,777,2,8,65,1212057587,2,0,0,0,778,0,219,41,0,1,1,0,54,6,2437,0,0,0,20,evil_twin,evil_twin
1683996897,11190,298,1,2,1,0,2,44,0,777,2,8,73,1475429611,2,0,0,0,778,0,219,41,0,1,1,0,54,6,2437,0,0,0,20,evil_twin,evil_twin
1683996897,11205,299,1,2,1,0,2,44,0,778,2,8,65,3894470905,2,0,0,0,779,0,220,41,0,1,1,0,54,6,2437,0,0,0,20,evil_twin,evil_twin
1683996897,11219,297,1,2,1,0,2,44,0,779,2,8,65,1637891481,2,0,0,0,780,0,218,41,0,1,1,0,54,6,2437,0,0,0,20,evil_twin,evil_twin
1683996897,11234,296,1,2,1,0,2,44,0,780,2,8,65,2949590299,2,0,0,0,781,0,217,41,0,1,1,0,54,6,2437,0,0,0,20,evil_twin,evil_twin
1683996898,11246,297,1,2,1,0,2,44,0,781,2,8,65,242702706,2,0,0,0,782,0,218,41,0,1,1,0,54,6,2437,0,0,0,20,evil_twin,evil_twin
1683996898,11257,298,1,2,1,0,2,44,0,782,2,8,65,2951317417,2,0,0,0,783,0,219,41,0,1,1,0,54,6,2437,0,0,0,20,evil_twin,evil_twin
1683996898,11273,297,1,2,1,0,2,44,0,783,2,8,65,2097090988,2,0,0,0,784,0,218,41,0,1,1,0,54,6,2437,0,0,0,20,evil_twin,evil_twin
1683996898,11276,125,1,2,1,0,2,44,0,784,2,8,65,2887691330,2,0,0,0,785,0,46,41,0,1,1,0,54,6,2437,0,0,0,20,evil_twin,evil_twin
1683996898,11281,141,2,1,0,1,2,44,0,31,2,8,66,3702042013,2,0,0,0,34,0,62,41,0,1,1,0,54,6,2437,0,0,0,20,evil_twin,evil_twin
1683996898,11294,297,1,2,1,0,2,44,0,785,2,8,65,3766337323,2,0,0,0,786,0,218,41,0,1,1,0,54,6,2437,0,0,0,20,evil_twin,evil_twin
1683996898,11314,297,1,2,1,0,2,44,0,786,2,8,65,4074312325,2,0,0,0,787,0,218,41,0,1,1,0,54,6,2437,0,0,0,20,evil_twin,evil_twin
1683996898,11319,297,1,2,1,0,2,44,0,787,2,8,65,2118911057,2,0,0,0,788,0,218,41,0,1,1,0,54,6,2437,0,0,0,20,evil_twin,evil_twin
1683996898,11333,298,1,2,1,0,2,44,0,788,2,8,65,565746287,2,0,0,0,789,0,219,41,0,1,1,0,54,6,2437,0,0,0,20,evil_twin,evil_twin
1683996898,11343,297,1,2,1,0,2,44,0,789,2,8,65,17719461,2,0,0,0,790,0,218,41,0,1,1,0,54,6,2437,0,0,0,20,evil_twin,evil_twin
1683996898,11353,297,1,2,1,0,2,44,0,790,2,8,65,3470352157,2,0,0,0,791,0,218,41,0,1,1,0,54,6,2437,0,0,0,20,evil_twin,evil_twin
1683996898,11361,297,1,2,1,0,2,44,0,791,2,8,65,77398551,2,0,0,0,792,0,218,41,0,1,1,0,54,6,2437,0,0,0,20,evil_twin,evil_twin
1683996899,11371,297,1,2,1,0,2,44,0,792,2,8,65,2693146650,2,0,0,0,793,0,218,41,0,1,1,0,54,6,2437,0,0,0,20,evil_twin,evil_twin
1683996899,11384,298,1,2,1,0,2,44,0,793,2,8,65,2868819495,2,0,0,0,794,0,219,41,0,1,1,0,54,6,2437,0,0,0,20,evil_twin,evil_twin
1683996899,11393,297,1,2,1,0,2,44,0,794,2,8,65,1456351251,2,0,0,0,795,0,218,41,0,1,1,0,54,6,2437,0,0,0,20,evil_twin,evil_twin
1683996899,11404,298,1,2,1,0,2,44,0,795,2,8,65,2011462753,2,0,0,0,796,0,219,41,0,1,1,0,54,6,2437,0,0,0,20,evil_twin,evil_twin
1683996899,11424,298,1,2,1,0,2,44,0,796,2,8,65,366670101,2,0,0,0,797,0,219,41,0,1,1,0,54,6,2437,0,0,0,20,evil_twin,evil_twin
1683996899,11434,297,1,2,1,0,2,44,0,797,2,8,65,2445681581,2,0,0,0,798,0,218,41,0,1,1,0,54,6,2437,0,0,0,20,evil_twin,evil_twin
1683996899,11443,298,1,2,1,0,2,44,0,798,2,8,65,1763144693,2,0,0,0,799,0,219,41,0,1,1,0,54,6,2437,0,0,0,20,evil_twin,evil_twin
1683996899,11456,297,1,2,1,0,2,44,0,799,2,8,65,2650328414,2,0,0,0,800,0,218,41,0,1,1,0,54,6,2437,0,0,0,20,evil_twin,evil_twin
1683996899,11470,298,1,2,1,0,2,44,0,800,2,8,65,3953421962,2,0,0,0,801,0,219,41,0,1,1,0,54,6,2437,0,0,0,20,evil_twin,evil_twin
1683996899,11483,297,1,2,1,0,2,44,0,801,2,8,65,4249865478,2,0,0,0,802,0,218,41,0,1,1,0,54,6,2437,0,0,0,20,evil_twin,evil_twin
1683996900,11494,296,1,2,1,0,2,44,0,802,2,8,65,1497259428,2,0,0,0,803,0,217,41,0,1,1,0,54,6,2437,0,0,0,20,evil_twin,evil_twin
1683996900,11506,300,1,2,1,0,2,44,0,803,2,8,65,1191278041,2,0,0,0,804,0,221,41,0,1,1,0,54,6,2437,0,0,0,20,evil_twin,evil_twin
1683996900,11511,125,1,2,1,0,2,44,0,804,2,8,65,2801068401,2,0,0,0,805,0,46,41,0,1,1,0,54,6,2437,0,0,0,20,evil_twin,evil_twin
1683996900,11531,298,1,2,1,0,2,44,0,805,2,8,65,197120533,2,0,0,0,806,0,219,41,0,1,1,0,54,6,2437,0,0,0,20,evil_twin,evil_twin
1683996900,11534,141,2,1,0,1,2,44,0,32,2,8,66,1666326397,2,0,0,0,35,0,62,41,0,1,1,0,54,6,2437,0,0,0,20,evil_twin,evil_twin
1683996900,11553,296,1,2,1,0,2,44,0,806,2,8,65,2001666767,2,0,0,0,807,0,217,41,0,1,1,0,54,6,2437,0,0,0,20,evil_twin,evil_twin
1683996900,11555,296,1,2,1,0,2,44,0,806,2,8,73,3977549970,2,0,0,0,807,0,217,41,0,1,1,0,54,6,2437,0,0,0,20,evil_twin,evil_twin
1683996900,11573,294,1,2,1,0,2,44,0,807,2,8,65,1216716478,2,0,0,0,808,0,215,41,0,1,1,0,54,6,2437,0,0,0,20,evil_twin,evil_twin
1683996900,11586,299,1,2,1,0,2,44,0,808,2,8,65,2674372101,2,0,0,0,809,0,220,41,0,1,1,0,54,6,2437,0,0,0,20,evil_twin,evil_twin
1683996900,11597,298,1,2,1,0,2,44,0,809,2,8,65,306377156,2,0,0,0,810,0,219,41,0,1,1,0,54,6,2437,0,0,0,20,evil_twin,evil_twin
1683996900,11613,300,1,2,1,0,2,44,0,810,2,8,65,3716156366,2,0,0,0,811,0,221,41,0,1,1,0,54,6,2437,0,0,0,20,evil_twin,evil_twin
1683996900,11627,298,1,2,1,0,2,44,0,811,2,8,65,1448813011,2,0,0,0,812,0,219,41,0,1,1,0,54,6,2437,0,0,0,20,evil_twin,evil_twin
1683996900,11630,298,1,2,1,0,2,44,0,811,2,8,73,1234494155,2,0,0,0,812,0,219,41,0,1,1,0,54,6,2437,0,0,0,20,evil_twin,evil_twin
1683996900,11633,298,1,2,1,0,2,44,0,811,2,8,73,1234494155,2,0,0,0,812,0,219,41,0,1,1,0,48,6,2437,0,0,0,20,evil_twin,evil_twin
1683996900,11636,298,1,2,1,0,2,44,0,811,2,8,73,1234494155,2,0,0,0,812,0,219,41,0,1,1,0,48,6,2437,0,0,0,20,evil_twin,evil_twin
1683996900,11639,298,1,2,1,0,2,44,0,811,2,8,73,1234494155,2,0,0,0,812,0,219,41,0,1,1,0,36,6,2437,0,0,0,20,evil_twin,evil_twin
1683996900,11654,297,1,2,1,0,2,44,0,812,2,8,65,2737399677,2,0,0,0,813,0,218,41,0,1,1,0,54,6,2437,0,0,0,20,evil_twin,evil_twin
1683996901,11666,298,1,2,1,0,2,44,0,813,2,8,65,2805484535,2,0,0,0,814,0,219,41,0,1,1,0,54,6,2437,0,0,0,20,evil_twin,evil_twin
1683996901,11679,298,1,2,1,0,2,44,0,814,2,8,65,1550485223,2,0,0,0,815,0,219,41,0,1,1,0,54,6,2437,0,0,0,20,evil_twin,evil_twin
1683996901,11711,298,1,2,1,0,2,44,0,815,2,8,65,2921348556,2,0,0,0,816,0,219,41,0,1,1,0,54,6,2437,0,0,0,20,evil_twin,evil_twin
1683996901,11749,298,1,2,1,0,2,44,0,816,2,8,65,1533112991,2,0,0,0,817,0,219,41,0,1,1,0,54,6,2437,0,0,0,20,evil_twin,evil_twin
1683996901,11775,297,1,2,1,0,2,44,0,817,2,8,65,2846071076,2,0,0,0,818,0,218,41,0,1,1,0,54,6,2437,0,0,0,20,evil_twin,evil_twin
1683996901,11874,298,1,2,1,0,2,44,0,819,2,8,65,2071914667,2,0,0,0,820,0,219,41,0,1,1,0,54,6,2437,0,0,0,20,evil_twin,evil_twin
1683996901,11951,297,1,2,1,0,2,44,0,821,2,8,65,666011578,2,0,0,0,822,0,218,41,0,1,1,0,54,6,2437,0,0,0,20,evil_twin,evil_twin
1683996901,11971,299,1,2,1,0,2,44,0,822,2,8,65,392196572,2,0,0,0,823,0,220,41,0,1,1,0,54,6,2437,0,0,0,20,evil_twin,evil_twin
1683996902,11992,299,1,2,1,0,2,44,0,823,2,8,65,3646555412,2,0,0,0,824,0,220,41,0,1,1,0,54,6,2437,0,0,0,20,evil_twin,evil_twin
1683996902,11999,125,1,2,1,0,2,44,0,824,2,8,65,548471022,2,0,0,0,825,0,46,41,0,1,1,0,54,6,2437,0,0,0,20,evil_twin,evil_twin
1683996902,12002,299,1,2,1,0,2,44,0,825,2,8,65,3362762262,2,0,0,0,826,0,220,41,0,1,1,0,54,6,2437,0,0,0,20,evil_twin,evil_twin
1683996902,12011,141,2,1,0,1,2,44,0,33,2,8,66,1366429490,2,0,0,0,36,0,62,41,0,1,1,0,54,6,2437,0,0,0,20,evil_twin,evil_twin
1683996902,12023,297,1,2,1,0,2,44,0,826,2,8,73,2520731448,2,0,0,0,827,0,218,41,0,1,1,0,54,6,2437,0,0,0,20,evil_twin,evil_twin
1683996902,12040,298,1,2,1,0,2,44,0,827,2,8,65,1271358963,2,0,0,0,828,0,219,41,0,1,1,0,54,6,2437,0,0,0,20,evil_twin,evil_twin
1683996902,12052,297,1,2,1,0,2,44,0,828,2,8,65,735928545,2,0,0,0,829,0,218,41,0,1,1,0,54,6,2437,0,0,0,20,evil_twin,evil_twin
1683996902,12082,300,1,2,1,0,2,44,0,829,2,8,65,1859103759,2,0,0,0,830,0,221,41,0,1,1,0,54,6,2437,0,0,0,20,evil_twin,evil_twin
1683996902,12097,300,1,2,1,0,2,44,0,830,2,8,65,4263967863,2,0,0,0,831,0,221,41,0,1,1,0,54,6,2437,0,0,0,20,evil_twin,evil_twin
1683996902,12108,301,1,2,1,0,2,44,0,831,2,8,65,2089762637,2,0,0,0,832,0,222,41,0,1,1,0,54,6,2437,0,0,0,20,evil_twin,evil_twin
1683996902,12130,300,1,2,1,0,2,44,0,832,2,8,65,709020624,2,0,0,0,833,0,221,41,0,1,1,0,54,6,2437,0,0,0,20,evil_twin,evil_twin
1683996902,12140,300,1,2,1,0,2,44,0,833,2,8,65,950729617,2,0,0,0,834,0,221,41,0,1,1,0,54,6,2437,0,0,0,20,evil_twin,evil_twin
1683996903,12160,299,1,2,1,0,2,44,0,834,2,8,65,4176759532,2,0,0,0,835,0,220,41,0,1,1,0,54,6,2437,0,0,0,20,evil_twin,evil_twin
1683996903,12177,301,1,2,1,0,2,44,0,835,2,8,65,3575609891,2,0,0,0,836,0,222,41,0,1,1,0,54,6,2437,0,0,0,20,evil_twin,evil_twin
1683996903,12186,300,1,2,1,0,2,44,0,836,2,8,65,3053930792,2,0,0,0,837,0,221,41,0,1,1,0,54,6,2437,0,0,0,20,evil_twin,evil_twin
1683996903,12194,300,1,2,1,0,2,44,0,837,2,8,65,1965449706,2,0,0,0,838,0,221,41,0,1,1,0,54,6,2437,0,0,0,20,evil_twin,evil_twin
1683996903,12218,301,1,2,1,0,2,44,0,838,2,8,65,187573503,2,0,0,0,839,0,222,41,0,1,1,0,54,6,2437,0,0,0,20,evil_twin,evil_twin
1683996903,12260,301,1,2,1,0,2,44,0,839,2,8,73,4043825027,2,0,0,0,840,0,222,41,0,1,1,0,54,6,2437,0,0,0,20,evil_twin,evil_twin
1683996903,12266,301,1,2,1,0,2,44,0,839,2,8,73,4043825027,2,0,0,0,840,0,222,41,0,1,1,0,48,6,2437,0,0,0,20,evil_twin,evil_twin
1683996903,12326,300,1,2,1,0,2,44,0,840,2,8,65,2711969214,2,0,0,0,841,0,221,41,0,1,1,0,54,6,2437,0,0,0,20,evil_twin,evil_twin
1683996903,12327,300,1,2,1,0,2,44,0,840,2,8,73,567494946,2,0,0,0,841,0,221,41,0,1,1,0,54,6,2437,0,0,0,20,evil_twin,evil_twin
1683996903,12407,299,1,2,1,0,2,44,0,841,2,8,65,3251517499,2,0,0,0,842,0,220,41,0,1,1,0,54,6,2437,0,0,0,20,evil_twin,evil_twin
1683996903,12460,301,1,2,1,0,2,44,0,842,2,8,65,3807813481,2,0,0,0,843,0,222,41,0,1,1,0,54,6,2437,0,0,0,20,evil_twin,evil_twin
1683996903,12462,301,1,2,1,0,2,44,0,842,2,8,73,466564626,2,0,0,0,843,0,222,41,0,1,1,0,54,6,2437,0,0,0,20,evil_twin,evil_twin
1683996903,12507,296,1,2,1,0,2,44,0,843,2,8,65,148952734,2,0,0,0,844,0,217,41,0,1,1,0,54,6,2437,0,0,0,20,evil_twin,evil_twin
1683996904,12548,299,1,2,1,0,2,44,0,844,2,8,65,2357225527,2,0,0,0,845,0,220,41,0,1,1,0,54,6,2437,0,0,0,20,evil_twin,evil_twin
1683996904,12559,297,1,2,1,0,2,44,0,845,2,8,65,733515578,2,0,0,0,846,0,218,41,0,1,1,0,54,6,2437,0,0,0,20,evil_twin,evil_twin
1683996904,12561,297,1,2,1,0,2,44,0,845,2,8,73,1056504297,2,0,0,0,846,0,218,41,0,1,1,0,54,6,2437,0,0,0,20,evil_twin,evil_twin
1683996904,12564,125,1,2,1,0,2,44,0,846,2,8,65,2440935549,2,0,0,0,847,0,46,41,0,1,1,0,54,6,2437,0,0,0,20,evil_twin,evil_twin
1683996904,12583,298,1,2,1,0,2,44,0,847,2,8,65,2143161668,2,0,0,0,848,0,219,41,0,1,1,0,54,6,2437,0,0,0,20,evil_twin,evil_twin
1683996904,12594,297,1,2,1,0,2,44,0,848,2,8,65,3963622846,2,0,0,0,849,0,218,41,0,1,1,0,54,6,2437,0,0,0,20,evil_twin,evil_twin
1683996904,12605,297,1,2,1,0,2,44,0,849,2,8,65,3606061728,2,0,0,0,850,0,218,41,0,1,1,0,54,6,2437,0,0,0,20,evil_twin,evil_twin
1683996904,12625,297,1,2,1,0,2,44,0,850,2,8,65,3435371610,2,0,0,0,851,0,218,41,0,1,1,0,54,6,2437,0,0,0,20,evil_twin,evil_twin
1683996904,12638,297,1,2,1,0,2,44,0,851,2,8,65,3750829779,2,0,0,0,852,0,218,41,0,1,1,0,54,6,2437,0,0,0,20,evil_twin,evil_twin
1683996904,12660,298,1,2,1,0,2,44,0,852,2,8,65,3661203687,2,0,0,0,853,0,219,41,0,1,1,0,54,6,2437,0,0,0,20,evil_twin,evil_twin
1683996904,12680,297,1,2,1,0,2,44,0,853,2,8,65,981419487,2,0,0,0,854,0,218,41,0,1,1,0,54,6,2437,0,0,0,20,evil_twin,evil_twin
1683996904,12689,298,1,2,1,0,2,44,0,854,2,8,65,98384692,2,0,0,0,855,0,219,41,0,1,1,0,54,6,2437,0,0,0,20,evil_twin,evil_twin
1683996905,12713,297,1,2,1,0,2,44,0,855,2,8,65,4047252502,2,0,0,0,856,0,218,41,0,1,1,0,54,6,2437,0,0,0,20,evil_twin,evil_twin
1683996905,12734,299,1,2,1,0,2,44,0,856,2,8,65,1861319101,2,0,0,0,857,0,220,41,0,1,1,0,54,6,2437,0,0,0,20,evil_twin,evil_twin
1683996905,12754,297,1,2,1,0,2,44,0,857,2,8,65,363638509,2,0,0,0,858,0,218,41,0,1,1,0,54,6,2437,0,0,0,20,evil_twin,evil_twin
1683996905,12769,298,1,2,1,0,2,44,0,858,2,8,65,3439241048,2,0,0,0,859,0,219,41,0,1,1,0,54,6,2437,0,0,0,20,evil_twin,evil_twin
1683996905,12779,297,1,2,1,0,2,44,0,859,2,8,65,1836231710,2,0,0,0,860,0,218,41,0,1,1,0,54,6,2437,0,0,0,20,evil_twin,evil_twin
1683996905,12790,299,1,2,1,0,2,44,0,860,2,8,65,1315568807,2,0,0,0,861,0,220,41,0,1,1,0,54,6,2437,0,0,0,20,evil_twin,evil_twin
1683996905,12802,298,1,2,1,0,2,44,0,861,2,8,65,1989425209,2,0,0,0,862,0,219,41,0,1,1,0,54,6,2437,0,0,0,20,evil_twin,evil_twin
1683996905,12810,297,1,2,1,0,2,44,0,862,2,8,65,2799551640,2,0,0,0,863,0,218,41,0,1,1,0,54,6,2437,0,0,0,20,evil_twin,evil_twin
1683996905,12826,298,1,2,1,0,2,44,0,863,2,8,65,382353936,2,0,0,0,864,0,219,41,0,1,1,0,54,6,2437,0,0,0,20,evil_twin,evil_twin
1683996905,12839,298,1,2,1,0,2,44,0,864,2,8,65,4192000580,2,0,0,0,865,0,219,41,0,1,1,0,54,6,2437,0,0,0,20,evil_twin,evil_twin
1683996906,12856,298,1,2,1,0,2,44,0,865,2,8,65,204223537,2,0,0,0,866,0,219,41,0,1,1,0,54,6,2437,0,0,0,20,evil_twin,evil_twin
1683996906,12870,300,1,2,1,0,2,44,0,866,2,8,65,4243834082,2,0,0,0,867,0,221,41,0,1,1,0,54,6,2437,0,0,0,20,evil_twin,evil_twin
1683996906,12887,298,1,2,1,0,2,44,0,867,2,8,65,1359051218,2,0,0,0,868,0,219,41,0,1,1,0,54,6,2437,0,0,0,20,evil_twin,evil_twin
1683996906,12907,299,1,2,1,0,2,44,0,868,2,8,65,3643476981,2,0,0,0,869,0,220,41,0,1,1,0,54,6,2437,0,0,0,20,evil_twin,evil_twin
1683996906,12920,298,1,2,1,0,2,44,0,869,2,8,65,1064637430,2,0,0,0,870,0,219,41,0,1,1,0,54,6,2437,0,0,0,20,evil_twin,evil_twin
1683996906,12930,295,1,2,1,0,2,44,0,870,2,8,65,3891996574,2,0,0,0,871,0,216,41,0,1,1,0,54,6,2437,0,0,0,20,evil_twin,evil_twin
1683996906,12948,296,1,2,1,0,2,44,0,871,2,8,65,2548833541,2,0,0,0,872,0,217,41,0,1,1,0,54,6,2437,0,0,0,20,evil_twin,evil_twin
1683996906,12967,141,2,1,0,1,2,44,0,34,2,8,66,1569323124,2,0,0,0,37,0,62,41,0,1,1,0,54,6,2437,0,0,0,20,evil_twin,evil_twin
1683996906,12970,141,1,2,1,0,2,44,0,872,2,8,65,2461557708,2,0,0,0,873,0,62,41,0,1,1,0,54,6,2437,0,0,0,20,evil_twin,evil_twin
1683996906,12986,295,1,2,1,0,2,44,0,873,2,8,65,1974753488,2,0,0,0,874,0,216,41,0,1,1,0,54,6,2437,0,0,0,20,evil_twin,evil_twin
1683996906,13016,297,1,2,1,0,2,44,0,874,2,8,65,3606758408,2,0,0,0,875,0,218,41,0,1,1,0,54,6,2437,0,0,0,20,evil_twin,evil_twin
1683996906,13037,297,1,2,1,0,2,44,0,875,2,8,65,3525120166,2,0,0,0,876,0,218,41,0,1,1,0,54,6,2437,0,0,0,20,evil_twin,evil_twin
1683996907,13048,297,1,2,1,0,2,44,0,876,2,8,65,3218612099,2,0,0,0,877,0,218,41,0,1,1,0,54,6,2437,0,0,0,20,evil_twin,evil_twin
1683996907,13059,296,1,2,1,0,2,44,0,877,2,8,65,3033127709,2,0,0,0,878,0,217,41,0,1,1,0,54,6,2437,0,0,0,20,evil_twin,evil_twin
1683996907,13089,299,1,2,1,0,2,44,0,878,2,8,65,3149479976,2,0,0,0,879,0,220,41,0,1,1,0,54,6,2437,0,0,0,20,evil_twin,evil_twin
1683996907,13101,298,1,2,1,0,2,44,0,879,2,8,65,3739597917,2,0,0,0,880,0,219,41,0,1,1,0,54,6,2437,0,0,0,20,evil_twin,evil_twin
1683996907,13112,297,1,2,1,0,2,44,0,880,2,8,65,1079501216,2,0,0,0,881,0,218,41,0,1,1,0,54,6,2437,0,0,0,20,evil_twin,evil_twin
1683996907,13141,298,1,2,1,0,2,44,0,881,2,8,65,4123150307,2,0,0,0,882,0,219,41,0,1,1,0,54,6,2437,0,0,0,20,evil_twin,evil_twin
1683996907,13194,298,1,2,1,0,2,44,0,882,2,8,65,369441067,2,0,0,0,883,0,219,41,0,1,1,0,54,6,2437,0,0,0,20,evil_twin,evil_twin
1683996907,13246,298,1,2,1,0,2,44,0,883,2,8,65,1975918992,2,0,0,0,884,0,219,41,0,1,1,0,54,6,2437,0,0,0,20,evil_twin,evil_twin
1683996907,13293,299,1,2,1,0,2,44,0,884,2,8,65,2562885613,2,0,0,0,885,0,220,41,0,1,1,0,54,6,2437,0,0,0,20,evil_twin,evil_twin
1683996907,13353,298,1,2,1,0,2,44,0,885,2,8,65,3313625041,2,0,0,0,886,0,219,41,0,1,1,0,54,6,2437,0,0,0,20,evil_twin,evil_twin
1683996908,13412,297,1,2,1,0,2,44,0,886,2,8,65,2843597859,2,0,0,0,887,0,218,41,0,1,1,0,54,6,2437,0,0,0,20,evil_twin,evil_twin
1683996908,13464,298,1,2,1,0,2,44,0,887,2,8,65,3301342925,2,0,0,0,888,0,219,41,0,1,1,0,54,6,2437,0,0,0,20,evil_twin,evil_twin
1683996908,13493,297,1,2,1,0,2,44,0,889,2,8,65,1147420009,2,0,0,0,890,0,218,41,0,1,1,0,54,6,2437,0,0,0,20,evil_twin,evil_twin
1683996908,13506,297,1,2,1,0,2,44,0,890,2,8,65,620833588,2,0,0,0,891,0,218,41,0,1,1,0,54,6,2437,0,0,0,20,evil_twin,evil_twin
1683996908,13524,298,1,2,1,0,2,44,0,891,2,8,65,2210344272,2,0,0,0,892,0,219,41,0,1,1,0,54,6,2437,0,0,0,20,evil_twin,evil_twin
1683996908,13551,298,1,2,1,0,2,44,0,893,2,8,65,2162479708,2,0,0,0,894,0,219,41,0,1,1,0,54,6,2437,0,0,0,20,evil_twin,evil_twin
1683996908,13568,299,1,2,1,0,2,44,0,894,2,8,65,4274934759,2,0,0,0,895,0,220,41,0,1,1,0,54,6,2437,0,0,0,20,evil_twin,evil_twin
1683996908,13574,298,1,2,1,0,2,44,0,895,2,8,65,1024072494,2,0,0,0,896,0,219,41,0,1,1,0,54,6,2437,0,0,0,20,evil_twin,evil_twin
1683996909,13599,299,1,2,1,0,2,44,0,896,2,8,65,3865884841,2,0,0,0,897,0,220,41,0,1,1,0,54,6,2437,0,0,0,20,evil_twin,evil_twin
1683996909,13619,299,1,2,1,0,2,44,0,897,2,8,65,3441840965,2,0,0,0,898,0,220,41,0,1,1,0,54,6,2437,0,0,0,20,evil_twin,evil_twin
1683996909,13630,298,1,2,1,0,2,44,0,898,2,8,65,3537577493,2,0,0,0,899,0,219,41,0,1,1,0,54,6,2437,0,0,0,20,evil_twin,evil_twin
1683996909,13642,298,1,2,1,0,2,44,0,899,2,8,65,2878142782,2,0,0,0,900,0,219,41,0,1,1,0,54,6,2437,0,0,0,20,evil_twin,evil_twin
1683996909,13657,297,1,2,1,0,2,44,0,900,2,8,65,420836867,2,0,0,0,901,0,218,41,0,1,1,0,54,6,2437,0,0,0,20,evil_twin,evil_twin
1683996909,13668,297,1,2,1,0,2,44,0,901,2,8,65,4116460095,2,0,0,0,902,0,218,41,0,1,1,0,54,6,2437,0,0,0,20,evil_twin,evil_twin
1683996909,13697,297,1,2,1,0,2,44,0,902,2,8,65,3337418222,2,0,0,0,903,0,218,41,0,1,1,0,54,6,2437,0,0,0,20,evil_twin,evil_twin
1683996909,13733,295,1,2,1,0,2,44,0,903,2,8,65,1729165832,2,0,0,0,904,0,216,41,0,1,1,0,54,6,2437,0,0,0,20,evil_twin,evil_twin
1683996909,13752,295,1,2,1,0,2,44,0,904,2,8,65,46852813,2,0,0,0,905,0,216,41,0,1,1,0,54,6,2437,0,0,0,20,evil_twin,evil_twin
1683996909,13764,298,1,2,1,0,2,44,0,905,2,8,65,1724225831,2,0,0,0,906,0,219,41,0,1,1,0,54,6,2437,0,0,0,20,evil_twin,evil_twin
1683996910,13779,298,1,2,1,0,2,44,0,906,2,8,65,1167746976,2,0,0,0,907,0,219,41,0,1,1,0,54,6,2437,0,0,0,20,evil_twin,evil_twin
1683996910,13793,297,1,2,1,0,2,44,0,907,2,8,65,675124884,2,0,0,0,908,0,218,41,0,1,1,0,54,6,2437,0,0,0,20,evil_twin,evil_twin
1683996910,13819,296,1,2,1,0,2,44,0,908,2,8,65,76748413,2,0,0,0,909,0,217,41,0,1,1,0,54,6,2437,0,0,0,20,evil_twin,evil_twin
1683996910,13826,296,1,2,1,0,2,44,0,909,2,8,65,1539416572,2,0,0,0,910,0,217,41,0,1,1,0,54,6,2437,0,0,0,20,evil_twin,evil_twin
1683996910,13837,298,1,2,1,0,2,44,0,910,2,8,65,1204242996,2,0,0,0,911,0,219,41,0,1,1,0,54,6,2437,0,0,0,20,evil_twin,evil_twin
1683996910,13844,297,1,2,1,0,2,44,0,911,2,8,65,1437808833,2,0,0,0,912,0,218,41,0,1,1,0,54,6,2437,0,0,0,20,evil_twin,evil_twin
1683996910,13849,298,1,2,1,0,2,44,0,912,2,8,65,3790258163,2,0,0,0,913,0,219,41,0,1,1,0,54,6,2437,0,0,0,20,evil_twin,evil_twin
1683996910,13859,298,1,2,1,0,2,44,0,913,2,8,65,1805182955,2,0,0,0,914,0,219,41,0,1,1,0,54,6,2437,0,0,0,20,evil_twin,evil_twin
1683996910,13866,298,1,2,1,0,2,44,0,914,2,8,65,2913127672,2,0,0,0,915,0,219,41,0,1,1,0,54,6,2437,0,0,0,20,evil_twin,evil_twin
1683996910,13874,296,1,2,1,0,2,44,0,915,2,8,65,202773162,2,0,0,0,916,0,217,41,0,1,1,0,54,6,2437,0,0,0,20,evil_twin,evil_twin
1683996911,13888,297,1,2,1,0,2,44,0,916,2,8,65,3132475885,2,0,0,0,917,0,218,41,0,1,1,0,54,6,2437,0,0,0,20,evil_twin,evil_twin
1683996911,13895,298,1,2,1,0,2,44,0,917,2,8,65,162370421,2,0,0,0,918,0,219,41,0,1,1,0,54,6,2437,0,0,0,20,evil_twin,evil_twin
1683996911,13935,297,1,2,1,0,2,44,0,918,2,8,65,3376783017,2,0,0,0,919,0,218,41,0,1,1,0,54,6,2437,0,0,0,20,evil_twin,evil_twin
1683996911,13948,298,1,2,1,0,2,44,0,919,2,8,65,3733363416,2,0,0,0,920,0,219,41,0,1,1,0,54,6,2437,0,0,0,20,evil_twin,evil_twin
1683996911,13955,297,1,2,1,0,2,44,0,920,2,8,65,2782401401,2,0,0,0,921,0,218,41,0,1,1,0,54,6,2437,0,0,0,20,evil_twin,evil_twin
1683996911,13969,297,1,2,1,0,2,44,0,921,2,8,65,3198373575,2,0,0,0,922,0,218,41,0,1,1,0,54,6,2437,0,0,0,20,evil_twin,evil_twin
1683996911,13980,298,1,2,1,0,2,44,0,922,2,8,65,1946829996,2,0,0,0,923,0,219,41,0,1,1,0,54,6,2437,0,0,0,20,evil_twin,evil_twin
1683996911,13985,297,1,2,1,0,2,44,0,923,2,8,65,399543046,2,0,0,0,924,0,218,41,0,1,1,0,54,6,2437,0,0,0,20,evil_twin,evil_twin
1683996912,14006,297,1,2,1,0,2,44,0,925,2,8,65,749787830,2,0,0,0,926,0,218,41,0,1,1,0,54,6,2437,0,0,0,20,evil_twin,evil_twin
1683996912,14021,297,1,2,1,0,2,44,0,926,2,8,65,3503193251,2,0,0,0,927,0,218,41,0,1,1,0,54,6,2437,0,0,0,20,evil_twin,evil_twin
1683996912,14035,141,2,1,0,1,2,44,0,35,2,8,74,3942682025,2,0,0,0,38,0,62,41,0,1,1,0,54,6,2437,0,0,0,20,evil_twin,evil_twin
1683996912,14045,296,1,2,1,0,2,44,0,927,2,8,65,2788937321,2,0,0,0,928,0,217,41,0,1,1,0,54,6,2437,0,0,0,20,evil_twin,evil_twin
1683996912,14051,297,1,2,1,0,2,44,0,928,2,8,65,949409226,2,0,0,0,929,0,218,41,0,1,1,0,54,6,2437,0,0,0,20,evil_twin,evil_twin
1683996912,14070,298,1,2,1,0,2,44,0,929,2,8,65,2201851269,2,0,0,0,930,0,219,41,0,1,1,0,54,6,2437,0,0,0,20,evil_twin,evil_twin
1683996912,14080,296,1,2,1,0,2,44,0,930,2,8,65,3147922784,2,0,0,0,931,0,217,41,0,1,1,0,54,6,2437,0,0,0,20,evil_twin,evil_twin
1683996912,14086,298,1,2,1,0,2,44,0,931,2,8,65,1909675752,2,0,0,0,932,0,219,41,0,1,1,0,54,6,2437,0,0,0,20,evil_twin,evil_twin
1683996912,14096,298,1,2,1,0,2,44,0,932,2,8,65,1482348394,2,0,0,0,933,0,219,41,0,1,1,0,54,6,2437,0,0,0,20,evil_twin,evil_twin
1683996912,14109,297,1,2,1,0,2,44,0,933,2,8,65,278079733,2,0,0,0,934,0,218,41,0,1,1,0,54,6,2437,0,0,0,20,evil_twin,evil_twin
1683996912,14118,296,1,2,1,0,2,44,0,934,2,8,65,2298997382,2,0,0,0,935,0,217,41,0,1,1,0,54,6,2437,0,0,0,20,evil_twin,evil_twin
1683996912,14127,297,1,2,1,0,2,44,0,935,2,8,65,2391838216,2,0,0,0,936,0,218,41,0,1,1,0,54,6,2437,0,0,0,20,evil_twin,evil_twin
1683996913,14134,298,1,2,1,0,2,44,0,936,2,8,65,1005118797,2,0,0,0,937,0,219,41,0,1,1,0,54,6,2437,0,0,0,20,evil_twin,evil_twin
1683996913,14151,297,1,2,1,0,2,44,0,937,2,8,65,2629072559,2,0,0,0,938,0,218,41,0,1,1,0,54,6,2437,0,0,0,20,evil_twin,evil_twin
1683996913,14163,299,1,2,1,0,2,44,0,938,2,8,65,2462797630,2,0,0,0,939,0,220,41,0,1,1,0,54,6,2437,0,0,0,20,evil_twin,evil_twin
1683996913,14168,298,1,2,1,0,2,44,0,939,2,8,65,3123771437,2,0,0,0,940,0,219,41,0,1,1,0,54,6,2437,0,0,0,20,evil_twin,evil_twin
1683996913,14179,296,1,2,1,0,2,44,0,940,2,8,65,271143297,2,0,0,0,941,0,217,41,0,1,1,0,54,6,2437,0,0,0,20,evil_twin,evil_twin
1683996913,14193,297,1,2,1,0,2,44,0,942,2,8,65,3084850292,2,0,0,0,943,0,218,41,0,1,1,0,54,6,2437,0,0,0,20,evil_twin,evil_twin
1683996913,14215,298,1,2,1,0,2,44,0,943,2,8,65,162412071,2,0,0,0,944,0,219,41,0,1,1,0,54,6,2437,0,0,0,20,evil_twin,evil_twin
1683996913,14222,298,1,2,1,0,2,44,0,944,2,8,65,1168492851,2,0,0,0,945,0,219,41,0,1,1,0,54,6,2437,0,0,0,20,evil_twin,evil_twin
1683996914,14230,300,1,2,1,0,2,44,0,945,2,8,65,349195918,2,0,0,0,946,0,221,41,0,1,1,0,54,6,2437,0,0,0,20,evil_twin,evil_twin
1683996914,14243,125,1,2,1,0,2,44,0,946,2,8,65,728795090,2,0,0,0,947,0,46,41,0,1,1,0,54,6,2437,0,0,0,20,evil_twin,evil_twin
1683996914,14246,299,1,2,1,0,2,44,0,947,2,8,65,967165820,2,0,0,0,948,0,220,41,0,1,1,0,54,6,2437,0,0,0,20,evil_twin,evil_twin
1683996914,14248,299,1,2,1,0,2,44,0,947,2,8,73,718704873,2,0,0,0,948,0,220,41,0,1,1,0,54,6,2437,0,0,0,20,evil_twin,evil_twin
1683996914,14260,298,1,2,1,0,2,44,0,948,2,8,65,2867934133,2,0,0,0,949,0,219,41,0,1,1,0,54,6,2437,0,0,0,20,evil_twin,evil_twin
1683996914,14271,300,1,2,1,0,2,44,0,949,2,8,65,1951484344,2,0,0,0,950,0,221,41,0,1,1,0,54,6,2437,0,0,0,20,evil_twin,evil_twin
1683996914,14280,299,1,2,1,0,2,44,0,950,2,8,65,178287442,2,0,0,0,951,0,220,41,0,1,1,0,54,6,2437,0,0,0,20,evil_twin,evil_twin
1683996914,14284,296,1,2,1,0,2,44,0,951,2,8,65,1226630184,2,0,0,0,952,0,217,41,0,1,1,0,54,6,2437,0,0,0,20,evil_twin,evil_twin
1683996914,14296,300,1,2,1,0,2,44,0,952,2,8,65,519398239,2,0,0,0,953,0,221,41,0,1,1,0,54,6,2437,0,0,0,20,evil_twin,evil_twin
1683996914,14317,299,1,2,1,0,2,44,0,953,2,8,65,3538917935,2,0,0,0,954,0,220,41,0,1,1,0,54,6,2437,0,0,0,20,evil_twin,evil_twin
1683996914,14328,299,1,2,1,0,2,44,0,954,2,8,65,4227924996,2,0,0,0,955,0,220,41,0,1,1,0,54,6,2437,0,0,0,20,evil_twin,evil_twin
1683996914,14355,299,1,2,1,0,2,44,0,955,2,8,65,26426947,2,0,0,0,956,0,220,41,0,1,1,0,54,6,2437,0,0,0,20,evil_twin,evil_twin
1683996915,14367,297,1,2,1,0,2,44,0,956,2,8,65,2267962457,2,0,0,0,957,0,218,41,0,1,1,0,54,6,2437,0,0,0,20,evil_twin,evil_twin
1683996915,14374,296,1,2,1,0,2,44,0,957,2,8,65,1859519497,2,0,0,0,958,0,217,41,0,1,1,0,54,6,2437,0,0,0,20,evil_twin,evil_twin
1683996915,14382,298,1,2,1,0,2,44,0,958,2,8,65,2119848328,2,0,0,0,959,0,219,41,0,1,1,0,54,6,2437,0,0,0,20,evil_twin,evil_twin
1683996915,14390,297,1,2,1,0,2,44,0,959,2,8,65,883106026,2,0,0,0,960,0,218,41,0,1,1,0,54,6,2437,0,0,0,20,evil_twin,evil_twin
1683996915,14398,298,1,2,1,0,2,44,0,960,2,8,65,253478905,2,0,0,0,961,0,219,41,0,1,1,0,54,6,2437,0,0,0,20,evil_twin,evil_twin
1683996915,14427,297,1,2,1,0,2,44,0,961,2,8,65,2642302101,2,0,0,0,962,0,218,41,0,1,1,0,54,6,2437,0,0,0,20,evil_twin,evil_twin
1683996915,14438,297,1,2,1,0,2,44,0,962,2,8,65,3957141076,2,0,0,0,963,0,218,41,0,1,1,0,54,6,2437,0,0,0,20,evil_twin,evil_twin
1683996915,14445,297,1,2,1,0,2,44,0,963,2,8,65,3127422592,2,0,0,0,964,0,218,41,0,1,1,0,54,6,2437,0,0,0,20,evil_twin,evil_twin
1683996915,14478,298,1,2,1,0,2,44,0,964,2,8,65,575653732,2,0,0,0,965,0,219,41,0,1,1,0,54,6,2437,0,0,0,20,evil_twin,evil_twin
1683996915,14490,296,1,2,1,0,2,44,0,965,2,8,65,3649852615,2,0,0,0,966,0,217,41,0,1,1,0,54,6,2437,0,0,0,20,evil_twin,evil_twin
1683996915,14502,298,1,2,1,0,2,44,0,966,2,8,65,644716989,2,0,0,0,967,0,219,41,0,1,1,0,54,6,2437,0,0,0,20,evil_twin,evil_twin
1683996916,14512,297,1,2,1,0,2,44,0,967,2,8,65,3581615573,2,0,0,0,968,0,218,41,0,1,1,0,54,6,2437,0,0,0,20,evil_twin,evil_twin
1683996916,14522,297,1,2,1,0,2,44,0,968,2,8,65,1436418559,2,0,0,0,969,0,218,41,0,1,1,0,54,6,2437,0,0,0,20,evil_twin,evil_twin
1683996916,14535,297,1,2,1,0,2,44,0,969,2,8,65,4098634951,2,0,0,0,970,0,218,41,0,1,1,0,54,6,2437,0,0,0,20,evil_twin,evil_twin
1683996916,14545,298,1,2,1,0,2,44,0,970,2,8,65,1219245030,2,0,0,0,971,0,219,41,0,1,1,0,54,6,2437,0,0,0,20,evil_twin,evil_twin
1683996916,14554,298,1,2,1,0,2,44,0,971,2,8,65,3093367108,2,0,0,0,972,0,219,41,0,1,1,0,54,6,2437,0,0,0,20,evil_twin,evil_twin
1683996916,14565,299,1,2,1,0,2,44,0,972,2,8,65,1391461392,2,0,0,0,973,0,220,41,0,1,1,0,54,6,2437,0,0,0,20,evil_twin,evil_twin
1683996916,14574,298,1,2,1,0,2,44,0,973,2,8,65,2277083096,2,0,0,0,974,0,219,41,0,1,1,0,54,6,2437,0,0,0,20,evil_twin,evil_twin
1683996916,14584,298,1,2,1,0,2,44,0,974,2,8,65,433435928,2,0,0,0,975,0,219,41,0,1,1,0,54,6,2437,0,0,0,20,evil_twin,evil_twin
1683996916,14594,298,1,2,1,0,2,44,0,975,2,8,65,1610236850,2,0,0,0,976,0,219,41,0,1,1,0,54,6,2437,0,0,0,20,evil_twin,evil_twin
1683996917,14604,299,1,2,1,0,2,44,0,976,2,8,65,2060361670,2,0,0,0,977,0,220,41,0,1,1,0,54,6,2437,0,0,0,20,evil_twin,evil_twin
1683996917,14611,297,1,2,1,0,2,44,0,977,2,8,65,4135114126,2,0,0,0,978,0,218,41,0,1,1,0,54,6,2437,0,0,0,20,evil_twin,evil_twin
1683996917,14621,297,1,2,1,0,2,44,0,978,2,8,65,2310449522,2,0,0,0,979,0,218,41,0,1,1,0,54,6,2437,0,0,0,20,evil_twin,evil_twin
1683996917,14632,297,1,2,1,0,2,44,0,979,2,8,65,1691406896,2,0,0,0,980,0,218,41,0,1,1,0,54,6,2437,0,0,0,20,evil_twin,evil_twin
1683996917,14642,299,1,2,1,0,2,44,0,980,2,8,65,768397903,2,0,0,0,981,0,220,41,0,1,1,0,54,6,2437,0,0,0,20,evil_twin,evil_twin
1683996917,14681,299,1,2,1,0,2,44,0,981,2,8,65,2135025005,2,0,0,0,982,0,220,41,0,1,1,0,54,6,2437,0,0,0,20,evil_twin,evil_twin
1683996917,14739,295,1,2,1,0,2,44,0,982,2,8,65,3672762671,2,0,0,0,983,0,216,41,0,1,1,0,54,6,2437,0,0,0,20,evil_twin,evil_twin
1683996917,14857,297,1,2,1,0,2,44,0,984,2,8,65,3628166142,2,0,0,0,985,0,218,41,0,1,1,0,54,6,2437,0,0,0,20,evil_twin,evil_twin
1683996917,14917,297,1,2,1,0,2,44,0,985,2,8,65,4173217759,2,0,0,0,986,0,218,41,0,1,1,0,54,6,2437,0,0,0,20,evil_twin,evil_twin
1683996918,14956,299,1,2,1,0,2,44,0,986,2,8,65,481279506,2,0,0,0,987,0,220,41,0,1,1,0,54,6,2437,0,0,0,20,evil_twin,evil_twin
1683996918,14966,299,1,2,1,0,2,44,0,987,2,8,65,1811708464,2,0,0,0,988,0,220,41,0,1,1,0,54,6,2437,0,0,0,20,evil_twin,evil_twin
1683996918,15007,299,1,2,1,0,2,44,0,988,2,8,65,1396402741,2,0,0,0,989,0,220,41,0,1,1,0,54,6,2437,0,0,0,20,evil_twin,evil_twin
1683996918,15054,298,1,2,1,0,2,44,0,989,2,8,65,671086052,2,0,0,0,990,0,219,41,0,1,1,0,54,6,2437,0,0,0,20,evil_twin,evil_twin
1683996918,15107,296,1,2,1,0,2,44,0,990,2,8,65,2712489355,2,0,0,0,991,0,217,41,0,1,1,0,54,6,2437,0,0,0,20,evil_twin,evil_twin
1683996918,15169,298,1,2,1,0,2,44,0,991,2,8,65,2086111087,2,0,0,0,992,0,219,41,0,1,1,0,54,6,2437,0,0,0,20,evil_twin,evil_twin
1683996918,15237,298,1,2,1,0,2,44,0,992,2,8,65,1895098244,2,0,0,0,993,0,219,41,0,1,1,0,54,6,2437,0,0,0,20,evil_twin,evil_twin
1683996918,15280,297,1,2,1,0,2,44,0,993,2,8,65,3399690583,2,0,0,0,994,0,218,41,0,1,1,0,54,6,2437,0,0,0,20,evil_twin,evil_twin
1683996918,15295,299,1,2,1,0,2,44,0,994,2,8,65,146857128,2,0,0,0,995,0,220,41,0,1,1,0,54,6,2437,0,0,0,20,evil_twin,evil_twin
1683996918,15347,298,1,2,1,0,2,44,0,995,2,8,65,3254292351,2,0,0,0,996,0,219,41,0,1,1,0,54,6,2437,0,0,0,20,evil_twin,evil_twin
1683996919,15421,299,1,2,1,0,2,44,0,996,2,8,65,1867627764,2,0,0,0,997,0,220,41,0,1,1,0,54,6,2437,0,0,0,20,evil_twin,evil_twin
1683996919,15485,298,1,2,1,0,2,44,0,997,2,8,65,2606748367,2,0,0,0,998,0,219,41,0,1,1,0,54,6,2437,0,0,0,20,evil_twin,evil_twin
1683996919,15548,298,1,2,1,0,2,44,0,998,2,8,65,641211674,2,0,0,0,999,0,219,41,0,1,1,0,54,6,2437,0,0,0,20,evil_twin,evil_twin
1683996919,15578,298,1,2,1,0,2,44,0,999,2,8,65,814917485,2,0,0,0,1000,0,219,41,0,1,1,0,54,6,2437,0,0,0,20,evil_twin,evil_twin
1683996919,15632,299,1,2,1,0,2,44,0,1000,2,8,65,2142014104,2,0,0,0,1001,0,220,41,0,1,1,0,54,6,2437,0,0,0,20,evil_twin,evil_twin
1683996919,15656,298,1,2,1,0,2,44,0,1001,2,8,65,3433996731,2,0,0,0,1002,0,219,41,0,1,1,0,54,6,2437,0,0,0,20,evil_twin,evil_twin
1683996919,15665,297,1,2,1,0,2,44,0,1002,2,8,65,3599325778,2,0,0,0,1003,0,218,41,0,1,1,0,54,6,2437,0,0,0,20,evil_twin,evil_twin
1683996919,15693,298,1,2,1,0,2,44,0,1003,2,8,65,861158478,2,0,0,0,1004,0,219,41,0,1,1,0,54,6,2437,0,0,0,20,evil_twin,evil_twin
1683996919,15740,298,1,2,1,0,2,44,0,1004,2,8,65,1841428391,2,0,0,0,1005,0,219,41,0,1,1,0,54,6,2437,0,0,0,20,evil_twin,evil_twin
1683996919,15794,298,1,2,1,0,2,44,0,1005,2,8,65,1655069294,2,0,0,0,1006,0,219,41,0,1,1,0,54,6,2437,0,0,0,20,evil_twin,evil_twin
1683996919,15796,298,1,2,1,0,2,44,0,1005,2,8,73,2104072566,2,0,0,0,1006,0,219,41,0,1,1,0,54,6,2437,0,0,0,20,evil_twin,evil_twin
1683996920,15844,297,1,2,1,0,2,44,0,1006,2,8,65,1185702359,2,0,0,0,1007,0,218,41,0,1,1,0,54,6,2437,0,0,0,20,evil_twin,evil_twin
1683996920,15846,297,1,2,1,0,2,44,0,1006,2,8,73,1407981316,2,0,0,0,1007,0,218,41,0,1,1,0,54,6,2437,0,0,0,20,evil_twin,evil_twin
1683996920,15912,299,1,2,1,0,2,44,0,1007,2,8,65,3223537514,2,0,0,0,1008,0,220,41,0,1,1,0,54,6,2437,0,0,0,20,evil_twin,evil_twin
1683996920,15979,298,1,2,1,0,2,44,0,1008,2,8,65,2287410437,2,0,0,0,1009,0,219,41,0,1,1,0,54,6,2437,0,0,0,20,evil_twin,evil_twin
1683996920,15981,298,1,2,1,0,2,44,0,1008,2,8,73,2543377949,2,0,0,0,1009,0,219,41,0,1,1,0,54,6,2437,0,0,0,20,evil_twin,evil_twin
1683996920,15983,298,1,2,1,0,2,44,0,1008,2,8,73,2543377949,2,0,0,0,1009,0,219,41,0,1,1,0,48,6,2437,0,0,0,20,evil_twin,evil_twin
1683996920,16006,299,1,2,1,0,2,44,0,1009,2,8,65,298589406,2,0,0,0,1010,0,220,41,0,1,1,0,54,6,2437,0,0,0,20,evil_twin,evil_twin
1683996920,16017,297,1,2,1,0,2,44,0,1010,2,8,65,986534260,2,0,0,0,1011,0,218,41,0,1,1,0,54,6,2437,0,0,0,20,evil_twin,evil_twin
1683996920,16053,298,1,2,1,0,2,44,0,1011,2,8,65,1477585517,2,0,0,0,1012,0,219,41,0,1,1,0,54,6,2437,0,0,0,20,evil_twin,evil_twin
1683996920,16109,298,1,2,1,0,2,44,0,1012,2,8,65,3196159429,2,0,0,0,1013,0,219,41,0,1,1,0,54,6,2437,0,0,0,20,evil_twin,evil_twin
1683996920,16111,298,1,2,1,0,2,44,0,1012,2,8,73,2706261725,2,0,0,0,1013,0,219,41,0,1,1,0,54,6,2437,0,0,0,20,evil_twin,evil_twin
1683996920,16115,298,1,2,1,0,2,44,0,1012,2,8,73,2706261725,2,0,0,0,1013,0,219,41,0,1,1,0,48,6,2437,0,0,0,20,evil_twin,evil_twin
1683996920,16117,298,1,2,1,0,2,44,0,1012,2,8,73,2706261725,2,0,0,0,1013,0,219,41,0,1,1,0,48,6,2437,0,0,0,20,evil_twin,evil_twin
1683996920,16120,298,1,2,1,0,2,44,0,1012,2,8,73,2706261725,2,0,0,0,1013,0,219,41,0,1,1,0,36,6,2437,0,0,0,20,evil_twin,evil_twin
1683996920,16123,298,1,2,1,0,2,44,0,1012,2,8,73,2706261725,2,0,0,0,1013,0,219,41,0,1,1,0,36,6,2437,0,0,0,20,evil_twin,evil_twin
1683996920,16126,298,1,2,1,0,2,320,0,1012,2,8,73,1770599728,2,0,0,0,1013,0,219,41,0,1,0,1,1,6,2437,0,0,0,192,evil_twin,evil_twin
1683996920,16165,299,1,2,1,0,2,44,0,1013,2,8,65,2486452202,2,0,0,0,1014,0,220,41,0,1,1,0,54,6,2437,0,0,0,20,evil_twin,evil_twin
1683996920,16167,299,1,2,1,0,2,44,0,1013,2,8,73,2269603967,2,0,0,0,1014,0,220,41,0,1,1,0,54,6,2437,0,0,0,20,evil_twin,evil_twin
1683996920,16169,299,1,2,1,0,2,44,0,1013,2,8,73,2269603967,2,0,0,0,1014,0,220,41,0,1,1,0,48,6,2437,0,0,0,20,evil_twin,evil_twin
1683996920,16171,299,1,2,1,0,2,44,0,1013,2,8,73,2269603967,2,0,0,0,1014,0,220,41,0,1,1,0,48,6,2437,0,0,0,20,evil_twin,evil_twin
1683996920,16173,299,1,2,1,0,2,44,0,1013,2,8,73,2269603967,2,0,0,0,1014,0,220,41,0,1,1,0,36,6,2437,0,0,0,20,evil_twin,evil_twin
1683996920,16175,299,1,2,1,0,2,44,0,1013,2,8,73,2269603967,2,0,0,0,1014,0,220,41,0,1,1,0,36,6,2437,0,0,0,20,evil_twin,evil_twin
1683996920,16214,298,1,2,1,0,2,44,0,1014,2,8,65,3422162257,2,0,0,0,1015,0,219,41,0,1,1,0,54,6,2437,0,0,0,20,evil_twin,evil_twin
1683996920,16216,298,1,2,1,0,2,44,0,1014,2,8,73,3560296009,2,0,0,0,1015,0,219,41,0,1,1,0,54,6,2437,0,0,0,20,evil_twin,evil_twin
1683996920,16252,298,1,2,1,0,2,44,0,1015,2,8,65,3133412875,2,0,0,0,1016,0,219,41,0,1,1,0,54,6,2437,0,0,0,20,evil_twin,evil_twin
1683996921,16300,297,1,2,1,0,2,44,0,1016,2,8,65,1748337408,2,0,0,0,1017,0,218,41,0,1,1,0,54,6,2437,0,0,0,20,evil_twin,evil_twin
1683996921,16344,298,1,2,1,0,2,44,0,1017,2,8,65,2013215183,2,0,0,0,1018,0,219,41,0,1,1,0,48,6,2437,0,0,0,20,evil_twin,evil_twin
1683996921,16385,297,1,2,1,0,2,44,0,1018,2,8,65,1446605589,2,0,0,0,1019,0,218,41,0,1,1,0,48,6,2437,0,0,0,20,evil_twin,evil_twin
1683996921,16387,297,1,2,1,0,2,44,0,1018,2,8,73,1132004806,2,0,0,0,1019,0,218,41,0,1,1,0,48,6,2437,0,0,0,20,evil_twin,evil_twin
1683996921,16389,297,1,2,1,0,2,44,0,1018,2,8,73,1132004806,2,0,0,0,1019,0,218,41,0,1,1,0,36,6,2437,0,0,0,20,evil_twin,evil_twin
1683996921,16398,298,1,2,1,0,2,44,0,1019,2,8,65,451789182,2,0,0,0,1020,0,219,41,0,1,1,0,48,6,2437,0,0,0,20,evil_twin,evil_twin
1683996921,16400,298,1,2,1,0,2,44,0,1019,2,8,73,86114918,2,0,0,0,1020,0,219,41,0,1,1,0,48,6,2437,0,0,0,20,evil_twin,evil_twin
1683996921,16402,298,1,2,1,0,2,44,0,1019,2,8,73,86114918,2,0,0,0,1020,0,219,41,0,1,1,0,36,6,2437,0,0,0,20,evil_twin,evil_twin
1683996921,16404,298,1,2,1,0,2,44,0,1019,2,8,73,86114918,2,0,0,0,1020,0,219,41,0,1,1,0,36,6,2437,0,0,0,20,evil_twin,evil_twin
1683996921,16406,298,1,2,1,0,2,44,0,1019,2,8,73,86114918,2,0,0,0,1020,0,219,41,0,1,1,0,24,6,2437,0,0,0,20,evil_twin,evil_twin
1683996921,16408,298,1,2,1,0,2,44,0,1019,2,8,73,86114918,2,0,0,0,1020,0,219,41,0,1,1,0,24,6,2437,0,0,0,20,evil_twin,evil_twin
1683996921,16454,298,1,2,1,0,2,44,0,1020,2,8,65,2056325468,2,0,0,0,1021,0,219,41,0,1,1,0,48,6,2437,0,0,0,20,evil_twin,evil_twin
1683996921,16513,299,1,2,1,0,2,44,0,1021,2,8,65,2448872206,2,0,0,0,1022,0,220,41,0,1,1,0,48,6,2437,0,0,0,20,evil_twin,evil_twin
1683996921,16560,298,1,2,1,0,2,44,0,1022,2,8,65,2279200907,2,0,0,0,1023,0,219,41,0,1,1,0,48,6,2437,0,0,0,20,evil_twin,evil_twin
1683996921,16622,298,1,2,1,0,2,44,0,1023,2,8,65,3281420374,2,0,0,0,1024,0,219,41,0,1,1,0,48,6,2437,0,0,0,20,evil_twin,evil_twin
1683996921,16676,299,1,2,1,0,2,44,0,1024,2,8,65,2846047122,2,0,0,0,1025,0,220,41,0,1,1,0,48,6,2437,0,0,0,20,evil_twin,evil_twin
1683996921,16700,299,1,2,1,0,2,44,0,1025,2,8,65,57458298,2,0,0,0,1026,0,220,41,0,1,1,0,48,6,2437,0,0,0,20,evil_twin,evil_twin
1683996922,16736,299,1,2,1,0,2,44,0,1026,2,8,65,1792700058,2,0,0,0,1027,0,220,41,0,1,1,0,48,6,2437,0,0,0,20,evil_twin,evil_twin
1683996922,16748,298,1,2,1,0,2,44,0,1027,2,8,65,4106120087,2,0,0,0,1028,0,219,41,0,1,1,0,48,6,2437,0,0,0,20,evil_twin,evil_twin
1683996922,16758,141,2,1,0,1,2,44,0,36,2,8,66,1918898556,2,0,0,0,39,0,62,41,0,1,1,0,54,6,2437,0,0,0,20,evil_twin,evil_twin
1683996922,16773,299,1,2,1,0,2,44,0,1028,2,8,65,1477147130,2,0,0,0,1029,0,220,41,0,1,1,0,48,6,2437,0,0,0,20,evil_twin,evil_twin
1683996922,16836,297,1,2,1,0,2,44,0,1029,2,8,65,3875410415,2,0,0,0,1030,0,218,41,0,1,1,0,48,6,2437,0,0,0,20,evil_twin,evil_twin
1683996922,16879,297,1,2,1,0,2,44,0,1030,2,8,65,1755205782,2,0,0,0,1031,0,218,41,0,1,1,0,48,6,2437,0,0,0,20,evil_twin,evil_twin
1683996922,16941,297,1,2,1,0,2,44,0,1031,2,8,65,3166159836,2,0,0,0,1032,0,218,41,0,1,1,0,48,6,2437,0,0,0,20,evil_twin,evil_twin
1683996922,16974,298,1,2,1,0,2,44,0,1032,2,8,65,3275958202,2,0,0,0,1033,0,219,41,0,1,1,0,48,6,2437,0,0,0,20,evil_twin,evil_twin
1683996922,17049,296,1,2,1,0,2,44,0,1033,2,8,65,145988048,2,0,0,0,1034,0,217,41,0,1,1,0,48,6,2437,0,0,0,20,evil_twin,evil_twin
1683996922,17087,296,1,2,1,0,2,44,0,1034,2,8,65,4123732995,2,0,0,0,1035,0,217,41,0,1,1,0,48,6,2437,0,0,0,20,evil_twin,evil_twin
1683996922,17093,299,1,2,1,0,2,44,0,1035,2,8,65,561589531,2,0,0,0,1036,0,220,41,0,1,1,0,48,6,2437,0,0,0,20,evil_twin,evil_twin
1683996923,17101,295,1,2,1,0,2,44,0,1036,2,8,65,3731873039,2,0,0,0,1037,0,216,41,0,1,1,0,48,6,2437,0,0,0,20,evil_twin,evil_twin
1683996923,17148,296,1,2,1,0,2,44,0,1037,2,8,65,2022072010,2,0,0,0,1038,0,217,41,0,1,1,0,48,6,2437,0,0,0,20,evil_twin,evil_twin
1683996923,17177,296,1,2,1,0,2,44,0,1038,2,8,65,3528918271,2,0,0,0,1039,0,217,41,0,1,1,0,48,6,2437,0,0,0,20,evil_twin,evil_twin
1683996923,17210,296,1,2,1,0,2,44,0,1039,2,8,65,3640210787,2,0,0,0,1040,0,217,41,0,1,1,0,48,6,2437,0,0,0,20,evil_twin,evil_twin
1683996923,17290,296,1,2,1,0,2,44,0,1041,2,8,65,3572019638,2,0,0,0,1042,0,217,41,0,1,1,0,48,6,2437,0,0,0,20,evil_twin,evil_twin
1683996923,17325,296,1,2,1,0,2,44,0,1042,2,8,65,3220720850,2,0,0,0,1043,0,217,41,0,1,1,0,48,6,2437,0,0,0,20,evil_twin,evil_twin
1683996923,17381,296,1,2,1,0,2,44,0,1043,2,8,65,1153186436,2,0,0,0,1044,0,217,41,0,1,1,0,48,6,2437,0,0,0,20,evil_twin,evil_twin
1683996923,17440,295,1,2,1,0,2,44,0,1044,2,8,65,1876575386,2,0,0,0,1045,0,216,41,0,1,1,0,48,6,2437,0,0,0,20,evil_twin,evil_twin
1683996923,17458,294,1,2,1,0,2,44,0,1045,2,8,65,1887914216,2,0,0,0,1046,0,215,41,0,1,1,0,48,6,2437,0,0,0,20,evil_twin,evil_twin
1683996924,17472,295,1,2,1,0,2,44,0,1046,2,8,65,814733670,2,0,0,0,1047,0,216,41,0,1,1,0,48,6,2437,0,0,0,20,evil_twin,evil_twin
1683996924,17532,297,1,2,1,0,2,44,0,1047,2,8,65,3513058131,2,0,0,0,1048,0,218,41,0,1,1,0,48,6,2437,0,0,0,20,evil_twin,evil_twin
1683996924,17578,298,1,2,1,0,2,44,0,1048,2,8,65,1407144092,2,0,0,0,1049,0,219,41,0,1,1,0,48,6,2437,0,0,0,20,evil_twin,evil_twin
1683996924,17611,125,1,2,1,0,2,44,0,1049,2,8,65,3612096565,2,0,0,0,1050,0,46,41,0,1,1,0,48,6,2437,0,0,0,20,evil_twin,evil_twin
1683996924,17645,295,1,2,1,0,2,44,0,1050,2,8,65,203464079,2,0,0,0,1051,0,216,41,0,1,1,0,48,6,2437,0,0,0,20,evil_twin,evil_twin
1683996924,17701,296,1,2,1,0,2,44,0,1051,2,8,65,4176975696,2,0,0,0,1052,0,217,41,0,1,1,0,48,6,2437,0,0,0,20,evil_twin,evil_twin
1683996924,17754,297,1,2,1,0,2,44,0,1052,2,8,65,3816059924,2,0,0,0,1053,0,218,41,0,1,1,0,48,6,2437,0,0,0,20,evil_twin,evil_twin
1683996924,17794,297,1,2,1,0,2,44,0,1053,2,8,65,3529370103,2,0,0,0,1054,0,218,41,0,1,1,0,48,6,2437,0,0,0,20,evil_twin,evil_twin
1683996924,17803,297,1,2,1,0,2,44,0,1054,2,8,65,1725630478,2,0,0,0,1055,0,218,41,0,1,1,0,48,6,2437,0,0,0,20,evil_twin,evil_twin
1683996924,17855,296,1,2,1,0,2,44,0,1055,2,8,65,625983912,2,0,0,0,1056,0,217,41,0,1,1,0,54,6,2437,0,0,0,20,evil_twin,evil_twin
1683996924,17918,297,1,2,1,0,2,44,0,1056,2,8,65,2647363721,2,0,0,0,1057,0,218,41,0,1,1,0,54,6,2437,0,0,0,20,evil_twin,evil_twin
1683996925,17982,296,1,2,1,0,2,44,0,1057,2,8,65,1524391099,2,0,0,0,1058,0,217,41,0,1,1,0,54,6,2437,0,0,0,20,evil_twin,evil_twin
1683996925,18023,297,1,2,1,0,2,44,0,1058,2,8,65,3523995618,2,0,0,0,1059,0,218,41,0,1,1,0,54,6,2437,0,0,0,20,evil_twin,evil_twin
1683996925,18078,295,1,2,1,0,2,44,0,1059,2,8,65,976311052,2,0,0,0,1060,0,216,41,0,1,1,0,54,6,2437,0,0,0,20,evil_twin,evil_twin
1683996925,18115,298,1,2,1,0,2,44,0,1060,2,8,65,941610450,2,0,0,0,1061,0,219,41,0,1,1,0,54,6,2437,0,0,0,20,evil_twin,evil_twin
1683996925,18124,296,1,2,1,0,2,44,0,1061,2,8,65,56240521,2,0,0,0,1062,0,217,41,0,1,1,0,54,6,2437,0,0,0,20,evil_twin,evil_twin
1683996925,18178,296,1,2,1,0,2,44,0,1062,2,8,65,3299508695,2,0,0,0,1063,0,217,41,0,1,1,0,54,6,2437,0,0,0,20,evil_twin,evil_twin
1683996925,18221,298,1,2,1,0,2,44,0,1063,2,8,65,2588703585,2,0,0,0,1064,0,219,41,0,1,1,0,54,6,2437,0,0,0,20,evil_twin,evil_twin
1683996925,18282,297,1,2,1,0,2,44,0,1064,2,8,65,1203791794,2,0,0,0,1065,0,218,41,0,1,1,0,54,6,2437,0,0,0,20,evil_twin,evil_twin
1683996925,18342,296,1,2,1,0,2,44,0,1065,2,8,65,2430870342,2,0,0,0,1066,0,217,41,0,1,1,0,54,6,2437,0,0,0,20,evil_twin,evil_twin
1683996925,18405,297,1,2,1,0,2,44,0,1066,2,8,65,620225765,2,0,0,0,1067,0,218,41,0,1,1,0,54,6,2437,0,0,0,20,evil_twin,evil_twin
1683996926,18455,298,1,2,1,0,2,44,0,1067,2,8,65,3075218505,2,0,0,0,1068,0,219,41,0,1,1,0,54,6,2437,0,0,0,20,evil_twin,evil_twin
1683996926,18468,297,1,2,1,0,2,44,0,1068,2,8,65,2443806764,2,0,0,0,1069,0,218,41,0,1,1,0,54,6,2437,0,0,0,20,evil_twin,evil_twin
1683996926,18494,297,1,2,1,0,2,44,0,1069,2,8,65,2532380243,2,0,0,0,1070,0,218,41,0,1,1,0,54,6,2437,0,0,0,20,evil_twin,evil_twin
1683996926,18542,296,1,2,1,0,2,44,0,1070,2,8,65,2108402376,2,0,0,0,1071,0,217,41,0,1,1,0,54,6,2437,0,0,0,20,evil_twin,evil_twin
1683996926,18613,296,1,2,1,0,2,44,0,1071,2,8,65,2197993146,2,0,0,0,1072,0,217,41,0,1,1,0,54,6,2437,0,0,0,20,evil_twin,evil_twin
1683996926,18692,297,1,2,1,0,2,44,0,1072,2,8,65,2836938917,2,0,0,0,1073,0,218,41,0,1,1,0,54,6,2437,0,0,0,20,evil_twin,evil_twin
1683996926,18762,296,1,2,1,0,2,44,0,1073,2,8,65,1118623125,2,0,0,0,1074,0,217,41,0,1,1,0,54,6,2437,0,0,0,20,evil_twin,evil_twin
1683996926,18844,298,1,2,1,0,2,44,0,1074,2,8,65,635964841,2,0,0,0,1075,0,219,41,0,1,1,0,54,6,2437,0,0,0,20,evil_twin,evil_twin
1683996926,18856,298,1,2,1,0,2,44,0,1074,2,8,73,975687345,2,0,0,0,1075,0,219,41,0,1,1,0,54,6,2437,0,0,0,20,evil_twin,evil_twin
1683996926,18910,297,1,2,1,0,2,44,0,1075,2,8,65,1347372882,2,0,0,0,1076,0,218,41,0,1,1,0,54,6,2437,0,0,0,20,evil_twin,evil_twin
1683996926,18921,297,1,2,1,0,2,44,0,1076,2,8,65,2612381121,2,0,0,0,1077,0,218,41,0,1,1,0,54,6,2437,0,0,0,20,evil_twin,evil_twin
1683996927,18944,297,1,2,1,0,2,44,0,1077,2,8,65,3259496331,2,0,0,0,1078,0,218,41,0,1,1,0,54,6,2437,0,0,0,20,evil_twin,evil_twin
1683996927,19001,296,1,2,1,0,2,44,0,1078,2,8,65,3200882818,2,0,0,0,1079,0,217,41,0,1,1,0,54,6,2437,0,0,0,20,evil_twin,evil_twin
1683996927,19065,296,1,2,1,0,2,44,0,1079,2,8,65,3090022371,2,0,0,0,1080,0,217,41,0,1,1,0,54,6,2437,0,0,0,20,evil_twin,evil_twin
1683996927,19130,296,1,2,1,0,2,44,0,1080,2,8,65,3732838808,2,0,0,0,1081,0,217,41,0,1,1,0,54,6,2437,0,0,0,20,evil_twin,evil_twin
1683996927,19176,297,1,2,1,0,2,44,0,1081,2,8,65,4180645340,2,0,0,0,1082,0,218,41,0,1,1,0,54,6,2437,0,0,0,20,evil_twin,evil_twin
1683996927,19214,296,1,2,1,0,2,44,0,1082,2,8,65,3885254616,2,0,0,0,1083,0,217,41,0,1,1,0,54,6,2437,0,0,0,20,evil_twin,evil_twin
1683996927,19253,297,1,2,1,0,2,44,0,1083,2,8,65,3782564619,2,0,0,0,1084,0,218,41,0,1,1,0,54,6,2437,0,0,0,20,evil_twin,evil_twin
1683996927,19262,295,1,2,1,0,2,44,0,1084,2,8,65,1679299359,2,0,0,0,1085,0,216,41,0,1,1,0,54,6,2437,0,0,0,20,evil_twin,evil_twin
1683996927,19282,297,1,2,1,0,2,44,0,1085,2,8,65,2046124120,2,0,0,0,1086,0,218,41,0,1,1,0,54,6,2437,0,0,0,20,evil_twin,evil_twin
1683996927,19286,297,1,2,1,0,2,44,0,1085,2,8,73,1823807115,2,0,0,0,1086,0,218,41,0,1,1,0,54,6,2437,0,0,0,20,evil_twin,evil_twin
1683996927,19354,297,1,2,1,0,2,44,0,1086,2,8,65,3480983526,2,0,0,0,1087,0,218,41,0,1,1,0,54,6,2437,0,0,0,20,evil_twin,evil_twin
1683996928,19419,295,1,2,1,0,2,44,0,1087,2,8,65,79371374,2,0,0,0,1088,0,216,41,0,1,1,0,54,6,2437,0,0,0,20,evil_twin,evil_twin
1683996928,19486,297,1,2,1,0,2,44,0,1088,2,8,65,2067891285,2,0,0,0,1089,0,218,41,0,1,1,0,54,6,2437,0,0,0,20,evil_twin,evil_twin
1683996928,19547,296,1,2,1,0,2,44,0,1089,2,8,65,1654129460,2,0,0,0,1090,0,217,41,0,1,1,0,54,6,2437,0,0,0,20,evil_twin,evil_twin
1683996928,19583,298,1,2,1,0,2,44,0,1090,2,8,65,3476042434,2,0,0,0,1091,0,219,41,0,1,1,0,54,6,2437,0,0,0,20,evil_twin,evil_twin
1683996928,19600,296,1,2,1,0,2,44,0,1091,2,8,65,270762914,2,0,0,0,1092,0,217,41,0,1,1,0,54,6,2437,0,0,0,20,evil_twin,evil_twin
1683996928,19624,297,1,2,1,0,2,44,0,1092,2,8,65,121737836,2,0,0,0,1093,0,218,41,0,1,1,0,54,6,2437,0,0,0,20,evil_twin,evil_twin
1683996928,19664,297,1,2,1,0,2,44,0,1093,2,8,65,3894805511,2,0,0,0,1094,0,218,41,0,1,1,0,54,6,2437,0,0,0,20,evil_twin,evil_twin
1683996928,19701,295,1,2,1,0,2,44,0,1094,2,8,65,1401776407,2,0,0,0,1095,0,216,41,0,1,1,0,54,6,2437,0,0,0,20,evil_twin,evil_twin
1683996928,19751,295,1,2,1,0,2,44,0,1095,2,8,65,550925893,2,0,0,0,1096,0,216,41,0,1,1,0,54,6,2437,0,0,0,20,evil_twin,evil_twin
1683996929,19806,296,1,2,1,0,2,44,0,1096,2,8,65,124138633,2,0,0,0,1097,0,217,41,0,1,1,0,54,6,2437,0,0,0,20,evil_twin,evil_twin
1683996929,19859,297,1,2,1,0,2,44,0,1097,2,8,65,2811587230,2,0,0,0,1098,0,218,41,0,1,1,0,54,6,2437,0,0,0,20,evil_twin,evil_twin
1683996929,19912,296,1,2,1,0,2,44,0,1098,2,8,65,328745077,2,0,0,0,1099,0,217,41,0,1,1,0,54,6,2437,0,0,0,20,evil_twin,evil_twin
1683996929,19942,296,1,2,1,0,2,44,0,1099,2,8,65,4284291806,2,0,0,0,1100,0,217,41,0,1,1,0,54,6,2437,0,0,0,20,evil_twin,evil_twin
1683996929,19951,296,1,2,1,0,2,44,0,1100,2,8,65,1148971218,2,0,0,0,1101,0,217,41,0,1,1,0,54,6,2437,0,0,0,20,evil_twin,evil_twin
1683996929,19978,297,1,2,1,0,2,44,0,1101,2,8,65,3918857252,2,0,0,0,1102,0,218,41,0,1,1,0,54,6,2437,0,0,0,20,evil_twin,evil_twin
1683996929,20012,298,1,2,1,0,2,44,0,1102,2,8,65,3720261986,2,0,0,0,1103,0,219,41,0,1,1,0,54,6,2437,0,0,0,20,evil_twin,evil_twin
1683996929,20073,297,1,2,1,0,2,44,0,1103,2,8,65,1368954861,2,0,0,0,1104,0,218,41,0,1,1,0,54,6,2437,0,0,0,20,evil_twin,evil_twin
1683996929,20120,297,1,2,1,0,2,44,0,1104,2,8,65,3532819588,2,0,0,0,1105,0,218,41,0,1,1,0,54,6,2437,0,0,0,20,evil_twin,evil_twin
1683996929,20127,298,1,2,1,0,2,44,0,1105,2,8,65,2110965606,2,0,0,0,1106,0,219,41,0,1,1,0,54,6,2437,0,0,0,20,evil_twin,evil_twin
1683996929,20173,295,1,2,1,0,2,44,0,1106,2,8,65,2950551700,2,0,0,0,1107,0,216,41,0,1,1,0,54,6,2437,0,0,0,20,evil_twin,evil_twin
1683996930,20235,297,1,2,1,0,2,44,0,1107,2,8,65,219483256,2,0,0,0,1108,0,218,41,0,1,1,0,54,6,2437,0,0,0,20,evil_twin,evil_twin
1683996930,20287,297,1,2,1,0,2,44,0,1108,2,8,65,23978591,2,0,0,0,1109,0,218,41,0,1,1,0,54,6,2437,0,0,0,20,evil_twin,evil_twin
1683996930,20296,297,1,2,1,0,2,44,0,1109,2,8,65,1520051557,2,0,0,0,1110,0,218,41,0,1,1,0,54,6,2437,0,0,0,20,evil_twin,evil_twin
1683996930,20324,296,1,2,1,0,2,44,0,1110,2,8,65,133855895,2,0,0,0,1111,0,217,41,0,1,1,0,54,6,2437,0,0,0,20,evil_twin,evil_twin
1683996930,20378,296,1,2,1,0,2,44,0,1111,2,8,65,611951338,2,0,0,0,1112,0,217,41,0,1,1,0,54,6,2437,0,0,0,20,evil_twin,evil_twin
1683996930,20493,298,1,2,1,0,2,44,0,1113,2,8,65,3805234766,2,0,0,0,1114,0,219,41,0,1,1,0,54,6,2437,0,0,0,20,evil_twin,evil_twin
1683996930,20547,296,1,2,1,0,2,44,0,1114,2,8,65,3070908071,2,0,0,0,1115,0,217,41,0,1,1,0,54,6,2437,0,0,0,20,evil_twin,evil_twin
1683996930,20588,296,1,2,1,0,2,44,0,1115,2,8,65,909816522,2,0,0,0,1116,0,217,41,0,1,1,0,54,6,2437,0,0,0,20,evil_twin,evil_twin
1683996930,20623,296,1,2,1,0,2,44,0,1116,2,8,65,2355769733,2,0,0,0,1117,0,217,41,0,1,1,0,54,6,2437,0,0,0,20,evil_twin,evil_twin
1683996931,20633,297,1,2,1,0,2,44,0,1117,2,8,65,2105552301,2,0,0,0,1118,0,218,41,0,1,1,0,54,6,2437,0,0,0,20,evil_twin,evil_twin
1683996931,20666,298,1,2,1,0,2,44,0,1118,2,8,65,744403586,2,0,0,0,1119,0,219,41,0,1,1,0,54,6,2437,0,0,0,20,evil_twin,evil_twin
1683996931,20709,298,1,2,1,0,2,44,0,1119,2,8,65,3337927915,2,0,0,0,1120,0,219,41,0,1,1,0,54,6,2437,0,0,0,20,evil_twin,evil_twin
1683996931,20786,296,1,2,1,0,2,44,0,1120,2,8,65,316348598,2,0,0,0,1121,0,217,41,0,1,1,0,54,6,2437,0,0,0,20,evil_twin,evil_twin
1683996931,20847,297,1,2,1,0,2,44,0,1121,2,8,65,1761709297,2,0,0,0,1122,0,218,41,0,1,1,0,54,6,2437,0,0,0,20,evil_twin,evil_twin
1683996931,20915,297,1,2,1,0,2,44,0,1122,2,8,65,446974391,2,0,0,0,1123,0,218,41,0,1,1,0,54,6,2437,0,0,0,20,evil_twin,evil_twin
1683996931,20981,297,1,2,1,0,2,44,0,1124,2,8,65,2849176628,2,0,0,0,1125,0,218,41,0,1,1,0,54,6,2437,0,0,0,20,evil_twin,evil_twin
1683996931,21010,295,1,2,1,0,2,44,0,1125,2,8,65,1731754214,2,0,0,0,1126,0,216,41,0,1,1,0,54,6,2437,0,0,0,20,evil_twin,evil_twin
1683996932,21047,296,1,2,1,0,2,44,0,1126,2,8,65,3403768487,2,0,0,0,1127,0,217,41,0,1,1,0,54,6,2437,0,0,0,20,evil_twin,evil_twin
1683996932,21109,296,1,2,1,0,2,44,0,1127,2,8,65,3377068198,2,0,0,0,1128,0,217,41,0,1,1,0,54,6,2437,0,0,0,20,evil_twin,evil_twin
1683996932,21177,296,1,2,1,0,2,44,0,1128,2,8,65,2317662951,2,0,0,0,1129,0,217,41,0,1,1,0,54,6,2437,0,0,0,20,evil_twin,evil_twin
1683996932,21193,141,2,1,0,1,2,44,0,37,2,8,66,3203838508,2,0,0,0,40,0,62,41,0,1,1,0,54,6,2437,0,0,0,20,evil_twin,evil_twin
1683996932,21233,297,1,2,1,0,2,44,0,1129,2,8,65,1425198981,2,0,0,0,1130,0,218,41,0,1,1,0,54,6,2437,0,0,0,20,evil_twin,evil_twin
1683996932,21288,296,1,2,1,0,2,44,0,1130,2,8,65,2870016577,2,0,0,0,1131,0,217,41,0,1,1,0,54,6,2437,0,0,0,20,evil_twin,evil_twin
1683996932,21336,297,1,2,1,0,2,44,0,1131,2,8,65,437256216,2,0,0,0,1132,0,218,41,0,1,1,0,54,6,2437,0,0,0,20,evil_twin,evil_twin
1683996932,21380,296,1,2,1,0,2,44,0,1133,2,8,65,1762993244,2,0,0,0,1134,0,217,41,0,1,1,0,54,6,2437,0,0,0,20,evil_twin,evil_twin
1683996932,21414,299,1,2,1,0,2,44,0,1134,2,8,65,1950478786,2,0,0,0,1135,0,220,41,0,1,1,0,54,6,2437,0,0,0,20,evil_twin,evil_twin
1683996932,21493,298,1,2,1,0,2,44,0,1135,2,8,65,616359324,2,0,0,0,1136,0,219,41,0,1,1,0,54,6,2437,0,0,0,20,evil_twin,evil_twin
1683996933,21554,299,1,2,1,0,2,44,0,1136,2,8,65,530019771,2,0,0,0,1137,0,220,41,0,1,1,0,54,6,2437,0,0,0,20,evil_twin,evil_twin
1683996933,21618,299,1,2,1,0,2,44,0,1137,2,8,65,2951018472,2,0,0,0,1138,0,220,41,0,1,1,0,54,6,2437,0,0,0,20,evil_twin,evil_twin
1683996933,21673,299,1,2,1,0,2,44,0,1138,2,8,65,3667934242,2,0,0,0,1139,0,220,41,0,1,1,0,54,6,2437,0,0,0,20,evil_twin,evil_twin
1683996933,21721,299,1,2,1,0,2,44,0,1139,2,8,65,2019739829,2,0,0,0,1140,0,220,41,0,1,1,0,54,6,2437,0,0,0,20,evil_twin,evil_twin
1683996933,21729,298,1,2,1,0,2,44,0,1140,2,8,65,83201006,2,0,0,0,1141,0,219,41,0,1,1,0,54,6,2437,0,0,0,20,evil_twin,evil_twin
1683996933,21739,297,1,2,1,0,2,44,0,1141,2,8,65,1874145621,2,0,0,0,1142,0,218,41,0,1,1,0,54,6,2437,0,0,0,20,evil_twin,evil_twin
1683996933,21782,300,1,2,1,0,2,44,0,1142,2,8,65,3985365783,2,0,0,0,1143,0,221,41,0,1,1,0,54,6,2437,0,0,0,20,evil_twin,evil_twin
1683996933,21788,300,1,2,1,0,2,44,0,1142,2,8,73,1845350283,2,0,0,0,1143,0,221,41,0,1,1,0,54,6,2437,0,0,0,20,evil_twin,evil_twin
1683996933,21927,297,1,2,1,0,2,44,0,1145,2,8,65,961882090,2,0,0,0,1146,0,218,41,0,1,1,0,54,6,2437,0,0,0,20,evil_twin,evil_twin
1683996933,21990,301,1,2,1,0,2,44,0,1146,2,8,65,1419835500,2,0,0,0,1147,0,222,41,0,1,1,0,54,6,2437,0,0,0,20,evil_twin,evil_twin
1683996934,22047,296,1,2,1,0,2,44,0,1147,2,8,65,2030662375,2,0,0,0,1148,0,217,41,0,1,1,0,54,6,2437,0,0,0,20,evil_twin,evil_twin
1683996934,22070,125,1,2,1,0,2,44,0,1148,2,8,65,4239371183,2,0,0,0,1149,0,46,41,0,1,1,0,54,6,2437,0,0,0,20,evil_twin,evil_twin
1683996934,22074,299,1,2,1,0,2,44,0,1149,2,8,65,1695439188,2,0,0,0,1150,0,220,41,0,1,1,0,54,6,2437,0,0,0,20,evil_twin,evil_twin
1683996934,22089,297,1,2,1,0,2,44,0,1150,2,8,65,2542277365,2,0,0,0,1151,0,218,41,0,1,1,0,54,6,2437,0,0,0,20,evil_twin,evil_twin
1683996934,22114,297,1,2,1,0,2,44,0,1151,2,8,65,543618952,2,0,0,0,1152,0,218,41,0,1,1,0,54,6,2437,0,0,0,20,evil_twin,evil_twin
1683996934,22172,297,1,2,1,0,2,44,0,1152,2,8,65,2783543871,2,0,0,0,1153,0,218,41,0,1,1,0,54,6,2437,0,0,0,20,evil_twin,evil_twin
1683996934,22234,298,1,2,1,0,2,44,0,1153,2,8,65,1772840932,2,0,0,0,1154,0,219,41,0,1,1,0,54,6,2437,0,0,0,20,evil_twin,evil_twin
1683996934,22237,298,1,2,1,0,2,44,0,1153,2,8,73,1986307324,2,0,0,0,1154,0,219,41,0,1,1,0,54,6,2437,0,0,0,20,evil_twin,evil_twin
1683996934,22344,297,1,2,1,0,2,44,0,1155,2,8,65,556627811,2,0,0,0,1156,0,218,41,0,1,1,0,54,6,2437,0,0,0,20,evil_twin,evil_twin
1683996934,22394,297,1,2,1,0,2,44,0,1156,2,8,65,295877053,2,0,0,0,1157,0,218,41,0,1,1,0,54,6,2437,0,0,0,20,evil_twin,evil_twin
1683996935,22465,297,1,2,1,0,2,44,0,1158,2,8,65,3489397641,2,0,0,0,1159,0,218,41,0,1,1,0,54,6,2437,0,0,0,20,evil_twin,evil_twin
1683996935,22474,295,1,2,1,0,2,44,0,1159,2,8,65,3903876323,2,0,0,0,1160,0,216,41,0,1,1,0,54,6,2437,0,0,0,20,evil_twin,evil_twin
1683996935,22515,295,1,2,1,0,2,44,0,1160,2,8,65,2390738102,2,0,0,0,1161,0,216,41,0,1,1,0,54,6,2437,0,0,0,20,evil_twin,evil_twin
1683996935,22521,295,1,2,1,0,2,44,0,1160,2,8,73,1784033079,2,0,0,0,1161,0,216,41,0,1,1,0,54,6,2437,0,0,0,20,evil_twin,evil_twin
1683996935,22576,296,1,2,1,0,2,44,0,1161,2,8,65,3695431356,2,0,0,0,1162,0,217,41,0,1,1,0,54,6,2437,0,0,0,20,evil_twin,evil_twin
1683996935,22632,297,1,2,1,0,2,44,0,1162,2,8,65,3807791995,2,0,0,0,1163,0,218,41,0,1,1,0,54,6,2437,0,0,0,20,evil_twin,evil_twin
1683996935,22687,296,1,2,1,0,2,44,0,1163,2,8,65,751601280,2,0,0,0,1164,0,217,41,0,1,1,0,54,6,2437,0,0,0,20,evil_twin,evil_twin
1683996935,22730,297,1,2,1,0,2,44,0,1164,2,8,65,2713290567,2,0,0,0,1165,0,218,41,0,1,1,0,54,6,2437,0,0,0,20,evil_twin,evil_twin
1683996935,22777,297,1,2,1,0,2,44,0,1165,2,8,65,4131302418,2,0,0,0,1166,0,218,41,0,1,1,0,54,6,2437,0,0,0,20,evil_twin,evil_twin
1683996935,22812,296,1,2,1,0,2,44,0,1166,2,8,65,193893918,2,0,0,0,1167,0,217,41,0,1,1,0,54,6,2437,0,0,0,20,evil_twin,evil_twin
1683996936,22822,297,1,2,1,0,2,44,0,1167,2,8,65,729775160,2,0,0,0,1168,0,218,41,0,1,1,0,54,6,2437,0,0,0,20,evil_twin,evil_twin
1683996936,22833,298,1,2,1,0,2,44,0,1168,2,8,65,3822275203,2,0,0,0,1169,0,219,41,0,1,1,0,54,6,2437,0,0,0,20,evil_twin,evil_twin
1683996936,22880,296,1,2,1,0,2,44,0,1169,2,8,65,899028839,2,0,0,0,1170,0,217,41,0,1,1,0,54,6,2437,0,0,0,20,evil_twin,evil_twin
1683996936,22897,296,1,2,1,0,2,44,0,1170,2,8,65,721079434,2,0,0,0,1171,0,217,41,0,1,1,0,54,6,2437,0,0,0,20,evil_twin,evil_twin
1683996936,22904,297,1,2,1,0,2,44,0,1171,2,8,65,3514884020,2,0,0,0,1172,0,218,41,0,1,1,0,54,6,2437,0,0,0,20,evil_twin,evil_twin
1683996936,22945,297,1,2,1,0,2,44,0,1172,2,8,65,2423135599,2,0,0,0,1173,0,218,41,0,1,1,0,54,6,2437,0,0,0,20,evil_twin,evil_twin
1683996936,22991,297,1,2,1,0,2,44,0,1173,2,8,65,2911503670,2,0,0,0,1174,0,218,41,0,1,1,0,54,6,2437,0,0,0,20,evil_twin,evil_twin
1683996936,23040,296,1,2,1,0,2,44,0,1174,2,8,65,3909973032,2,0,0,0,1175,0,217,41,0,1,1,0,54,6,2437,0,0,0,20,evil_twin,evil_twin
1683996936,23130,297,1,2,1,0,2,44,0,1175,2,8,65,2339781075,2,0,0,0,1176,0,218,41,0,1,1,0,54,6,2437,0,0,0,20,evil_twin,evil_twin
1683996936,23166,297,1,2,1,0,2,44,0,1176,2,8,65,2425660340,2,0,0,0,1177,0,218,41,0,1,1,0,54,6,2437,0,0,0,20,evil_twin,evil_twin
1683996937,23176,297,1,2,1,0,2,44,0,1177,2,8,65,729192326,2,0,0,0,1178,0,218,41,0,1,1,0,54,6,2437,0,0,0,20,evil_twin,evil_twin
1683996937,23202,298,1,2,1,0,2,44,0,1178,2,8,65,4173207697,2,0,0,0,1179,0,219,41,0,1,1,0,54,6,2437,0,0,0,20,evil_twin,evil_twin
1683996937,23268,296,1,2,1,0,2,44,0,1179,2,8,65,1811162367,2,0,0,0,1180,0,217,41,0,1,1,0,54,6,2437,0,0,0,20,evil_twin,evil_twin
1683996937,23315,298,1,2,1,0,2,44,0,1180,2,8,65,1041865749,2,0,0,0,1181,0,219,41,0,1,1,0,54,6,2437,0,0,0,20,evil_twin,evil_twin
1683996937,23350,296,1,2,1,0,2,44,0,1181,2,8,65,3214786328,2,0,0,0,1182,0,217,41,0,1,1,0,54,6,2437,0,0,0,20,evil_twin,evil_twin
1683996937,23391,296,1,2,1,0,2,44,0,1182,2,8,65,1968969219,2,0,0,0,1183,0,217,41,0,1,1,0,54,6,2437,0,0,0,20,evil_twin,evil_twin
1683996937,23437,297,1,2,1,0,2,44,0,1183,2,8,65,440856555,2,0,0,0,1184,0,218,41,0,1,1,0,54,6,2437,0,0,0,20,evil_twin,evil_twin
1683996937,23476,297,1,2,1,0,2,44,0,1184,2,8,65,4085721254,2,0,0,0,1185,0,218,41,0,1,1,0,54,6,2437,0,0,0,20,evil_twin,evil_twin
1683996937,23523,296,1,2,1,0,2,44,0,1185,2,8,65,2760998594,2,0,0,0,1186,0,217,41,0,1,1,0,54,6,2437,0,0,0,20,evil_twin,evil_twin
1683996938,23554,298,1,2,1,0,2,44,0,1187,2,8,65,3636086082,2,0,0,0,1188,0,219,41,0,1,1,0,54,6,2437,0,0,0,20,evil_twin,evil_twin
1683996938,23596,296,1,2,1,0,2,44,0,1188,2,8,65,92215547,2,0,0,0,1189,0,217,41,0,1,1,0,54,6,2437,0,0,0,20,evil_twin,evil_twin
1683996938,23636,298,1,2,1,0,2,44,0,1189,2,8,65,3094544851,2,0,0,0,1190,0,219,41,0,1,1,0,54,6,2437,0,0,0,20,evil_twin,evil_twin
1683996938,23696,297,1,2,1,0,2,44,0,1190,2,8,65,239091791,2,0,0,0,1191,0,218,41,0,1,1,0,54,6,2437,0,0,0,20,evil_twin,evil_twin
1683996938,23753,297,1,2,1,0,2,44,0,1191,2,8,65,2811974327,2,0,0,0,1192,0,218,41,0,1,1,0,54,6,2437,0,0,0,20,evil_twin,evil_twin
1683996938,23819,297,1,2,1,0,2,44,0,1192,2,8,65,1036553735,2,0,0,0,1193,0,218,41,0,1,1,0,54,6,2437,0,0,0,20,evil_twin,evil_twin
1683996938,23852,296,1,2,1,0,2,44,0,1193,2,8,65,3595026567,2,0,0,0,1194,0,217,41,0,1,1,0,54,6,2437,0,0,0,20,evil_twin,evil_twin
1683996938,23862,295,1,2,1,0,2,44,0,1194,2,8,65,3911983531,2,0,0,0,1195,0,216,41,0,1,1,0,54,6,2437,0,0,0,20,evil_twin,evil_twin
1683996938,23913,295,1,2,1,0,2,44,0,1195,2,8,65,589747830,2,0,0,0,1196,0,216,41,0,1,1,0,54,6,2437,0,0,0,20,evil_twin,evil_twin
1683996938,23964,298,1,2,1,0,2,44,0,1196,2,8,65,243012310,2,0,0,0,1197,0,219,41,0,1,1,0,54,6,2437,0,0,0,20,evil_twin,evil_twin
1683996939,24024,296,1,2,1,0,2,44,0,1197,2,8,65,1204929842,2,0,0,0,1198,0,217,41,0,1,1,0,54,6,2437,0,0,0,20,evil_twin,evil_twin
1683996939,24077,296,1,2,1,0,2,44,0,1198,2,8,65,413461239,2,0,0,0,1199,0,217,41,0,1,1,0,54,6,2437,0,0,0,20,evil_twin,evil_twin
1683996939,24133,297,1,2,1,0,2,44,0,1199,2,8,65,2051289022,2,0,0,0,1200,0,218,41,0,1,1,0,54,6,2437,0,0,0,20,evil_twin,evil_twin
1683996939,24151,297,1,2,1,0,2,44,0,1200,2,8,65,257840711,2,0,0,0,1201,0,218,41,0,1,1,0,54,6,2437,0,0,0,20,evil_twin,evil_twin
1683996939,24165,294,1,2,1,0,2,44,0,1201,2,8,65,2548106158,2,0,0,0,1202,0,215,41,0,1,1,0,54,6,2437,0,0,0,20,evil_twin,evil_twin
1683996939,24223,296,1,2,1,0,2,44,0,1202,2,8,65,3720723085,2,0,0,0,1203,0,217,41,0,1,1,0,54,6,2437,0,0,0,20,evil_twin,evil_twin
1683996939,24274,296,1,2,1,0,2,44,0,1203,2,8,65,697792126,2,0,0,0,1204,0,217,41,0,1,1,0,54,6,2437,0,0,0,20,evil_twin,evil_twin
1683996939,24299,296,1,2,1,0,2,44,0,1204,2,8,65,2478509656,2,0,0,0,1205,0,217,41,0,1,1,0,54,6,2437,0,0,0,20,evil_twin,evil_twin
1683996939,24374,296,1,2,1,0,2,44,0,1205,2,8,65,3731741248,2,0,0,0,1206,0,217,41,0,1,1,0,54,6,2437,0,0,0,20,evil_twin,evil_twin
1683996939,24404,297,1,2,1,0,2,44,0,1206,2,8,65,3730275821,2,0,0,0,1207,0,218,41,0,1,1,0,54,6,2437,0,0,0,20,evil_twin,evil_twin
1683996940,24454,297,1,2,1,0,2,44,0,1207,2,8,65,2679953503,2,0,0,0,1208,0,218,41,0,1,1,0,54,6,2437,0,0,0,20,evil_twin,evil_twin
1683996940,24461,295,1,2,1,0,2,44,0,1208,2,8,65,3383368168,2,0,0,0,1209,0,216,41,0,1,1,0,54,6,2437,0,0,0,20,evil_twin,evil_twin
1683996940,24463,295,1,2,1,0,2,44,0,1208,2,8,73,763621993,2,0,0,0,1209,0,216,41,0,1,1,0,54,6,2437,0,0,0,20,evil_twin,evil_twin
1683996940,24475,298,1,2,1,0,2,44,0,1209,2,8,65,865243849,2,0,0,0,1210,0,219,41,0,1,1,0,54,6,2437,0,0,0,20,evil_twin,evil_twin
1683996940,24499,296,1,2,1,0,2,44,0,1210,2,8,65,2240254791,2,0,0,0,1211,0,217,41,0,1,1,0,54,6,2437,0,0,0,20,evil_twin,evil_twin
1683996940,24546,297,1,2,1,0,2,44,0,1211,2,8,65,2819896460,2,0,0,0,1212,0,218,41,0,1,1,0,54,6,2437,0,0,0,20,evil_twin,evil_twin
1683996940,24596,296,1,2,1,0,2,44,0,1212,2,8,65,4194056063,2,0,0,0,1213,0,217,41,0,1,1,0,54,6,2437,0,0,0,20,evil_twin,evil_twin
1683996940,24642,298,1,2,1,0,2,44,0,1213,2,8,65,33512824,2,0,0,0,1214,0,219,41,0,1,1,0,54,6,2437,0,0,0,20,evil_twin,evil_twin
1683996940,24699,295,1,2,1,0,2,44,0,1214,2,8,65,4248983677,2,0,0,0,1215,0,216,41,0,1,1,0,54,6,2437,0,0,0,20,evil_twin,evil_twin
1683996940,24749,296,1,2,1,0,2,44,0,1215,2,8,65,738439873,2,0,0,0,1216,0,217,41,0,1,1,0,54,6,2437,0,0,0,20,evil_twin,evil_twin
1683996940,24783,296,1,2,1,0,2,44,0,1216,2,8,65,2148455672,2,0,0,0,1217,0,217,41,0,1,1,0,54,6,2437,0,0,0,20,evil_twin,evil_twin
1683996941,24791,296,1,2,1,0,2,44,0,1217,2,8,65,35414643,2,0,0,0,1218,0,217,41,0,1,1,0,54,6,2437,0,0,0,20,evil_twin,evil_twin
1683996941,24844,296,1,2,1,0,2,44,0,1218,2,8,65,2584726950,2,0,0,0,1219,0,217,41,0,1,1,0,54,6,2437,0,0,0,20,evil_twin,evil_twin
1683996941,24904,296,1,2,1,0,2,44,0,1219,2,8,65,458349282,2,0,0,0,1220,0,217,41,0,1,1,0,54,6,2437,0,0,0,20,evil_twin,evil_twin
1683996941,24950,296,1,2,1,0,2,44,0,1220,2,8,65,2113218041,2,0,0,0,1221,0,217,41,0,1,1,0,54,6,2437,0,0,0,20,evil_twin,evil_twin
1683996941,25006,296,1,2,1,0,2,44,0,1221,2,8,65,4150105574,2,0,0,0,1222,0,217,41,0,1,1,0,54,6,2437,0,0,0,20,evil_twin,evil_twin
1683996941,25046,296,1,2,1,0,2,44,0,1222,2,8,65,3608996171,2,0,0,0,1223,0,217,41,0,1,1,0,54,6,2437,0,0,0,20,evil_twin,evil_twin
1683996941,25048,296,1,2,1,0,2,44,0,1222,2,8,73,1296528150,2,0,0,0,1223,0,217,41,0,1,1,0,54,6,2437,0,0,0,20,evil_twin,evil_twin
1683996941,25085,295,1,2,1,0,2,44,0,1223,2,8,65,470781211,2,0,0,0,1224,0,216,41,0,1,1,0,54,6,2437,0,0,0,20,evil_twin,evil_twin
1683996941,25093,296,1,2,1,0,2,44,0,1224,2,8,65,3409239259,2,0,0,0,1225,0,217,41,0,1,1,0,54,6,2437,0,0,0,20,evil_twin,evil_twin
1683996941,25111,297,1,2,1,0,2,44,0,1225,2,8,65,1610697708,2,0,0,0,1226,0,218,41,0,1,1,0,54,6,2437,0,0,0,20,evil_twin,evil_twin
1683996942,25204,296,1,2,1,0,2,44,0,1227,2,8,65,2420439540,2,0,0,0,1228,0,217,41,0,1,1,0,54,6,2437,0,0,0,20,evil_twin,evil_twin
1683996942,25255,296,1,2,1,0,2,44,0,1228,2,8,73,2686261448,2,0,0,0,1229,0,217,41,0,1,1,0,54,6,2437,0,0,0,20,evil_twin,evil_twin
1683996942,25267,296,1,2,1,0,2,44,0,1228,2,8,73,2686261448,2,0,0,0,1229,0,217,41,0,1,1,0,48,6,2437,0,0,0,20,evil_twin,evil_twin
1683996942,25290,296,1,2,1,0,2,44,0,1229,2,8,65,1084413832,2,0,0,0,1230,0,217,41,0,1,1,0,54,6,2437,0,0,0,20,evil_twin,evil_twin
1683996942,25304,141,2,1,0,1,2,44,0,38,2,8,66,3651199516,2,0,0,0,41,0,62,41,0,1,1,0,54,6,2437,0,0,0,20,evil_twin,evil_twin
1683996942,25332,297,1,2,1,0,2,44,0,1230,2,8,65,280451840,2,0,0,0,1231,0,218,41,0,1,1,0,54,6,2437,0,0,0,20,evil_twin,evil_twin
1683996942,25371,297,1,2,1,0,2,44,0,1231,2,8,65,3593383337,2,0,0,0,1232,0,218,41,0,1,1,0,54,6,2437,0,0,0,20,evil_twin,evil_twin
1683996942,25426,297,1,2,1,0,2,44,0,1232,2,8,65,2591860387,2,0,0,0,1233,0,218,41,0,1,1,0,54,6,2437,0,0,0,20,evil_twin,evil_twin
1683996942,25448,297,1,2,1,0,2,44,0,1233,2,8,65,1182519071,2,0,0,0,1234,0,218,41,0,1,1,0,54,6,2437,0,0,0,20,evil_twin,evil_twin
1683996942,25451,297,1,2,1,0,2,44,0,1233,2,8,73,1396423116,2,0,0,0,1234,0,218,41,0,1,1,0,54,6,2437,0,0,0,20,evil_twin,evil_twin
1683996942,25454,297,1,2,1,0,2,44,0,1233,2,8,73,1396423116,2,0,0,0,1234,0,218,41,0,1,1,0,48,6,2437,0,0,0,20,evil_twin,evil_twin
1683996942,25457,297,1,2,1,0,2,44,0,1233,2,8,73,1396423116,2,0,0,0,1234,0,218,41,0,1,1,0,48,6,2437,0,0,0,20,evil_twin,evil_twin
1683996942,25462,298,1,2,1,0,2,44,0,1234,2,8,65,2600197985,2,0,0,0,1235,0,219,41,0,1,1,0,54,6,2437,0,0,0,20,evil_twin,evil_twin
1683996942,25513,299,1,2,1,0,2,44,0,1235,2,8,65,3664347715,2,0,0,0,1236,0,220,41,0,1,1,0,54,6,2437,0,0,0,20,evil_twin,evil_twin
1683996942,25556,297,1,2,1,0,2,44,0,1236,2,8,65,902245857,2,0,0,0,1237,0,218,41,0,1,1,0,54,6,2437,0,0,0,20,evil_twin,evil_twin
1683996943,25610,296,1,2,1,0,2,44,0,1237,2,8,65,2278152094,2,0,0,0,1238,0,217,41,0,1,1,0,54,6,2437,0,0,0,20,evil_twin,evil_twin
1683996943,25743,297,1,2,1,0,2,44,0,1240,2,8,65,730287744,2,0,0,0,1241,0,218,41,0,1,1,0,54,6,2437,0,0,0,20,evil_twin,evil_twin
1683996943,25764,296,1,2,1,0,2,44,0,1241,2,8,65,2942578769,2,0,0,0,1242,0,217,41,0,1,1,0,54,6,2437,0,0,0,20,evil_twin,evil_twin
1683996943,25770,297,1,2,1,0,2,44,0,1242,2,8,65,1446381079,2,0,0,0,1243,0,218,41,0,1,1,0,54,6,2437,0,0,0,20,evil_twin,evil_twin
1683996943,25796,296,1,2,1,0,2,44,0,1243,2,8,65,2313553525,2,0,0,0,1244,0,217,41,0,1,1,0,54,6,2437,0,0,0,20,evil_twin,evil_twin
1683996943,25843,296,1,2,1,0,2,44,0,1244,2,8,65,54599592,2,0,0,0,1245,0,217,41,0,1,1,0,54,6,2437,0,0,0,20,evil_twin,evil_twin
1683996943,25894,296,1,2,1,0,2,44,0,1245,2,8,65,1816536280,2,0,0,0,1246,0,217,41,0,1,1,0,54,6,2437,0,0,0,20,evil_twin,evil_twin
1683996943,25937,296,1,2,1,0,2,44,0,1246,2,8,65,1187116288,2,0,0,0,1247,0,217,41,0,1,1,0,54,6,2437,0,0,0,20,evil_twin,evil_twin
1683996944,25975,296,1,2,1,0,2,44,0,1247,2,8,65,4070996546,2,0,0,0,1248,0,217,41,0,1,1,0,54,6,2437,0,0,0,20,evil_twin,evil_twin
1683996944,26015,297,1,2,1,0,2,44,0,1248,2,8,65,4043329052,2,0,0,0,1249,0,218,41,0,1,1,0,54,6,2437,0,0,0,20,evil_twin,evil_twin
1683996944,26032,125,1,2,1,0,2,44,0,1249,2,8,65,551499015,2,0,0,0,1250,0,46,41,0,1,1,0,54,6,2437,0,0,0,20,evil_twin,evil_twin
1683996944,26048,297,1,2,1,0,2,44,0,1250,2,8,65,2229811619,2,0,0,0,1251,0,218,41,0,1,1,0,54,6,2437,0,0,0,20,evil_twin,evil_twin
1683996944,26087,298,1,2,1,0,2,44,0,1251,2,8,65,2579925412,2,0,0,0,1252,0,219,41,0,1,1,0,54,6,2437,0,0,0,20,evil_twin,evil_twin
1683996944,26094,298,1,2,1,0,2,44,0,1252,2,8,65,2285555107,2,0,0,0,1253,0,219,41,0,1,1,0,54,6,2437,0,0,0,20,evil_twin,evil_twin
1683996944,26122,296,1,2,1,0,2,44,0,1253,2,8,65,950447395,2,0,0,0,1254,0,217,41,0,1,1,0,54,6,2437,0,0,0,20,evil_twin,evil_twin
1683996944,26178,297,1,2,1,0,2,44,0,1254,2,8,65,1640928066,2,0,0,0,1255,0,218,41,0,1,1,0,54,6,2437,0,0,0,20,evil_twin,evil_twin
1683996944,26224,295,1,2,1,0,2,44,0,1255,2,8,65,881043268,2,0,0,0,1256,0,216,41,0,1,1,0,54,6,2437,0,0,0,20,evil_twin,evil_twin
1683996944,26274,296,1,2,1,0,2,44,0,1256,2,8,65,760242662,2,0,0,0,1257,0,217,41,0,1,1,0,54,6,2437,0,0,0,20,evil_twin,evil_twin
1683996944,26325,295,1,2,1,0,2,44,0,1257,2,8,65,101355114,2,0,0,0,1258,0,216,41,0,1,1,0,54,6,2437,0,0,0,20,evil_twin,evil_twin
1683996945,26380,296,1,2,1,0,2,44,0,1258,2,8,65,1571201622,2,0,0,0,1259,0,217,41,0,1,1,0,54,6,2437,0,0,0,20,evil_twin,evil_twin
1683996945,26391,296,1,2,1,0,2,44,0,1259,2,8,65,4008390850,2,0,0,0,1260,0,217,41,0,1,1,0,54,6,2437,0,0,0,20,evil_twin,evil_twin
1683996945,26403,297,1,2,1,0,2,44,0,1260,2,8,65,355036610,2,0,0,0,1261,0,218,41,0,1,1,0,54,6,2437,0,0,0,20,evil_twin,evil_twin
1684000051,3,297,0,1,1,0,0,44,0,244,2,8,65,2727869147,2,0,0,0,245,0,218,41,0,1,1,0,54,6,2437,0,0,0,20,evil_twin,evil_twin
1684000052,302,296,0,1,1,0,0,44,0,246,2,8,65,1880431397,2,0,0,0,247,0,217,41,0,1,1,0,54,6,2437,0,0,0,20,evil_twin,evil_twin
1684000052,309,296,0,1,1,0,0,44,0,246,2,8,73,3931013496,2,0,0,0,247,0,217,41,0,1,1,0,54,6,2437,0,0,0,20,evil_twin,evil_twin
1684000052,353,297,0,1,1,0,0,44,0,247,2,8,65,3596972797,2,0,0,0,248,0,218,41,0,1,1,0,54,6,2437,0,0,0,20,evil_twin,evil_twin
1684000052,367,298,0,1,1,0,0,44,0,248,2,8,65,2697678385,2,0,0,0,249,0,219,41,0,1,1,0,54,6,2437,0,0,0,20,evil_twin,evil_twin
1684000052,380,296,0,1,1,0,0,44,0,249,2,8,65,2268283688,2,0,0,0,250,0,217,41,0,1,1,0,54,6,2437,0,0,0,20,evil_twin,evil_twin
1684000052,405,297,0,1,1,0,0,44,0,250,2,8,65,2071515975,2,0,0,0,251,0,218,41,0,1,1,0,54,6,2437,0,0,0,20,evil_twin,evil_twin
1684000052,418,296,0,1,1,0,0,44,0,251,2,8,65,1046774366,2,0,0,0,252,0,217,41,0,1,1,0,54,6,2437,0,0,0,20,evil_twin,evil_twin
1684000052,432,298,0,1,1,0,0,44,0,252,2,8,65,814539083,2,0,0,0,253,0,219,41,0,1,1,0,54,6,2437,0,0,0,20,evil_twin,evil_twin
1684000052,438,298,0,1,1,0,0,44,0,253,2,8,65,292647455,2,0,0,0,254,0,219,41,0,1,1,0,54,6,2437,0,0,0,20,evil_twin,evil_twin
1684000052,462,297,0,1,1,0,0,44,0,254,2,8,65,1129043513,2,0,0,0,255,0,218,41,0,1,1,0,54,6,2437,0,0,0,20,evil_twin,evil_twin
1684000052,479,297,0,1,1,0,0,44,0,255,2,8,65,2791530171,2,0,0,0,256,0,218,41,0,1,1,0,54,6,2437,0,0,0,20,evil_twin,evil_twin
1684000052,496,298,0,1,1,0,0,44,0,256,2,8,65,1220444821,2,0,0,0,257,0,219,41,0,1,1,0,54,6,2437,0,0,0,20,evil_twin,evil_twin
1684000053,518,297,0,1,1,0,0,44,0,257,2,8,65,806404512,2,0,0,0,258,0,218,41,0,1,1,0,54,6,2437,0,0,0,20,evil_twin,evil_twin
1684000053,528,297,0,1,1,0,0,44,0,258,2,8,65,971926745,2,0,0,0,259,0,218,41,0,1,1,0,54,6,2437,0,0,0,20,evil_twin,evil_twin
1684000053,542,297,0,1,1,0,0,44,0,259,2,8,65,3009850553,2,0,0,0,260,0,218,41,0,1,1,0,54,6,2437,0,0,0,20,evil_twin,evil_twin
1684000053,560,294,0,1,1,0,0,44,0,260,2,8,65,2209000112,2,0,0,0,261,0,215,41,0,1,1,0,54,6,2437,0,0,0,20,evil_twin,evil_twin
1684000053,579,297,0,1,1,0,0,44,0,261,2,8,65,736504612,2,0,0,0,262,0,218,41,0,1,1,0,54,6,2437,0,0,0,20,evil_twin,evil_twin
1684000053,593,296,0,1,1,0,0,44,0,262,2,8,65,4193444999,2,0,0,0,263,0,217,41,0,1,1,0,54,6,2437,0,0,0,20,evil_twin,evil_twin
1684000053,596,125,0,1,1,0,0,44,0,263,2,8,65,1963471460,2,0,0,0,264,0,46,41,0,1,1,0,54,6,2437,0,0,0,20,evil_twin,evil_twin
1684000053,617,296,0,1,1,0,0,44,0,264,2,8,65,4025110522,2,0,0,0,265,0,217,41,0,1,1,0,54,6,2437,0,0,0,20,evil_twin,evil_twin
1684000053,665,294,0,1,1,0,0,44,0,265,2,8,65,3172978191,2,0,0,0,266,0,215,41,0,1,1,0,54,6,2437,0,0,0,20,evil_twin,evil_twin
1684000053,668,141,1,0,0,1,0,44,0,9,2,8,66,2448186793,2,0,0,0,12,0,62,41,0,1,1,0,54,6,2437,0,0,0,20,evil_twin,evil_twin
1684000053,780,296,0,1,1,0,0,44,0,266,2,8,65,2796638006,2,0,0,0,267,0,217,41,0,1,1,0,54,6,2437,0,0,0,20,evil_twin,evil_twin
1684000054,887,296,0,1,1,0,0,44,0,267,2,8,65,797006542,2,0,0,0,268,0,217,41,0,1,1,0,54,6,2437,0,0,0,20,evil_twin,evil_twin
1684000054,900,293,0,1,1,0,0,44,0,268,2,8,65,3716045919,2,0,0,0,269,0,214,41,0,1,1,0,54,6,2437,0,0,0,20,evil_twin,evil_twin
1684000054,914,296,0,1,1,0,0,44,0,269,2,8,65,370284300,2,0,0,0,270,0,217,41,0,1,1,0,54,6,2437,0,0,0,20,evil_twin,evil_twin
1684000054,928,296,0,1,1,0,0,44,0,270,2,8,65,3299017810,2,0,0,0,271,0,217,41,0,1,1,0,54,6,2437,0,0,0,20,evil_twin,evil_twin
1684000054,944,295,0,1,1,0,0,44,0,271,2,8,65,2333611044,2,0,0,0,272,0,216,41,0,1,1,0,54,6,2437,0,0,0,20,evil_twin,evil_twin
1684000054,953,294,0,1,1,0,0,44,0,272,2,8,65,2016135737,2,0,0,0,273,0,215,41,0,1,1,0,54,6,2437,0,0,0,20,evil_twin,evil_twin
1684000054,965,295,0,1,1,0,0,44,0,273,2,8,65,1370937972,2,0,0,0,274,0,216,41,0,1,1,0,54,6,2437,0,0,0,20,evil_twin,evil_twin
1684000054,974,294,0,1,1,0,0,44,0,274,2,8,65,3887378268,2,0,0,0,275,0,215,41,0,1,1,0,54,6,2437,0,0,0,20,evil_twin,evil_twin
1684000054,986,295,0,1,1,0,0,44,0,275,2,8,65,912610483,2,0,0,0,276,0,216,41,0,1,1,0,54,6,2437,0,0,0,20,evil_twin,evil_twin
1684000054,1006,295,0,1,1,0,0,44,0,276,2,8,65,673204526,2,0,0,0,277,0,216,41,0,1,1,0,54,6,2437,0,0,0,20,evil_twin,evil_twin
1684000055,1018,294,0,1,1,0,0,44,0,277,2,8,65,3460242197,2,0,0,0,278,0,215,41,0,1,1,0,54,6,2437,0,0,0,20,evil_twin,evil_twin
1684000055,1029,295,0,1,1,0,0,44,0,278,2,8,65,2765748672,2,0,0,0,279,0,216,41,0,1,1,0,54,6,2437,0,0,0,20,evil_twin,evil_twin
1684000055,1031,295,0,1,1,0,0,44,0,278,2,8,73,1089475137,2,0,0,0,279,0,216,41,0,1,1,0,54,6,2437,0,0,0,20,evil_twin,evil_twin
1684000055,1051,294,0,1,1,0,0,44,0,279,2,8,65,1428872537,2,0,0,0,280,0,215,41,0,1,1,0,54,6,2437,0,0,0,20,evil_twin,evil_twin
1684000055,1069,295,0,1,1,0,0,44,0,280,2,8,65,2340751007,2,0,0,0,281,0,216,41,0,1,1,0,54,6,2437,0,0,0,20,evil_twin,evil_twin
1684000055,1104,297,0,1,1,0,0,44,0,281,2,8,65,2996968116,2,0,0,0,282,0,218,41,0,1,1,0,54,6,2437,0,0,0,20,evil_twin,evil_twin
1684000055,1124,294,0,1,1,0,0,44,0,282,2,8,65,3573802750,2,0,0,0,283,0,215,41,0,1,1,0,54,6,2437,0,0,0,20,evil_twin,evil_twin
1684000055,1137,295,0,1,1,0,0,44,0,283,2,8,65,234856530,2,0,0,0,284,0,216,41,0,1,1,0,54,6,2437,0,0,0,20,evil_twin,evil_twin
1684000055,1149,125,0,1,1,0,0,44,0,284,2,8,65,1348656078,2,0,0,0,285,0,46,41,0,1,1,0,54,6,2437,0,0,0,20,evil_twin,evil_twin
1684000055,1152,295,0,1,1,0,0,44,0,285,2,8,65,794354417,2,0,0,0,286,0,216,41,0,1,1,0,54,6,2437,0,0,0,20,evil_twin,evil_twin
1684000055,1160,141,1,0,0,1,0,44,0,10,2,8,66,216479896,2,0,0,0,13,0,62,41,0,1,1,0,54,6,2437,0,0,0,20,evil_twin,evil_twin
1684000055,1190,293,0,1,1,0,0,44,0,286,2,8,65,179328185,2,0,0,0,287,0,214,41,0,1,1,0,54,6,2437,0,0,0,20,evil_twin,evil_twin
1684000055,1325,294,0,1,1,0,0,44,0,287,2,8,65,1280623962,2,0,0,0,288,0,215,41,0,1,1,0,54,6,2437,0,0,0,20,evil_twin,evil_twin
1684000056,1408,294,0,1,1,0,0,44,0,288,2,8,65,397539399,2,0,0,0,289,0,215,41,0,1,1,0,54,6,2437,0,0,0,20,evil_twin,evil_twin
1684000056,1421,297,0,1,1,0,0,44,0,289,2,8,65,731778930,2,0,0,0,290,0,218,41,0,1,1,0,54,6,2437,0,0,0,20,evil_twin,evil_twin
1684000056,1436,296,0,1,1,0,0,44,0,290,2,8,65,532762842,2,0,0,0,291,0,217,41,0,1,1,0,54,6,2437,0,0,0,20,evil_twin,evil_twin
1684000056,1449,295,0,1,1,0,0,44,0,291,2,8,65,4210793737,2,0,0,0,292,0,216,41,0,1,1,0,54,6,2437,0,0,0,20,evil_twin,evil_twin
1684000056,1470,297,0,1,1,0,0,44,0,292,2,8,65,4091584115,2,0,0,0,293,0,218,41,0,1,1,0,54,6,2437,0,0,0,20,evil_twin,evil_twin
1684000056,1494,297,0,1,1,0,0,44,0,293,2,8,65,3802339347,2,0,0,0,294,0,218,41,0,1,1,0,54,6,2437,0,0,0,20,evil_twin,evil_twin
1684000056,1513,297,0,1,1,0,0,44,0,294,2,8,65,3220573774,2,0,0,0,295,0,218,41,0,1,1,0,54,6,2437,0,0,0,20,evil_twin,evil_twin
1684000056,1526,298,0,1,1,0,0,44,0,295,2,8,65,2688571117,2,0,0,0,296,0,219,41,0,1,1,0,54,6,2437,0,0,0,20,evil_twin,evil_twin
1684000056,1540,295,0,1,1,0,0,44,0,296,2,8,65,1594503657,2,0,0,0,297,0,216,41,0,1,1,0,54,6,2437,0,0,0,20,evil_twin,evil_twin
1684000056,1559,296,0,1,1,0,0,44,0,297,2,8,65,470310353,2,0,0,0,298,0,217,41,0,1,1,0,54,6,2437,0,0,0,20,evil_twin,evil_twin
1684000057,1570,297,0,1,1,0,0,44,0,298,2,8,65,3215847024,2,0,0,0,299,0,218,41,0,1,1,0,54,6,2437,0,0,0,20,evil_twin,evil_twin
1684000057,1585,296,0,1,1,0,0,44,0,299,2,8,65,2477021501,2,0,0,0,300,0,217,41,0,1,1,0,54,6,2437,0,0,0,20,evil_twin,evil_twin
1684000057,1597,297,0,1,1,0,0,44,0,300,2,8,65,273471475,2,0,0,0,301,0,218,41,0,1,1,0,54,6,2437,0,0,0,20,evil_twin,evil_twin
1684000057,1611,296,0,1,1,0,0,44,0,301,2,8,65,1779830493,2,0,0,0,302,0,217,41,0,1,1,0,54,6,2437,0,0,0,20,evil_twin,evil_twin
1684000057,1634,296,0,1,1,0,0,44,0,302,2,8,65,626307909,2,0,0,0,303,0,217,41,0,1,1,0,54,6,2437,0,0,0,20,evil_twin,evil_twin
1684000057,1646,297,0,1,1,0,0,44,0,303,2,8,65,768096466,2,0,0,0,304,0,218,41,0,1,1,0,54,6,2437,0,0,0,20,evil_twin,evil_twin
1684000057,1666,298,0,1,1,0,0,44,0,304,2,8,65,2425379678,2,0,0,0,305,0,219,41,0,1,1,0,54,6,2437,0,0,0,20,evil_twin,evil_twin
1684000057,1689,297,0,1,1,0,0,44,0,305,2,8,65,3466379455,2,0,0,0,306,0,218,41,0,1,1,0,54,6,2437,0,0,0,20,evil_twin,evil_twin
1684000057,1763,298,0,1,1,0,0,44,0,306,2,8,65,2038760383,2,0,0,0,307,0,219,41,0,1,1,0,54,6,2437,0,0,0,20,evil_twin,evil_twin
1684000057,1863,297,0,1,1,0,0,44,0,307,2,8,65,3378883517,2,0,0,0,308,0,218,41,0,1,1,0,54,6,2437,0,0,0,20,evil_twin,evil_twin
1684000057,1939,125,0,1,1,0,0,44,0,308,2,8,65,737080390,2,0,0,0,309,0,46,41,0,1,1,0,54,6,2437,0,0,0,20,evil_twin,evil_twin
1684000058,1945,297,0,1,1,0,0,44,0,309,2,8,65,1206599852,2,0,0,0,310,0,218,41,0,1,1,0,54,6,2437,0,0,0,20,evil_twin,evil_twin
1684000058,1957,297,0,1,1,0,0,44,0,310,2,8,65,1446970839,2,0,0,0,311,0,218,41,0,1,1,0,54,6,2437,0,0,0,20,evil_twin,evil_twin
1684000058,1971,294,0,1,1,0,0,44,0,311,2,8,65,2808179131,2,0,0,0,312,0,215,41,0,1,1,0,54,6,2437,0,0,0,20,evil_twin,evil_twin
1684000058,1992,299,0,1,1,0,0,44,0,312,2,8,65,3056136258,2,0,0,0,313,0,220,41,0,1,1,0,54,6,2437,0,0,0,20,evil_twin,evil_twin
1684000058,2005,298,0,1,1,0,0,44,0,313,2,8,65,3804151592,2,0,0,0,314,0,219,41,0,1,1,0,54,6,2437,0,0,0,20,evil_twin,evil_twin
1684000058,2019,299,0,1,1,0,0,44,0,314,2,8,65,171112212,2,0,0,0,315,0,220,41,0,1,1,0,54,6,2437,0,0,0,20,evil_twin,evil_twin
1684000058,2029,299,0,1,1,0,0,44,0,315,2,8,65,3724969359,2,0,0,0,316,0,220,41,0,1,1,0,54,6,2437,0,0,0,20,evil_twin,evil_twin
1684000058,2047,299,0,1,1,0,0,44,0,316,2,8,65,582887158,2,0,0,0,317,0,220,41,0,1,1,0,54,6,2437,0,0,0,20,evil_twin,evil_twin
1684000058,2077,297,0,1,1,0,0,44,0,317,2,8,65,27505777,2,0,0,0,318,0,218,41,0,1,1,0,54,6,2437,0,0,0,20,evil_twin,evil_twin
1684000058,2112,297,0,1,1,0,0,44,0,318,2,8,65,2282772690,2,0,0,0,319,0,218,41,0,1,1,0,54,6,2437,0,0,0,20,evil_twin,evil_twin
1684000059,2128,298,0,1,1,0,0,44,0,319,2,8,65,1867185292,2,0,0,0,320,0,219,41,0,1,1,0,54,6,2437,0,0,0,20,evil_twin,evil_twin
1684000059,2170,298,0,1,1,0,0,44,0,322,2,8,65,1855472321,2,0,0,0,323,0,219,41,0,1,1,0,54,6,2437,0,0,0,20,evil_twin,evil_twin
1684000059,2207,297,0,1,1,0,0,44,0,323,2,8,65,3857788322,2,0,0,0,324,0,218,41,0,1,1,0,54,6,2437,0,0,0,20,evil_twin,evil_twin
1684000059,2232,297,0,1,1,0,0,44,0,324,2,8,65,740333247,2,0,0,0,325,0,218,41,0,1,1,0,54,6,2437,0,0,0,20,evil_twin,evil_twin
1684000059,2242,299,0,1,1,0,0,44,0,325,2,8,65,3316706693,2,0,0,0,326,0,220,41,0,1,1,0,54,6,2437,0,0,0,20,evil_twin,evil_twin
1684000059,2261,299,0,1,1,0,0,44,0,326,2,8,65,1580862280,2,0,0,0,327,0,220,41,0,1,1,0,54,6,2437,0,0,0,20,evil_twin,evil_twin
1684000059,2350,300,0,1,1,0,0,44,0,327,2,8,65,1922920416,2,0,0,0,328,0,221,41,0,1,1,0,54,6,2437,0,0,0,20,evil_twin,evil_twin
1684000059,2456,299,0,1,1,0,0,44,0,328,2,8,73,4023114986,2,0,0,0,329,0,220,41,0,1,1,0,54,6,2437,0,0,0,20,evil_twin,evil_twin
1684000059,2458,299,0,1,1,0,0,44,0,328,2,8,73,4023114986,2,0,0,0,329,0,220,41,0,1,1,0,48,6,2437,0,0,0,20,evil_twin,evil_twin
1684000060,2522,298,0,1,1,0,0,44,0,330,2,8,73,257058028,2,0,0,0,331,0,219,41,0,1,1,0,54,6,2437,0,0,0,20,evil_twin,evil_twin
1684000060,2524,298,0,1,1,0,0,44,0,330,2,8,73,257058028,2,0,0,0,331,0,219,41,0,1,1,0,48,6,2437,0,0,0,20,evil_twin,evil_twin
1684000060,2539,125,0,1,1,0,0,44,0,331,2,8,65,4293172145,2,0,0,0,332,0,46,41,0,1,1,0,54,6,2437,0,0,0,20,evil_twin,evil_twin
1684000060,2542,297,0,1,1,0,0,44,0,332,2,8,65,3613688160,2,0,0,0,333,0,218,41,0,1,1,0,54,6,2437,0,0,0,20,evil_twin,evil_twin
1684000060,2549,295,0,1,1,0,0,44,0,333,2,8,65,2345091162,2,0,0,0,334,0,216,41,0,1,1,0,54,6,2437,0,0,0,20,evil_twin,evil_twin
1684000060,2564,141,1,0,0,1,0,44,0,12,2,8,66,1937546001,2,0,0,0,15,0,62,41,0,1,1,0,54,6,2437,0,0,0,20,evil_twin,evil_twin
1684000060,2586,295,0,1,1,0,0,44,0,334,2,8,65,2459484590,2,0,0,0,335,0,216,41,0,1,1,0,54,6,2437,0,0,0,20,evil_twin,evil_twin
1684000060,2592,294,0,1,1,0,0,44,0,335,2,8,65,60890787,2,0,0,0,336,0,215,41,0,1,1,0,54,6,2437,0,0,0,20,evil_twin,evil_twin
1684000060,2605,298,0,1,1,0,0,44,0,336,2,8,65,2443160080,2,0,0,0,337,0,219,41,0,1,1,0,54,6,2437,0,0,0,20,evil_twin,evil_twin
1684000060,2618,297,0,1,1,0,0,44,0,337,2,8,65,3719832345,2,0,0,0,338,0,218,41,0,1,1,0,54,6,2437,0,0,0,20,evil_twin,evil_twin
1684000060,2644,296,0,1,1,0,0,44,0,338,2,8,65,2015487467,2,0,0,0,339,0,217,41,0,1,1,0,54,6,2437,0,0,0,20,evil_twin,evil_twin
1684000060,2681,295,0,1,1,0,0,44,0,339,2,8,65,601924010,2,0,0,0,340,0,216,41,0,1,1,0,54,6,2437,0,0,0,20,evil_twin,evil_twin
1684000061,2697,295,0,1,1,0,0,44,0,340,2,8,65,1248317208,2,0,0,0,341,0,216,41,0,1,1,0,54,6,2437,0,0,0,20,evil_twin,evil_twin
1684000061,2712,295,0,1,1,0,0,44,0,341,2,8,65,1928772341,2,0,0,0,342,0,216,41,0,1,1,0,54,6,2437,0,0,0,20,evil_twin,evil_twin
1684000061,2741,295,0,1,1,0,0,44,0,342,2,8,65,1980179322,2,0,0,0,343,0,216,41,0,1,1,0,54,6,2437,0,0,0,20,evil_twin,evil_twin
1684000061,2756,297,0,1,1,0,0,44,0,343,2,8,65,1240143521,2,0,0,0,344,0,218,41,0,1,1,0,54,6,2437,0,0,0,20,evil_twin,evil_twin
1684000061,2773,297,0,1,1,0,0,44,0,344,2,8,65,425430240,2,0,0,0,345,0,218,41,0,1,1,0,54,6,2437,0,0,0,20,evil_twin,evil_twin
1684000061,2784,294,0,1,1,0,0,44,0,345,2,8,65,3806989570,2,0,0,0,346,0,215,41,0,1,1,0,54,6,2437,0,0,0,20,evil_twin,evil_twin
1684000061,2797,297,0,1,1,0,0,44,0,346,2,8,65,891985865,2,0,0,0,347,0,218,41,0,1,1,0,54,6,2437,0,0,0,20,evil_twin,evil_twin
1684000061,2834,295,0,1,1,0,0,44,0,347,2,8,65,2819918340,2,0,0,0,348,0,216,41,0,1,1,0,54,6,2437,0,0,0,20,evil_twin,evil_twin
1684000061,2927,295,0,1,1,0,0,44,0,348,2,8,65,2059439063,2,0,0,0,349,0,216,41,0,1,1,0,54,6,2437,0,0,0,20,evil_twin,evil_twin
1684000061,3034,296,0,1,1,0,0,44,0,349,2,8,65,2601208280,2,0,0,0,350,0,217,41,0,1,1,0,54,6,2437,0,0,0,20,evil_twin,evil_twin
1684000062,3045,296,0,1,1,0,0,44,0,350,2,8,65,2896210441,2,0,0,0,351,0,217,41,0,1,1,0,54,6,2437,0,0,0,20,evil_twin,evil_twin
1684000062,3058,298,0,1,1,0,0,44,0,351,2,8,65,505263300,2,0,0,0,352,0,219,41,0,1,1,0,54,6,2437,0,0,0,20,evil_twin,evil_twin
1684000062,3073,297,0,1,1,0,0,44,0,352,2,8,65,1194213624,2,0,0,0,353,0,218,41,0,1,1,0,54,6,2437,0,0,0,20,evil_twin,evil_twin
1684000062,3088,298,0,1,1,0,0,44,0,353,2,8,65,2067419604,2,0,0,0,354,0,219,41,0,1,1,0,54,6,2437,0,0,0,20,evil_twin,evil_twin
1684000062,3105,125,0,1,1,0,0,44,0,354,2,8,65,4178056242,2,0,0,0,355,0,46,41,0,1,1,0,54,6,2437,0,0,0,20,evil_twin,evil_twin
1684000062,3108,296,0,1,1,0,0,44,0,355,2,8,65,2022858452,2,0,0,0,356,0,217,41,0,1,1,0,54,6,2437,0,0,0,20,evil_twin,evil_twin
1684000062,3120,141,1,0,0,1,0,44,0,13,2,8,66,620755396,2,0,0,0,16,0,62,41,0,1,1,0,54,6,2437,0,0,0,20,evil_twin,evil_twin
1684000062,3130,297,0,1,1,0,0,44,0,356,2,8,65,4150161906,2,0,0,0,357,0,218,41,0,1,1,0,54,6,2437,0,0,0,20,evil_twin,evil_twin
1684000062,3139,298,0,1,1,0,0,44,0,357,2,8,65,373386737,2,0,0,0,358,0,219,41,0,1,1,0,54,6,2437,0,0,0,20,evil_twin,evil_twin
1684000062,3148,296,0,1,1,0,0,44,0,358,2,8,65,779913459,2,0,0,0,359,0,217,41,0,1,1,0,54,6,2437,0,0,0,20,evil_twin,evil_twin
1684000062,3161,297,0,1,1,0,0,44,0,359,2,8,65,1601577500,2,0,0,0,360,0,218,41,0,1,1,0,54,6,2437,0,0,0,20,evil_twin,evil_twin
1684000062,3204,298,0,1,1,0,0,44,0,360,2,8,65,1495849690,2,0,0,0,361,0,219,41,0,1,1,0,54,6,2437,0,0,0,20,evil_twin,evil_twin
1684000063,3220,298,0,1,1,0,0,44,0,361,2,8,65,3880319528,2,0,0,0,362,0,219,41,0,1,1,0,54,6,2437,0,0,0,20,evil_twin,evil_twin
1684000063,3231,298,0,1,1,0,0,44,0,362,2,8,65,536719479,2,0,0,0,363,0,219,41,0,1,1,0,54,6,2437,0,0,0,20,evil_twin,evil_twin
1684000063,3245,297,0,1,1,0,0,44,0,363,2,8,65,520266090,2,0,0,0,364,0,218,41,0,1,1,0,54,6,2437,0,0,0,20,evil_twin,evil_twin
1684000063,3260,298,0,1,1,0,0,44,0,364,2,8,65,3552198028,2,0,0,0,365,0,219,41,0,1,1,0,54,6,2437,0,0,0,20,evil_twin,evil_twin
1684000063,3279,299,0,1,1,0,0,44,0,365,2,8,65,1257336188,2,0,0,0,366,0,220,41,0,1,1,0,54,6,2437,0,0,0,20,evil_twin,evil_twin
1684000063,3281,299,0,1,1,0,0,44,0,365,2,8,73,1501706985,2,0,0,0,366,0,220,41,0,1,1,0,54,6,2437,0,0,0,20,evil_twin,evil_twin
1684000063,3289,296,0,1,1,0,0,44,0,366,2,8,65,2766891758,2,0,0,0,367,0,217,41,0,1,1,0,54,6,2437,0,0,0,20,evil_twin,evil_twin
1684000063,3301,299,0,1,1,0,0,44,0,367,2,8,65,299807697,2,0,0,0,368,0,220,41,0,1,1,0,54,6,2437,0,0,0,20,evil_twin,evil_twin
1684000063,3333,299,0,1,1,0,0,44,0,368,2,8,65,2762005478,2,0,0,0,369,0,220,41,0,1,1,0,54,6,2437,0,0,0,20,evil_twin,evil_twin
1684000063,3449,298,0,1,1,0,0,44,0,369,2,8,65,349551671,2,0,0,0,370,0,219,41,0,1,1,0,54,6,2437,0,0,0,20,evil_twin,evil_twin
1684000063,3530,298,0,1,1,0,0,44,0,370,2,8,65,1289214,2,0,0,0,371,0,219,41,0,1,1,0,54,6,2437,0,0,0,20,evil_twin,evil_twin
1684000064,3561,298,0,1,1,0,0,44,0,371,2,8,65,2821726299,2,0,0,0,372,0,219,41,0,1,1,0,54,6,2437,0,0,0,20,evil_twin,evil_twin
1684000064,3592,298,0,1,1,0,0,44,0,372,2,8,65,1022163217,2,0,0,0,373,0,219,41,0,1,1,0,54,6,2437,0,0,0,20,evil_twin,evil_twin
1684000064,3634,297,0,1,1,0,0,44,0,373,2,8,65,1858431857,2,0,0,0,374,0,218,41,0,1,1,0,54,6,2437,0,0,0,20,evil_twin,evil_twin
1684000064,3645,296,0,1,1,0,0,44,0,374,2,8,65,3742092798,2,0,0,0,375,0,217,41,0,1,1,0,54,6,2437,0,0,0,20,evil_twin,evil_twin
1684000064,3666,296,0,1,1,0,0,44,0,375,2,8,65,3866253345,2,0,0,0,376,0,217,41,0,1,1,0,54,6,2437,0,0,0,20,evil_twin,evil_twin
1684000064,3678,298,0,1,1,0,0,44,0,376,2,8,65,3145976003,2,0,0,0,377,0,219,41,0,1,1,0,54,6,2437,0,0,0,20,evil_twin,evil_twin
1684000064,3690,297,0,1,1,0,0,44,0,377,2,8,65,175004281,2,0,0,0,378,0,218,41,0,1,1,0,54,6,2437,0,0,0,20,evil_twin,evil_twin
1684000064,3693,125,0,1,1,0,0,44,0,378,2,8,65,194151926,2,0,0,0,379,0,46,41,0,1,1,0,54,6,2437,0,0,0,20,evil_twin,evil_twin
1684000064,3706,141,1,0,0,1,0,44,0,14,2,8,66,368171794,2,0,0,0,17,0,62,41,0,1,1,0,54,6,2437,0,0,0,20,evil_twin,evil_twin
1684000064,3717,296,0,1,1,0,0,44,0,379,2,8,65,1699155217,2,0,0,0,380,0,217,41,0,1,1,0,54,6,2437,0,0,0,20,evil_twin,evil_twin
1684000064,3728,297,0,1,1,0,0,44,0,380,2,8,65,127493256,2,0,0,0,381,0,218,41,0,1,1,0,54,6,2437,0,0,0,20,evil_twin,evil_twin
1684000065,3756,297,0,1,1,0,0,44,0,382,2,8,65,1135736944,2,0,0,0,383,0,218,41,0,1,1,0,54,6,2437,0,0,0,20,evil_twin,evil_twin
1684000065,3777,298,0,1,1,0,0,44,0,383,2,8,65,4159828356,2,0,0,0,384,0,219,41,0,1,1,0,54,6,2437,0,0,0,20,evil_twin,evil_twin
1684000065,3790,298,0,1,1,0,0,44,0,384,2,8,65,3388231069,2,0,0,0,385,0,219,41,0,1,1,0,54,6,2437,0,0,0,20,evil_twin,evil_twin
1684000065,3807,299,0,1,1,0,0,44,0,385,2,8,65,995433527,2,0,0,0,386,0,220,41,0,1,1,0,54,6,2437,0,0,0,20,evil_twin,evil_twin
1684000065,3828,298,0,1,1,0,0,44,0,386,2,8,65,2340508598,2,0,0,0,387,0,219,41,0,1,1,0,54,6,2437,0,0,0,20,evil_twin,evil_twin
1684000065,3841,298,0,1,1,0,0,44,0,387,2,8,65,4219062849,2,0,0,0,388,0,219,41,0,1,1,0,54,6,2437,0,0,0,20,evil_twin,evil_twin
1684000065,3856,298,0,1,1,0,0,44,0,388,2,8,65,2329927448,2,0,0,0,389,0,219,41,0,1,1,0,54,6,2437,0,0,0,20,evil_twin,evil_twin
1684000065,3933,297,0,1,1,0,0,44,0,389,2,8,65,2132873314,2,0,0,0,390,0,218,41,0,1,1,0,54,6,2437,0,0,0,20,evil_twin,evil_twin
1684000065,3947,297,0,1,1,0,0,44,0,389,2,8,73,1784768177,2,0,0,0,390,0,218,41,0,1,1,0,54,6,2437,0,0,0,20,evil_twin,evil_twin
1684000065,4076,298,0,1,1,0,0,44,0,390,2,8,65,3929133081,2,0,0,0,391,0,219,41,0,1,1,0,54,6,2437,0,0,0,20,evil_twin,evil_twin
1684000065,4092,298,0,1,1,0,0,44,0,390,2,8,73,4127068929,2,0,0,0,391,0,219,41,0,1,1,0,54,6,2437,0,0,0,20,evil_twin,evil_twin
1684000065,4168,299,0,1,1,0,0,44,0,391,2,8,65,1238188934,2,0,0,0,392,0,220,41,0,1,1,0,54,6,2437,0,0,0,20,evil_twin,evil_twin
1684000066,4182,297,0,1,1,0,0,44,0,392,2,8,65,3833666769,2,0,0,0,393,0,218,41,0,1,1,0,54,6,2437,0,0,0,20,evil_twin,evil_twin
1684000066,4198,297,0,1,1,0,0,44,0,393,2,8,65,3130486060,2,0,0,0,394,0,218,41,0,1,1,0,54,6,2437,0,0,0,20,evil_twin,evil_twin
1684000066,4211,298,0,1,1,0,0,44,0,394,2,8,65,3179177612,2,0,0,0,395,0,219,41,0,1,1,0,54,6,2437,0,0,0,20,evil_twin,evil_twin
1684000066,4228,297,0,1,1,0,0,44,0,395,2,8,65,42237999,2,0,0,0,396,0,218,41,0,1,1,0,54,6,2437,0,0,0,20,evil_twin,evil_twin
1684000066,4248,299,0,1,1,0,0,44,0,396,2,8,65,2668768980,2,0,0,0,397,0,220,41,0,1,1,0,54,6,2437,0,0,0,20,evil_twin,evil_twin
1684000066,4264,299,0,1,1,0,0,44,0,397,2,8,65,3903608202,2,0,0,0,398,0,220,41,0,1,1,0,54,6,2437,0,0,0,20,evil_twin,evil_twin
1684000066,4280,125,0,1,1,0,0,44,0,398,2,8,65,1389573004,2,0,0,0,399,0,46,41,0,1,1,0,54,6,2437,0,0,0,20,evil_twin,evil_twin
1684000066,4283,299,0,1,1,0,0,44,0,399,2,8,65,2980441067,2,0,0,0,400,0,220,41,0,1,1,0,54,6,2437,0,0,0,20,evil_twin,evil_twin
1684000066,4298,297,0,1,1,0,0,44,0,400,2,8,65,17066573,2,0,0,0,401,0,218,41,0,1,1,0,54,6,2437,0,0,0,20,evil_twin,evil_twin
1684000066,4313,296,0,1,1,0,0,44,0,401,2,8,65,912378211,2,0,0,0,402,0,217,41,0,1,1,0,54,6,2437,0,0,0,20,evil_twin,evil_twin
1684000066,4343,296,0,1,1,0,0,44,0,402,2,8,65,527191134,2,0,0,0,403,0,217,41,0,1,1,0,54,6,2437,0,0,0,20,evil_twin,evil_twin
1684000067,4380,297,0,1,1,0,0,44,0,403,2,8,65,1574129917,2,0,0,0,404,0,218,41,0,1,1,0,54,6,2437,0,0,0,20,evil_twin,evil_twin
1684000067,4388,141,1,0,0,1,0,44,0,15,2,8,66,2632471031,2,0,0,0,18,0,62,41,0,1,1,0,54,6,2437,0,0,0,20,evil_twin,evil_twin
1684000067,4390,141,1,0,0,1,0,44,0,15,2,8,74,421154837,2,0,0,0,18,0,62,41,0,1,1,0,54,6,2437,0,0,0,20,evil_twin,evil_twin
1684000067,4412,296,0,1,1,0,0,44,0,404,2,8,65,506867676,2,0,0,0,405,0,217,41,0,1,1,0,54,6,2437,0,0,0,20,evil_twin,evil_twin
1684000067,4426,297,0,1,1,0,0,44,0,405,2,8,65,1540229447,2,0,0,0,406,0,218,41,0,1,1,0,54,6,2437,0,0,0,20,evil_twin,evil_twin
1684000067,4439,297,0,1,1,0,0,44,0,406,2,8,65,2388786550,2,0,0,0,407,0,218,41,0,1,1,0,54,6,2437,0,0,0,20,evil_twin,evil_twin
1684000067,4457,297,0,1,1,0,0,44,0,407,2,8,65,1466542645,2,0,0,0,408,0,218,41,0,1,1,0,54,6,2437,0,0,0,20,evil_twin,evil_twin
1684000067,4482,297,0,1,1,0,0,44,0,408,2,8,65,29370700,2,0,0,0,409,0,218,41,0,1,1,0,54,6,2437,0,0,0,20,evil_twin,evil_twin
1684000067,4499,298,0,1,1,0,0,44,0,409,2,8,65,2236394418,2,0,0,0,410,0,219,41,0,1,1,0,54,6,2437,0,0,0,20,evil_twin,evil_twin
1684000067,4542,297,0,1,1,0,0,44,0,410,2,8,65,2738224689,2,0,0,0,411,0,218,41,0,1,1,0,54,6,2437,0,0,0,20,evil_twin,evil_twin
1684000067,4689,297,0,1,1,0,0,44,0,411,2,8,65,2843491982,2,0,0,0,412,0,218,41,0,1,1,0,54,6,2437,0,0,0,20,evil_twin,evil_twin
1684000067,4803,298,0,1,1,0,0,44,0,412,2,8,65,2704950600,2,0,0,0,413,0,219,41,0,1,1,0,54,6,2437,0,0,0,20,evil_twin,evil_twin
1684000068,4815,297,0,1,1,0,0,44,0,413,2,8,65,2969592900,2,0,0,0,414,0,218,41,0,1,1,0,54,6,2437,0,0,0,20,evil_twin,evil_twin
1684000068,4841,297,0,1,1,0,0,44,0,414,2,8,65,182675302,2,0,0,0,415,0,218,41,0,1,1,0,54,6,2437,0,0,0,20,evil_twin,evil_twin
1684000068,4860,298,0,1,1,0,0,44,0,415,2,8,65,2700789398,2,0,0,0,416,0,219,41,0,1,1,0,54,6,2437,0,0,0,20,evil_twin,evil_twin
1684000068,4874,297,0,1,1,0,0,44,0,416,2,8,65,2186143208,2,0,0,0,417,0,218,41,0,1,1,0,54,6,2437,0,0,0,20,evil_twin,evil_twin
1684000068,4914,298,0,1,1,0,0,44,0,417,2,8,65,238349120,2,0,0,0,418,0,219,41,0,1,1,0,54,6,2437,0,0,0,20,evil_twin,evil_twin
1684000068,4927,296,0,1,1,0,0,44,0,418,2,8,65,273489666,2,0,0,0,419,0,217,41,0,1,1,0,54,6,2437,0,0,0,20,evil_twin,evil_twin
1684000068,4939,297,0,1,1,0,0,44,0,419,2,8,65,3635299995,2,0,0,0,420,0,218,41,0,1,1,0,54,6,2437,0,0,0,20,evil_twin,evil_twin
1684000068,4941,297,0,1,1,0,0,44,0,419,2,8,73,3454939208,2,0,0,0,420,0,218,41,0,1,1,0,54,6,2437,0,0,0,20,evil_twin,evil_twin
1684000068,4954,297,0,1,1,0,0,44,0,420,2,8,65,1467337628,2,0,0,0,421,0,218,41,0,1,1,0,54,6,2437,0,0,0,20,evil_twin,evil_twin
1684000068,4966,297,0,1,1,0,0,44,0,421,2,8,65,1961075971,2,0,0,0,422,0,218,41,0,1,1,0,54,6,2437,0,0,0,20,evil_twin,evil_twin
1684000069,4978,296,0,1,1,0,0,44,0,422,2,8,65,453064956,2,0,0,0,423,0,217,41,0,1,1,0,54,6,2437,0,0,0,20,evil_twin,evil_twin
1684000069,4993,297,0,1,1,0,0,44,0,423,2,8,65,2943854893,2,0,0,0,424,0,218,41,0,1,1,0,54,6,2437,0,0,0,20,evil_twin,evil_twin
1684000069,5005,298,0,1,1,0,0,44,0,424,2,8,65,3651781794,2,0,0,0,425,0,219,41,0,1,1,0,54,6,2437,0,0,0,20,evil_twin,evil_twin
1684000069,5008,125,0,1,1,0,0,44,0,425,2,8,65,466972678,2,0,0,0,426,0,46,41,0,1,1,0,54,6,2437,0,0,0,20,evil_twin,evil_twin
1684000069,5025,295,0,1,1,0,0,44,0,426,2,8,65,3545103806,2,0,0,0,427,0,216,41,0,1,1,0,54,6,2437,0,0,0,20,evil_twin,evil_twin
1684000069,5029,141,1,0,0,1,0,44,0,16,2,8,66,3224671717,2,0,0,0,19,0,62,41,0,1,1,0,54,6,2437,0,0,0,20,evil_twin,evil_twin
1684000069,5064,296,0,1,1,0,0,44,0,427,2,8,65,320872557,2,0,0,0,428,0,217,41,0,1,1,0,54,6,2437,0,0,0,20,evil_twin,evil_twin
1684000069,5072,297,0,1,1,0,0,44,0,428,2,8,65,4189501291,2,0,0,0,429,0,218,41,0,1,1,0,54,6,2437,0,0,0,20,evil_twin,evil_twin
1684000069,5083,295,0,1,1,0,0,44,0,429,2,8,65,3176603804,2,0,0,0,430,0,216,41,0,1,1,0,54,6,2437,0,0,0,20,evil_twin,evil_twin
1684000069,5119,298,0,1,1,0,0,44,0,430,2,8,65,1083168478,2,0,0,0,431,0,219,41,0,1,1,0,54,6,2437,0,0,0,20,evil_twin,evil_twin
1684000069,5146,299,0,1,1,0,0,44,0,431,2,8,65,276055010,2,0,0,0,432,0,220,41,0,1,1,0,54,6,2437,0,0,0,20,evil_twin,evil_twin
1684000069,5287,298,0,1,1,0,0,44,0,432,2,8,65,1361579774,2,0,0,0,433,0,219,41,0,1,1,0,54,6,2437,0,0,0,20,evil_twin,evil_twin
1684000069,5359,299,0,1,1,0,0,44,0,433,2,8,65,3137603876,2,0,0,0,434,0,220,41,0,1,1,0,54,6,2437,0,0,0,20,evil_twin,evil_twin
1684000070,5373,298,0,1,1,0,0,44,0,434,2,8,65,3809149100,2,0,0,0,435,0,219,41,0,1,1,0,54,6,2437,0,0,0,20,evil_twin,evil_twin
1684000070,5387,297,0,1,1,0,0,44,0,435,2,8,65,1238996543,2,0,0,0,436,0,218,41,0,1,1,0,54,6,2437,0,0,0,20,evil_twin,evil_twin
1684000070,5390,297,0,1,1,0,0,44,0,435,2,8,73,1553588460,2,0,0,0,436,0,218,41,0,1,1,0,54,6,2437,0,0,0,20,evil_twin,evil_twin
1684000070,5393,297,0,1,1,0,0,44,0,435,2,8,73,1553588460,2,0,0,0,436,0,218,41,0,1,1,0,48,6,2437,0,0,0,20,evil_twin,evil_twin
1684000070,5396,297,0,1,1,0,0,44,0,435,2,8,73,1553588460,2,0,0,0,436,0,218,41,0,1,1,0,48,6,2437,0,0,0,20,evil_twin,evil_twin
1684000070,5399,297,0,1,1,0,0,44,0,435,2,8,73,1553588460,2,0,0,0,436,0,218,41,0,1,1,0,36,6,2437,0,0,0,20,evil_twin,evil_twin
1684000070,5402,297,0,1,1,0,0,44,0,435,2,8,73,1553588460,2,0,0,0,436,0,218,41,0,1,1,0,36,6,2437,0,0,0,20,evil_twin,evil_twin
1684000070,5404,297,0,1,1,0,0,320,0,435,2,8,73,1287359966,2,0,0,0,436,0,218,41,0,1,0,1,1,6,2437,0,0,0,192,evil_twin,evil_twin
1684000070,5422,298,0,1,1,0,0,44,0,436,2,8,65,3738303218,2,0,0,0,437,0,219,41,0,1,1,0,54,6,2437,0,0,0,20,evil_twin,evil_twin
1684000070,5438,298,0,1,1,0,0,44,0,437,2,8,65,1094500710,2,0,0,0,438,0,219,41,0,1,1,0,54,6,2437,0,0,0,20,evil_twin,evil_twin
1684000070,5468,298,0,1,1,0,0,44,0,438,2,8,65,4241829504,2,0,0,0,439,0,219,41,0,1,1,0,54,6,2437,0,0,0,20,evil_twin,evil_twin
1684000070,5495,298,0,1,1,0,0,44,0,439,2,8,65,1112988773,2,0,0,0,440,0,219,41,0,1,1,0,54,6,2437,0,0,0,20,evil_twin,evil_twin
1684000070,5509,297,0,1,1,0,0,44,0,440,2,8,65,4096770482,2,0,0,0,441,0,218,41,0,1,1,0,54,6,2437,0,0,0,20,evil_twin,evil_twin
1684000070,5527,298,0,1,1,0,0,44,0,441,2,8,65,301360408,2,0,0,0,442,0,219,41,0,1,1,0,54,6,2437,0,0,0,20,evil_twin,evil_twin
1684000070,5542,296,0,1,1,0,0,44,0,442,2,8,65,1791987420,2,0,0,0,443,0,217,41,0,1,1,0,54,6,2437,0,0,0,20,evil_twin,evil_twin
1684000070,5558,300,0,1,1,0,0,44,0,443,2,8,65,1510953912,2,0,0,0,444,0,221,41,0,1,1,0,54,6,2437,0,0,0,20,evil_twin,evil_twin
1684000071,5572,299,0,1,1,0,0,44,0,444,2,8,65,724057885,2,0,0,0,445,0,220,41,0,1,1,0,54,6,2437,0,0,0,20,evil_twin,evil_twin
1684000071,5588,125,0,1,1,0,0,44,0,445,2,8,65,2484262690,2,0,0,0,446,0,46,41,0,1,1,0,54,6,2437,0,0,0,20,evil_twin,evil_twin
1684000071,5591,298,0,1,1,0,0,44,0,446,2,8,65,2221783965,2,0,0,0,447,0,219,41,0,1,1,0,54,6,2437,0,0,0,20,evil_twin,evil_twin
1684000071,5605,298,0,1,1,0,0,44,0,447,2,8,65,1791318315,2,0,0,0,448,0,219,41,0,1,1,0,54,6,2437,0,0,0,20,evil_twin,evil_twin
1684000071,5617,141,1,0,0,1,0,44,0,17,2,8,66,1956220532,2,0,0,0,20,0,62,41,0,1,1,0,54,6,2437,0,0,0,20,evil_twin,evil_twin
1684000071,5621,297,0,1,1,0,0,44,0,448,2,8,65,2418171688,2,0,0,0,449,0,218,41,0,1,1,0,54,6,2437,0,0,0,20,evil_twin,evil_twin
1684000071,5635,297,0,1,1,0,0,44,0,449,2,8,65,4256934226,2,0,0,0,450,0,218,41,0,1,1,0,54,6,2437,0,0,0,20,evil_twin,evil_twin
1684000071,5660,300,0,1,1,0,0,44,0,450,2,8,65,3035726991,2,0,0,0,451,0,221,41,0,1,1,0,54,6,2437,0,0,0,20,evil_twin,evil_twin
1684000071,5710,299,0,1,1,0,0,44,0,451,2,8,65,1192153511,2,0,0,0,452,0,220,41,0,1,1,0,54,6,2437,0,0,0,20,evil_twin,evil_twin
1684000071,5815,300,0,1,1,0,0,44,0,452,2,8,65,2928731683,2,0,0,0,453,0,221,41,0,1,1,0,54,6,2437,0,0,0,20,evil_twin,evil_twin
1684000072,5994,298,0,1,1,0,0,44,0,454,2,8,65,641808985,2,0,0,0,455,0,219,41,0,1,1,0,54,6,2437,0,0,0,20,evil_twin,evil_twin
1684000072,6007,298,0,1,1,0,0,44,0,455,2,8,65,3187051971,2,0,0,0,456,0,219,41,0,1,1,0,54,6,2437,0,0,0,20,evil_twin,evil_twin
1684000072,6031,299,0,1,1,0,0,44,0,457,2,8,65,1954642563,2,0,0,0,458,0,220,41,0,1,1,0,54,6,2437,0,0,0,20,evil_twin,evil_twin
1684000072,6055,299,0,1,1,0,0,44,0,458,2,8,65,719466225,2,0,0,0,459,0,220,41,0,1,1,0,54,6,2437,0,0,0,20,evil_twin,evil_twin
1684000072,6061,298,0,1,1,0,0,44,0,459,2,8,65,3895494751,2,0,0,0,460,0,219,41,0,1,1,0,54,6,2437,0,0,0,20,evil_twin,evil_twin
1684000072,6078,298,0,1,1,0,0,44,0,460,2,8,65,2565129718,2,0,0,0,461,0,219,41,0,1,1,0,54,6,2437,0,0,0,20,evil_twin,evil_twin
1684000072,6105,297,0,1,1,0,0,44,0,462,2,8,65,3749502615,2,0,0,0,463,0,218,41,0,1,1,0,54,6,2437,0,0,0,20,evil_twin,evil_twin
1684000072,6125,299,0,1,1,0,0,44,0,463,2,8,65,2745272315,2,0,0,0,464,0,220,41,0,1,1,0,54,6,2437,0,0,0,20,evil_twin,evil_twin
1684000072,6135,299,0,1,1,0,0,44,0,464,2,8,65,4101011921,2,0,0,0,465,0,220,41,0,1,1,0,54,6,2437,0,0,0,20,evil_twin,evil_twin
1684000073,6149,297,0,1,1,0,0,44,0,465,2,8,65,2027599534,2,0,0,0,466,0,218,41,0,1,1,0,54,6,2437,0,0,0,20,evil_twin,evil_twin
1684000073,6163,297,0,1,1,0,0,44,0,466,2,8,65,808688258,2,0,0,0,467,0,218,41,0,1,1,0,54,6,2437,0,0,0,20,evil_twin,evil_twin
1684000073,6196,298,0,1,1,0,0,44,0,467,2,8,65,1474241937,2,0,0,0,468,0,219,41,0,1,1,0,54,6,2437,0,0,0,20,evil_twin,evil_twin
1684000073,6211,125,0,1,1,0,0,44,0,468,2,8,65,3483181689,2,0,0,0,469,0,46,41,0,1,1,0,54,6,2437,0,0,0,20,evil_twin,evil_twin
1684000073,6214,296,0,1,1,0,0,44,0,469,2,8,65,1240849345,2,0,0,0,470,0,217,41,0,1,1,0,54,6,2437,0,0,0,20,evil_twin,evil_twin
1684000073,6226,141,1,0,0,1,0,44,0,18,2,8,66,3562900912,2,0,0,0,21,0,62,41,0,1,1,0,54,6,2437,0,0,0,20,evil_twin,evil_twin
1684000073,6239,296,0,1,1,0,0,44,0,470,2,8,65,698284574,2,0,0,0,471,0,217,41,0,1,1,0,54,6,2437,0,0,0,20,evil_twin,evil_twin
1684000073,6256,297,0,1,1,0,0,44,0,471,2,8,65,3487862855,2,0,0,0,472,0,218,41,0,1,1,0,54,6,2437,0,0,0,20,evil_twin,evil_twin
1684000073,6288,297,0,1,1,0,0,44,0,472,2,8,65,3225127820,2,0,0,0,473,0,218,41,0,1,1,0,54,6,2437,0,0,0,20,evil_twin,evil_twin
1684000073,6349,298,0,1,1,0,0,44,0,473,2,8,65,3074939086,2,0,0,0,474,0,219,41,0,1,1,0,54,6,2437,0,0,0,20,evil_twin,evil_twin
1684000073,6470,297,0,1,1,0,0,44,0,474,2,8,65,3452549924,2,0,0,0,475,0,218,41,0,1,1,0,54,6,2437,0,0,0,20,evil_twin,evil_twin
1684000074,6559,297,0,1,1,0,0,44,0,475,2,8,65,290410060,2,0,0,0,476,0,218,41,0,1,1,0,54,6,2437,0,0,0,20,evil_twin,evil_twin
1684000074,6585,297,0,1,1,0,0,44,0,476,2,8,65,2310150439,2,0,0,0,477,0,218,41,0,1,1,0,54,6,2437,0,0,0,20,evil_twin,evil_twin
1684000074,6601,298,0,1,1,0,0,44,0,477,2,8,65,2817244782,2,0,0,0,478,0,219,41,0,1,1,0,54,6,2437,0,0,0,20,evil_twin,evil_twin
1684000074,6609,141,1,0,0,1,0,44,0,19,2,8,66,1406031453,2,0,0,0,22,0,62,41,0,1,1,0,54,6,2437,0,0,0,20,evil_twin,evil_twin
1684000074,6614,141,0,1,1,0,0,44,0,478,2,8,65,173166678,2,0,0,0,479,0,62,41,0,1,1,0,54,6,2437,0,0,0,20,evil_twin,evil_twin
1684000074,6647,296,0,1,1,0,0,44,0,479,2,8,65,2761025576,2,0,0,0,480,0,217,41,0,1,1,0,54,6,2437,0,0,0,20,evil_twin,evil_twin
1684000074,6661,296,0,1,1,0,0,44,0,480,2,8,65,1288609616,2,0,0,0,481,0,217,41,0,1,1,0,54,6,2437,0,0,0,20,evil_twin,evil_twin
1684000074,6663,296,0,1,1,0,0,44,0,480,2,8,73,3600090381,2,0,0,0,481,0,217,41,0,1,1,0,54,6,2437,0,0,0,20,evil_twin,evil_twin
1684000074,6686,297,0,1,1,0,0,44,0,481,2,8,65,1689558595,2,0,0,0,482,0,218,41,0,1,1,0,54,6,2437,0,0,0,20,evil_twin,evil_twin
1684000074,6703,296,0,1,1,0,0,44,0,482,2,8,65,2194949833,2,0,0,0,483,0,217,41,0,1,1,0,54,6,2437,0,0,0,20,evil_twin,evil_twin
1684000074,6727,297,0,1,1,0,0,44,0,483,2,8,65,2704211271,2,0,0,0,484,0,218,41,0,1,1,0,54,6,2437,0,0,0,20,evil_twin,evil_twin
1684000074,6729,297,0,1,1,0,0,44,0,483,2,8,73,3027143572,2,0,0,0,484,0,218,41,0,1,1,0,54,6,2437,0,0,0,20,evil_twin,evil_twin
1684000074,6759,296,0,1,1,0,0,44,0,484,2,8,65,3127586384,2,0,0,0,485,0,217,41,0,1,1,0,54,6,2437,0,0,0,20,evil_twin,evil_twin
1684000074,6806,297,0,1,1,0,0,44,0,485,2,8,65,3472068168,2,0,0,0,486,0,218,41,0,1,1,0,54,6,2437,0,0,0,20,evil_twin,evil_twin
1684000074,6809,297,0,1,1,0,0,44,0,485,2,8,73,3686004891,2,0,0,0,486,0,218,41,0,1,1,0,54,6,2437,0,0,0,20,evil_twin,evil_twin
1684000074,6812,297,0,1,1,0,0,44,0,485,2,8,73,3686004891,2,0,0,0,486,0,218,41,0,1,1,0,48,6,2437,0,0,0,20,evil_twin,evil_twin
1684000074,6815,297,0,1,1,0,0,44,0,485,2,8,73,3686004891,2,0,0,0,486,0,218,41,0,1,1,0,48,6,2437,0,0,0,20,evil_twin,evil_twin
1684000074,6818,297,0,1,1,0,0,44,0,485,2,8,73,3686004891,2,0,0,0,486,0,218,41,0,1,1,0,36,6,2437,0,0,0,20,evil_twin,evil_twin
1684000074,6822,297,0,1,1,0,0,44,0,485,2,8,73,3686004891,2,0,0,0,486,0,218,41,0,1,1,0,36,6,2437,0,0,0,20,evil_twin,evil_twin
1684000074,6825,297,0,1,1,0,0,320,0,485,2,8,73,3415315881,2,0,0,0,486,0,218,41,0,1,0,1,1,6,2437,0,0,0,192,evil_twin,evil_twin
1684000075,6830,297,0,1,1,0,0,44,0,486,2,8,65,1019389417,2,0,0,0,487,0,218,41,0,1,1,0,54,6,2437,0,0,0,20,evil_twin,evil_twin
1684000075,6840,296,0,1,1,0,0,44,0,487,2,8,65,1179065853,2,0,0,0,488,0,217,41,0,1,1,0,54,6,2437,0,0,0,20,evil_twin,evil_twin
1684000075,6854,296,0,1,1,0,0,44,0,488,2,8,65,3308517482,2,0,0,0,489,0,217,41,0,1,1,0,54,6,2437,0,0,0,20,evil_twin,evil_twin
1684000075,6867,297,0,1,1,0,0,44,0,489,2,8,65,4241725319,2,0,0,0,490,0,218,41,0,1,1,0,54,6,2437,0,0,0,20,evil_twin,evil_twin
1684000075,6875,125,0,1,1,0,0,44,0,490,2,8,65,3307677905,2,0,0,0,491,0,46,41,0,1,1,0,54,6,2437,0,0,0,20,evil_twin,evil_twin
1684000075,6890,298,0,1,1,0,0,44,0,491,2,8,65,2958805191,2,0,0,0,492,0,219,41,0,1,1,0,54,6,2437,0,0,0,20,evil_twin,evil_twin
1684000075,6902,297,0,1,1,0,0,44,0,492,2,8,65,647523139,2,0,0,0,493,0,218,41,0,1,1,0,54,6,2437,0,0,0,20,evil_twin,evil_twin
1684000075,6926,297,0,1,1,0,0,44,0,493,2,8,65,507792371,2,0,0,0,494,0,218,41,0,1,1,0,54,6,2437,0,0,0,20,evil_twin,evil_twin
1684000075,6963,298,0,1,1,0,0,44,0,494,2,8,65,2436171336,2,0,0,0,495,0,219,41,0,1,1,0,54,6,2437,0,0,0,20,evil_twin,evil_twin
1684000075,7091,299,0,1,1,0,0,44,0,495,2,8,65,1809644433,2,0,0,0,496,0,220,41,0,1,1,0,54,6,2437,0,0,0,20,evil_twin,evil_twin
1684000075,7093,299,0,1,1,0,0,44,0,495,2,8,73,2024778756,2,0,0,0,496,0,220,41,0,1,1,0,54,6,2437,0,0,0,20,evil_twin,evil_twin
1684000075,7095,299,0,1,1,0,0,44,0,495,2,8,73,2024778756,2,0,0,0,496,0,220,41,0,1,1,0,48,6,2437,0,0,0,20,evil_twin,evil_twin
1684000075,7112,299,0,1,1,0,0,44,0,495,2,8,73,2024778756,2,0,0,0,496,0,220,41,0,1,1,0,48,6,2437,0,0,0,20,evil_twin,evil_twin
1684000075,7201,300,0,1,1,0,0,44,0,496,2,8,65,324014645,2,0,0,0,497,0,221,41,0,1,1,0,54,6,2437,0,0,0,20,evil_twin,evil_twin
1684000075,7205,300,0,1,1,0,0,44,0,496,2,8,73,2468742825,2,0,0,0,497,0,221,41,0,1,1,0,54,6,2437,0,0,0,20,evil_twin,evil_twin
1684000075,7209,300,0,1,1,0,0,44,0,496,2,8,73,2468742825,2,0,0,0,497,0,221,41,0,1,1,0,48,6,2437,0,0,0,20,evil_twin,evil_twin
1684000075,7212,300,0,1,1,0,0,44,0,496,2,8,73,2468742825,2,0,0,0,497,0,221,41,0,1,1,0,48,6,2437,0,0,0,20,evil_twin,evil_twin
1684000075,7215,300,0,1,1,0,0,44,0,496,2,8,73,2468742825,2,0,0,0,497,0,221,41,0,1,1,0,36,6,2437,0,0,0,20,evil_twin,evil_twin
1684000075,7218,300,0,1,1,0,0,44,0,496,2,8,73,2468742825,2,0,0,0,497,0,221,41,0,1,1,0,36,6,2437,0,0,0,20,evil_twin,evil_twin
1684000075,7222,300,0,1,1,0,0,320,0,496,2,8,73,2985976649,2,0,0,0,497,0,221,41,0,1,0,1,1,6,2437,0,0,0,192,evil_twin,evil_twin
1684000076,7234,299,0,1,1,0,0,44,0,497,2,8,65,2810967395,2,0,0,0,498,0,220,41,0,1,1,0,48,6,2437,0,0,0,20,evil_twin,evil_twin
1684000076,7249,300,0,1,1,0,0,44,0,498,2,8,65,4256057574,2,0,0,0,499,0,221,41,0,1,1,0,48,6,2437,0,0,0,20,evil_twin,evil_twin
1684000076,7263,299,0,1,1,0,0,44,0,499,2,8,65,2502202206,2,0,0,0,500,0,220,41,0,1,1,0,48,6,2437,0,0,0,20,evil_twin,evil_twin
1684000076,7298,299,0,1,1,0,0,44,0,500,2,8,65,1160971207,2,0,0,0,501,0,220,41,0,1,1,0,48,6,2437,0,0,0,20,evil_twin,evil_twin
1684000076,7319,299,0,1,1,0,0,44,0,501,2,8,65,653300071,2,0,0,0,502,0,220,41,0,1,1,0,48,6,2437,0,0,0,20,evil_twin,evil_twin
1684000076,7328,300,0,1,1,0,0,44,0,502,2,8,65,3259287710,2,0,0,0,503,0,221,41,0,1,1,0,48,6,2437,0,0,0,20,evil_twin,evil_twin
1684000076,7342,298,0,1,1,0,0,44,0,503,2,8,65,750323889,2,0,0,0,504,0,219,41,0,1,1,0,48,6,2437,0,0,0,20,evil_twin,evil_twin
1684000076,7354,299,0,1,1,0,0,44,0,504,2,8,65,1950530600,2,0,0,0,505,0,220,41,0,1,1,0,48,6,2437,0,0,0,20,evil_twin,evil_twin
1684000076,7373,299,0,1,1,0,0,44,0,505,2,8,65,2512892174,2,0,0,0,506,0,220,41,0,1,1,0,48,6,2437,0,0,0,20,evil_twin,evil_twin
1684000076,7394,298,0,1,1,0,0,44,0,506,2,8,65,4245596114,2,0,0,0,507,0,219,41,0,1,1,0,48,6,2437,0,0,0,20,evil_twin,evil_twin
1684000077,7407,298,0,1,1,0,0,44,0,507,2,8,65,605057309,2,0,0,0,508,0,219,41,0,1,1,0,48,6,2437,0,0,0,20,evil_twin,evil_twin
1684000077,7432,300,0,1,1,0,0,44,0,508,2,8,65,4203335769,2,0,0,0,509,0,221,41,0,1,1,0,48,6,2437,0,0,0,20,evil_twin,evil_twin
1684000077,7455,300,0,1,1,0,0,44,0,509,2,8,65,3876229283,2,0,0,0,510,0,221,41,0,1,1,0,48,6,2437,0,0,0,20,evil_twin,evil_twin
1684000077,7471,298,0,1,1,0,0,44,0,510,2,8,65,975394881,2,0,0,0,511,0,219,41,0,1,1,0,48,6,2437,0,0,0,20,evil_twin,evil_twin
1684000077,7482,125,0,1,1,0,0,44,0,511,2,8,65,2836326321,2,0,0,0,512,0,46,41,0,1,1,0,48,6,2437,0,0,0,20,evil_twin,evil_twin
1684000077,7497,141,1,0,0,1,0,44,0,21,2,8,66,2024679765,2,0,0,0,24,0,62,41,0,1,1,0,54,6,2437,0,0,0,20,evil_twin,evil_twin
1684000077,7508,297,0,1,1,0,0,44,0,512,2,8,65,1843912959,2,0,0,0,513,0,218,41,0,1,1,0,48,6,2437,0,0,0,20,evil_twin,evil_twin
1684000077,7518,299,0,1,1,0,0,44,0,513,2,8,65,166763532,2,0,0,0,514,0,220,41,0,1,1,0,48,6,2437,0,0,0,20,evil_twin,evil_twin
1684000077,7525,298,0,1,1,0,0,44,0,514,2,8,65,712887497,2,0,0,0,515,0,219,41,0,1,1,0,48,6,2437,0,0,0,20,evil_twin,evil_twin
1684000077,7562,297,0,1,1,0,0,44,0,515,2,8,65,1012757984,2,0,0,0,516,0,218,41,0,1,1,0,48,6,2437,0,0,0,20,evil_twin,evil_twin
1684000077,7698,296,0,1,1,0,0,44,0,516,2,8,65,2741865657,2,0,0,0,517,0,217,41,0,1,1,0,48,6,2437,0,0,0,20,evil_twin,evil_twin
1684000077,7829,295,0,1,1,0,0,44,0,517,2,8,65,917451937,2,0,0,0,518,0,216,41,0,1,1,0,48,6,2437,0,0,0,20,evil_twin,evil_twin
1684000078,7850,296,0,1,1,0,0,44,0,518,2,8,65,1676889224,2,0,0,0,519,0,217,41,0,1,1,0,48,6,2437,0,0,0,20,evil_twin,evil_twin
1684000078,7866,297,0,1,1,0,0,44,0,519,2,8,65,4039632907,2,0,0,0,520,0,218,41,0,1,1,0,48,6,2437,0,0,0,20,evil_twin,evil_twin
1684000078,7887,296,0,1,1,0,0,44,0,520,2,8,65,2972722155,2,0,0,0,521,0,217,41,0,1,1,0,48,6,2437,0,0,0,20,evil_twin,evil_twin
1684000078,7908,295,0,1,1,0,0,44,0,521,2,8,65,28086078,2,0,0,0,522,0,216,41,0,1,1,0,48,6,2437,0,0,0,20,evil_twin,evil_twin
1684000078,7929,296,0,1,1,0,0,44,0,522,2,8,65,2012965577,2,0,0,0,523,0,217,41,0,1,1,0,48,6,2437,0,0,0,20,evil_twin,evil_twin
1684000078,7944,296,0,1,1,0,0,44,0,523,2,8,65,2850244747,2,0,0,0,524,0,217,41,0,1,1,0,48,6,2437,0,0,0,20,evil_twin,evil_twin
1684000078,7961,296,0,1,1,0,0,44,0,524,2,8,65,2477756158,2,0,0,0,525,0,217,41,0,1,1,0,48,6,2437,0,0,0,20,evil_twin,evil_twin
1684000078,7976,295,0,1,1,0,0,44,0,525,2,8,65,801719656,2,0,0,0,526,0,216,41,0,1,1,0,48,6,2437,0,0,0,20,evil_twin,evil_twin
1684000078,7991,295,0,1,1,0,0,44,0,526,2,8,65,2540405766,2,0,0,0,527,0,216,41,0,1,1,0,48,6,2437,0,0,0,20,evil_twin,evil_twin
1684000078,8013,294,0,1,1,0,0,44,0,527,2,8,65,2025845626,2,0,0,0,528,0,215,41,0,1,1,0,48,6,2437,0,0,0,20,evil_twin,evil_twin
1684000079,8028,297,0,1,1,0,0,44,0,528,2,8,65,3728997016,2,0,0,0,529,0,218,41,0,1,1,0,48,6,2437,0,0,0,20,evil_twin,evil_twin
1684000079,8043,294,0,1,1,0,0,44,0,529,2,8,65,3587617066,2,0,0,0,530,0,215,41,0,1,1,0,48,6,2437,0,0,0,20,evil_twin,evil_twin
1684000079,8060,294,0,1,1,0,0,44,0,530,2,8,65,3263459187,2,0,0,0,531,0,215,41,0,1,1,0,48,6,2437,0,0,0,20,evil_twin,evil_twin
1684000079,8070,293,0,1,1,0,0,44,0,531,2,8,65,1276229346,2,0,0,0,532,0,214,41,0,1,1,0,48,6,2437,0,0,0,20,evil_twin,evil_twin
1684000079,8078,125,0,1,1,0,0,44,0,532,2,8,65,1636181277,2,0,0,0,533,0,46,41,0,1,1,0,48,6,2437,0,0,0,20,evil_twin,evil_twin
1684000079,8090,294,0,1,1,0,0,44,0,533,2,8,65,1533124646,2,0,0,0,534,0,215,41,0,1,1,0,48,6,2437,0,0,0,20,evil_twin,evil_twin
1684000079,8106,293,0,1,1,0,0,44,0,534,2,8,65,3278664920,2,0,0,0,535,0,214,41,0,1,1,0,48,6,2437,0,0,0,20,evil_twin,evil_twin
1684000079,8126,141,1,0,0,1,0,44,0,22,2,8,66,807616196,2,0,0,0,25,0,62,41,0,1,1,0,54,6,2437,0,0,0,20,evil_twin,evil_twin
1684000079,8132,294,0,1,1,0,0,44,0,535,2,8,65,3939117310,2,0,0,0,536,0,215,41,0,1,1,0,48,6,2437,0,0,0,20,evil_twin,evil_twin
1684000079,8150,294,0,1,1,0,0,44,0,536,2,8,65,1569549119,2,0,0,0,537,0,215,41,0,1,1,0,48,6,2437,0,0,0,20,evil_twin,evil_twin
1684000079,8256,294,0,1,1,0,0,44,0,537,2,8,65,2918098292,2,0,0,0,538,0,215,41,0,1,1,0,54,6,2437,0,0,0,20,evil_twin,evil_twin
1684000079,8381,295,0,1,1,0,0,44,0,538,2,8,65,408924093,2,0,0,0,539,0,216,41,0,1,1,0,54,6,2437,0,0,0,20,evil_twin,evil_twin
1684000080,8428,295,0,1,1,0,0,44,0,539,2,8,65,282834819,2,0,0,0,540,0,216,41,0,1,1,0,54,6,2437,0,0,0,20,evil_twin,evil_twin
1684000080,8443,296,0,1,1,0,0,44,0,540,2,8,65,3807960301,2,0,0,0,541,0,217,41,0,1,1,0,54,6,2437,0,0,0,20,evil_twin,evil_twin
1684000080,8463,295,0,1,1,0,0,44,0,541,2,8,65,1338209529,2,0,0,0,542,0,216,41,0,1,1,0,54,6,2437,0,0,0,20,evil_twin,evil_twin
1684000080,8492,296,0,1,1,0,0,44,0,542,2,8,65,3938984823,2,0,0,0,543,0,217,41,0,1,1,0,54,6,2437,0,0,0,20,evil_twin,evil_twin
1684000080,8517,295,0,1,1,0,0,44,0,543,2,8,65,3258682460,2,0,0,0,544,0,216,41,0,1,1,0,54,6,2437,0,0,0,20,evil_twin,evil_twin
1684000080,8538,295,0,1,1,0,0,44,0,544,2,8,65,2460330549,2,0,0,0,545,0,216,41,0,1,1,0,54,6,2437,0,0,0,20,evil_twin,evil_twin
1684000080,8563,296,0,1,1,0,0,44,0,545,2,8,65,322543948,2,0,0,0,546,0,217,41,0,1,1,0,54,6,2437,0,0,0,20,evil_twin,evil_twin
1684000080,8583,296,0,1,1,0,0,44,0,546,2,8,65,2881305854,2,0,0,0,547,0,217,41,0,1,1,0,54,6,2437,0,0,0,20,evil_twin,evil_twin
1684000080,8608,297,0,1,1,0,0,44,0,547,2,8,65,2833461608,2,0,0,0,548,0,218,41,0,1,1,0,54,6,2437,0,0,0,20,evil_twin,evil_twin
1684000080,8611,297,0,1,1,0,0,44,0,547,2,8,73,3181594555,2,0,0,0,548,0,218,41,0,1,1,0,54,6,2437,0,0,0,20,evil_twin,evil_twin
1684000080,8615,297,0,1,1,0,0,44,0,547,2,8,73,3181594555,2,0,0,0,548,0,218,41,0,1,1,0,48,6,2437,0,0,0,20,evil_twin,evil_twin
1684000080,8629,294,0,1,1,0,0,44,0,548,2,8,65,2841150711,2,0,0,0,549,0,215,41,0,1,1,0,54,6,2437,0,0,0,20,evil_twin,evil_twin
1684000081,8647,295,0,1,1,0,0,44,0,549,2,8,65,4121258002,2,0,0,0,550,0,216,41,0,1,1,0,54,6,2437,0,0,0,20,evil_twin,evil_twin
1684000081,8658,296,0,1,1,0,0,44,0,550,2,8,65,3171886065,2,0,0,0,551,0,217,41,0,1,1,0,54,6,2437,0,0,0,20,evil_twin,evil_twin
1684000081,8660,296,0,1,1,0,0,44,0,550,2,8,73,659863980,2,0,0,0,551,0,217,41,0,1,1,0,54,6,2437,0,0,0,20,evil_twin,evil_twin
1684000081,8674,296,0,1,1,0,0,44,0,551,2,8,65,3272611864,2,0,0,0,552,0,217,41,0,1,1,0,54,6,2437,0,0,0,20,evil_twin,evil_twin
1684000081,8691,295,0,1,1,0,0,44,0,552,2,8,65,168258503,2,0,0,0,553,0,216,41,0,1,1,0,54,6,2437,0,0,0,20,evil_twin,evil_twin
1684000081,8715,295,0,1,1,0,0,44,0,553,2,8,65,3892292028,2,0,0,0,554,0,216,41,0,1,1,0,54,6,2437,0,0,0,20,evil_twin,evil_twin
1684000081,8733,296,0,1,1,0,0,44,0,554,2,8,65,3368030183,2,0,0,0,555,0,217,41,0,1,1,0,54,6,2437,0,0,0,20,evil_twin,evil_twin
1684000081,8763,297,0,1,1,0,0,44,0,555,2,8,65,1262644693,2,0,0,0,556,0,218,41,0,1,1,0,48,6,2437,0,0,0,20,evil_twin,evil_twin
1684000081,8765,297,0,1,1,0,0,44,0,555,2,8,73,1577196294,2,0,0,0,556,0,218,41,0,1,1,0,48,6,2437,0,0,0,20,evil_twin,evil_twin
1684000081,8768,125,0,1,1,0,0,44,0,556,2,8,65,733918911,2,0,0,0,557,0,46,41,0,1,1,0,48,6,2437,0,0,0,20,evil_twin,evil_twin
1684000081,8781,141,1,0,0,1,0,44,0,23,2,8,66,3568403554,2,0,0,0,26,0,62,41,0,1,1,0,54,6,2437,0,0,0,20,evil_twin,evil_twin
1684000081,8812,297,0,1,1,0,0,44,0,557,2,8,65,3886903017,2,0,0,0,558,0,218,41,0,1,1,0,48,6,2437,0,0,0,20,evil_twin,evil_twin
1684000081,8913,294,0,1,1,0,0,44,0,558,2,8,65,4004927940,2,0,0,0,559,0,215,41,0,1,1,0,48,6,2437,0,0,0,20,evil_twin,evil_twin
1684000081,9028,296,0,1,1,0,0,44,0,559,2,8,65,2090869556,2,0,0,0,560,0,217,41,0,1,1,0,48,6,2437,0,0,0,20,evil_twin,evil_twin
1684000082,9056,297,0,1,1,0,0,44,0,560,2,8,65,4247160159,2,0,0,0,561,0,218,41,0,1,1,0,48,6,2437,0,0,0,20,evil_twin,evil_twin
1684000082,9071,297,0,1,1,0,0,44,0,561,2,8,65,1245304048,2,0,0,0,562,0,218,41,0,1,1,0,48,6,2437,0,0,0,20,evil_twin,evil_twin
1684000082,9097,298,0,1,1,0,0,44,0,562,2,8,65,1575492271,2,0,0,0,563,0,219,41,0,1,1,0,48,6,2437,0,0,0,20,evil_twin,evil_twin
1684000082,9129,295,0,1,1,0,0,44,0,563,2,8,65,976487335,2,0,0,0,564,0,216,41,0,1,1,0,48,6,2437,0,0,0,20,evil_twin,evil_twin
1684000082,9161,295,0,1,1,0,0,44,0,564,2,8,65,3222749892,2,0,0,0,565,0,216,41,0,1,1,0,48,6,2437,0,0,0,20,evil_twin,evil_twin
1684000082,9191,295,0,1,1,0,0,44,0,565,2,8,65,2896345346,2,0,0,0,566,0,216,41,0,1,1,0,48,6,2437,0,0,0,20,evil_twin,evil_twin
1684000082,9219,297,0,1,1,0,0,44,0,566,2,8,65,2989703982,2,0,0,0,567,0,218,41,0,1,1,0,48,6,2437,0,0,0,20,evil_twin,evil_twin
1684000082,9251,296,0,1,1,0,0,44,0,567,2,8,65,1127836016,2,0,0,0,568,0,217,41,0,1,1,0,48,6,2437,0,0,0,20,evil_twin,evil_twin
1684000082,9312,298,0,1,1,0,0,44,0,568,2,8,65,3812531539,2,0,0,0,569,0,219,41,0,1,1,0,48,6,2437,0,0,0,20,evil_twin,evil_twin
1684000082,9358,296,0,1,1,0,0,44,0,569,2,8,65,505736345,2,0,0,0,570,0,217,41,0,1,1,0,48,6,2437,0,0,0,20,evil_twin,evil_twin
1684000083,9388,297,0,1,1,0,0,44,0,570,2,8,65,3033895189,2,0,0,0,571,0,218,41,0,1,1,0,48,6,2437,0,0,0,20,evil_twin,evil_twin
1684000083,9443,295,0,1,1,0,0,44,0,571,2,8,65,530684557,2,0,0,0,572,0,216,41,0,1,1,0,48,6,2437,0,0,0,20,evil_twin,evil_twin
1684000083,9481,297,0,1,1,0,0,44,0,572,2,8,65,367005619,2,0,0,0,573,0,218,41,0,1,1,0,48,6,2437,0,0,0,20,evil_twin,evil_twin
1684000083,9516,296,0,1,1,0,0,44,0,573,2,8,65,644973656,2,0,0,0,574,0,217,41,0,1,1,0,48,6,2437,0,0,0,20,evil_twin,evil_twin
1684000083,9615,125,0,1,1,0,0,44,0,575,2,8,65,1845769167,2,0,0,0,576,0,46,41,0,1,1,0,54,6,2437,0,0,0,20,evil_twin,evil_twin
1684000083,9618,295,0,1,1,0,0,44,0,576,2,8,65,2733185029,2,0,0,0,577,0,216,41,0,1,1,0,54,6,2437,0,0,0,20,evil_twin,evil_twin
1684000083,9644,294,0,1,1,0,0,44,0,577,2,8,65,1790071375,2,0,0,0,578,0,215,41,0,1,1,0,54,6,2437,0,0,0,20,evil_twin,evil_twin
1684000083,9693,293,0,1,1,0,0,44,0,578,2,8,65,3238046565,2,0,0,0,579,0,214,41,0,1,1,0,54,6,2437,0,0,0,20,evil_twin,evil_twin
1684000083,9801,141,1,0,0,1,0,44,0,24,2,8,66,2096220633,2,0,0,0,27,0,62,41,0,1,1,0,54,6,2437,0,0,0,20,evil_twin,evil_twin
1684000083,9858,294,0,1,1,0,0,44,0,579,2,8,65,4248617557,2,0,0,0,580,0,215,41,0,1,1,0,54,6,2437,0,0,0,20,evil_twin,evil_twin
1684000083,9922,297,0,1,1,0,0,44,0,580,2,8,65,4055446926,2,0,0,0,581,0,218,41,0,1,1,0,54,6,2437,0,0,0,20,evil_twin,evil_twin
1684000084,9937,294,0,1,1,0,0,44,0,581,2,8,65,1095976122,2,0,0,0,582,0,215,41,0,1,1,0,54,6,2437,0,0,0,20,evil_twin,evil_twin
1684000084,9962,297,0,1,1,0,0,44,0,582,2,8,65,804504433,2,0,0,0,583,0,218,41,0,1,1,0,54,6,2437,0,0,0,20,evil_twin,evil_twin
1684000084,9984,297,0,1,1,0,0,44,0,583,2,8,65,3907227892,2,0,0,0,584,0,218,41,0,1,1,0,54,6,2437,0,0,0,20,evil_twin,evil_twin
1684000084,9997,298,0,1,1,0,0,44,0,584,2,8,65,572891210,2,0,0,0,585,0,219,41,0,1,1,0,54,6,2437,0,0,0,20,evil_twin,evil_twin
1684000084,10015,297,0,1,1,0,0,44,0,585,2,8,65,1369643032,2,0,0,0,586,0,218,41,0,1,1,0,54,6,2437,0,0,0,20,evil_twin,evil_twin
1684000084,10032,297,0,1,1,0,0,44,0,586,2,8,65,284548062,2,0,0,0,587,0,218,41,0,1,1,0,54,6,2437,0,0,0,20,evil_twin,evil_twin
1684000084,10055,298,0,1,1,0,0,44,0,587,2,8,65,2963405424,2,0,0,0,588,0,219,41,0,1,1,0,54,6,2437,0,0,0,20,evil_twin,evil_twin
1684000084,10088,296,0,1,1,0,0,44,0,588,2,8,65,234905807,2,0,0,0,589,0,217,41,0,1,1,0,54,6,2437,0,0,0,20,evil_twin,evil_twin
1684000084,10105,299,0,1,1,0,0,44,0,589,2,8,65,3806236657,2,0,0,0,590,0,220,41,0,1,1,0,54,6,2437,0,0,0,20,evil_twin,evil_twin
1684000084,10124,297,0,1,1,0,0,44,0,590,2,8,65,4222535115,2,0,0,0,591,0,218,41,0,1,1,0,54,6,2437,0,0,0,20,evil_twin,evil_twin
1684000085,10142,299,0,1,1,0,0,44,0,591,2,8,65,3886947884,2,0,0,0,592,0,220,41,0,1,1,0,54,6,2437,0,0,0,20,evil_twin,evil_twin
1684000085,10165,299,0,1,1,0,0,44,0,592,2,8,65,1760986788,2,0,0,0,593,0,220,41,0,1,1,0,54,6,2437,0,0,0,20,evil_twin,evil_twin
1684000085,10181,298,0,1,1,0,0,44,0,593,2,8,65,2181542115,2,0,0,0,594,0,219,41,0,1,1,0,54,6,2437,0,0,0,20,evil_twin,evil_twin
1684000085,10200,297,0,1,1,0,0,44,0,594,2,8,65,2201025959,2,0,0,0,595,0,218,41,0,1,1,0,54,6,2437,0,0,0,20,evil_twin,evil_twin
1684000085,10239,297,0,1,1,0,0,44,0,595,2,8,65,2488749170,2,0,0,0,596,0,218,41,0,1,1,0,54,6,2437,0,0,0,20,evil_twin,evil_twin
1684000085,10272,298,0,1,1,0,0,44,0,596,2,8,65,1217239112,2,0,0,0,597,0,219,41,0,1,1,0,54,6,2437,0,0,0,20,evil_twin,evil_twin
1684000085,10311,298,0,1,1,0,0,44,0,597,2,8,65,2644987945,2,0,0,0,598,0,219,41,0,1,1,0,54,6,2437,0,0,0,20,evil_twin,evil_twin
1684000085,10397,297,0,1,1,0,0,44,0,598,2,8,65,2099799575,2,0,0,0,599,0,218,41,0,1,1,0,54,6,2437,0,0,0,20,evil_twin,evil_twin
1684000085,10474,125,0,1,1,0,0,44,0,599,2,8,65,3868427189,2,0,0,0,600,0,46,41,0,1,1,0,54,6,2437,0,0,0,20,evil_twin,evil_twin
1684000085,10521,296,0,1,1,0,0,44,0,600,2,8,65,2959367951,2,0,0,0,601,0,217,41,0,1,1,0,54,6,2437,0,0,0,20,evil_twin,evil_twin
1684000085,10565,295,0,1,1,0,0,44,0,601,2,8,65,3806339290,2,0,0,0,602,0,216,41,0,1,1,0,54,6,2437,0,0,0,20,evil_twin,evil_twin
1684000086,10585,294,0,1,1,0,0,44,0,602,2,8,65,1126493401,2,0,0,0,603,0,215,41,0,1,1,0,54,6,2437,0,0,0,20,evil_twin,evil_twin
1684000086,10614,296,0,1,1,0,0,44,0,603,2,8,65,4064548846,2,0,0,0,604,0,217,41,0,1,1,0,54,6,2437,0,0,0,20,evil_twin,evil_twin
1684000086,10639,296,0,1,1,0,0,44,0,604,2,8,65,3819138817,2,0,0,0,605,0,217,41,0,1,1,0,54,6,2437,0,0,0,20,evil_twin,evil_twin
1684000086,10655,296,0,1,1,0,0,44,0,605,2,8,65,3586371646,2,0,0,0,606,0,217,41,0,1,1,0,54,6,2437,0,0,0,20,evil_twin,evil_twin
1684000086,10682,295,0,1,1,0,0,44,0,606,2,8,65,78650511,2,0,0,0,607,0,216,41,0,1,1,0,54,6,2437,0,0,0,20,evil_twin,evil_twin
1684000086,10695,294,0,1,1,0,0,44,0,607,2,8,65,4039200863,2,0,0,0,608,0,215,41,0,1,1,0,54,6,2437,0,0,0,20,evil_twin,evil_twin
1684000086,10703,295,0,1,1,0,0,44,0,608,2,8,65,1261481247,2,0,0,0,609,0,216,41,0,1,1,0,54,6,2437,0,0,0,20,evil_twin,evil_twin
1684000086,10732,295,0,1,1,0,0,44,0,609,2,8,65,3688669167,2,0,0,0,610,0,216,41,0,1,1,0,54,6,2437,0,0,0,20,evil_twin,evil_twin
1684000086,10778,297,0,1,1,0,0,44,0,610,2,8,65,975616252,2,0,0,0,611,0,218,41,0,1,1,0,54,6,2437,0,0,0,20,evil_twin,evil_twin
1684000086,10825,295,0,1,1,0,0,44,0,611,2,8,65,541912910,2,0,0,0,612,0,216,41,0,1,1,0,54,6,2437,0,0,0,20,evil_twin,evil_twin
1684000087,10842,296,0,1,1,0,0,44,0,612,2,8,65,4222011070,2,0,0,0,613,0,217,41,0,1,1,0,54,6,2437,0,0,0,20,evil_twin,evil_twin
1684000087,10861,295,0,1,1,0,0,44,0,613,2,8,65,990570210,2,0,0,0,614,0,216,41,0,1,1,0,54,6,2437,0,0,0,20,evil_twin,evil_twin
1684000087,10878,294,0,1,1,0,0,44,0,614,2,8,65,1988602855,2,0,0,0,615,0,215,41,0,1,1,0,54,6,2437,0,0,0,20,evil_twin,evil_twin
1684000087,10900,296,0,1,1,0,0,44,0,615,2,8,65,885110755,2,0,0,0,616,0,217,41,0,1,1,0,54,6,2437,0,0,0,20,evil_twin,evil_twin
1684000087,10924,295,0,1,1,0,0,44,0,616,2,8,65,3231499336,2,0,0,0,617,0,216,41,0,1,1,0,54,6,2437,0,0,0,20,evil_twin,evil_twin
1684000087,10939,296,0,1,1,0,0,44,0,617,2,8,65,365060485,2,0,0,0,618,0,217,41,0,1,1,0,54,6,2437,0,0,0,20,evil_twin,evil_twin
1684000087,10981,294,0,1,1,0,0,44,0,618,2,8,65,517479417,2,0,0,0,619,0,215,41,0,1,1,0,54,6,2437,0,0,0,20,evil_twin,evil_twin
1684000087,11100,295,0,1,1,0,0,44,0,619,2,8,65,3260852325,2,0,0,0,620,0,216,41,0,1,1,0,54,6,2437,0,0,0,20,evil_twin,evil_twin
1684000087,11103,125,0,1,1,0,0,44,0,620,2,8,65,690018012,2,0,0,0,621,0,46,41,0,1,1,0,54,6,2437,0,0,0,20,evil_twin,evil_twin
1684000087,11112,125,0,1,1,0,0,44,0,620,2,8,73,460875415,2,0,0,0,621,0,46,41,0,1,1,0,54,6,2437,0,0,0,20,evil_twin,evil_twin
1684000087,11118,125,0,1,1,0,0,44,0,620,2,8,73,460875415,2,0,0,0,621,0,46,41,0,1,1,0,48,6,2437,0,0,0,20,evil_twin,evil_twin
1684000087,11236,295,0,1,1,0,0,44,0,621,2,8,65,2590560348,2,0,0,0,622,0,216,41,0,1,1,0,54,6,2437,0,0,0,20,evil_twin,evil_twin
1684000087,11260,141,1,0,0,1,0,44,0,26,2,8,66,1038752613,2,0,0,0,29,0,62,41,0,1,1,0,54,6,2437,0,0,0,20,evil_twin,evil_twin
1684000087,11279,296,0,1,1,0,0,44,0,622,2,8,65,1576568672,2,0,0,0,623,0,217,41,0,1,1,0,54,6,2437,0,0,0,20,evil_twin,evil_twin
1684000088,11301,296,0,1,1,0,0,44,0,623,2,8,65,2153243368,2,0,0,0,624,0,217,41,0,1,1,0,54,6,2437,0,0,0,20,evil_twin,evil_twin
1684000088,11317,294,0,1,1,0,0,44,0,624,2,8,65,1150699083,2,0,0,0,625,0,215,41,0,1,1,0,54,6,2437,0,0,0,20,evil_twin,evil_twin
1684000088,11331,294,0,1,1,0,0,44,0,625,2,8,65,3012682377,2,0,0,0,626,0,215,41,0,1,1,0,54,6,2437,0,0,0,20,evil_twin,evil_twin
1684000088,11353,295,0,1,1,0,0,44,0,626,2,8,65,1551758276,2,0,0,0,627,0,216,41,0,1,1,0,54,6,2437,0,0,0,20,evil_twin,evil_twin
1684000088,11378,297,0,1,1,0,0,44,0,627,2,8,65,4103093363,2,0,0,0,628,0,218,41,0,1,1,0,54,6,2437,0,0,0,20,evil_twin,evil_twin
1684000088,11393,293,0,1,1,0,0,44,0,628,2,8,65,2085676349,2,0,0,0,629,0,214,41,0,1,1,0,54,6,2437,0,0,0,20,evil_twin,evil_twin
1684000088,11413,295,0,1,1,0,0,44,0,629,2,8,65,908237588,2,0,0,0,630,0,216,41,0,1,1,0,54,6,2437,0,0,0,20,evil_twin,evil_twin
1684000088,11427,296,0,1,1,0,0,44,0,630,2,8,65,3627537572,2,0,0,0,631,0,217,41,0,1,1,0,54,6,2437,0,0,0,20,evil_twin,evil_twin
1684000088,11441,295,0,1,1,0,0,44,0,631,2,8,65,373935668,2,0,0,0,632,0,216,41,0,1,1,0,54,6,2437,0,0,0,20,evil_twin,evil_twin
1684000088,11461,295,0,1,1,0,0,44,0,632,2,8,65,3365245985,2,0,0,0,633,0,216,41,0,1,1,0,54,6,2437,0,0,0,20,evil_twin,evil_twin
1684000089,11476,296,0,1,1,0,0,44,0,633,2,8,65,339500836,2,0,0,0,634,0,217,41,0,1,1,0,54,6,2437,0,0,0,20,evil_twin,evil_twin
1684000089,11491,295,0,1,1,0,0,44,0,634,2,8,65,2082176351,2,0,0,0,635,0,216,41,0,1,1,0,54,6,2437,0,0,0,20,evil_twin,evil_twin
1684000089,11520,295,0,1,1,0,0,44,0,635,2,8,65,3580524988,2,0,0,0,636,0,216,41,0,1,1,0,54,6,2437,0,0,0,20,evil_twin,evil_twin
1684000089,11535,296,0,1,1,0,0,44,0,636,2,8,65,290633222,2,0,0,0,637,0,217,41,0,1,1,0,54,6,2437,0,0,0,20,evil_twin,evil_twin
1684000089,11561,294,0,1,1,0,0,44,0,637,2,8,65,3399191404,2,0,0,0,638,0,215,41,0,1,1,0,54,6,2437,0,0,0,20,evil_twin,evil_twin
1684000089,11586,293,0,1,1,0,0,44,0,638,2,8,65,1962233629,2,0,0,0,639,0,214,41,0,1,1,0,54,6,2437,0,0,0,20,evil_twin,evil_twin
1684000089,11626,296,0,1,1,0,0,44,0,639,2,8,65,2127715275,2,0,0,0,640,0,217,41,0,1,1,0,54,6,2437,0,0,0,20,evil_twin,evil_twin
1684000089,11794,294,0,1,1,0,0,44,0,640,2,8,65,3233049765,2,0,0,0,641,0,215,41,0,1,1,0,54,6,2437,0,0,0,20,evil_twin,evil_twin
1684000090,12062,294,0,1,1,0,0,44,0,642,2,8,65,1257052523,2,0,0,0,643,0,215,41,0,1,1,0,54,6,2437,0,0,0,20,evil_twin,evil_twin
1684000090,12093,295,0,1,1,0,0,44,0,643,2,8,65,2943479039,2,0,0,0,644,0,216,41,0,1,1,0,54,6,2437,0,0,0,20,evil_twin,evil_twin
1684000090,12096,125,0,1,1,0,0,44,0,644,2,8,65,2675379240,2,0,0,0,645,0,46,41,0,1,1,0,54,6,2437,0,0,0,20,evil_twin,evil_twin
1684000090,12108,294,0,1,1,0,0,44,0,645,2,8,65,893409326,2,0,0,0,646,0,215,41,0,1,1,0,54,6,2437,0,0,0,20,evil_twin,evil_twin
1684000090,12115,141,1,0,0,1,0,44,0,27,2,8,66,2013630892,2,0,0,0,30,0,62,41,0,1,1,0,54,6,2437,0,0,0,20,evil_twin,evil_twin
1684000090,12148,297,0,1,1,0,0,44,0,646,2,8,65,2997404136,2,0,0,0,647,0,218,41,0,1,1,0,54,6,2437,0,0,0,20,evil_twin,evil_twin
1684000090,12163,295,0,1,1,0,0,44,0,647,2,8,65,1405008473,2,0,0,0,648,0,216,41,0,1,1,0,54,6,2437,0,0,0,20,evil_twin,evil_twin
1684000090,12188,296,0,1,1,0,0,44,0,648,2,8,65,4272041360,2,0,0,0,649,0,217,41,0,1,1,0,54,6,2437,0,0,0,20,evil_twin,evil_twin
1684000090,12213,297,0,1,1,0,0,44,0,649,2,8,65,1291741351,2,0,0,0,650,0,218,41,0,1,1,0,54,6,2437,0,0,0,20,evil_twin,evil_twin
1684000090,12232,297,0,1,1,0,0,44,0,650,2,8,65,781206253,2,0,0,0,651,0,218,41,0,1,1,0,54,6,2437,0,0,0,20,evil_twin,evil_twin
1684000090,12252,297,0,1,1,0,0,44,0,651,2,8,65,2201980294,2,0,0,0,652,0,218,41,0,1,1,0,54,6,2437,0,0,0,20,evil_twin,evil_twin
1684000090,12272,299,0,1,1,0,0,44,0,652,2,8,65,3306463668,2,0,0,0,653,0,220,41,0,1,1,0,54,6,2437,0,0,0,20,evil_twin,evil_twin
1684000090,12291,296,0,1,1,0,0,44,0,653,2,8,65,3628524592,2,0,0,0,654,0,217,41,0,1,1,0,54,6,2437,0,0,0,20,evil_twin,evil_twin
1684000091,12312,297,0,1,1,0,0,44,0,654,2,8,65,3836038573,2,0,0,0,655,0,218,41,0,1,1,0,54,6,2437,0,0,0,20,evil_twin,evil_twin
1684000091,12332,297,0,1,1,0,0,44,0,655,2,8,65,982444054,2,0,0,0,656,0,218,41,0,1,1,0,54,6,2437,0,0,0,20,evil_twin,evil_twin
1684000091,12357,299,0,1,1,0,0,44,0,656,2,8,65,3805503796,2,0,0,0,657,0,220,41,0,1,1,0,54,6,2437,0,0,0,20,evil_twin,evil_twin
1684000091,12392,298,0,1,1,0,0,44,0,657,2,8,65,2952153049,2,0,0,0,658,0,219,41,0,1,1,0,54,6,2437,0,0,0,20,evil_twin,evil_twin
1684000091,12412,297,0,1,1,0,0,44,0,658,2,8,65,1718382555,2,0,0,0,659,0,218,41,0,1,1,0,54,6,2437,0,0,0,20,evil_twin,evil_twin
1684000091,12430,297,0,1,1,0,0,44,0,659,2,8,65,682937543,2,0,0,0,660,0,218,41,0,1,1,0,54,6,2437,0,0,0,20,evil_twin,evil_twin
1684000091,12462,297,0,1,1,0,0,44,0,660,2,8,65,1957400402,2,0,0,0,661,0,218,41,0,1,1,0,54,6,2437,0,0,0,20,evil_twin,evil_twin
1684000091,12605,297,0,1,1,0,0,44,0,661,2,8,65,3014298168,2,0,0,0,662,0,218,41,0,1,1,0,54,6,2437,0,0,0,20,evil_twin,evil_twin
1684000091,12713,298,0,1,1,0,0,44,0,662,2,8,65,387198103,2,0,0,0,663,0,219,41,0,1,1,0,54,6,2437,0,0,0,20,evil_twin,evil_twin
1684000092,12744,295,0,1,1,0,0,44,0,663,2,8,65,3027506290,2,0,0,0,664,0,216,41,0,1,1,0,54,6,2437,0,0,0,20,evil_twin,evil_twin
1684000092,12758,299,0,1,1,0,0,44,0,664,2,8,65,4271067315,2,0,0,0,665,0,220,41,0,1,1,0,54,6,2437,0,0,0,20,evil_twin,evil_twin
1684000092,12811,297,0,1,1,0,0,44,0,665,2,8,65,1664147296,2,0,0,0,666,0,218,41,0,1,1,0,54,6,2437,0,0,0,20,evil_twin,evil_twin
1684000092,12814,125,0,1,1,0,0,44,0,666,2,8,65,828046728,2,0,0,0,667,0,46,41,0,1,1,0,54,6,2437,0,0,0,20,evil_twin,evil_twin
1684000092,12827,141,1,0,0,1,0,44,0,28,2,8,66,2681343660,2,0,0,0,31,0,62,41,0,1,1,0,54,6,2437,0,0,0,20,evil_twin,evil_twin
1684000092,12854,296,0,1,1,0,0,44,0,667,2,8,65,3476756129,2,0,0,0,668,0,217,41,0,1,1,0,54,6,2437,0,0,0,20,evil_twin,evil_twin
1684000092,12888,293,0,1,1,0,0,44,0,668,2,8,65,387989822,2,0,0,0,669,0,214,41,0,1,1,0,54,6,2437,0,0,0,20,evil_twin,evil_twin
1684000092,12911,297,0,1,1,0,0,44,0,669,2,8,65,3234567889,2,0,0,0,670,0,218,41,0,1,1,0,54,6,2437,0,0,0,20,evil_twin,evil_twin
1684000092,12933,296,0,1,1,0,0,44,0,670,2,8,65,3711520975,2,0,0,0,671,0,217,41,0,1,1,0,54,6,2437,0,0,0,20,evil_twin,evil_twin
1684000092,12956,297,0,1,1,0,0,44,0,671,2,8,65,3962845266,2,0,0,0,672,0,218,41,0,1,1,0,54,6,2437,0,0,0,20,evil_twin,evil_twin
1684000092,12981,296,0,1,1,0,0,44,0,672,2,8,65,2905220437,2,0,0,0,673,0,217,41,0,1,1,0,54,6,2437,0,0,0,20,evil_twin,evil_twin
1684000092,12995,297,0,1,1,0,0,44,0,673,2,8,65,1691433085,2,0,0,0,674,0,218,41,0,1,1,0,54,6,2437,0,0,0,20,evil_twin,evil_twin
1684000093,13008,295,0,1,1,0,0,44,0,674,2,8,65,4035770599,2,0,0,0,675,0,216,41,0,1,1,0,54,6,2437,0,0,0,20,evil_twin,evil_twin
1684000093,13021,296,0,1,1,0,0,44,0,675,2,8,65,3845198995,2,0,0,0,676,0,217,41,0,1,1,0,54,6,2437,0,0,0,20,evil_twin,evil_twin
1684000093,13034,295,0,1,1,0,0,44,0,676,2,8,65,3295553916,2,0,0,0,677,0,216,41,0,1,1,0,54,6,2437,0,0,0,20,evil_twin,evil_twin
1684000093,13052,296,0,1,1,0,0,44,0,677,2,8,65,2605056632,2,0,0,0,678,0,217,41,0,1,1,0,54,6,2437,0,0,0,20,evil_twin,evil_twin
1684000093,13072,294,0,1,1,0,0,44,0,678,2,8,65,881883488,2,0,0,0,679,0,215,41,0,1,1,0,54,6,2437,0,0,0,20,evil_twin,evil_twin
1684000093,13086,294,0,1,1,0,0,44,0,679,2,8,65,321667819,2,0,0,0,680,0,215,41,0,1,1,0,54,6,2437,0,0,0,20,evil_twin,evil_twin
1684000093,13209,293,0,1,1,0,0,44,0,681,2,8,65,2666061588,2,0,0,0,682,0,214,41,0,1,1,0,54,6,2437,0,0,0,20,evil_twin,evil_twin
1684000093,13261,295,0,1,1,0,0,44,0,682,2,8,65,4057064457,2,0,0,0,683,0,216,41,0,1,1,0,54,6,2437,0,0,0,20,evil_twin,evil_twin
1684000093,13343,294,0,1,1,0,0,44,0,683,2,8,65,2846581104,2,0,0,0,684,0,215,41,0,1,1,0,54,6,2437,0,0,0,20,evil_twin,evil_twin
1684000093,13366,295,0,1,1,0,0,44,0,684,2,8,65,421795446,2,0,0,0,685,0,216,41,0,1,1,0,54,6,2437,0,0,0,20,evil_twin,evil_twin
1684000094,13375,295,0,1,1,0,0,44,0,685,2,8,65,1709158105,2,0,0,0,686,0,216,41,0,1,1,0,54,6,2437,0,0,0,20,evil_twin,evil_twin
1684000094,13381,125,0,1,1,0,0,44,0,686,2,8,65,2662936406,2,0,0,0,687,0,46,41,0,1,1,0,54,6,2437,0,0,0,20,evil_twin,evil_twin
1684000094,13392,296,0,1,1,0,0,44,0,687,2,8,65,4097449883,2,0,0,0,688,0,217,41,0,1,1,0,54,6,2437,0,0,0,20,evil_twin,evil_twin
1684000094,13412,141,1,0,0,1,0,44,0,29,2,8,66,2743785859,2,0,0,0,32,0,62,41,0,1,1,0,54,6,2437,0,0,0,20,evil_twin,evil_twin
1684000094,13424,296,0,1,1,0,0,44,0,688,2,8,65,3003394230,2,0,0,0,689,0,217,41,0,1,1,0,54,6,2437,0,0,0,20,evil_twin,evil_twin
1684000094,13437,297,0,1,1,0,0,44,0,689,2,8,65,2627915240,2,0,0,0,690,0,218,41,0,1,1,0,54,6,2437,0,0,0,20,evil_twin,evil_twin
1684000094,13456,296,0,1,1,0,0,44,0,690,2,8,65,3394411023,2,0,0,0,691,0,217,41,0,1,1,0,54,6,2437,0,0,0,20,evil_twin,evil_twin
1684000094,13474,297,0,1,1,0,0,44,0,691,2,8,65,2095341703,2,0,0,0,692,0,218,41,0,1,1,0,54,6,2437,0,0,0,20,evil_twin,evil_twin
1684000094,13495,297,0,1,1,0,0,44,0,692,2,8,65,3069110459,2,0,0,0,693,0,218,41,0,1,1,0,54,6,2437,0,0,0,20,evil_twin,evil_twin
1684000094,13511,296,0,1,1,0,0,44,0,693,2,8,65,1291145374,2,0,0,0,694,0,217,41,0,1,1,0,54,6,2437,0,0,0,20,evil_twin,evil_twin
1684000094,13536,297,0,1,1,0,0,44,0,694,2,8,65,850665573,2,0,0,0,695,0,218,41,0,1,1,0,54,6,2437,0,0,0,20,evil_twin,evil_twin
1684000095,13550,296,0,1,1,0,0,44,0,695,2,8,65,3534118820,2,0,0,0,696,0,217,41,0,1,1,0,54,6,2437,0,0,0,20,evil_twin,evil_twin
1684000095,13563,297,0,1,1,0,0,44,0,696,2,8,65,888674357,2,0,0,0,697,0,218,41,0,1,1,0,54,6,2437,0,0,0,20,evil_twin,evil_twin
1684000095,13584,296,0,1,1,0,0,44,0,697,2,8,65,2015658668,2,0,0,0,698,0,217,41,0,1,1,0,54,6,2437,0,0,0,20,evil_twin,evil_twin
1684000095,13606,296,0,1,1,0,0,44,0,698,2,8,65,609983027,2,0,0,0,699,0,217,41,0,1,1,0,54,6,2437,0,0,0,20,evil_twin,evil_twin
1684000095,13627,297,0,1,1,0,0,44,0,699,2,8,65,1651841454,2,0,0,0,700,0,218,41,0,1,1,0,54,6,2437,0,0,0,20,evil_twin,evil_twin
1684000095,13665,298,0,1,1,0,0,44,0,700,2,8,65,1151409630,2,0,0,0,701,0,219,41,0,1,1,0,54,6,2437,0,0,0,20,evil_twin,evil_twin
1684000095,13684,295,0,1,1,0,0,44,0,701,2,8,65,214505928,2,0,0,0,702,0,216,41,0,1,1,0,54,6,2437,0,0,0,20,evil_twin,evil_twin
1684000095,13882,296,0,1,1,0,0,44,0,703,2,8,65,2118591891,2,0,0,0,704,0,217,41,0,1,1,0,54,6,2437,0,0,0,20,evil_twin,evil_twin
1684000095,13963,296,0,1,1,0,0,44,0,704,2,8,65,3832076983,2,0,0,0,705,0,217,41,0,1,1,0,54,6,2437,0,0,0,20,evil_twin,evil_twin
1684000096,13987,296,0,1,1,0,0,44,0,705,2,8,65,2593515905,2,0,0,0,706,0,217,41,0,1,1,0,54,6,2437,0,0,0,20,evil_twin,evil_twin
1684000096,14008,295,0,1,1,0,0,44,0,706,2,8,65,3394596980,2,0,0,0,707,0,216,41,0,1,1,0,54,6,2437,0,0,0,20,evil_twin,evil_twin
1684000096,14014,125,0,1,1,0,0,44,0,707,2,8,65,615683383,2,0,0,0,708,0,46,41,0,1,1,0,54,6,2437,0,0,0,20,evil_twin,evil_twin
1684000096,14025,141,1,0,0,1,0,44,0,30,2,8,66,1431539027,2,0,0,0,33,0,62,41,0,1,1,0,54,6,2437,0,0,0,20,evil_twin,evil_twin
1684000096,14031,293,0,1,1,0,0,44,0,708,2,8,65,3542223368,2,0,0,0,709,0,214,41,0,1,1,0,54,6,2437,0,0,0,20,evil_twin,evil_twin
1684000096,14050,296,0,1,1,0,0,44,0,709,2,8,65,463295060,2,0,0,0,710,0,217,41,0,1,1,0,54,6,2437,0,0,0,20,evil_twin,evil_twin
1684000096,14070,293,0,1,1,0,0,44,0,710,2,8,65,4287704632,2,0,0,0,711,0,214,41,0,1,1,0,54,6,2437,0,0,0,20,evil_twin,evil_twin
1684000096,14083,293,0,1,1,0,0,44,0,711,2,8,65,3910516425,2,0,0,0,712,0,214,41,0,1,1,0,54,6,2437,0,0,0,20,evil_twin,evil_twin
1684000096,14091,295,0,1,1,0,0,44,0,712,2,8,65,3655625073,2,0,0,0,713,0,216,41,0,1,1,0,54,6,2437,0,0,0,20,evil_twin,evil_twin
1684000096,14104,295,0,1,1,0,0,44,0,713,2,8,65,3737688833,2,0,0,0,714,0,216,41,0,1,1,0,54,6,2437,0,0,0,20,evil_twin,evil_twin
1684000096,14129,294,0,1,1,0,0,44,0,714,2,8,65,2446848921,2,0,0,0,715,0,215,41,0,1,1,0,54,6,2437,0,0,0,20,evil_twin,evil_twin
1684000096,14165,295,0,1,1,0,0,44,0,715,2,8,65,941954299,2,0,0,0,716,0,216,41,0,1,1,0,54,6,2437,0,0,0,20,evil_twin,evil_twin
1684000097,14194,293,0,1,1,0,0,44,0,716,2,8,65,2041266829,2,0,0,0,717,0,214,41,0,1,1,0,54,6,2437,0,0,0,20,evil_twin,evil_twin
1684000097,14221,293,0,1,1,0,0,44,0,717,2,8,65,2925016455,2,0,0,0,718,0,214,41,0,1,1,0,54,6,2437,0,0,0,20,evil_twin,evil_twin
1684000097,14230,293,0,1,1,0,0,44,0,718,2,8,65,2272019079,2,0,0,0,719,0,214,41,0,1,1,0,54,6,2437,0,0,0,20,evil_twin,evil_twin
1684000097,14262,295,0,1,1,0,0,44,0,719,2,8,65,2654019462,2,0,0,0,720,0,216,41,0,1,1,0,54,6,2437,0,0,0,20,evil_twin,evil_twin
1684000097,14277,295,0,1,1,0,0,44,0,720,2,8,65,3896535290,2,0,0,0,721,0,216,41,0,1,1,0,54,6,2437,0,0,0,20,evil_twin,evil_twin
1684000097,14282,294,0,1,1,0,0,44,0,721,2,8,65,1829459764,2,0,0,0,722,0,215,41,0,1,1,0,54,6,2437,0,0,0,20,evil_twin,evil_twin
1684000097,14303,295,0,1,1,0,0,44,0,722,2,8,65,2463271072,2,0,0,0,723,0,216,41,0,1,1,0,54,6,2437,0,0,0,20,evil_twin,evil_twin
1684000097,14405,294,0,1,1,0,0,44,0,723,2,8,73,2039169222,2,0,0,0,724,0,215,41,0,1,1,0,36,6,2437,0,0,0,20,evil_twin,evil_twin
1684000097,14461,295,0,1,1,0,0,44,0,724,2,8,65,798869999,2,0,0,0,725,0,216,41,0,1,1,0,54,6,2437,0,0,0,20,evil_twin,evil_twin
1684000097,14519,294,0,1,1,0,0,44,0,725,2,8,65,3311588971,2,0,0,0,726,0,215,41,0,1,1,0,54,6,2437,0,0,0,20,evil_twin,evil_twin
1684000098,14704,296,0,1,1,0,0,44,0,726,2,8,65,3287850740,2,0,0,0,727,0,217,41,0,1,1,0,54,6,2437,0,0,0,20,evil_twin,evil_twin
1684000098,14722,294,0,1,1,0,0,44,0,727,2,8,65,3057103250,2,0,0,0,728,0,215,41,0,1,1,0,54,6,2437,0,0,0,20,evil_twin,evil_twin
1684000098,14746,295,0,1,1,0,0,44,0,728,2,8,65,118867790,2,0,0,0,729,0,216,41,0,1,1,0,54,6,2437,0,0,0,20,evil_twin,evil_twin
1684000098,14753,125,0,1,1,0,0,44,0,729,2,8,65,588731207,2,0,0,0,730,0,46,41,0,1,1,0,54,6,2437,0,0,0,20,evil_twin,evil_twin
1684000098,14764,294,0,1,1,0,0,44,0,730,2,8,65,4155726935,2,0,0,0,731,0,215,41,0,1,1,0,54,6,2437,0,0,0,20,evil_twin,evil_twin
1684000098,14771,141,1,0,0,1,0,44,0,31,2,8,66,1631585817,2,0,0,0,34,0,62,41,0,1,1,0,54,6,2437,0,0,0,20,evil_twin,evil_twin
1684000098,14798,296,0,1,1,0,0,44,0,731,2,8,65,1784091721,2,0,0,0,732,0,217,41,0,1,1,0,54,6,2437,0,0,0,20,evil_twin,evil_twin
1684000098,14821,294,0,1,1,0,0,44,0,732,2,8,65,709413579,2,0,0,0,733,0,215,41,0,1,1,0,54,6,2437,0,0,0,20,evil_twin,evil_twin
1684000098,14841,295,0,1,1,0,0,44,0,733,2,8,65,1788859084,2,0,0,0,734,0,216,41,0,1,1,0,54,6,2437,0,0,0,20,evil_twin,evil_twin
1684000098,14877,297,0,1,1,0,0,44,0,735,2,8,65,2804328412,2,0,0,0,736,0,218,41,0,1,1,0,54,6,2437,0,0,0,20,evil_twin,evil_twin
1684000098,14896,296,0,1,1,0,0,44,0,736,2,8,65,3883711370,2,0,0,0,737,0,217,41,0,1,1,0,54,6,2437,0,0,0,20,evil_twin,evil_twin
1684000099,14912,297,0,1,1,0,0,44,0,737,2,8,65,1303561641,2,0,0,0,738,0,218,41,0,1,1,0,54,6,2437,0,0,0,20,evil_twin,evil_twin
1684000099,14935,295,0,1,1,0,0,44,0,738,2,8,65,933003429,2,0,0,0,739,0,216,41,0,1,1,0,54,6,2437,0,0,0,20,evil_twin,evil_twin
1684000099,14947,296,0,1,1,0,0,44,0,739,2,8,65,3809341290,2,0,0,0,740,0,217,41,0,1,1,0,54,6,2437,0,0,0,20,evil_twin,evil_twin
1684000099,14965,295,0,1,1,0,0,44,0,740,2,8,65,2112087603,2,0,0,0,741,0,216,41,0,1,1,0,54,6,2437,0,0,0,20,evil_twin,evil_twin
1684000099,14991,296,0,1,1,0,0,44,0,741,2,8,65,2379607993,2,0,0,0,742,0,217,41,0,1,1,0,54,6,2437,0,0,0,20,evil_twin,evil_twin
1684000099,15011,297,0,1,1,0,0,44,0,742,2,8,65,2158507586,2,0,0,0,743,0,218,41,0,1,1,0,54,6,2437,0,0,0,20,evil_twin,evil_twin
1684000099,15040,296,0,1,1,0,0,44,0,743,2,8,65,428591233,2,0,0,0,744,0,217,41,0,1,1,0,54,6,2437,0,0,0,20,evil_twin,evil_twin
1684000099,15281,298,0,1,1,0,0,44,0,746,2,8,65,2262359475,2,0,0,0,747,0,219,41,0,1,1,0,54,6,2437,0,0,0,20,evil_twin,evil_twin
1684000100,15326,297,0,1,1,0,0,44,0,747,2,8,65,2702704619,2,0,0,0,748,0,218,41,0,1,1,0,54,6,2437,0,0,0,20,evil_twin,evil_twin
1684000100,15447,296,0,1,1,0,0,44,0,748,2,8,65,1688201744,2,0,0,0,749,0,217,41,0,1,1,0,54,6,2437,0,0,0,20,evil_twin,evil_twin
1684000100,15457,296,0,1,1,0,0,44,0,749,2,8,65,956608951,2,0,0,0,750,0,217,41,0,1,1,0,54,6,2437,0,0,0,20,evil_twin,evil_twin
1684000100,15482,297,0,1,1,0,0,44,0,750,2,8,65,3486269813,2,0,0,0,751,0,218,41,0,1,1,0,54,6,2437,0,0,0,20,evil_twin,evil_twin
1684000100,15504,125,0,1,1,0,0,44,0,751,2,8,65,3918200078,2,0,0,0,752,0,46,41,0,1,1,0,54,6,2437,0,0,0,20,evil_twin,evil_twin
1684000100,15514,141,1,0,0,1,0,44,0,32,2,8,66,1669708466,2,0,0,0,35,0,62,41,0,1,1,0,54,6,2437,0,0,0,20,evil_twin,evil_twin
1684000100,15517,297,0,1,1,0,0,44,0,752,2,8,65,4236316928,2,0,0,0,753,0,218,41,0,1,1,0,54,6,2437,0,0,0,20,evil_twin,evil_twin
1684000100,15538,298,0,1,1,0,0,44,0,753,2,8,65,3960884536,2,0,0,0,754,0,219,41,0,1,1,0,54,6,2437,0,0,0,20,evil_twin,evil_twin
1684000100,15560,297,0,1,1,0,0,44,0,754,2,8,65,4270853619,2,0,0,0,755,0,218,41,0,1,1,0,54,6,2437,0,0,0,20,evil_twin,evil_twin
1684000100,15577,298,0,1,1,0,0,44,0,755,2,8,65,2398304236,2,0,0,0,756,0,219,41,0,1,1,0,54,6,2437,0,0,0,20,evil_twin,evil_twin
1684000100,15623,299,0,1,1,0,0,44,0,756,2,8,65,827764198,2,0,0,0,757,0,220,41,0,1,1,0,54,6,2437,0,0,0,20,evil_twin,evil_twin
1684000100,15649,299,0,1,1,0,0,44,0,757,2,8,65,2552347699,2,0,0,0,758,0,220,41,0,1,1,0,54,6,2437,0,0,0,20,evil_twin,evil_twin
1684000101,15656,300,0,1,1,0,0,44,0,758,2,8,65,426508837,2,0,0,0,759,0,221,41,0,1,1,0,54,6,2437,0,0,0,20,evil_twin,evil_twin
1684000101,15670,298,0,1,1,0,0,44,0,759,2,8,65,2526385366,2,0,0,0,760,0,219,41,0,1,1,0,54,6,2437,0,0,0,20,evil_twin,evil_twin
1684000101,15694,298,0,1,1,0,0,44,0,760,2,8,65,1607413291,2,0,0,0,761,0,219,41,0,1,1,0,54,6,2437,0,0,0,20,evil_twin,evil_twin
1684000101,15707,299,0,1,1,0,0,44,0,761,2,8,65,1790312757,2,0,0,0,762,0,220,41,0,1,1,0,54,6,2437,0,0,0,20,evil_twin,evil_twin
1684000101,15739,298,0,1,1,0,0,44,0,762,2,8,65,3344925137,2,0,0,0,763,0,219,41,0,1,1,0,54,6,2437,0,0,0,20,evil_twin,evil_twin
1684000101,15760,298,0,1,1,0,0,44,0,763,2,8,65,3873402018,2,0,0,0,764,0,219,41,0,1,1,0,54,6,2437,0,0,0,20,evil_twin,evil_twin
1684000101,15786,298,0,1,1,0,0,44,0,764,2,8,65,2235902430,2,0,0,0,765,0,219,41,0,1,1,0,54,6,2437,0,0,0,20,evil_twin,evil_twin
1684000101,15882,298,0,1,1,0,0,44,0,765,2,8,65,154623161,2,0,0,0,766,0,219,41,0,1,1,0,54,6,2437,0,0,0,20,evil_twin,evil_twin
1684000101,16035,298,0,1,1,0,0,44,0,766,2,8,65,1204464198,2,0,0,0,767,0,219,41,0,1,1,0,54,6,2437,0,0,0,20,evil_twin,evil_twin
1684000101,16059,297,0,1,1,0,0,44,0,767,2,8,65,2905857718,2,0,0,0,768,0,218,41,0,1,1,0,54,6,2437,0,0,0,20,evil_twin,evil_twin
1684000102,16074,299,0,1,1,0,0,44,0,768,2,8,65,1544835980,2,0,0,0,769,0,220,41,0,1,1,0,54,6,2437,0,0,0,20,evil_twin,evil_twin
1684000102,16112,298,0,1,1,0,0,44,0,769,2,8,65,162274228,2,0,0,0,770,0,219,41,0,1,1,0,54,6,2437,0,0,0,20,evil_twin,evil_twin
1684000102,16126,299,0,1,1,0,0,44,0,770,2,8,65,186340982,2,0,0,0,771,0,220,41,0,1,1,0,54,6,2437,0,0,0,20,evil_twin,evil_twin
1684000102,16142,298,0,1,1,0,0,44,0,771,2,8,65,3728969249,2,0,0,0,772,0,219,41,0,1,1,0,54,6,2437,0,0,0,20,evil_twin,evil_twin
1684000102,16154,125,0,1,1,0,0,44,0,772,2,8,65,1995715533,2,0,0,0,773,0,46,41,0,1,1,0,54,6,2437,0,0,0,20,evil_twin,evil_twin
1684000102,16171,141,1,0,0,1,0,44,0,33,2,8,66,2250015807,2,0,0,0,36,0,62,41,0,1,1,0,54,6,2437,0,0,0,20,evil_twin,evil_twin
1684000102,16176,296,0,1,1,0,0,44,0,773,2,8,65,944803758,2,0,0,0,774,0,217,41,0,1,1,0,54,6,2437,0,0,0,20,evil_twin,evil_twin
1684000102,16191,296,0,1,1,0,0,44,0,774,2,8,65,1768299957,2,0,0,0,775,0,217,41,0,1,1,0,54,6,2437,0,0,0,20,evil_twin,evil_twin
1684000102,16203,296,0,1,1,0,0,44,0,775,2,8,65,669786483,2,0,0,0,776,0,217,41,0,1,1,0,54,6,2437,0,0,0,20,evil_twin,evil_twin
1684000102,16219,297,0,1,1,0,0,44,0,776,2,8,65,2022089368,2,0,0,0,777,0,218,41,0,1,1,0,54,6,2437,0,0,0,20,evil_twin,evil_twin
1684000102,16239,297,0,1,1,0,0,44,0,777,2,8,65,446595999,2,0,0,0,778,0,218,41,0,1,1,0,54,6,2437,0,0,0,20,evil_twin,evil_twin
1684000102,16254,298,0,1,1,0,0,44,0,778,2,8,65,1276515932,2,0,0,0,779,0,219,41,0,1,1,0,54,6,2437,0,0,0,20,evil_twin,evil_twin
1684000103,16281,296,0,1,1,0,0,44,0,779,2,8,65,933739540,2,0,0,0,780,0,217,41,0,1,1,0,54,6,2437,0,0,0,20,evil_twin,evil_twin
1684000103,16295,295,0,1,1,0,0,44,0,780,2,8,65,3695505759,2,0,0,0,781,0,216,41,0,1,1,0,54,6,2437,0,0,0,20,evil_twin,evil_twin
1684000103,16313,295,0,1,1,0,0,44,0,781,2,8,65,376107729,2,0,0,0,782,0,216,41,0,1,1,0,54,6,2437,0,0,0,20,evil_twin,evil_twin
1684000103,16363,295,0,1,1,0,0,44,0,782,2,8,65,1758142841,2,0,0,0,783,0,216,41,0,1,1,0,54,6,2437,0,0,0,20,evil_twin,evil_twin
1684000103,16384,296,0,1,1,0,0,44,0,783,2,8,65,1058532652,2,0,0,0,784,0,217,41,0,1,1,0,54,6,2437,0,0,0,20,evil_twin,evil_twin
1684000103,16402,295,0,1,1,0,0,44,0,784,2,8,65,1573547712,2,0,0,0,785,0,216,41,0,1,1,0,54,6,2437,0,0,0,20,evil_twin,evil_twin
1684000103,16457,294,0,1,1,0,0,44,0,785,2,8,65,4126001201,2,0,0,0,786,0,215,41,0,1,1,0,54,6,2437,0,0,0,20,evil_twin,evil_twin
1684000103,16653,296,0,1,1,0,0,44,0,786,2,8,65,373607265,2,0,0,0,787,0,217,41,0,1,1,0,54,6,2437,0,0,0,20,evil_twin,evil_twin
1684000103,16663,296,0,1,1,0,0,44,0,786,2,8,73,2350862652,2,0,0,0,787,0,217,41,0,1,1,0,54,6,2437,0,0,0,20,evil_twin,evil_twin
1684000103,16741,295,0,1,1,0,0,44,0,787,2,8,65,1693002006,2,0,0,0,788,0,216,41,0,1,1,0,54,6,2437,0,0,0,20,evil_twin,evil_twin
1684000103,16770,296,0,1,1,0,0,44,0,788,2,8,65,2515352070,2,0,0,0,789,0,217,41,0,1,1,0,54,6,2437,0,0,0,20,evil_twin,evil_twin
1684000104,16785,297,0,1,1,0,0,44,0,789,2,8,65,3206153206,2,0,0,0,790,0,218,41,0,1,1,0,54,6,2437,0,0,0,20,evil_twin,evil_twin
1684000104,16805,295,0,1,1,0,0,44,0,790,2,8,65,2829818545,2,0,0,0,791,0,216,41,0,1,1,0,54,6,2437,0,0,0,20,evil_twin,evil_twin
1684000104,16825,296,0,1,1,0,0,44,0,791,2,8,65,2668698566,2,0,0,0,792,0,217,41,0,1,1,0,54,6,2437,0,0,0,20,evil_twin,evil_twin
1684000104,16841,297,0,1,1,0,0,44,0,792,2,8,65,311227895,2,0,0,0,793,0,218,41,0,1,1,0,54,6,2437,0,0,0,20,evil_twin,evil_twin
1684000104,16880,296,0,1,1,0,0,44,0,794,2,8,65,3357677877,2,0,0,0,795,0,217,41,0,1,1,0,54,6,2437,0,0,0,20,evil_twin,evil_twin
1684000104,16890,125,0,1,1,0,0,44,0,795,2,8,65,1326258095,2,0,0,0,796,0,46,41,0,1,1,0,54,6,2437,0,0,0,20,evil_twin,evil_twin
1684000104,16902,141,1,0,0,1,0,44,0,34,2,8,66,2643408543,2,0,0,0,37,0,62,41,0,1,1,0,54,6,2437,0,0,0,20,evil_twin,evil_twin
1684000104,16927,298,0,1,1,0,0,44,0,796,2,8,65,2748729554,2,0,0,0,797,0,219,41,0,1,1,0,54,6,2437,0,0,0,20,evil_twin,evil_twin
1684000104,16943,299,0,1,1,0,0,44,0,797,2,8,65,1915828471,2,0,0,0,798,0,220,41,0,1,1,0,54,6,2437,0,0,0,20,evil_twin,evil_twin
1684000104,16960,296,0,1,1,0,0,44,0,798,2,8,65,2692179217,2,0,0,0,799,0,217,41,0,1,1,0,54,6,2437,0,0,0,20,evil_twin,evil_twin
1684000104,16972,298,0,1,1,0,0,44,0,799,2,8,65,2196152013,2,0,0,0,800,0,219,41,0,1,1,0,54,6,2437,0,0,0,20,evil_twin,evil_twin
1684000105,16990,298,0,1,1,0,0,44,0,800,2,8,65,2393534073,2,0,0,0,801,0,219,41,0,1,1,0,54,6,2437,0,0,0,20,evil_twin,evil_twin
1684000105,17001,298,0,1,1,0,0,44,0,801,2,8,65,3998413513,2,0,0,0,802,0,219,41,0,1,1,0,54,6,2437,0,0,0,20,evil_twin,evil_twin
1684000105,17021,298,0,1,1,0,0,44,0,802,2,8,65,3935717243,2,0,0,0,803,0,219,41,0,1,1,0,54,6,2437,0,0,0,20,evil_twin,evil_twin
1684000105,17036,294,0,1,1,0,0,44,0,803,2,8,65,575401528,2,0,0,0,804,0,215,41,0,1,1,0,54,6,2437,0,0,0,20,evil_twin,evil_twin
1684000105,17064,297,0,1,1,0,0,44,0,804,2,8,65,296607167,2,0,0,0,805,0,218,41,0,1,1,0,54,6,2437,0,0,0,20,evil_twin,evil_twin
1684000105,17115,299,0,1,1,0,0,44,0,805,2,8,65,4102547075,2,0,0,0,806,0,220,41,0,1,1,0,54,6,2437,0,0,0,20,evil_twin,evil_twin
1684000105,17172,299,0,1,1,0,0,44,0,806,2,8,65,2446310396,2,0,0,0,807,0,220,41,0,1,1,0,54,6,2437,0,0,0,20,evil_twin,evil_twin
1684000105,17343,300,0,1,1,0,0,44,0,807,2,8,65,1756707305,2,0,0,0,808,0,221,41,0,1,1,0,54,6,2437,0,0,0,20,evil_twin,evil_twin
1684000105,17504,300,0,1,1,0,0,44,0,808,2,8,65,3634227345,2,0,0,0,809,0,221,41,0,1,1,0,54,6,2437,0,0,0,20,evil_twin,evil_twin
1684000105,17528,298,0,1,1,0,0,44,0,809,2,8,65,3289305435,2,0,0,0,810,0,219,41,0,1,1,0,54,6,2437,0,0,0,20,evil_twin,evil_twin
1684000106,17555,297,0,1,1,0,0,44,0,810,2,8,65,1911456658,2,0,0,0,811,0,218,41,0,1,1,0,54,6,2437,0,0,0,20,evil_twin,evil_twin
1684000106,17568,297,0,1,1,0,0,44,0,811,2,8,65,3704576199,2,0,0,0,812,0,218,41,0,1,1,0,54,6,2437,0,0,0,20,evil_twin,evil_twin
1684000106,17582,299,0,1,1,0,0,44,0,812,2,8,65,4183061418,2,0,0,0,813,0,220,41,0,1,1,0,54,6,2437,0,0,0,20,evil_twin,evil_twin
1684000106,17609,297,0,1,1,0,0,44,0,813,2,8,65,2291145273,2,0,0,0,814,0,218,41,0,1,1,0,54,6,2437,0,0,0,20,evil_twin,evil_twin
1684000106,17627,297,0,1,1,0,0,44,0,814,2,8,65,3471300205,2,0,0,0,815,0,218,41,0,1,1,0,54,6,2437,0,0,0,20,evil_twin,evil_twin
1684000106,17643,298,0,1,1,0,0,44,0,815,2,8,65,2325403630,2,0,0,0,816,0,219,41,0,1,1,0,54,6,2437,0,0,0,20,evil_twin,evil_twin
1684000106,17663,295,0,1,1,0,0,44,0,816,2,8,65,3392202357,2,0,0,0,817,0,216,41,0,1,1,0,54,6,2437,0,0,0,20,evil_twin,evil_twin
1684000106,17666,125,0,1,1,0,0,44,0,817,2,8,65,1389390393,2,0,0,0,818,0,46,41,0,1,1,0,54,6,2437,0,0,0,20,evil_twin,evil_twin
1684000106,17689,141,1,0,0,1,0,44,0,35,2,8,66,2649811937,2,0,0,0,38,0,62,41,0,1,1,0,54,6,2437,0,0,0,20,evil_twin,evil_twin
1684000106,17692,297,0,1,1,0,0,44,0,818,2,8,65,3700522980,2,0,0,0,819,0,218,41,0,1,1,0,54,6,2437,0,0,0,20,evil_twin,evil_twin
1684000106,17719,297,0,1,1,0,0,44,0,819,2,8,65,3139712841,2,0,0,0,820,0,218,41,0,1,1,0,54,6,2437,0,0,0,20,evil_twin,evil_twin
1684000106,17755,298,0,1,1,0,0,44,0,820,2,8,65,3733250767,2,0,0,0,821,0,219,41,0,1,1,0,54,6,2437,0,0,0,20,evil_twin,evil_twin
1684000107,17768,298,0,1,1,0,0,44,0,821,2,8,65,2573763648,2,0,0,0,822,0,219,41,0,1,1,0,54,6,2437,0,0,0,20,evil_twin,evil_twin
1684000107,17798,298,0,1,1,0,0,44,0,822,2,8,65,2242274942,2,0,0,0,823,0,219,41,0,1,1,0,54,6,2437,0,0,0,20,evil_twin,evil_twin
1684000107,17819,299,0,1,1,0,0,44,0,823,2,8,65,978481486,2,0,0,0,824,0,220,41,0,1,1,0,54,6,2437,0,0,0,20,evil_twin,evil_twin
1684000107,17834,298,0,1,1,0,0,44,0,824,2,8,65,85391175,2,0,0,0,825,0,219,41,0,1,1,0,54,6,2437,0,0,0,20,evil_twin,evil_twin
1684000107,17866,298,0,1,1,0,0,44,0,825,2,8,65,1983217531,2,0,0,0,826,0,219,41,0,1,1,0,54,6,2437,0,0,0,20,evil_twin,evil_twin
1684000107,17894,299,0,1,1,0,0,44,0,826,2,8,65,2123359141,2,0,0,0,827,0,220,41,0,1,1,0,54,6,2437,0,0,0,20,evil_twin,evil_twin
1684000107,17978,297,0,1,1,0,0,44,0,827,2,8,65,2270259507,2,0,0,0,828,0,218,41,0,1,1,0,54,6,2437,0,0,0,20,evil_twin,evil_twin
1684000107,18121,297,0,1,1,0,0,44,0,828,2,8,65,1922453869,2,0,0,0,829,0,218,41,0,1,1,0,54,6,2437,0,0,0,20,evil_twin,evil_twin
1684000107,18189,299,0,1,1,0,0,44,0,829,2,8,65,1547028662,2,0,0,0,830,0,220,41,0,1,1,0,54,6,2437,0,0,0,20,evil_twin,evil_twin
1684000108,18223,298,0,1,1,0,0,44,0,830,2,8,65,4099048613,2,0,0,0,831,0,219,41,0,1,1,0,54,6,2437,0,0,0,20,evil_twin,evil_twin
1684000108,18240,298,0,1,1,0,0,44,0,831,2,8,65,438785611,2,0,0,0,832,0,219,41,0,1,1,0,54,6,2437,0,0,0,20,evil_twin,evil_twin
1684000108,18252,299,0,1,1,0,0,44,0,832,2,8,65,720521037,2,0,0,0,833,0,220,41,0,1,1,0,54,6,2437,0,0,0,20,evil_twin,evil_twin
1684000108,18287,298,0,1,1,0,0,44,0,833,2,8,65,493146350,2,0,0,0,834,0,219,41,0,1,1,0,54,6,2437,0,0,0,20,evil_twin,evil_twin
1684000108,18301,298,0,1,1,0,0,44,0,834,2,8,65,2283531661,2,0,0,0,835,0,219,41,0,1,1,0,54,6,2437,0,0,0,20,evil_twin,evil_twin
1684000108,18349,298,0,1,1,0,0,44,0,835,2,8,65,918373028,2,0,0,0,836,0,219,41,0,1,1,0,54,6,2437,0,0,0,20,evil_twin,evil_twin
1684000108,18372,299,0,1,1,0,0,44,0,836,2,8,65,4084567493,2,0,0,0,837,0,220,41,0,1,1,0,54,6,2437,0,0,0,20,evil_twin,evil_twin
1684000108,18390,299,0,1,1,0,0,44,0,837,2,8,65,3226908461,2,0,0,0,838,0,220,41,0,1,1,0,54,6,2437,0,0,0,20,evil_twin,evil_twin
1684000108,18400,125,0,1,1,0,0,44,0,838,2,8,65,1325565397,2,0,0,0,839,0,46,41,0,1,1,0,54,6,2437,0,0,0,20,evil_twin,evil_twin
1684000108,18410,141,1,0,0,1,0,44,0,36,2,8,66,506261332,2,0,0,0,39,0,62,41,0,1,1,0,54,6,2437,0,0,0,20,evil_twin,evil_twin
1684000108,18417,296,0,1,1,0,0,44,0,839,2,8,65,2778905622,2,0,0,0,840,0,217,41,0,1,1,0,54,6,2437,0,0,0,20,evil_twin,evil_twin
1684000108,18437,297,0,1,1,0,0,44,0,840,2,8,65,2680994028,2,0,0,0,841,0,218,41,0,1,1,0,54,6,2437,0,0,0,20,evil_twin,evil_twin
1684000108,18453,297,0,1,1,0,0,44,0,841,2,8,65,1640119521,2,0,0,0,842,0,218,41,0,1,1,0,54,6,2437,0,0,0,20,evil_twin,evil_twin
1684000109,18471,296,0,1,1,0,0,44,0,842,2,8,65,3663795183,2,0,0,0,843,0,217,41,0,1,1,0,54,6,2437,0,0,0,20,evil_twin,evil_twin
1684000109,18485,299,0,1,1,0,0,44,0,843,2,8,65,2047645025,2,0,0,0,844,0,220,41,0,1,1,0,54,6,2437,0,0,0,20,evil_twin,evil_twin
1684000109,18502,296,0,1,1,0,0,44,0,844,2,8,65,798990071,2,0,0,0,845,0,217,41,0,1,1,0,54,6,2437,0,0,0,20,evil_twin,evil_twin
1684000109,18518,297,0,1,1,0,0,44,0,845,2,8,65,4172841610,2,0,0,0,846,0,218,41,0,1,1,0,54,6,2437,0,0,0,20,evil_twin,evil_twin
1684000109,18538,296,0,1,1,0,0,44,0,846,2,8,65,2309171495,2,0,0,0,847,0,217,41,0,1,1,0,54,6,2437,0,0,0,20,evil_twin,evil_twin
1684000109,18559,297,0,1,1,0,0,44,0,847,2,8,65,1218095008,2,0,0,0,848,0,218,41,0,1,1,0,54,6,2437,0,0,0,20,evil_twin,evil_twin
1684000109,18674,296,0,1,1,0,0,44,0,848,2,8,65,3552404920,2,0,0,0,849,0,217,41,0,1,1,0,54,6,2437,0,0,0,20,evil_twin,evil_twin
1684000109,18819,297,0,1,1,0,0,44,0,849,2,8,65,489816531,2,0,0,0,850,0,218,41,0,1,1,0,54,6,2437,0,0,0,20,evil_twin,evil_twin
1684000109,18866,297,0,1,1,0,0,44,0,850,2,8,65,1162701121,2,0,0,0,851,0,218,41,0,1,1,0,54,6,2437,0,0,0,20,evil_twin,evil_twin
1684000110,18877,297,0,1,1,0,0,44,0,851,2,8,65,1937947470,2,0,0,0,852,0,218,41,0,1,1,0,54,6,2437,0,0,0,20,evil_twin,evil_twin
1684000110,18891,296,0,1,1,0,0,44,0,852,2,8,65,1473964163,2,0,0,0,853,0,217,41,0,1,1,0,54,6,2437,0,0,0,20,evil_twin,evil_twin
1684000110,18911,296,0,1,1,0,0,44,0,853,2,8,65,799482636,2,0,0,0,854,0,217,41,0,1,1,0,54,6,2437,0,0,0,20,evil_twin,evil_twin
1684000110,18941,297,0,1,1,0,0,44,0,854,2,8,65,3318703312,2,0,0,0,855,0,218,41,0,1,1,0,54,6,2437,0,0,0,20,evil_twin,evil_twin
1684000110,18965,296,0,1,1,0,0,44,0,855,2,8,65,3891954301,2,0,0,0,856,0,217,41,0,1,1,0,54,6,2437,0,0,0,20,evil_twin,evil_twin
1684000110,18986,296,0,1,1,0,0,44,0,856,2,8,65,313115358,2,0,0,0,857,0,217,41,0,1,1,0,54,6,2437,0,0,0,20,evil_twin,evil_twin
1684000110,19004,297,0,1,1,0,0,44,0,857,2,8,65,1074181093,2,0,0,0,858,0,218,41,0,1,1,0,54,6,2437,0,0,0,20,evil_twin,evil_twin
1684000110,19055,296,0,1,1,0,0,44,0,859,2,8,65,1091081666,2,0,0,0,860,0,217,41,0,1,1,0,54,6,2437,0,0,0,20,evil_twin,evil_twin
1684000110,19081,297,0,1,1,0,0,44,0,860,2,8,65,1280378305,2,0,0,0,861,0,218,41,0,1,1,0,54,6,2437,0,0,0,20,evil_twin,evil_twin
1684000110,19093,125,0,1,1,0,0,44,0,861,2,8,65,2200068268,2,0,0,0,862,0,46,41,0,1,1,0,54,6,2437,0,0,0,20,evil_twin,evil_twin
1684000111,19108,141,1,0,0,1,0,44,0,37,2,8,66,492826614,2,0,0,0,40,0,62,41,0,1,1,0,54,6,2437,0,0,0,20,evil_twin,evil_twin
1684000111,19126,298,0,1,1,0,0,44,0,862,2,8,65,4062481832,2,0,0,0,863,0,219,41,0,1,1,0,54,6,2437,0,0,0,20,evil_twin,evil_twin
1684000111,19146,297,0,1,1,0,0,44,0,863,2,8,65,890741309,2,0,0,0,864,0,218,41,0,1,1,0,54,6,2437,0,0,0,20,evil_twin,evil_twin
1684000111,19157,297,0,1,1,0,0,44,0,864,2,8,65,2601824273,2,0,0,0,865,0,218,41,0,1,1,0,54,6,2437,0,0,0,20,evil_twin,evil_twin
1684000111,19190,298,0,1,1,0,0,44,0,866,2,8,65,2363606384,2,0,0,0,867,0,219,41,0,1,1,0,54,6,2437,0,0,0,20,evil_twin,evil_twin
1684000111,19195,298,0,1,1,0,0,44,0,867,2,8,65,3461207741,2,0,0,0,868,0,219,41,0,1,1,0,54,6,2437,0,0,0,20,evil_twin,evil_twin
1684000111,19212,298,0,1,1,0,0,44,0,868,2,8,65,1649482771,2,0,0,0,869,0,219,41,0,1,1,0,54,6,2437,0,0,0,20,evil_twin,evil_twin
1684000111,19234,298,0,1,1,0,0,44,0,869,2,8,65,1443752221,2,0,0,0,870,0,219,41,0,1,1,0,54,6,2437,0,0,0,20,evil_twin,evil_twin
1684000111,19251,298,0,1,1,0,0,44,0,870,2,8,65,161057184,2,0,0,0,871,0,219,41,0,1,1,0,54,6,2437,0,0,0,20,evil_twin,evil_twin
1684000111,19265,298,0,1,1,0,0,44,0,871,2,8,73,825435619,2,0,0,0,872,0,219,41,0,1,1,0,54,6,2437,0,0,0,20,evil_twin,evil_twin
1684000111,19283,297,0,1,1,0,0,44,0,872,2,8,65,1806556415,2,0,0,0,873,0,218,41,0,1,1,0,54,6,2437,0,0,0,20,evil_twin,evil_twin
1684000112,19294,298,0,1,1,0,0,44,0,873,2,8,65,1889761702,2,0,0,0,874,0,219,41,0,1,1,0,54,6,2437,0,0,0,20,evil_twin,evil_twin
1684000112,19304,297,0,1,1,0,0,44,0,874,2,8,65,4233706369,2,0,0,0,875,0,218,41,0,1,1,0,54,6,2437,0,0,0,20,evil_twin,evil_twin
1684000112,19329,298,0,1,1,0,0,44,0,875,2,8,65,868671318,2,0,0,0,876,0,219,41,0,1,1,0,54,6,2437,0,0,0,20,evil_twin,evil_twin
1684000112,19361,297,0,1,1,0,0,44,0,876,2,8,65,4145738020,2,0,0,0,877,0,218,41,0,1,1,0,54,6,2437,0,0,0,20,evil_twin,evil_twin
1684000112,19378,298,0,1,1,0,0,44,0,877,2,8,65,3817627855,2,0,0,0,878,0,219,41,0,1,1,0,54,6,2437,0,0,0,20,evil_twin,evil_twin
1684000112,19463,299,0,1,1,0,0,44,0,879,2,8,65,85641900,2,0,0,0,880,0,220,41,0,1,1,0,54,6,2437,0,0,0,20,evil_twin,evil_twin
1684000112,19465,299,0,1,1,0,0,44,0,879,2,8,73,376020281,2,0,0,0,880,0,220,41,0,1,1,0,54,6,2437,0,0,0,20,evil_twin,evil_twin
1684000112,19467,299,0,1,1,0,0,44,0,879,2,8,73,376020281,2,0,0,0,880,0,220,41,0,1,1,0,48,6,2437,0,0,0,20,evil_twin,evil_twin
1684000112,19473,299,0,1,1,0,0,44,0,879,2,8,73,376020281,2,0,0,0,880,0,220,41,0,1,1,0,36,6,2437,0,0,0,20,evil_twin,evil_twin
1684000112,19598,299,0,1,1,0,0,44,0,880,2,8,65,175201735,2,0,0,0,881,0,220,41,0,1,1,0,54,6,2437,0,0,0,20,evil_twin,evil_twin
1684000112,19651,298,0,1,1,0,0,44,0,881,2,8,65,2026869292,2,0,0,0,882,0,219,41,0,1,1,0,54,6,2437,0,0,0,20,evil_twin,evil_twin
1684000113,19706,299,0,1,1,0,0,44,0,882,2,8,65,377857592,2,0,0,0,883,0,220,41,0,1,1,0,54,6,2437,0,0,0,20,evil_twin,evil_twin
1684000113,19716,125,0,1,1,0,0,44,0,883,2,8,65,3540740121,2,0,0,0,884,0,46,41,0,1,1,0,54,6,2437,0,0,0,20,evil_twin,evil_twin
1684000113,19750,298,0,1,1,0,0,44,0,884,2,8,65,1894515834,2,0,0,0,885,0,219,41,0,1,1,0,54,6,2437,0,0,0,20,evil_twin,evil_twin
1684000113,19776,141,1,0,0,1,0,44,0,38,2,8,66,3442358861,2,0,0,0,41,0,62,41,0,1,1,0,54,6,2437,0,0,0,20,evil_twin,evil_twin
1684000113,19811,296,0,1,1,0,0,44,0,885,2,8,65,1722327776,2,0,0,0,886,0,217,41,0,1,1,0,54,6,2437,0,0,0,20,evil_twin,evil_twin
1684000113,19851,295,0,1,1,0,0,44,0,886,2,8,65,672172677,2,0,0,0,887,0,216,41,0,1,1,0,54,6,2437,0,0,0,20,evil_twin,evil_twin
1684000113,19915,300,0,1,1,0,0,44,0,888,2,8,65,1818499568,2,0,0,0,889,0,221,41,0,1,1,0,54,6,2437,0,0,0,20,evil_twin,evil_twin
1684000113,19936,299,0,1,1,0,0,44,0,889,2,8,65,2032496463,2,0,0,0,890,0,220,41,0,1,1,0,54,6,2437,0,0,0,20,evil_twin,evil_twin
1684000113,19961,300,0,1,1,0,0,44,0,890,2,8,65,600728069,2,0,0,0,891,0,221,41,0,1,1,0,54,6,2437,0,0,0,20,evil_twin,evil_twin
1684000113,19967,141,1,0,0,1,0,44,0,39,2,8,66,3136650554,2,0,0,0,42,0,62,41,0,1,1,0,54,6,2437,0,0,0,20,evil_twin,evil_twin
1684000113,19972,141,0,1,1,0,0,44,0,891,2,8,65,364653351,2,0,0,0,892,0,62,41,0,1,1,0,54,6,2437,0,0,0,20,evil_twin,evil_twin
1684000113,20017,299,0,1,1,0,0,44,0,892,2,8,65,3821674628,2,0,0,0,893,0,220,41,0,1,1,0,54,6,2437,0,0,0,20,evil_twin,evil_twin
1684000113,20115,298,0,1,1,0,0,44,0,893,2,8,65,3500760838,2,0,0,0,894,0,219,41,0,1,1,0,54,6,2437,0,0,0,20,evil_twin,evil_twin
1684000114,20223,297,0,1,1,0,0,44,0,894,2,8,73,1539735892,2,0,0,0,895,0,218,41,0,1,1,0,54,6,2437,0,0,0,20,evil_twin,evil_twin
1684000114,20313,297,0,1,1,0,0,44,0,895,2,8,73,3284031378,2,0,0,0,896,0,218,41,0,1,1,0,54,6,2437,0,0,0,20,evil_twin,evil_twin
1684000114,20324,297,0,1,1,0,0,44,0,896,2,8,65,2100896258,2,0,0,0,897,0,218,41,0,1,1,0,54,6,2437,0,0,0,20,evil_twin,evil_twin
1684000114,20341,299,0,1,1,0,0,44,0,897,2,8,65,2867994644,2,0,0,0,898,0,220,41,0,1,1,0,54,6,2437,0,0,0,20,evil_twin,evil_twin
1684000114,20357,298,0,1,1,0,0,44,0,898,2,8,65,3914470274,2,0,0,0,899,0,219,41,0,1,1,0,54,6,2437,0,0,0,20,evil_twin,evil_twin
1684000114,20372,299,0,1,1,0,0,44,0,899,2,8,65,957571621,2,0,0,0,900,0,220,41,0,1,1,0,54,6,2437,0,0,0,20,evil_twin,evil_twin
1684000114,20391,299,0,1,1,0,0,44,0,901,2,8,65,3769314969,2,0,0,0,902,0,220,41,0,1,1,0,54,6,2437,0,0,0,20,evil_twin,evil_twin
1684000114,20406,298,0,1,1,0,0,44,0,902,2,8,65,281243028,2,0,0,0,903,0,219,41,0,1,1,0,54,6,2437,0,0,0,20,evil_twin,evil_twin
1684000114,20422,297,0,1,1,0,0,44,0,903,2,8,65,2907989476,2,0,0,0,904,0,218,41,0,1,1,0,54,6,2437,0,0,0,20,evil_twin,evil_twin
1684000115,20444,296,0,1,1,0,0,44,0,904,2,8,65,3560900583,2,0,0,0,905,0,217,41,0,1,1,0,54,6,2437,0,0,0,20,evil_twin,evil_twin
1684000115,20462,125,0,1,1,0,0,44,0,905,2,8,65,2049770438,2,0,0,0,906,0,46,41,0,1,1,0,54,6,2437,0,0,0,20,evil_twin,evil_twin
1684000115,20469,297,0,1,1,0,0,44,0,906,2,8,65,2688140120,2,0,0,0,907,0,218,41,0,1,1,0,54,6,2437,0,0,0,20,evil_twin,evil_twin
1684000115,20484,297,0,1,1,0,0,44,0,907,2,8,65,2162018517,2,0,0,0,908,0,218,41,0,1,1,0,54,6,2437,0,0,0,20,evil_twin,evil_twin
1684000115,20505,296,0,1,1,0,0,44,0,908,2,8,65,4150917882,2,0,0,0,909,0,217,41,0,1,1,0,54,6,2437,0,0,0,20,evil_twin,evil_twin
1684000115,20542,295,0,1,1,0,0,44,0,909,2,8,73,4032782892,2,0,0,0,910,0,216,41,0,1,1,0,48,6,2437,0,0,0,20,evil_twin,evil_twin
1684000115,20561,296,0,1,1,0,0,44,0,910,2,8,65,2150067783,2,0,0,0,911,0,217,41,0,1,1,0,54,6,2437,0,0,0,20,evil_twin,evil_twin
1684000115,20596,298,0,1,1,0,0,44,0,911,2,8,65,3086074248,2,0,0,0,912,0,219,41,0,1,1,0,54,6,2437,0,0,0,20,evil_twin,evil_twin
1684000115,20629,296,0,1,1,0,0,44,0,912,2,8,65,1954911646,2,0,0,0,913,0,217,41,0,1,1,0,54,6,2437,0,0,0,20,evil_twin,evil_twin
1684000115,20656,296,0,1,1,0,0,44,0,913,2,8,65,3231316582,2,0,0,0,914,0,217,41,0,1,1,0,54,6,2437,0,0,0,20,evil_twin,evil_twin
1684000115,20899,296,0,1,1,0,0,44,0,914,2,8,73,2945951522,2,0,0,0,915,0,217,41,0,1,1,0,54,6,2437,0,0,0,20,evil_twin,evil_twin
1684000116,21002,296,0,1,1,0,0,44,0,915,2,8,65,394502006,2,0,0,0,916,0,217,41,0,1,1,0,54,6,2437,0,0,0,20,evil_twin,evil_twin
1684000116,21005,296,0,1,1,0,0,44,0,915,2,8,73,2379744555,2,0,0,0,916,0,217,41,0,1,1,0,54,6,2437,0,0,0,20,evil_twin,evil_twin
1684000116,21089,298,0,1,1,0,0,44,0,916,2,8,65,3478767904,2,0,0,0,917,0,219,41,0,1,1,0,54,6,2437,0,0,0,20,evil_twin,evil_twin
1684000116,21154,298,0,1,1,0,0,44,0,917,2,8,65,1970818237,2,0,0,0,918,0,219,41,0,1,1,0,54,6,2437,0,0,0,20,evil_twin,evil_twin
1684000116,21185,296,0,1,1,0,0,44,0,918,2,8,65,3946914939,2,0,0,0,919,0,217,41,0,1,1,0,54,6,2437,0,0,0,20,evil_twin,evil_twin
1684000116,21224,296,0,1,1,0,0,44,0,919,2,8,65,972302817,2,0,0,0,920,0,217,41,0,1,1,0,54,6,2437,0,0,0,20,evil_twin,evil_twin
1684000116,21269,296,0,1,1,0,0,44,0,920,2,8,65,1402458233,2,0,0,0,921,0,217,41,0,1,1,0,54,6,2437,0,0,0,20,evil_twin,evil_twin
1684000116,21294,296,0,1,1,0,0,44,0,921,2,8,65,2030988997,2,0,0,0,922,0,217,41,0,1,1,0,54,6,2437,0,0,0,20,evil_twin,evil_twin
1684000116,21335,297,0,1,1,0,0,44,0,922,2,8,65,1402020690,2,0,0,0,923,0,218,41,0,1,1,0,54,6,2437,0,0,0,20,evil_twin,evil_twin
1684000116,21362,297,0,1,1,0,0,44,0,923,2,8,65,3514345888,2,0,0,0,924,0,218,41,0,1,1,0,54,6,2437,0,0,0,20,evil_twin,evil_twin
1684000116,21391,296,0,1,1,0,0,44,0,924,2,8,65,3113372912,2,0,0,0,925,0,217,41,0,1,1,0,54,6,2437,0,0,0,20,evil_twin,evil_twin
1684000117,21418,296,0,1,1,0,0,44,0,925,2,8,65,2492203341,2,0,0,0,926,0,217,41,0,1,1,0,54,6,2437,0,0,0,20,evil_twin,evil_twin
1684000117,21439,296,0,1,1,0,0,44,0,926,2,8,65,3510357591,2,0,0,0,927,0,217,41,0,1,1,0,54,6,2437,0,0,0,20,evil_twin,evil_twin
1684000117,21458,296,0,1,1,0,0,44,0,927,2,8,65,2041838988,2,0,0,0,928,0,217,41,0,1,1,0,54,6,2437,0,0,0,20,evil_twin,evil_twin
1684000117,21472,297,0,1,1,0,0,44,0,928,2,8,65,2530649362,2,0,0,0,929,0,218,41,0,1,1,0,54,6,2437,0,0,0,20,evil_twin,evil_twin
1684000117,21521,297,0,1,1,0,0,44,0,929,2,8,65,1779747202,2,0,0,0,930,0,218,41,0,1,1,0,54,6,2437,0,0,0,20,evil_twin,evil_twin
1684000117,21574,296,0,1,1,0,0,44,0,931,2,8,65,594229276,2,0,0,0,932,0,217,41,0,1,1,0,54,6,2437,0,0,0,20,evil_twin,evil_twin
1684000117,21596,296,0,1,1,0,0,44,0,932,2,8,65,2947282071,2,0,0,0,933,0,217,41,0,1,1,0,54,6,2437,0,0,0,20,evil_twin,evil_twin
1684000117,21634,298,0,1,1,0,0,44,0,933,2,8,65,1340519905,2,0,0,0,934,0,219,41,0,1,1,0,54,6,2437,0,0,0,20,evil_twin,evil_twin
1684000117,21742,296,0,1,1,0,0,44,0,934,2,8,65,314682362,2,0,0,0,935,0,217,41,0,1,1,0,54,6,2437,0,0,0,20,evil_twin,evil_twin
1684000117,21764,296,0,1,1,0,0,44,0,934,2,8,73,2291806631,2,0,0,0,935,0,217,41,0,1,1,0,54,6,2437,0,0,0,20,evil_twin,evil_twin
1684000118,21843,299,0,1,1,0,0,44,0,935,2,8,65,3576456788,2,0,0,0,936,0,220,41,0,1,1,0,54,6,2437,0,0,0,20,evil_twin,evil_twin
1684000118,21860,298,0,1,1,0,0,44,0,936,2,8,65,384853546,2,0,0,0,937,0,219,41,0,1,1,0,54,6,2437,0,0,0,20,evil_twin,evil_twin
1684000118,21877,298,0,1,1,0,0,44,0,937,2,8,65,2388815828,2,0,0,0,938,0,219,41,0,1,1,0,54,6,2437,0,0,0,20,evil_twin,evil_twin
1684000118,21909,298,0,1,1,0,0,44,0,938,2,8,65,636684130,2,0,0,0,939,0,219,41,0,1,1,0,54,6,2437,0,0,0,20,evil_twin,evil_twin
1684000118,21927,296,0,1,1,0,0,44,0,939,2,8,65,3371605087,2,0,0,0,940,0,217,41,0,1,1,0,54,6,2437,0,0,0,20,evil_twin,evil_twin
1684000118,21935,298,0,1,1,0,0,44,0,940,2,8,65,402567650,2,0,0,0,941,0,219,41,0,1,1,0,54,6,2437,0,0,0,20,evil_twin,evil_twin
1684000118,21959,299,0,1,1,0,0,44,0,941,2,8,65,1429232462,2,0,0,0,942,0,220,41,0,1,1,0,54,6,2437,0,0,0,20,evil_twin,evil_twin
1684000118,21993,298,0,1,1,0,0,44,0,942,2,8,65,533038051,2,0,0,0,943,0,219,41,0,1,1,0,54,6,2437,0,0,0,20,evil_twin,evil_twin
1684000118,22007,297,0,1,1,0,0,44,0,943,2,8,65,2925531679,2,0,0,0,944,0,218,41,0,1,1,0,54,6,2437,0,0,0,20,evil_twin,evil_twin
1684000118,22032,297,0,1,1,0,0,44,0,944,2,8,65,1619535988,2,0,0,0,945,0,218,41,0,1,1,0,54,6,2437,0,0,0,20,evil_twin,evil_twin
1684000119,22045,297,0,1,1,0,0,44,0,945,2,8,65,2186361679,2,0,0,0,946,0,218,41,0,1,1,0,54,6,2437,0,0,0,20,evil_twin,evil_twin
1684000119,22071,298,0,1,1,0,0,44,0,946,2,8,65,2499290052,2,0,0,0,947,0,219,41,0,1,1,0,54,6,2437,0,0,0,20,evil_twin,evil_twin
1684000119,22089,298,0,1,1,0,0,44,0,947,2,8,65,691060541,2,0,0,0,948,0,219,41,0,1,1,0,54,6,2437,0,0,0,20,evil_twin,evil_twin
1684000119,22102,297,0,1,1,0,0,44,0,948,2,8,65,4046321663,2,0,0,0,949,0,218,41,0,1,1,0,54,6,2437,0,0,0,20,evil_twin,evil_twin
1684000119,22129,298,0,1,1,0,0,44,0,949,2,8,65,2157506655,2,0,0,0,950,0,219,41,0,1,1,0,54,6,2437,0,0,0,20,evil_twin,evil_twin
1684000119,22144,296,0,1,1,0,0,44,0,950,2,8,65,2766025711,2,0,0,0,951,0,217,41,0,1,1,0,54,6,2437,0,0,0,20,evil_twin,evil_twin
1684000119,22155,296,0,1,1,0,0,44,0,951,2,8,65,2296454772,2,0,0,0,952,0,217,41,0,1,1,0,54,6,2437,0,0,0,20,evil_twin,evil_twin
1684000119,22171,297,0,1,1,0,0,44,0,952,2,8,65,800147454,2,0,0,0,953,0,218,41,0,1,1,0,54,6,2437,0,0,0,20,evil_twin,evil_twin
1684000119,22209,298,0,1,1,0,0,44,0,953,2,8,65,93912778,2,0,0,0,954,0,219,41,0,1,1,0,54,6,2437,0,0,0,20,evil_twin,evil_twin
1684000119,22348,297,0,1,1,0,0,44,0,954,2,8,65,1613546525,2,0,0,0,955,0,218,41,0,1,1,0,54,6,2437,0,0,0,20,evil_twin,evil_twin
1684000120,22560,297,0,1,1,0,0,44,0,955,2,8,65,3927346981,2,0,0,0,956,0,218,41,0,1,1,0,54,6,2437,0,0,0,20,evil_twin,evil_twin
1684000120,22580,297,0,1,1,0,0,44,0,956,2,8,65,307248574,2,0,0,0,957,0,218,41,0,1,1,0,54,6,2437,0,0,0,20,evil_twin,evil_twin
1684000120,22600,297,0,1,1,0,0,44,0,957,2,8,65,278160125,2,0,0,0,958,0,218,41,0,1,1,0,54,6,2437,0,0,0,20,evil_twin,evil_twin
1684000120,22614,296,0,1,1,0,0,44,0,958,2,8,65,3236216417,2,0,0,0,959,0,217,41,0,1,1,0,54,6,2437,0,0,0,20,evil_twin,evil_twin
1684000120,22632,299,0,1,1,0,0,44,0,959,2,8,65,1067334351,2,0,0,0,960,0,220,41,0,1,1,0,54,6,2437,0,0,0,20,evil_twin,evil_twin
1684000120,22659,297,0,1,1,0,0,44,0,960,2,8,65,2895741936,2,0,0,0,961,0,218,41,0,1,1,0,54,6,2437,0,0,0,20,evil_twin,evil_twin
1684000120,22669,298,0,1,1,0,0,44,0,961,2,8,65,2894663471,2,0,0,0,962,0,219,41,0,1,1,0,54,6,2437,0,0,0,20,evil_twin,evil_twin
1684000120,22691,296,0,1,1,0,0,44,0,962,2,8,65,3767816365,2,0,0,0,963,0,217,41,0,1,1,0,54,6,2437,0,0,0,20,evil_twin,evil_twin
1684000120,22725,297,0,1,1,0,0,44,0,963,2,8,65,1910842380,2,0,0,0,964,0,218,41,0,1,1,0,54,6,2437,0,0,0,20,evil_twin,evil_twin
1684000120,22764,295,0,1,1,0,0,44,0,964,2,8,73,3977053139,2,0,0,0,965,0,216,41,0,1,1,0,54,6,2437,0,0,0,20,evil_twin,evil_twin
1684000121,22790,296,0,1,1,0,0,44,0,965,2,8,65,1760487555,2,0,0,0,966,0,217,41,0,1,1,0,54,6,2437,0,0,0,20,evil_twin,evil_twin
1684000121,22807,297,0,1,1,0,0,44,0,966,2,8,65,2851094128,2,0,0,0,967,0,218,41,0,1,1,0,54,6,2437,0,0,0,20,evil_twin,evil_twin
1684000121,22819,296,0,1,1,0,0,44,0,967,2,8,65,2367936431,2,0,0,0,968,0,217,41,0,1,1,0,54,6,2437,0,0,0,20,evil_twin,evil_twin
1684000121,22836,296,0,1,1,0,0,44,0,968,2,8,65,2472051651,2,0,0,0,969,0,217,41,0,1,1,0,54,6,2437,0,0,0,20,evil_twin,evil_twin
1684000121,22859,299,0,1,1,0,0,44,0,969,2,8,65,1571795302,2,0,0,0,970,0,220,41,0,1,1,0,54,6,2437,0,0,0,20,evil_twin,evil_twin
1684000121,22876,297,0,1,1,0,0,44,0,970,2,8,65,919698580,2,0,0,0,971,0,218,41,0,1,1,0,54,6,2437,0,0,0,20,evil_twin,evil_twin
1684000121,22902,297,0,1,1,0,0,44,0,971,2,8,65,3834035092,2,0,0,0,972,0,218,41,0,1,1,0,54,6,2437,0,0,0,20,evil_twin,evil_twin
1684000121,22969,297,0,1,1,0,0,44,0,973,2,8,65,1945035155,2,0,0,0,974,0,218,41,0,1,1,0,54,6,2437,0,0,0,20,evil_twin,evil_twin
1684000121,22982,297,0,1,1,0,0,44,0,973,2,8,73,1722718016,2,0,0,0,974,0,218,41,0,1,1,0,54,6,2437,0,0,0,20,evil_twin,evil_twin
1684000122,23166,296,0,1,1,0,0,44,0,975,2,8,65,2764550790,2,0,0,0,976,0,217,41,0,1,1,0,54,6,2437,0,0,0,20,evil_twin,evil_twin
1684000122,23188,297,0,1,1,0,0,44,0,976,2,8,65,4013304497,2,0,0,0,977,0,218,41,0,1,1,0,54,6,2437,0,0,0,20,evil_twin,evil_twin
1684000122,23204,296,0,1,1,0,0,44,0,977,2,8,65,521019523,2,0,0,0,978,0,217,41,0,1,1,0,54,6,2437,0,0,0,20,evil_twin,evil_twin
1684000122,23220,297,0,1,1,0,0,44,0,978,2,8,65,820848378,2,0,0,0,979,0,218,41,0,1,1,0,54,6,2437,0,0,0,20,evil_twin,evil_twin
1684000122,23238,296,0,1,1,0,0,44,0,979,2,8,65,3099887163,2,0,0,0,980,0,217,41,0,1,1,0,54,6,2437,0,0,0,20,evil_twin,evil_twin
1684000122,23255,297,0,1,1,0,0,44,0,980,2,8,65,4023104413,2,0,0,0,981,0,218,41,0,1,1,0,54,6,2437,0,0,0,20,evil_twin,evil_twin
1684000122,23270,297,0,1,1,0,0,44,0,981,2,8,65,91078668,2,0,0,0,982,0,218,41,0,1,1,0,54,6,2437,0,0,0,20,evil_twin,evil_twin
1684000122,23286,297,0,1,1,0,0,44,0,982,2,8,65,3304934121,2,0,0,0,983,0,218,41,0,1,1,0,54,6,2437,0,0,0,20,evil_twin,evil_twin
1684000122,23306,297,0,1,1,0,0,44,0,983,2,8,65,2420859600,2,0,0,0,984,0,218,41,0,1,1,0,54,6,2437,0,0,0,20,evil_twin,evil_twin
1684000122,23323,298,0,1,1,0,0,44,0,984,2,8,65,381584868,2,0,0,0,985,0,219,41,0,1,1,0,54,6,2437,0,0,0,20,evil_twin,evil_twin
1684000123,23337,297,0,1,1,0,0,44,0,985,2,8,65,1388062725,2,0,0,0,986,0,218,41,0,1,1,0,54,6,2437,0,0,0,20,evil_twin,evil_twin
1684000123,23366,297,0,1,1,0,0,44,0,986,2,8,65,1293317271,2,0,0,0,987,0,218,41,0,1,1,0,54,6,2437,0,0,0,20,evil_twin,evil_twin
1684000123,23370,141,1,0,0,1,0,44,0,40,2,8,66,328791288,2,0,0,0,43,0,62,41,0,1,1,0,54,6,2437,0,0,0,20,evil_twin,evil_twin
1684000123,23390,296,0,1,1,0,0,44,0,987,2,8,65,228661589,2,0,0,0,988,0,217,41,0,1,1,0,54,6,2437,0,0,0,20,evil_twin,evil_twin
1684000123,23404,299,0,1,1,0,0,44,0,988,2,8,65,2571764175,2,0,0,0,989,0,220,41,0,1,1,0,54,6,2437,0,0,0,20,evil_twin,evil_twin
1684000123,23429,296,0,1,1,0,0,44,0,989,2,8,65,840904343,2,0,0,0,990,0,217,41,0,1,1,0,54,6,2437,0,0,0,20,evil_twin,evil_twin
1684000123,23450,297,0,1,1,0,0,44,0,990,2,8,65,2124605707,2,0,0,0,991,0,218,41,0,1,1,0,54,6,2437,0,0,0,20,evil_twin,evil_twin
1684000123,23464,301,0,1,1,0,0,44,0,991,2,8,65,3474872355,2,0,0,0,992,0,222,41,0,1,1,0,54,6,2437,0,0,0,20,evil_twin,evil_twin
1684000123,23494,299,0,1,1,0,0,44,0,992,2,8,65,2121116950,2,0,0,0,993,0,220,41,0,1,1,0,54,6,2437,0,0,0,20,evil_twin,evil_twin
1684000123,23538,297,0,1,1,0,0,44,0,993,2,8,65,4237649621,2,0,0,0,994,0,218,41,0,1,1,0,54,6,2437,0,0,0,20,evil_twin,evil_twin
1684000123,23735,298,0,1,1,0,0,44,0,994,2,8,65,1141228863,2,0,0,0,995,0,219,41,0,1,1,0,54,6,2437,0,0,0,20,evil_twin,evil_twin
1684000124,23858,298,0,1,1,0,0,44,0,995,2,8,65,1881775431,2,0,0,0,996,0,219,41,0,1,1,0,54,6,2437,0,0,0,20,evil_twin,evil_twin
1684000124,23877,296,0,1,1,0,0,44,0,996,2,8,65,2185341897,2,0,0,0,997,0,217,41,0,1,1,0,54,6,2437,0,0,0,20,evil_twin,evil_twin
1684000124,23896,296,0,1,1,0,0,44,0,997,2,8,65,1086497979,2,0,0,0,998,0,217,41,0,1,1,0,54,6,2437,0,0,0,20,evil_twin,evil_twin
1684000124,23926,296,0,1,1,0,0,44,0,998,2,8,65,2590059556,2,0,0,0,999,0,217,41,0,1,1,0,54,6,2437,0,0,0,20,evil_twin,evil_twin
1684000124,23947,296,0,1,1,0,0,44,0,999,2,8,65,1701575805,2,0,0,0,1000,0,217,41,0,1,1,0,54,6,2437,0,0,0,20,evil_twin,evil_twin
1684000124,23970,296,0,1,1,0,0,44,0,1000,2,8,65,190487441,2,0,0,0,1001,0,217,41,0,1,1,0,54,6,2437,0,0,0,20,evil_twin,evil_twin
1684000124,23987,297,0,1,1,0,0,44,0,1001,2,8,65,1383344553,2,0,0,0,1002,0,218,41,0,1,1,0,54,6,2437,0,0,0,20,evil_twin,evil_twin
1684000124,23998,297,0,1,1,0,0,44,0,1002,2,8,65,2740580104,2,0,0,0,1003,0,218,41,0,1,1,0,54,6,2437,0,0,0,20,evil_twin,evil_twin
1684000124,24027,297,0,1,1,0,0,44,0,1003,2,8,65,601277123,2,0,0,0,1004,0,218,41,0,1,1,0,54,6,2437,0,0,0,20,evil_twin,evil_twin
1684000125,24050,296,0,1,1,0,0,44,0,1004,2,8,65,3110999339,2,0,0,0,1005,0,217,41,0,1,1,0,54,6,2437,0,0,0,20,evil_twin,evil_twin
1684000125,24060,296,0,1,1,0,0,44,0,1005,2,8,65,1437047633,2,0,0,0,1006,0,217,41,0,1,1,0,54,6,2437,0,0,0,20,evil_twin,evil_twin
1684000125,24090,125,0,1,1,0,0,44,0,1006,2,8,65,3286252914,2,0,0,0,1007,0,46,41,0,1,1,0,54,6,2437,0,0,0,20,evil_twin,evil_twin
1684000125,24103,141,1,0,0,1,0,44,0,41,2,8,66,1418547961,2,0,0,0,44,0,62,41,0,1,1,0,54,6,2437,0,0,0,20,evil_twin,evil_twin
1684000125,24118,296,0,1,1,0,0,44,0,1007,2,8,65,2499621496,2,0,0,0,1008,0,217,41,0,1,1,0,54,6,2437,0,0,0,20,evil_twin,evil_twin
1684000125,24150,296,0,1,1,0,0,44,0,1008,2,8,65,3799523481,2,0,0,0,1009,0,217,41,0,1,1,0,54,6,2437,0,0,0,20,evil_twin,evil_twin
1684000125,24168,297,0,1,1,0,0,44,0,1009,2,8,65,3230593882,2,0,0,0,1010,0,218,41,0,1,1,0,54,6,2437,0,0,0,20,evil_twin,evil_twin
1684000125,24213,298,0,1,1,0,0,44,0,1010,2,8,65,983438501,2,0,0,0,1011,0,219,41,0,1,1,0,54,6,2437,0,0,0,20,evil_twin,evil_twin
1684000125,24221,298,0,1,1,0,0,44,0,1011,2,8,65,1896599899,2,0,0,0,1012,0,219,41,0,1,1,0,54,6,2437,0,0,0,20,evil_twin,evil_twin
1684000125,24253,298,0,1,1,0,0,44,0,1013,2,8,65,425881957,2,0,0,0,1014,0,219,41,0,1,1,0,54,6,2437,0,0,0,20,evil_twin,evil_twin
1684000125,24285,298,0,1,1,0,0,44,0,1014,2,8,65,870395060,2,0,0,0,1015,0,219,41,0,1,1,0,54,6,2437,0,0,0,20,evil_twin,evil_twin
1684000126,24456,298,0,1,1,0,0,44,0,1016,2,8,65,4200990847,2,0,0,0,1017,0,219,41,0,1,1,0,54,6,2437,0,0,0,20,evil_twin,evil_twin
1684000126,24475,299,0,1,1,0,0,44,0,1017,2,8,65,3837435715,2,0,0,0,1018,0,220,41,0,1,1,0,54,6,2437,0,0,0,20,evil_twin,evil_twin
1684000126,24493,298,0,1,1,0,0,44,0,1018,2,8,65,3589361265,2,0,0,0,1019,0,219,41,0,1,1,0,54,6,2437,0,0,0,20,evil_twin,evil_twin
1684000126,24532,299,0,1,1,0,0,44,0,1019,2,8,65,2187694452,2,0,0,0,1020,0,220,41,0,1,1,0,54,6,2437,0,0,0,20,evil_twin,evil_twin
1684000126,24571,299,0,1,1,0,0,44,0,1020,2,8,65,2307102478,2,0,0,0,1021,0,220,41,0,1,1,0,54,6,2437,0,0,0,20,evil_twin,evil_twin
1684000126,24598,299,0,1,1,0,0,44,0,1021,2,8,65,2126109017,2,0,0,0,1022,0,220,41,0,1,1,0,54,6,2437,0,0,0,20,evil_twin,evil_twin
1684000126,24612,299,0,1,1,0,0,44,0,1022,2,8,65,3754572744,2,0,0,0,1023,0,220,41,0,1,1,0,54,6,2437,0,0,0,20,evil_twin,evil_twin
1684000126,24641,300,0,1,1,0,0,44,0,1023,2,8,65,4171304824,2,0,0,0,1024,0,221,41,0,1,1,0,54,6,2437,0,0,0,20,evil_twin,evil_twin
1684000126,24653,298,0,1,1,0,0,44,0,1024,2,8,65,2903918317,2,0,0,0,1025,0,219,41,0,1,1,0,54,6,2437,0,0,0,20,evil_twin,evil_twin
1684000126,24675,299,0,1,1,0,0,44,0,1025,2,8,65,3292994235,2,0,0,0,1026,0,220,41,0,1,1,0,54,6,2437,0,0,0,20,evil_twin,evil_twin
1684000127,24696,298,0,1,1,0,0,44,0,1026,2,8,65,755491563,2,0,0,0,1027,0,219,41,0,1,1,0,54,6,2437,0,0,0,20,evil_twin,evil_twin
1684000127,24721,125,0,1,1,0,0,44,0,1027,2,8,65,3001398055,2,0,0,0,1028,0,46,41,0,1,1,0,54,6,2437,0,0,0,20,evil_twin,evil_twin
1684000127,24724,299,0,1,1,0,0,44,0,1028,2,8,65,1123000051,2,0,0,0,1029,0,220,41,0,1,1,0,54,6,2437,0,0,0,20,evil_twin,evil_twin
1684000127,24736,141,1,0,0,1,0,44,0,42,2,8,66,414286088,2,0,0,0,45,0,62,41,0,1,1,0,54,6,2437,0,0,0,20,evil_twin,evil_twin
1684000127,24759,296,0,1,1,0,0,44,0,1029,2,8,65,2248567274,2,0,0,0,1030,0,217,41,0,1,1,0,54,6,2437,0,0,0,20,evil_twin,evil_twin
1684000127,24773,298,0,1,1,0,0,44,0,1030,2,8,65,1789831309,2,0,0,0,1031,0,219,41,0,1,1,0,54,6,2437,0,0,0,20,evil_twin,evil_twin
1684000127,24802,295,0,1,1,0,0,44,0,1031,2,8,65,101153441,2,0,0,0,1032,0,216,41,0,1,1,0,54,6,2437,0,0,0,20,evil_twin,evil_twin
1684000127,24824,296,0,1,1,0,0,44,0,1032,2,8,65,662715161,2,0,0,0,1033,0,217,41,0,1,1,0,54,6,2437,0,0,0,20,evil_twin,evil_twin
1684000127,24853,294,0,1,1,0,0,44,0,1033,2,8,65,2658067513,2,0,0,0,1034,0,215,41,0,1,1,0,54,6,2437,0,0,0,20,evil_twin,evil_twin
1684000127,24875,296,0,1,1,0,0,44,0,1034,2,8,65,1441783845,2,0,0,0,1035,0,217,41,0,1,1,0,54,6,2437,0,0,0,20,evil_twin,evil_twin
1684000127,25003,296,0,1,1,0,0,44,0,1035,2,8,65,2730055751,2,0,0,0,1036,0,217,41,0,1,1,0,54,6,2437,0,0,0,20,evil_twin,evil_twin
1684000128,25154,295,0,1,1,0,0,44,0,1036,2,8,65,1627657421,2,0,0,0,1037,0,216,41,0,1,1,0,54,6,2437,0,0,0,20,evil_twin,evil_twin
1684000128,25212,295,0,1,1,0,0,44,0,1038,2,8,65,2374429949,2,0,0,0,1039,0,216,41,0,1,1,0,54,6,2437,0,0,0,20,evil_twin,evil_twin
1684000128,25224,294,0,1,1,0,0,44,0,1039,2,8,65,976283759,2,0,0,0,1040,0,215,41,0,1,1,0,54,6,2437,0,0,0,20,evil_twin,evil_twin
1684000128,25253,294,0,1,1,0,0,44,0,1040,2,8,65,3138289561,2,0,0,0,1041,0,215,41,0,1,1,0,54,6,2437,0,0,0,20,evil_twin,evil_twin
1684000128,25255,294,0,1,1,0,0,44,0,1040,2,8,73,2620060949,2,0,0,0,1041,0,215,41,0,1,1,0,54,6,2437,0,0,0,20,evil_twin,evil_twin
1684000128,25257,294,0,1,1,0,0,44,0,1040,2,8,73,2620060949,2,0,0,0,1041,0,215,41,0,1,1,0,48,6,2437,0,0,0,20,evil_twin,evil_twin
1684000128,25332,295,0,1,1,0,0,44,0,1042,2,8,65,1868739373,2,0,0,0,1043,0,216,41,0,1,1,0,54,6,2437,0,0,0,20,evil_twin,evil_twin
1684000128,25343,295,0,1,1,0,0,44,0,1043,2,8,65,977070682,2,0,0,0,1044,0,216,41,0,1,1,0,54,6,2437,0,0,0,20,evil_twin,evil_twin
1684000128,25359,295,0,1,1,0,0,44,0,1044,2,8,65,1473996947,2,0,0,0,1045,0,216,41,0,1,1,0,54,6,2437,0,0,0,20,evil_twin,evil_twin
1684000128,25384,297,0,1,1,0,0,44,0,1045,2,8,65,1763062608,2,0,0,0,1046,0,218,41,0,1,1,0,54,6,2437,0,0,0,20,evil_twin,evil_twin
1684000128,25426,294,0,1,1,0,0,44,0,1046,2,8,65,3901503144,2,0,0,0,1047,0,215,41,0,1,1,0,54,6,2437,0,0,0,20,evil_twin,evil_twin
1684000129,25445,294,0,1,1,0,0,44,0,1047,2,8,65,1750916059,2,0,0,0,1048,0,215,41,0,1,1,0,54,6,2437,0,0,0,20,evil_twin,evil_twin
1684000129,25465,294,0,1,1,0,0,44,0,1048,2,8,65,3922361432,2,0,0,0,1049,0,215,41,0,1,1,0,54,6,2437,0,0,0,20,evil_twin,evil_twin
1684000129,25481,125,0,1,1,0,0,44,0,1049,2,8,65,3857872737,2,0,0,0,1050,0,46,41,0,1,1,0,54,6,2437,0,0,0,20,evil_twin,evil_twin
1684000129,25489,295,0,1,1,0,0,44,0,1050,2,8,65,133645818,2,0,0,0,1051,0,216,41,0,1,1,0,54,6,2437,0,0,0,20,evil_twin,evil_twin
1684000129,25508,296,0,1,1,0,0,44,0,1051,2,8,65,3742930124,2,0,0,0,1052,0,217,41,0,1,1,0,54,6,2437,0,0,0,20,evil_twin,evil_twin
1684000129,25548,141,1,0,0,1,0,44,0,43,2,8,66,3797378041,2,0,0,0,46,0,62,41,0,1,1,0,54,6,2437,0,0,0,20,evil_twin,evil_twin
1684000129,25551,294,0,1,1,0,0,44,0,1053,2,8,65,2971383387,2,0,0,0,1054,0,215,41,0,1,1,0,54,6,2437,0,0,0,20,evil_twin,evil_twin
1684000129,25573,294,0,1,1,0,0,44,0,1054,2,8,65,294119221,2,0,0,0,1055,0,215,41,0,1,1,0,54,6,2437,0,0,0,20,evil_twin,evil_twin
1684000129,25608,295,0,1,1,0,0,44,0,1055,2,8,65,1154969328,2,0,0,0,1056,0,216,41,0,1,1,0,54,6,2437,0,0,0,20,evil_twin,evil_twin
1684000129,25742,296,0,1,1,0,0,44,0,1056,2,8,73,2940870673,2,0,0,0,1057,0,217,41,0,1,1,0,48,6,2437,0,0,0,20,evil_twin,evil_twin
1684000130,26068,296,0,1,1,0,0,44,0,1058,2,8,73,4007153098,2,0,0,0,1059,0,217,41,0,1,1,0,48,6,2437,0,0,0,20,evil_twin,evil_twin
1684000130,26184,297,0,1,1,0,0,44,0,1059,2,8,65,2458831281,2,0,0,0,1060,0,218,41,0,1,1,0,54,6,2437,0,0,0,20,evil_twin,evil_twin
1684000130,26262,296,0,1,1,0,0,44,0,1060,2,8,65,409088607,2,0,0,0,1061,0,217,41,0,1,1,0,54,6,2437,0,0,0,20,evil_twin,evil_twin
1684000130,26328,295,0,1,1,0,0,44,0,1061,2,8,65,1965132443,2,0,0,0,1062,0,216,41,0,1,1,0,54,6,2437,0,0,0,20,evil_twin,evil_twin
1684000130,26370,297,0,1,1,0,0,44,0,1062,2,8,65,2812415553,2,0,0,0,1063,0,218,41,0,1,1,0,54,6,2437,0,0,0,20,evil_twin,evil_twin
1684000130,26396,298,0,1,1,0,0,44,0,1063,2,8,65,2955402334,2,0,0,0,1064,0,219,41,0,1,1,0,54,6,2437,0,0,0,20,evil_twin,evil_twin
1684000130,26441,295,0,1,1,0,0,44,0,1064,2,8,65,2349667136,2,0,0,0,1065,0,216,41,0,1,1,0,54,6,2437,0,0,0,20,evil_twin,evil_twin
1684000130,26505,295,0,1,1,0,0,44,0,1065,2,8,65,417142135,2,0,0,0,1066,0,216,41,0,1,1,0,54,6,2437,0,0,0,20,evil_twin,evil_twin
1684000131,26598,296,0,1,1,0,0,44,0,1067,2,8,65,879850962,2,0,0,0,1068,0,217,41,0,1,1,0,54,6,2437,0,0,0,20,evil_twin,evil_twin
1684000131,26649,295,0,1,1,0,0,44,0,1068,2,8,65,1032876216,2,0,0,0,1069,0,216,41,0,1,1,0,54,6,2437,0,0,0,20,evil_twin,evil_twin
1684000131,26702,295,0,1,1,0,0,44,0,1069,2,8,65,3110357393,2,0,0,0,1070,0,216,41,0,1,1,0,54,6,2437,0,0,0,20,evil_twin,evil_twin
1684000131,26712,296,0,1,1,0,0,44,0,1070,2,8,65,2253392896,2,0,0,0,1071,0,217,41,0,1,1,0,54,6,2437,0,0,0,20,evil_twin,evil_twin
1684000131,26747,295,0,1,1,0,0,44,0,1071,2,8,65,4176855825,2,0,0,0,1072,0,216,41,0,1,1,0,54,6,2437,0,0,0,20,evil_twin,evil_twin
1684000131,26801,299,0,1,1,0,0,44,0,1072,2,8,65,3543722694,2,0,0,0,1073,0,220,41,0,1,1,0,54,6,2437,0,0,0,20,evil_twin,evil_twin
1684000131,26852,296,0,1,1,0,0,44,0,1073,2,8,65,684395386,2,0,0,0,1074,0,217,41,0,1,1,0,54,6,2437,0,0,0,20,evil_twin,evil_twin
1684000131,26870,125,0,1,1,0,0,44,0,1074,2,8,65,629666283,2,0,0,0,1075,0,46,41,0,1,1,0,54,6,2437,0,0,0,20,evil_twin,evil_twin
1684000131,26896,297,0,1,1,0,0,44,0,1075,2,8,65,569235581,2,0,0,0,1076,0,218,41,0,1,1,0,54,6,2437,0,0,0,20,evil_twin,evil_twin
1684000131,26954,295,0,1,1,0,0,44,0,1076,2,8,65,4237164069,2,0,0,0,1077,0,216,41,0,1,1,0,54,6,2437,0,0,0,20,evil_twin,evil_twin
1684000132,27187,296,0,1,1,0,0,44,0,1078,2,8,65,178100136,2,0,0,0,1079,0,217,41,0,1,1,0,54,6,2437,0,0,0,20,evil_twin,evil_twin
1684000132,27272,294,0,1,1,0,0,44,0,1079,2,8,65,2856080072,2,0,0,0,1080,0,215,41,0,1,1,0,54,6,2437,0,0,0,20,evil_twin,evil_twin
1684000132,27290,295,0,1,1,0,0,44,0,1080,2,8,65,3226110910,2,0,0,0,1081,0,216,41,0,1,1,0,54,6,2437,0,0,0,20,evil_twin,evil_twin
1684000132,27335,294,0,1,1,0,0,44,0,1081,2,8,65,1882285292,2,0,0,0,1082,0,215,41,0,1,1,0,54,6,2437,0,0,0,20,evil_twin,evil_twin
1684000132,27338,294,0,1,1,0,0,44,0,1081,2,8,73,1461055072,2,0,0,0,1082,0,215,41,0,1,1,0,54,6,2437,0,0,0,20,evil_twin,evil_twin
1684000132,27368,295,0,1,1,0,0,44,0,1082,2,8,65,2200840238,2,0,0,0,1083,0,216,41,0,1,1,0,54,6,2437,0,0,0,20,evil_twin,evil_twin
1684000132,27428,294,0,1,1,0,0,44,0,1084,2,8,65,3382482837,2,0,0,0,1085,0,215,41,0,1,1,0,54,6,2437,0,0,0,20,evil_twin,evil_twin
1684000132,27448,294,0,1,1,0,0,44,0,1085,2,8,65,3502093607,2,0,0,0,1086,0,215,41,0,1,1,0,54,6,2437,0,0,0,20,evil_twin,evil_twin
1684000132,27451,294,0,1,1,0,0,44,0,1085,2,8,73,4154015659,2,0,0,0,1086,0,215,41,0,1,1,0,54,6,2437,0,0,0,20,evil_twin,evil_twin
1684000132,27485,295,0,1,1,0,0,44,0,1086,2,8,65,2926644063,2,0,0,0,1087,0,216,41,0,1,1,0,54,6,2437,0,0,0,20,evil_twin,evil_twin
1684000132,27532,297,0,1,1,0,0,44,0,1087,2,8,65,268061384,2,0,0,0,1088,0,218,41,0,1,1,0,54,6,2437,0,0,0,20,evil_twin,evil_twin
1684000133,27567,294,0,1,1,0,0,44,0,1088,2,8,65,1663969461,2,0,0,0,1089,0,215,41,0,1,1,0,54,6,2437,0,0,0,20,evil_twin,evil_twin
1684000133,27576,294,0,1,1,0,0,44,0,1089,2,8,65,85921526,2,0,0,0,1090,0,215,41,0,1,1,0,54,6,2437,0,0,0,20,evil_twin,evil_twin
1684000133,27590,295,0,1,1,0,0,44,0,1090,2,8,65,2170785785,2,0,0,0,1091,0,216,41,0,1,1,0,54,6,2437,0,0,0,20,evil_twin,evil_twin
1684000133,27638,296,0,1,1,0,0,44,0,1091,2,8,65,598828025,2,0,0,0,1092,0,217,41,0,1,1,0,54,6,2437,0,0,0,20,evil_twin,evil_twin
1684000133,27700,295,0,1,1,0,0,44,0,1092,2,8,65,1699586499,2,0,0,0,1093,0,216,41,0,1,1,0,54,6,2437,0,0,0,20,evil_twin,evil_twin
1684000133,27737,295,0,1,1,0,0,44,0,1093,2,8,65,3786960583,2,0,0,0,1094,0,216,41,0,1,1,0,54,6,2437,0,0,0,20,evil_twin,evil_twin
1684000133,27775,294,0,1,1,0,0,44,0,1094,2,8,65,888030218,2,0,0,0,1095,0,215,41,0,1,1,0,54,6,2437,0,0,0,20,evil_twin,evil_twin
1684000133,27811,295,0,1,1,0,0,44,0,1095,2,8,65,2774580979,2,0,0,0,1096,0,216,41,0,1,1,0,54,6,2437,0,0,0,20,evil_twin,evil_twin
1684000133,27857,295,0,1,1,0,0,44,0,1096,2,8,65,3856485098,2,0,0,0,1097,0,216,41,0,1,1,0,54,6,2437,0,0,0,20,evil_twin,evil_twin
1684000133,28057,293,0,1,1,0,0,44,0,1097,2,8,65,846885783,2,0,0,0,1098,0,214,41,0,1,1,0,54,6,2437,0,0,0,20,evil_twin,evil_twin
1684000134,28284,294,0,1,1,0,0,44,0,1099,2,8,65,2680324143,2,0,0,0,1100,0,215,41,0,1,1,0,54,6,2437,0,0,0,20,evil_twin,evil_twin
1684000134,28337,294,0,1,1,0,0,44,0,1100,2,8,65,359642411,2,0,0,0,1101,0,215,41,0,1,1,0,54,6,2437,0,0,0,20,evil_twin,evil_twin
1684000134,28421,294,0,1,1,0,0,44,0,1102,2,8,65,1625354822,2,0,0,0,1103,0,215,41,0,1,1,0,54,6,2437,0,0,0,20,evil_twin,evil_twin
1684000134,28462,294,0,1,1,0,0,44,0,1103,2,8,65,932395508,2,0,0,0,1104,0,215,41,0,1,1,0,54,6,2437,0,0,0,20,evil_twin,evil_twin
1684000134,28485,295,0,1,1,0,0,44,0,1104,2,8,65,2940600156,2,0,0,0,1105,0,216,41,0,1,1,0,54,6,2437,0,0,0,20,evil_twin,evil_twin
1684000134,28495,294,0,1,1,0,0,44,0,1105,2,8,65,669521006,2,0,0,0,1106,0,215,41,0,1,1,0,54,6,2437,0,0,0,20,evil_twin,evil_twin
1684000134,28538,294,0,1,1,0,0,44,0,1106,2,8,65,774160593,2,0,0,0,1107,0,215,41,0,1,1,0,54,6,2437,0,0,0,20,evil_twin,evil_twin
1684000134,28585,294,0,1,1,0,0,44,0,1107,2,8,65,2043658226,2,0,0,0,1108,0,215,41,0,1,1,0,54,6,2437,0,0,0,20,evil_twin,evil_twin
1684000135,28639,295,0,1,1,0,0,44,0,1108,2,8,65,1952196390,2,0,0,0,1109,0,216,41,0,1,1,0,54,6,2437,0,0,0,20,evil_twin,evil_twin
1684000135,28680,295,0,1,1,0,0,44,0,1109,2,8,65,801136505,2,0,0,0,1110,0,216,41,0,1,1,0,54,6,2437,0,0,0,20,evil_twin,evil_twin
1684000135,28726,295,0,1,1,0,0,44,0,1110,2,8,65,4054433901,2,0,0,0,1111,0,216,41,0,1,1,0,54,6,2437,0,0,0,20,evil_twin,evil_twin
1684000135,28779,295,0,1,1,0,0,44,0,1111,2,8,65,4004023993,2,0,0,0,1112,0,216,41,0,1,1,0,54,6,2437,0,0,0,20,evil_twin,evil_twin
1684000135,28804,295,0,1,1,0,0,44,0,1112,2,8,65,551123150,2,0,0,0,1113,0,216,41,0,1,1,0,54,6,2437,0,0,0,20,evil_twin,evil_twin
1684000135,28849,294,0,1,1,0,0,44,0,1114,2,8,65,355969007,2,0,0,0,1115,0,215,41,0,1,1,0,54,6,2437,0,0,0,20,evil_twin,evil_twin
1684000135,28903,293,0,1,1,0,0,44,0,1115,2,8,65,3140453132,2,0,0,0,1116,0,214,41,0,1,1,0,54,6,2437,0,0,0,20,evil_twin,evil_twin
1684000135,28974,293,0,1,1,0,0,44,0,1116,2,8,65,7618384,2,0,0,0,1117,0,214,41,0,1,1,0,54,6,2437,0,0,0,20,evil_twin,evil_twin
1684000136,29262,294,0,1,1,0,0,44,0,1118,2,8,65,4172604686,2,0,0,0,1119,0,215,41,0,1,1,0,54,6,2437,0,0,0,20,evil_twin,evil_twin
1684000136,29463,293,0,1,1,0,0,44,0,1119,2,8,65,2788759964,2,0,0,0,1120,0,214,41,0,1,1,0,54,6,2437,0,0,0,20,evil_twin,evil_twin
1684000136,29542,295,0,1,1,0,0,44,0,1120,2,8,65,2278256835,2,0,0,0,1121,0,216,41,0,1,1,0,54,6,2437,0,0,0,20,evil_twin,evil_twin
1684000136,29608,294,0,1,1,0,0,44,0,1121,2,8,65,3852161641,2,0,0,0,1122,0,215,41,0,1,1,0,54,6,2437,0,0,0,20,evil_twin,evil_twin
1684000136,29686,293,0,1,1,0,0,44,0,1123,2,8,65,1408007626,2,0,0,0,1124,0,214,41,0,1,1,0,54,6,2437,0,0,0,20,evil_twin,evil_twin
1684000136,29749,294,0,1,1,0,0,44,0,1124,2,8,65,2060799163,2,0,0,0,1125,0,215,41,0,1,1,0,54,6,2437,0,0,0,20,evil_twin,evil_twin
1684000136,29824,294,0,1,1,0,0,44,0,1125,2,8,65,2643742068,2,0,0,0,1126,0,215,41,0,1,1,0,54,6,2437,0,0,0,20,evil_twin,evil_twin
1684000136,29879,294,0,1,1,0,0,44,0,1126,2,8,65,2501321169,2,0,0,0,1127,0,215,41,0,1,1,0,54,6,2437,0,0,0,20,evil_twin,evil_twin
1684000137,29994,294,0,1,1,0,0,44,0,1128,2,8,65,3862233489,2,0,0,0,1129,0,215,41,0,1,1,0,54,6,2437,0,0,0,20,evil_twin,evil_twin
1684000137,30050,293,0,1,1,0,0,44,0,1129,2,8,65,1277282073,2,0,0,0,1130,0,214,41,0,1,1,0,54,6,2437,0,0,0,20,evil_twin,evil_twin
1684000137,30052,293,0,1,1,0,0,44,0,1129,2,8,73,1793778024,2,0,0,0,1130,0,214,41,0,1,1,0,54,6,2437,0,0,0,20,evil_twin,evil_twin
1684000137,30078,296,0,1,1,0,0,44,0,1130,2,8,65,140072680,2,0,0,0,1131,0,217,41,0,1,1,0,54,6,2437,0,0,0,20,evil_twin,evil_twin
1684000137,30123,295,0,1,1,0,0,44,0,1131,2,8,65,3969617184,2,0,0,0,1132,0,216,41,0,1,1,0,54,6,2437,0,0,0,20,evil_twin,evil_twin
1684000137,30183,295,0,1,1,0,0,44,0,1132,2,8,65,1953825233,2,0,0,0,1133,0,216,41,0,1,1,0,54,6,2437,0,0,0,20,evil_twin,evil_twin
1684000137,30233,293,0,1,1,0,0,44,0,1133,2,8,65,3571148671,2,0,0,0,1134,0,214,41,0,1,1,0,54,6,2437,0,0,0,20,evil_twin,evil_twin
1684000137,30331,294,0,1,1,0,0,44,0,1135,2,8,65,3949358873,2,0,0,0,1136,0,215,41,0,1,1,0,54,6,2437,0,0,0,20,evil_twin,evil_twin
1684000137,30497,295,0,1,1,0,0,44,0,1137,2,8,65,3414384195,2,0,0,0,1138,0,216,41,0,1,1,0,54,6,2437,0,0,0,20,evil_twin,evil_twin
1684000138,30608,294,0,1,1,0,0,44,0,1138,2,8,65,283750920,2,0,0,0,1139,0,215,41,0,1,1,0,54,6,2437,0,0,0,20,evil_twin,evil_twin
1684000138,30658,294,0,1,1,0,0,44,0,1139,2,8,65,741603915,2,0,0,0,1140,0,215,41,0,1,1,0,54,6,2437,0,0,0,20,evil_twin,evil_twin
1684000138,30715,293,0,1,1,0,0,44,0,1140,2,8,65,1285207819,2,0,0,0,1141,0,214,41,0,1,1,0,54,6,2437,0,0,0,20,evil_twin,evil_twin
1684000138,30771,293,0,1,1,0,0,44,0,1141,2,8,65,1794688128,2,0,0,0,1142,0,214,41,0,1,1,0,54,6,2437,0,0,0,20,evil_twin,evil_twin
1684000138,30827,294,0,1,1,0,0,44,0,1142,2,8,65,1601483379,2,0,0,0,1143,0,215,41,0,1,1,0,54,6,2437,0,0,0,20,evil_twin,evil_twin
1684000138,30901,293,0,1,1,0,0,44,0,1144,2,8,65,4111662018,2,0,0,0,1145,0,214,41,0,1,1,0,54,6,2437,0,0,0,20,evil_twin,evil_twin
1684000138,30923,295,0,1,1,0,0,44,0,1145,2,8,65,3067722621,2,0,0,0,1146,0,216,41,0,1,1,0,54,6,2437,0,0,0,20,evil_twin,evil_twin
1684000138,30966,295,0,1,1,0,0,44,0,1146,2,8,65,2416748783,2,0,0,0,1147,0,216,41,0,1,1,0,54,6,2437,0,0,0,20,evil_twin,evil_twin
1684000138,31013,293,0,1,1,0,0,44,0,1147,2,8,65,752391841,2,0,0,0,1148,0,214,41,0,1,1,0,54,6,2437,0,0,0,20,evil_twin,evil_twin
1684000139,31034,294,0,1,1,0,0,44,0,1148,2,8,65,3987838146,2,0,0,0,1149,0,215,41,0,1,1,0,54,6,2437,0,0,0,20,evil_twin,evil_twin
1684000139,31074,293,0,1,1,0,0,44,0,1149,2,8,65,4220911513,2,0,0,0,1150,0,214,41,0,1,1,0,54,6,2437,0,0,0,20,evil_twin,evil_twin
1684000139,31098,294,0,1,1,0,0,44,0,1150,2,8,65,4115574886,2,0,0,0,1151,0,215,41,0,1,1,0,54,6,2437,0,0,0,20,evil_twin,evil_twin
1684000139,31126,297,0,1,1,0,0,44,0,1151,2,8,65,2717136097,2,0,0,0,1152,0,218,41,0,1,1,0,54,6,2437,0,0,0,20,evil_twin,evil_twin
1684000139,31178,295,0,1,1,0,0,44,0,1152,2,8,65,1071246429,2,0,0,0,1153,0,216,41,0,1,1,0,54,6,2437,0,0,0,20,evil_twin,evil_twin
1684000139,31260,141,1,0,0,1,0,44,0,44,2,8,66,3750764643,2,0,0,0,47,0,62,41,0,1,1,0,54,6,2437,0,0,0,20,evil_twin,evil_twin
1684000139,31269,295,0,1,1,0,0,44,0,1154,2,8,65,1522901277,2,0,0,0,1155,0,216,41,0,1,1,0,54,6,2437,0,0,0,20,evil_twin,evil_twin
1684000139,31290,295,0,1,1,0,0,44,0,1155,2,8,65,4239403114,2,0,0,0,1156,0,216,41,0,1,1,0,54,6,2437,0,0,0,20,evil_twin,evil_twin
1684000139,31347,298,0,1,1,0,0,44,0,1156,2,8,65,2981668653,2,0,0,0,1157,0,219,41,0,1,1,0,54,6,2437,0,0,0,20,evil_twin,evil_twin
1684000139,31474,298,0,1,1,0,0,44,0,1157,2,8,73,1106903180,2,0,0,0,1158,0,219,41,0,1,1,0,54,6,2437,0,0,0,20,evil_twin,evil_twin
1684000139,31476,298,0,1,1,0,0,44,0,1157,2,8,73,1106903180,2,0,0,0,1158,0,219,41,0,1,1,0,48,6,2437,0,0,0,20,evil_twin,evil_twin
1684000140,31731,295,0,1,1,0,0,44,0,1160,2,8,65,366741466,2,0,0,0,1161,0,216,41,0,1,1,0,54,6,2437,0,0,0,20,evil_twin,evil_twin
1684000140,31772,297,0,1,1,0,0,44,0,1161,2,8,65,311793295,2,0,0,0,1162,0,218,41,0,1,1,0,54,6,2437,0,0,0,20,evil_twin,evil_twin
1684000140,31820,295,0,1,1,0,0,44,0,1162,2,8,65,3012257703,2,0,0,0,1163,0,216,41,0,1,1,0,54,6,2437,0,0,0,20,evil_twin,evil_twin
1684000140,31862,296,0,1,1,0,0,44,0,1163,2,8,65,3303539979,2,0,0,0,1164,0,217,41,0,1,1,0,54,6,2437,0,0,0,20,evil_twin,evil_twin
1684000140,31883,297,0,1,1,0,0,44,0,1164,2,8,65,3629836987,2,0,0,0,1165,0,218,41,0,1,1,0,54,6,2437,0,0,0,20,evil_twin,evil_twin
1684000140,31964,297,0,1,1,0,0,44,0,1166,2,8,65,46541765,2,0,0,0,1167,0,218,41,0,1,1,0,54,6,2437,0,0,0,20,evil_twin,evil_twin
1684000140,32013,296,0,1,1,0,0,44,0,1167,2,8,65,1096308201,2,0,0,0,1168,0,217,41,0,1,1,0,54,6,2437,0,0,0,20,evil_twin,evil_twin
1684000141,32058,296,0,1,1,0,0,44,0,1168,2,8,65,998994647,2,0,0,0,1169,0,217,41,0,1,1,0,54,6,2437,0,0,0,20,evil_twin,evil_twin
1684000141,32096,296,0,1,1,0,0,44,0,1169,2,8,65,3341006131,2,0,0,0,1170,0,217,41,0,1,1,0,54,6,2437,0,0,0,20,evil_twin,evil_twin
1684000141,32143,296,0,1,1,0,0,44,0,1170,2,8,65,609188921,2,0,0,0,1171,0,217,41,0,1,1,0,54,6,2437,0,0,0,20,evil_twin,evil_twin
1684000141,32193,297,0,1,1,0,0,44,0,1172,2,8,65,593835934,2,0,0,0,1173,0,218,41,0,1,1,0,54,6,2437,0,0,0,20,evil_twin,evil_twin
1684000141,32208,125,0,1,1,0,0,44,0,1173,2,8,65,3095839466,2,0,0,0,1174,0,46,41,0,1,1,0,54,6,2437,0,0,0,20,evil_twin,evil_twin
1684000141,32211,296,0,1,1,0,0,44,0,1174,2,8,65,1514322559,2,0,0,0,1175,0,217,41,0,1,1,0,54,6,2437,0,0,0,20,evil_twin,evil_twin
1684000141,32264,294,0,1,1,0,0,44,0,1175,2,8,65,2412047804,2,0,0,0,1176,0,215,41,0,1,1,0,54,6,2437,0,0,0,20,evil_twin,evil_twin
1684000141,32351,296,0,1,1,0,0,44,0,1176,2,8,65,1055829151,2,0,0,0,1177,0,217,41,0,1,1,0,54,6,2437,0,0,0,20,evil_twin,evil_twin
1684000141,32442,297,0,1,1,0,0,44,0,1177,2,8,65,2977516687,2,0,0,0,1178,0,218,41,0,1,1,0,54,6,2437,0,0,0,20,evil_twin,evil_twin
1684000142,32755,297,0,1,1,0,0,320,0,1178,2,8,73,2985242636,2,0,0,0,1179,0,218,41,0,1,0,1,1,6,2437,0,0,0,192,evil_twin,evil_twin
1684000142,32758,295,0,1,1,0,0,44,0,1179,2,8,65,3821291147,2,0,0,0,1180,0,216,41,0,1,1,0,54,6,2437,0,0,0,20,evil_twin,evil_twin
1684000142,32762,295,0,1,1,0,0,44,0,1179,2,8,73,133016842,2,0,0,0,1180,0,216,41,0,1,1,0,48,6,2437,0,0,0,20,evil_twin,evil_twin
1684000142,32790,294,0,1,1,0,0,44,0,1180,2,8,65,1780323396,2,0,0,0,1181,0,215,41,0,1,1,0,54,6,2437,0,0,0,20,evil_twin,evil_twin
1684000142,32792,294,0,1,1,0,0,44,0,1180,2,8,73,1295589064,2,0,0,0,1181,0,215,41,0,1,1,0,54,6,2437,0,0,0,20,evil_twin,evil_twin
1684000142,32830,297,0,1,1,0,0,44,0,1181,2,8,65,3339427633,2,0,0,0,1182,0,218,41,0,1,1,0,54,6,2437,0,0,0,20,evil_twin,evil_twin
1684000142,32854,296,0,1,1,0,0,44,0,1182,2,8,73,3586683821,2,0,0,0,1183,0,217,41,0,1,1,0,54,6,2437,0,0,0,20,evil_twin,evil_twin
1684000142,32866,297,0,1,1,0,0,44,0,1183,2,8,65,678005261,2,0,0,0,1184,0,218,41,0,1,1,0,54,6,2437,0,0,0,20,evil_twin,evil_twin
1684000142,32892,295,0,1,1,0,0,44,0,1184,2,8,65,919611023,2,0,0,0,1185,0,216,41,0,1,1,0,54,6,2437,0,0,0,20,evil_twin,evil_twin
1684000142,32921,296,0,1,1,0,0,44,0,1185,2,8,65,1826703562,2,0,0,0,1186,0,217,41,0,1,1,0,48,6,2437,0,0,0,20,evil_twin,evil_twin
1684000142,32976,294,0,1,1,0,0,44,0,1186,2,8,65,1490381640,2,0,0,0,1187,0,215,41,0,1,1,0,48,6,2437,0,0,0,20,evil_twin,evil_twin
1684000142,33028,297,0,1,1,0,0,44,0,1187,2,8,65,3914509397,2,0,0,0,1188,0,218,41,0,1,1,0,48,6,2437,0,0,0,20,evil_twin,evil_twin
1684000143,33089,295,0,1,1,0,0,44,0,1189,2,8,65,1179621954,2,0,0,0,1190,0,216,41,0,1,1,0,48,6,2437,0,0,0,20,evil_twin,evil_twin
1684000143,33141,294,0,1,1,0,0,44,0,1190,2,8,65,1757676185,2,0,0,0,1191,0,215,41,0,1,1,0,48,6,2437,0,0,0,20,evil_twin,evil_twin
1684000143,33189,294,0,1,1,0,0,44,0,1191,2,8,65,2695573081,2,0,0,0,1192,0,215,41,0,1,1,0,48,6,2437,0,0,0,20,evil_twin,evil_twin
1684000143,33200,295,0,1,1,0,0,44,0,1192,2,8,65,3656903275,2,0,0,0,1193,0,216,41,0,1,1,0,48,6,2437,0,0,0,20,evil_twin,evil_twin
1684000143,33230,295,0,1,1,0,0,44,0,1193,2,8,65,2749544585,2,0,0,0,1194,0,216,41,0,1,1,0,48,6,2437,0,0,0,20,evil_twin,evil_twin
1684000143,33283,296,0,1,1,0,0,44,0,1194,2,8,65,3944042014,2,0,0,0,1195,0,217,41,0,1,1,0,48,6,2437,0,0,0,20,evil_twin,evil_twin
1684000143,33327,296,0,1,1,0,0,44,0,1195,2,8,65,2414211290,2,0,0,0,1196,0,217,41,0,1,1,0,48,6,2437,0,0,0,20,evil_twin,evil_twin
1684000143,33376,296,0,1,1,0,0,44,0,1196,2,8,65,936508163,2,0,0,0,1197,0,217,41,0,1,1,0,48,6,2437,0,0,0,20,evil_twin,evil_twin
1684000143,33477,295,0,1,1,0,0,44,0,1197,2,8,65,4056463544,2,0,0,0,1198,0,216,41,0,1,1,0,48,6,2437,0,0,0,20,evil_twin,evil_twin
1684000143,33653,296,0,1,1,0,0,44,0,1198,2,8,65,2556691974,2,0,0,0,1199,0,217,41,0,1,1,0,48,6,2437,0,0,0,20,evil_twin,evil_twin
1684000143,33655,296,0,1,1,0,0,44,0,1198,2,8,73,37723227,2,0,0,0,1199,0,217,41,0,1,1,0,48,6,2437,0,0,0,20,evil_twin,evil_twin
1684000143,33657,296,0,1,1,0,0,44,0,1198,2,8,73,37723227,2,0,0,0,1199,0,217,41,0,1,1,0,36,6,2437,0,0,0,20,evil_twin,evil_twin
1684000144,33968,295,0,1,1,0,0,44,0,1199,2,8,65,83090737,2,0,0,0,1200,0,216,41,0,1,1,0,48,6,2437,0,0,0,20,evil_twin,evil_twin
1684000144,34250,296,0,1,1,0,0,44,0,1201,2,8,65,1382819952,2,0,0,0,1202,0,217,41,0,1,1,0,48,6,2437,0,0,0,20,evil_twin,evil_twin
1684000144,34269,296,0,1,1,0,0,44,0,1202,2,8,65,98974593,2,0,0,0,1203,0,217,41,0,1,1,0,48,6,2437,0,0,0,20,evil_twin,evil_twin
1684000144,34373,296,0,1,1,0,0,44,0,1204,2,8,65,866655032,2,0,0,0,1205,0,217,41,0,1,1,0,48,6,2437,0,0,0,20,evil_twin,evil_twin
1684000144,34414,296,0,1,1,0,0,44,0,1205,2,8,65,222538403,2,0,0,0,1206,0,217,41,0,1,1,0,48,6,2437,0,0,0,20,evil_twin,evil_twin
1684000144,34450,295,0,1,1,0,0,44,0,1206,2,8,65,3025430339,2,0,0,0,1207,0,216,41,0,1,1,0,48,6,2437,0,0,0,20,evil_twin,evil_twin
1684000144,34470,294,0,1,1,0,0,44,0,1207,2,8,65,1891173541,2,0,0,0,1208,0,215,41,0,1,1,0,48,6,2437,0,0,0,20,evil_twin,evil_twin
1684000144,34487,296,0,1,1,0,0,44,0,1208,2,8,65,3353685302,2,0,0,0,1209,0,217,41,0,1,1,0,48,6,2437,0,0,0,20,evil_twin,evil_twin
1684000145,34519,295,0,1,1,0,0,44,0,1209,2,8,65,2633233033,2,0,0,0,1210,0,216,41,0,1,1,0,48,6,2437,0,0,0,20,evil_twin,evil_twin
1684000145,34565,296,0,1,1,0,0,44,0,1211,2,8,65,1891245984,2,0,0,0,1212,0,217,41,0,1,1,0,48,6,2437,0,0,0,20,evil_twin,evil_twin
1684000145,34609,296,0,1,1,0,0,44,0,1212,2,8,65,2388171363,2,0,0,0,1213,0,217,41,0,1,1,0,48,6,2437,0,0,0,20,evil_twin,evil_twin
1684000145,34665,295,0,1,1,0,0,44,0,1213,2,8,65,961982159,2,0,0,0,1214,0,216,41,0,1,1,0,48,6,2437,0,0,0,20,evil_twin,evil_twin
1684000145,34723,295,0,1,1,0,0,44,0,1214,2,8,65,215228513,2,0,0,0,1215,0,216,41,0,1,1,0,48,6,2437,0,0,0,20,evil_twin,evil_twin
1684000145,34778,295,0,1,1,0,0,44,0,1215,2,8,65,1226288449,2,0,0,0,1216,0,216,41,0,1,1,0,48,6,2437,0,0,0,20,evil_twin,evil_twin
1684000145,34839,296,0,1,1,0,0,44,0,1216,2,8,65,838372930,2,0,0,0,1217,0,217,41,0,1,1,0,48,6,2437,0,0,0,20,evil_twin,evil_twin
1684000145,34953,296,0,1,1,0,0,44,0,1217,2,8,65,864067091,2,0,0,0,1218,0,217,41,0,1,1,0,48,6,2437,0,0,0,20,evil_twin,evil_twin
1684000145,35086,296,0,1,1,0,0,44,0,1217,2,8,73,2849702990,2,0,0,0,1218,0,217,41,0,1,1,0,48,6,2437,0,0,0,20,evil_twin,evil_twin
1684000146,35263,296,0,1,1,0,0,44,0,1218,2,8,73,592465263,2,0,0,0,1219,0,217,41,0,1,1,0,48,6,2437,0,0,0,20,evil_twin,evil_twin
1684000146,35348,295,0,1,1,0,0,44,0,1220,2,8,65,1611817916,2,0,0,0,1221,0,216,41,0,1,1,0,48,6,2437,0,0,0,20,evil_twin,evil_twin
1684000146,35428,295,0,1,1,0,0,44,0,1222,2,8,65,1267801620,2,0,0,0,1223,0,216,41,0,1,1,0,54,6,2437,0,0,0,20,evil_twin,evil_twin
1684000146,35501,294,0,1,1,0,0,44,0,1223,2,8,65,1792429109,2,0,0,0,1224,0,215,41,0,1,1,0,54,6,2437,0,0,0,20,evil_twin,evil_twin
1684000146,35540,296,0,1,1,0,0,44,0,1224,2,8,65,4136583592,2,0,0,0,1225,0,217,41,0,1,1,0,54,6,2437,0,0,0,20,evil_twin,evil_twin
1684000146,35554,297,0,1,1,0,0,44,0,1225,2,8,65,2432099931,2,0,0,0,1226,0,218,41,0,1,1,0,54,6,2437,0,0,0,20,evil_twin,evil_twin
1684000146,35623,296,0,1,1,0,0,44,0,1227,2,8,65,1718767412,2,0,0,0,1228,0,217,41,0,1,1,0,54,6,2437,0,0,0,20,evil_twin,evil_twin
1684000146,35672,296,0,1,1,0,0,44,0,1228,2,8,73,1190992701,2,0,0,0,1229,0,217,41,0,1,1,0,54,6,2437,0,0,0,20,evil_twin,evil_twin
1684000147,35705,297,0,1,1,0,0,44,0,1229,2,8,65,434729386,2,0,0,0,1230,0,218,41,0,1,1,0,54,6,2437,0,0,0,20,evil_twin,evil_twin
1684000147,35766,294,0,1,1,0,0,44,0,1230,2,8,65,199129171,2,0,0,0,1231,0,215,41,0,1,1,0,54,6,2437,0,0,0,20,evil_twin,evil_twin
1684000147,35828,297,0,1,1,0,0,44,0,1231,2,8,65,2635190843,2,0,0,0,1232,0,218,41,0,1,1,0,54,6,2437,0,0,0,20,evil_twin,evil_twin
1684000147,35890,294,0,1,1,0,0,44,0,1232,2,8,65,2892268460,2,0,0,0,1233,0,215,41,0,1,1,0,54,6,2437,0,0,0,20,evil_twin,evil_twin
1684000147,35946,296,0,1,1,0,0,44,0,1233,2,8,73,2903000880,2,0,0,0,1234,0,217,41,0,1,1,0,54,6,2437,0,0,0,20,evil_twin,evil_twin
1684000147,35962,297,0,1,1,0,0,44,0,1234,2,8,65,4218171596,2,0,0,0,1235,0,218,41,0,1,1,0,54,6,2437,0,0,0,20,evil_twin,evil_twin
1684000147,35990,294,0,1,1,0,0,44,0,1235,2,8,65,1240668014,2,0,0,0,1236,0,215,41,0,1,1,0,54,6,2437,0,0,0,20,evil_twin,evil_twin
1684000147,36037,295,0,1,1,0,0,44,0,1236,2,8,65,2890065185,2,0,0,0,1237,0,216,41,0,1,1,0,54,6,2437,0,0,0,20,evil_twin,evil_twin
1684000147,36176,296,0,1,1,0,0,44,0,1237,2,8,65,1266439397,2,0,0,0,1238,0,217,41,0,1,1,0,54,6,2437,0,0,0,20,evil_twin,evil_twin
1684000148,36396,296,0,1,1,0,0,44,0,1238,2,8,65,4108254664,2,0,0,0,1239,0,217,41,0,1,1,0,54,6,2437,0,0,0,20,evil_twin,evil_twin
1684000148,36461,297,0,1,1,0,0,44,0,1239,2,8,65,3563352346,2,0,0,0,1240,0,218,41,0,1,1,0,54,6,2437,0,0,0,20,evil_twin,evil_twin
1684000148,36492,294,0,1,1,0,0,44,0,1240,2,8,65,1967709848,2,0,0,0,1241,0,215,41,0,1,1,0,54,6,2437,0,0,0,20,evil_twin,evil_twin
1684000148,36539,295,0,1,1,0,0,44,0,1241,2,8,65,2162519899,2,0,0,0,1242,0,216,41,0,1,1,0,54,6,2437,0,0,0,20,evil_twin,evil_twin
1684000148,36606,295,0,1,1,0,0,44,0,1242,2,8,65,2239822654,2,0,0,0,1243,0,216,41,0,1,1,0,54,6,2437,0,0,0,20,evil_twin,evil_twin
1684000148,36624,296,0,1,1,0,0,44,0,1243,2,8,65,2991759469,2,0,0,0,1244,0,217,41,0,1,1,0,54,6,2437,0,0,0,20,evil_twin,evil_twin
1684000148,36660,294,0,1,1,0,0,44,0,1244,2,8,65,1455211570,2,0,0,0,1245,0,215,41,0,1,1,0,54,6,2437,0,0,0,20,evil_twin,evil_twin
1684000148,36683,295,0,1,1,0,0,44,0,1245,2,8,65,3829796596,2,0,0,0,1246,0,216,41,0,1,1,0,54,6,2437,0,0,0,20,evil_twin,evil_twin
1684000148,36685,295,0,1,1,0,0,44,0,1245,2,8,73,7333237,2,0,0,0,1246,0,216,41,0,1,1,0,54,6,2437,0,0,0,20,evil_twin,evil_twin
1684000148,36717,295,0,1,1,0,0,44,0,1246,2,8,65,2436873762,2,0,0,0,1247,0,216,41,0,1,1,0,54,6,2437,0,0,0,20,evil_twin,evil_twin
1684000148,36779,296,0,1,1,0,0,44,0,1247,2,8,65,4024301619,2,0,0,0,1248,0,217,41,0,1,1,0,54,6,2437,0,0,0,20,evil_twin,evil_twin
1684000148,36781,296,0,1,1,0,0,44,0,1247,2,8,73,1971741294,2,0,0,0,1248,0,217,41,0,1,1,0,54,6,2437,0,0,0,20,evil_twin,evil_twin
1684000149,36816,295,0,1,1,0,0,44,0,1248,2,8,65,3383396668,2,0,0,0,1249,0,216,41,0,1,1,0,54,6,2437,0,0,0,20,evil_twin,evil_twin
1684000149,36854,294,0,1,1,0,0,44,0,1249,2,8,65,1071990581,2,0,0,0,1250,0,215,41,0,1,1,0,54,6,2437,0,0,0,20,evil_twin,evil_twin
1684000149,36899,296,0,1,1,0,0,44,0,1251,2,8,65,2096037252,2,0,0,0,1252,0,217,41,0,1,1,0,54,6,2437,0,0,0,20,evil_twin,evil_twin
1684000149,36902,296,0,1,1,0,0,44,0,1251,2,8,73,3870648281,2,0,0,0,1252,0,217,41,0,1,1,0,54,6,2437,0,0,0,20,evil_twin,evil_twin
1684000149,36937,295,0,1,1,0,0,44,0,1252,2,8,65,271709766,2,0,0,0,1253,0,216,41,0,1,1,0,54,6,2437,0,0,0,20,evil_twin,evil_twin
1684000149,36969,296,0,1,1,0,0,44,0,1253,2,8,65,1989493968,2,0,0,0,1254,0,217,41,0,1,1,0,54,6,2437,0,0,0,20,evil_twin,evil_twin
1684000149,36983,294,0,1,1,0,0,44,0,1254,2,8,65,2616231942,2,0,0,0,1255,0,215,41,0,1,1,0,54,6,2437,0,0,0,20,evil_twin,evil_twin
1684000149,36987,141,1,0,0,1,0,44,0,45,2,8,66,1720146549,2,0,0,0,48,0,62,41,0,1,1,0,54,6,2437,0,0,0,20,evil_twin,evil_twin
1684000149,37033,295,0,1,1,0,0,44,0,1256,2,8,65,1198563493,2,0,0,0,1257,0,216,41,0,1,1,0,54,6,2437,0,0,0,20,evil_twin,evil_twin
1684000149,37166,297,0,1,1,0,0,44,0,1257,2,8,65,3078152257,2,0,0,0,1258,0,218,41,0,1,1,0,54,6,2437,0,0,0,20,evil_twin,evil_twin
1684000149,37280,299,0,1,1,0,0,44,0,1258,2,8,65,3441153050,2,0,0,0,1259,0,220,41,0,1,1,0,54,6,2437,0,0,0,20,evil_twin,evil_twin
1684000150,37497,300,0,1,1,0,0,44,0,1259,2,8,65,2390337227,2,0,0,0,1260,0,221,41,0,1,1,0,54,6,2437,0,0,0,20,evil_twin,evil_twin
1684000150,37500,300,0,1,1,0,0,44,0,1259,2,8,73,235909719,2,0,0,0,1260,0,221,41,0,1,1,0,54,6,2437,0,0,0,20,evil_twin,evil_twin
1684000150,37547,298,0,1,1,0,0,44,0,1260,2,8,65,177041440,2,0,0,0,1261,0,219,41,0,1,1,0,54,6,2437,0,0,0,20,evil_twin,evil_twin
1684000150,37591,299,0,1,1,0,0,44,0,1261,2,8,65,1567792146,2,0,0,0,1262,0,220,41,0,1,1,0,54,6,2437,0,0,0,20,evil_twin,evil_twin
1684000150,37622,297,0,1,1,0,0,44,0,1262,2,8,65,4161740618,2,0,0,0,1263,0,218,41,0,1,1,0,54,6,2437,0,0,0,20,evil_twin,evil_twin
1684000150,37675,297,0,1,1,0,0,44,0,1263,2,8,65,2021978213,2,0,0,0,1264,0,218,41,0,1,1,0,54,6,2437,0,0,0,20,evil_twin,evil_twin
1684000150,37709,297,0,1,1,0,0,44,0,1264,2,8,65,2613399983,2,0,0,0,1265,0,218,41,0,1,1,0,54,6,2437,0,0,0,20,evil_twin,evil_twin
1684000150,37724,296,0,1,1,0,0,44,0,1265,2,8,65,4175000794,2,0,0,0,1266,0,217,41,0,1,1,0,54,6,2437,0,0,0,20,evil_twin,evil_twin
1684000150,37770,296,0,1,1,0,0,44,0,1266,2,8,65,1668317341,2,0,0,0,1267,0,217,41,0,1,1,0,54,6,2437,0,0,0,20,evil_twin,evil_twin
1684000150,37832,297,0,1,1,0,0,44,0,1267,2,8,65,1166835315,2,0,0,0,1268,0,218,41,0,1,1,0,54,6,2437,0,0,0,20,evil_twin,evil_twin
1684000151,37912,296,0,1,1,0,0,44,0,1269,2,8,65,1824782069,2,0,0,0,1270,0,217,41,0,1,1,0,54,6,2437,0,0,0,20,evil_twin,evil_twin
1684000151,37964,297,0,1,1,0,0,44,0,1270,2,8,65,166806731,2,0,0,0,1271,0,218,41,0,1,1,0,54,6,2437,0,0,0,20,evil_twin,evil_twin
1684000151,38003,298,0,1,1,0,0,44,0,1271,2,8,65,4044899487,2,0,0,0,1272,0,219,41,0,1,1,0,54,6,2437,0,0,0,20,evil_twin,evil_twin
1684000151,38026,298,0,1,1,0,0,44,0,1272,2,8,65,2582860309,2,0,0,0,1273,0,219,41,0,1,1,0,54,6,2437,0,0,0,20,evil_twin,evil_twin
1684000151,38050,299,0,1,1,0,0,44,0,1273,2,8,65,3731932030,2,0,0,0,1274,0,220,41,0,1,1,0,54,6,2437,0,0,0,20,evil_twin,evil_twin
1684000151,38107,297,0,1,1,0,0,44,0,1274,2,8,65,2656359358,2,0,0,0,1275,0,218,41,0,1,1,0,54,6,2437,0,0,0,20,evil_twin,evil_twin
1684000151,38114,297,0,1,1,0,0,44,0,1274,2,8,73,2333386093,2,0,0,0,1275,0,218,41,0,1,1,0,54,6,2437,0,0,0,20,evil_twin,evil_twin
1684000151,38127,125,0,1,1,0,0,44,0,1275,2,8,73,3312423879,2,0,0,0,1276,0,46,41,0,1,1,0,48,6,2437,0,0,0,20,evil_twin,evil_twin
1684000151,38162,296,0,1,1,0,0,44,0,1276,2,8,65,2516461365,2,0,0,0,1277,0,217,41,0,1,1,0,54,6,2437,0,0,0,20,evil_twin,evil_twin
1684000151,38257,295,0,1,1,0,0,44,0,1277,2,8,73,629146285,2,0,0,0,1278,0,216,41,0,1,1,0,48,6,2437,0,0,0,20,evil_twin,evil_twin
1684000152,38538,296,0,1,1,0,0,44,0,1280,2,8,65,2178699753,2,0,0,0,1281,0,217,41,0,1,1,0,54,6,2437,0,0,0,20,evil_twin,evil_twin
1684000152,38564,296,0,1,1,0,0,44,0,1281,2,8,65,4042854522,2,0,0,0,1282,0,217,41,0,1,1,0,54,6,2437,0,0,0,20,evil_twin,evil_twin
1684000152,38575,294,0,1,1,0,0,44,0,1282,2,8,65,222163018,2,0,0,0,1283,0,215,41,0,1,1,0,54,6,2437,0,0,0,20,evil_twin,evil_twin
1684000152,38644,297,0,1,1,0,0,44,0,1283,2,8,65,3715943388,2,0,0,0,1284,0,218,41,0,1,1,0,54,6,2437,0,0,0,20,evil_twin,evil_twin
1684000152,38723,296,0,1,1,0,0,44,0,1284,2,8,73,1013054368,2,0,0,0,1285,0,217,41,0,1,1,0,48,6,2437,0,0,0,20,evil_twin,evil_twin
1684000152,38726,296,0,1,1,0,0,44,0,1284,2,8,73,1013054368,2,0,0,0,1285,0,217,41,0,1,1,0,36,6,2437,0,0,0,20,evil_twin,evil_twin
1684000152,38729,296,0,1,1,0,0,320,0,1284,2,8,73,3296105274,2,0,0,0,1285,0,217,41,0,1,0,1,1,6,2437,0,0,0,192,evil_twin,evil_twin
1684000152,38751,296,0,1,1,0,0,320,0,1284,2,8,73,3296105274,2,0,0,0,1285,0,217,41,0,1,0,1,1,6,2437,0,0,0,192,evil_twin,evil_twin
1684000152,38795,295,0,1,1,0,0,44,0,1285,2,8,65,3674715631,2,0,0,0,1286,0,216,41,0,1,1,0,54,6,2437,0,0,0,20,evil_twin,evil_twin
1684000152,38927,296,0,1,1,0,0,44,0,1287,2,8,65,318539124,2,0,0,0,1288,0,217,41,0,1,1,0,54,6,2437,0,0,0,20,evil_twin,evil_twin
1684000152,38978,297,0,1,1,0,0,44,0,1288,2,8,65,2670932682,2,0,0,0,1289,0,218,41,0,1,1,0,54,6,2437,0,0,0,20,evil_twin,evil_twin
1684000153,38991,295,0,1,1,0,0,44,0,1289,2,8,65,2251488906,2,0,0,0,1290,0,216,41,0,1,1,0,54,6,2437,0,0,0,20,evil_twin,evil_twin
1684000153,38993,295,0,1,1,0,0,44,0,1289,2,8,73,1645942027,2,0,0,0,1290,0,216,41,0,1,1,0,54,6,2437,0,0,0,20,evil_twin,evil_twin
1684000153,38995,295,0,1,1,0,0,44,0,1289,2,8,73,1645942027,2,0,0,0,1290,0,216,41,0,1,1,0,48,6,2437,0,0,0,20,evil_twin,evil_twin
1684000153,39014,296,0,1,1,0,0,44,0,1290,2,8,65,2827671968,2,0,0,0,1291,0,217,41,0,1,1,0,48,6,2437,0,0,0,20,evil_twin,evil_twin
1684000153,39016,296,0,1,1,0,0,44,0,1290,2,8,73,852575229,2,0,0,0,1291,0,217,41,0,1,1,0,48,6,2437,0,0,0,20,evil_twin,evil_twin
1684000153,39018,296,0,1,1,0,0,44,0,1290,2,8,73,852575229,2,0,0,0,1291,0,217,41,0,1,1,0,36,6,2437,0,0,0,20,evil_twin,evil_twin
1684000153,39020,296,0,1,1,0,0,44,0,1290,2,8,73,852575229,2,0,0,0,1291,0,217,41,0,1,1,0,36,6,2437,0,0,0,20,evil_twin,evil_twin
1684000153,39022,296,0,1,1,0,0,44,0,1290,2,8,73,852575229,2,0,0,0,1291,0,217,41,0,1,1,0,24,6,2437,0,0,0,20,evil_twin,evil_twin
1684000153,39024,296,0,1,1,0,0,44,0,1290,2,8,73,852575229,2,0,0,0,1291,0,217,41,0,1,1,0,24,6,2437,0,0,0,20,evil_twin,evil_twin
1684000153,39027,296,0,1,1,0,0,320,0,1290,2,8,73,3401984871,2,0,0,0,1291,0,217,41,0,1,0,1,1,6,2437,0,0,0,192,evil_twin,evil_twin
1684000153,39029,296,0,1,1,0,0,320,0,1290,2,8,73,3401984871,2,0,0,0,1291,0,217,41,0,1,0,1,1,6,2437,0,0,0,192,evil_twin,evil_twin
1684000153,39032,296,0,1,1,0,0,320,0,1290,2,8,73,3401984871,2,0,0,0,1291,0,217,41,0,1,0,1,1,6,2437,0,0,0,192,evil_twin,evil_twin
1684000153,39061,295,0,1,1,0,0,44,0,1291,2,8,65,867835194,2,0,0,0,1292,0,216,41,0,1,1,0,48,6,2437,0,0,0,20,evil_twin,evil_twin
1684000153,39111,295,0,1,1,0,0,44,0,1292,2,8,65,830893565,2,0,0,0,1293,0,216,41,0,1,1,0,48,6,2437,0,0,0,20,evil_twin,evil_twin
1684000153,39173,295,0,1,1,0,0,44,0,1293,2,8,65,90865826,2,0,0,0,1294,0,216,41,0,1,1,0,48,6,2437,0,0,0,20,evil_twin,evil_twin
1684000153,39175,295,0,1,1,0,0,44,0,1293,2,8,73,3779291939,2,0,0,0,1294,0,216,41,0,1,1,0,48,6,2437,0,0,0,20,evil_twin,evil_twin
1684000153,39178,295,0,1,1,0,0,44,0,1293,2,8,73,3779291939,2,0,0,0,1294,0,216,41,0,1,1,0,36,6,2437,0,0,0,20,evil_twin,evil_twin
1684000153,39236,295,0,1,1,0,0,44,0,1294,2,8,65,2374455401,2,0,0,0,1295,0,216,41,0,1,1,0,48,6,2437,0,0,0,20,evil_twin,evil_twin
1684000153,39239,295,0,1,1,0,0,44,0,1294,2,8,73,1773059048,2,0,0,0,1295,0,216,41,0,1,1,0,48,6,2437,0,0,0,20,evil_twin,evil_twin
1684000153,39241,295,0,1,1,0,0,44,0,1294,2,8,73,1773059048,2,0,0,0,1295,0,216,41,0,1,1,0,36,6,2437,0,0,0,20,evil_twin,evil_twin
1684000153,39298,296,0,1,1,0,0,44,0,1295,2,8,65,307319999,2,0,0,0,1296,0,217,41,0,1,1,0,54,6,2437,0,0,0,20,evil_twin,evil_twin
1684000153,39346,294,0,1,1,0,0,44,0,1296,2,8,65,790204096,2,0,0,0,1297,0,215,41,0,1,1,0,54,6,2437,0,0,0,20,evil_twin,evil_twin
1684000153,39441,295,0,1,1,0,0,44,0,1297,2,8,65,344545935,2,0,0,0,1298,0,216,41,0,1,1,0,54,6,2437,0,0,0,20,evil_twin,evil_twin
1684000153,39573,296,0,1,1,0,0,44,0,1298,2,8,65,3123302128,2,0,0,0,1299,0,217,41,0,1,1,0,54,6,2437,0,0,0,20,evil_twin,evil_twin
1684000154,39734,296,0,1,1,0,0,44,0,1299,2,8,65,3857866672,2,0,0,0,1300,0,217,41,0,1,1,0,54,6,2437,0,0,0,20,evil_twin,evil_twin
1684000154,39762,294,0,1,1,0,0,44,0,1300,2,8,65,1364048686,2,0,0,0,1301,0,215,41,0,1,1,0,54,6,2437,0,0,0,20,evil_twin,evil_twin
1684000154,39815,295,0,1,1,0,0,44,0,1301,2,8,65,380650014,2,0,0,0,1302,0,216,41,0,1,1,0,54,6,2437,0,0,0,20,evil_twin,evil_twin
1684000154,39831,141,1,0,0,1,0,44,0,46,2,8,66,3921646966,2,0,0,0,49,0,62,41,0,1,1,0,54,6,2437,0,0,0,20,evil_twin,evil_twin
1684000154,39834,141,0,1,1,0,0,44,0,1302,2,8,65,583490457,2,0,0,0,1303,0,62,41,0,1,1,0,54,6,2437,0,0,0,20,evil_twin,evil_twin
1684000154,39869,294,0,1,1,0,0,44,0,1303,2,8,65,2390844967,2,0,0,0,1304,0,215,41,0,1,1,0,54,6,2437,0,0,0,20,evil_twin,evil_twin
1684000154,39931,295,0,1,1,0,0,44,0,1304,2,8,65,1024016577,2,0,0,0,1305,0,216,41,0,1,1,0,54,6,2437,0,0,0,20,evil_twin,evil_twin
1684000154,39977,295,0,1,1,0,0,44,0,1305,2,8,65,605903840,2,0,0,0,1306,0,216,41,0,1,1,0,54,6,2437,0,0,0,20,evil_twin,evil_twin
1684000154,39993,295,0,1,1,0,0,44,0,1306,2,8,65,453700434,2,0,0,0,1307,0,216,41,0,1,1,0,54,6,2437,0,0,0,20,evil_twin,evil_twin
1684000154,40010,296,0,1,1,0,0,44,0,1307,2,8,65,1912997774,2,0,0,0,1308,0,217,41,0,1,1,0,54,6,2437,0,0,0,20,evil_twin,evil_twin
1684000154,40057,296,0,1,1,0,0,44,0,1308,2,8,65,3148152916,2,0,0,0,1309,0,217,41,0,1,1,0,54,6,2437,0,0,0,20,evil_twin,evil_twin
1684000154,40111,295,0,1,1,0,0,44,0,1309,2,8,65,2652759681,2,0,0,0,1310,0,216,41,0,1,1,0,54,6,2437,0,0,0,20,evil_twin,evil_twin
1684000155,40158,296,0,1,1,0,0,44,0,1310,2,8,65,3214029331,2,0,0,0,1311,0,217,41,0,1,1,0,54,6,2437,0,0,0,20,evil_twin,evil_twin
1684000155,40191,296,0,1,1,0,0,44,0,1311,2,8,65,3249366676,2,0,0,0,1312,0,217,41,0,1,1,0,54,6,2437,0,0,0,20,evil_twin,evil_twin
1684000155,40193,296,0,1,1,0,0,44,0,1311,2,8,73,1542913225,2,0,0,0,1312,0,217,41,0,1,1,0,54,6,2437,0,0,0,20,evil_twin,evil_twin
1684000155,40195,296,0,1,1,0,0,44,0,1311,2,8,73,1542913225,2,0,0,0,1312,0,217,41,0,1,1,0,48,6,2437,0,0,0,20,evil_twin,evil_twin
1684000155,40224,296,0,1,1,0,0,44,0,1312,2,8,65,2700517590,2,0,0,0,1313,0,217,41,0,1,1,0,54,6,2437,0,0,0,20,evil_twin,evil_twin
1684000155,40255,296,0,1,1,0,0,44,0,1313,2,8,65,3020613656,2,0,0,0,1314,0,217,41,0,1,1,0,54,6,2437,0,0,0,20,evil_twin,evil_twin
1684000155,40289,295,0,1,1,0,0,44,0,1314,2,8,65,1738899353,2,0,0,0,1315,0,216,41,0,1,1,0,54,6,2437,0,0,0,20,evil_twin,evil_twin
1684000155,40291,295,0,1,1,0,0,44,0,1314,2,8,73,2207028248,2,0,0,0,1315,0,216,41,0,1,1,0,54,6,2437,0,0,0,20,evil_twin,evil_twin
1684000155,40294,295,0,1,1,0,0,44,0,1314,2,8,73,2207028248,2,0,0,0,1315,0,216,41,0,1,1,0,48,6,2437,0,0,0,20,evil_twin,evil_twin
1684000155,40314,295,0,1,1,0,0,44,0,1315,2,8,65,2128028591,2,0,0,0,1316,0,216,41,0,1,1,0,54,6,2437,0,0,0,20,evil_twin,evil_twin
1684000155,40324,296,0,1,1,0,0,44,0,1316,2,8,65,2698151347,2,0,0,0,1317,0,217,41,0,1,1,0,54,6,2437,0,0,0,20,evil_twin,evil_twin
1684000155,40355,295,0,1,1,0,0,44,0,1317,2,8,65,4108269570,2,0,0,0,1318,0,216,41,0,1,1,0,54,6,2437,0,0,0,20,evil_twin,evil_twin
1684000155,40466,296,0,1,1,0,0,44,0,1318,2,8,65,2184455854,2,0,0,0,1319,0,217,41,0,1,1,0,54,6,2437,0,0,0,20,evil_twin,evil_twin
1684000155,40646,294,0,1,1,0,0,44,0,1319,2,8,73,3528534832,2,0,0,0,1320,0,215,41,0,1,1,0,54,6,2437,0,0,0,20,evil_twin,evil_twin
1684000156,40706,295,0,1,1,0,0,44,0,1320,2,8,65,3444140587,2,0,0,0,1321,0,216,41,0,1,1,0,54,6,2437,0,0,0,20,evil_twin,evil_twin
1684000156,40760,296,0,1,1,0,0,44,0,1321,2,8,65,3106587917,2,0,0,0,1322,0,217,41,0,1,1,0,54,6,2437,0,0,0,20,evil_twin,evil_twin
1684000156,40787,297,0,1,1,0,0,44,0,1322,2,8,65,3563973533,2,0,0,0,1323,0,218,41,0,1,1,0,54,6,2437,0,0,0,20,evil_twin,evil_twin
1684000156,40834,296,0,1,1,0,0,44,0,1323,2,8,65,3008110485,2,0,0,0,1324,0,217,41,0,1,1,0,54,6,2437,0,0,0,20,evil_twin,evil_twin
1684000156,40861,295,0,1,1,0,0,44,0,1324,2,8,65,3539437385,2,0,0,0,1325,0,216,41,0,1,1,0,54,6,2437,0,0,0,20,evil_twin,evil_twin
1684000156,40909,297,0,1,1,0,0,44,0,1326,2,8,65,605384787,2,0,0,0,1327,0,218,41,0,1,1,0,54,6,2437,0,0,0,20,evil_twin,evil_twin
1684000156,40935,294,0,1,1,0,0,44,0,1327,2,8,65,1184290953,2,0,0,0,1328,0,215,41,0,1,1,0,54,6,2437,0,0,0,20,evil_twin,evil_twin
1684000156,40956,296,0,1,1,0,0,44,0,1328,2,8,65,1359958814,2,0,0,0,1329,0,217,41,0,1,1,0,54,6,2437,0,0,0,20,evil_twin,evil_twin
1684000156,41015,295,0,1,1,0,0,44,0,1329,2,8,65,3456778415,2,0,0,0,1330,0,216,41,0,1,1,0,54,6,2437,0,0,0,20,evil_twin,evil_twin
1684000157,41044,296,0,1,1,0,0,44,0,1330,2,8,65,1847393531,2,0,0,0,1331,0,217,41,0,1,1,0,54,6,2437,0,0,0,20,evil_twin,evil_twin
1684000157,41086,296,0,1,1,0,0,44,0,1331,2,8,65,3526690852,2,0,0,0,1332,0,217,41,0,1,1,0,54,6,2437,0,0,0,20,evil_twin,evil_twin
1684000157,41149,294,0,1,1,0,0,44,0,1332,2,8,65,4219446835,2,0,0,0,1333,0,215,41,0,1,1,0,54,6,2437,0,0,0,20,evil_twin,evil_twin
1684000157,41162,297,0,1,1,0,0,44,0,1333,2,8,65,2944684379,2,0,0,0,1334,0,218,41,0,1,1,0,54,6,2437,0,0,0,20,evil_twin,evil_twin
1684000157,41193,296,0,1,1,0,0,44,0,1334,2,8,65,3917606593,2,0,0,0,1335,0,217,41,0,1,1,0,54,6,2437,0,0,0,20,evil_twin,evil_twin
1684000157,41231,297,0,1,1,0,0,44,0,1335,2,8,65,983379063,2,0,0,0,1336,0,218,41,0,1,1,0,54,6,2437,0,0,0,20,evil_twin,evil_twin
1684000157,41273,296,0,1,1,0,0,44,0,1336,2,8,65,1431779502,2,0,0,0,1337,0,217,41,0,1,1,0,54,6,2437,0,0,0,20,evil_twin,evil_twin
1684000157,41334,296,0,1,1,0,0,44,0,1337,2,8,65,280195225,2,0,0,0,1338,0,217,41,0,1,1,0,54,6,2437,0,0,0,20,evil_twin,evil_twin
1684000157,41478,295,0,1,1,0,0,44,0,1338,2,8,65,1765015819,2,0,0,0,1339,0,216,41,0,1,1,0,54,6,2437,0,0,0,20,evil_twin,evil_twin
1684000157,41637,297,0,1,1,0,0,44,0,1339,2,8,73,1853192974,2,0,0,0,1340,0,218,41,0,1,1,0,36,6,2437,0,0,0,20,evil_twin,evil_twin
1684000157,41698,297,0,1,1,0,0,44,0,1339,2,8,73,1853192974,2,0,0,0,1340,0,218,41,0,1,1,0,36,6,2437,0,0,0,20,evil_twin,evil_twin
1684000158,41785,297,0,1,1,0,0,320,0,1339,2,8,73,2119636540,2,0,0,0,1340,0,218,41,0,1,0,1,1,6,2437,0,0,0,192,evil_twin,evil_twin
1684000158,41794,296,0,1,1,0,0,44,0,1340,2,8,65,2099097565,2,0,0,0,1341,0,217,41,0,1,1,0,54,6,2437,0,0,0,20,evil_twin,evil_twin
1684000158,41862,295,0,1,1,0,0,44,0,1341,2,8,65,1149557514,2,0,0,0,1342,0,216,41,0,1,1,0,54,6,2437,0,0,0,20,evil_twin,evil_twin
1684000158,41897,297,0,1,1,0,0,44,0,1342,2,8,65,3886995843,2,0,0,0,1343,0,218,41,0,1,1,0,54,6,2437,0,0,0,20,evil_twin,evil_twin
1684000158,41919,297,0,1,1,0,0,44,0,1343,2,8,65,3340368824,2,0,0,0,1344,0,218,41,0,1,1,0,54,6,2437,0,0,0,20,evil_twin,evil_twin
1684000158,41952,296,0,1,1,0,0,44,0,1344,2,8,65,410635508,2,0,0,0,1345,0,217,41,0,1,1,0,54,6,2437,0,0,0,20,evil_twin,evil_twin
1684000158,42008,296,0,1,1,0,0,44,0,1345,2,8,65,389086367,2,0,0,0,1346,0,217,41,0,1,1,0,54,6,2437,0,0,0,20,evil_twin,evil_twin
1684000158,42056,296,0,1,1,0,0,44,0,1346,2,8,65,289951936,2,0,0,0,1347,0,217,41,0,1,1,0,54,6,2437,0,0,0,20,evil_twin,evil_twin
1684000158,42099,295,0,1,1,0,0,44,0,1347,2,8,65,2231878719,2,0,0,0,1348,0,216,41,0,1,1,0,54,6,2437,0,0,0,20,evil_twin,evil_twin
1684000158,42184,296,0,1,1,0,0,44,0,1349,2,8,65,2431570075,2,0,0,0,1350,0,217,41,0,1,1,0,54,6,2437,0,0,0,20,evil_twin,evil_twin
1684000159,42235,296,0,1,1,0,0,44,0,1350,2,8,65,1009580602,2,0,0,0,1351,0,217,41,0,1,1,0,54,6,2437,0,0,0,20,evil_twin,evil_twin
1684000159,42281,295,0,1,1,0,0,44,0,1351,2,8,65,2759144437,2,0,0,0,1352,0,216,41,0,1,1,0,54,6,2437,0,0,0,20,evil_twin,evil_twin
1684000159,42351,295,0,1,1,0,0,44,0,1353,2,8,65,2069076755,2,0,0,0,1354,0,216,41,0,1,1,0,54,6,2437,0,0,0,20,evil_twin,evil_twin
1684000159,42399,297,0,1,1,0,0,44,0,1354,2,8,65,2043815078,2,0,0,0,1355,0,218,41,0,1,1,0,54,6,2437,0,0,0,20,evil_twin,evil_twin
1684000159,42448,296,0,1,1,0,0,44,0,1355,2,8,65,2295210432,2,0,0,0,1356,0,217,41,0,1,1,0,54,6,2437,0,0,0,20,evil_twin,evil_twin
1684000159,42499,296,0,1,1,0,0,44,0,1356,2,8,65,3776352258,2,0,0,0,1357,0,217,41,0,1,1,0,54,6,2437,0,0,0,20,evil_twin,evil_twin
1684000159,42509,141,1,0,0,1,0,44,0,47,2,8,66,2540922985,2,0,0,0,50,0,62,41,0,1,1,0,54,6,2437,0,0,0,20,evil_twin,evil_twin
1684000159,42565,297,0,1,1,0,0,44,0,1357,2,8,65,2763820829,2,0,0,0,1358,0,218,41,0,1,1,0,54,6,2437,0,0,0,20,evil_twin,evil_twin
1684000159,42728,294,0,1,1,0,0,44,0,1358,2,8,73,1001899830,2,0,0,0,1359,0,215,41,0,1,1,0,54,6,2437,0,0,0,20,evil_twin,evil_twin
1684000159,42876,296,0,1,1,0,0,44,0,1359,2,8,65,917152851,2,0,0,0,1360,0,217,41,0,1,1,0,54,6,2437,0,0,0,20,evil_twin,evil_twin
1684000159,42878,296,0,1,1,0,0,44,0,1359,2,8,73,2901491214,2,0,0,0,1360,0,217,41,0,1,1,0,54,6,2437,0,0,0,20,evil_twin,evil_twin
1684000159,42884,296,0,1,1,0,0,44,0,1359,2,8,73,2901491214,2,0,0,0,1360,0,217,41,0,1,1,0,48,6,2437,0,0,0,20,evil_twin,evil_twin
1684000159,42886,296,0,1,1,0,0,44,0,1359,2,8,73,2901491214,2,0,0,0,1360,0,217,41,0,1,1,0,36,6,2437,0,0,0,20,evil_twin,evil_twin
1684000160,42939,296,0,1,1,0,0,44,0,1360,2,8,65,3734577810,2,0,0,0,1361,0,217,41,0,1,1,0,54,6,2437,0,0,0,20,evil_twin,evil_twin
1684000160,42952,296,0,1,1,0,0,44,0,1361,2,8,65,4150947632,2,0,0,0,1362,0,217,41,0,1,1,0,54,6,2437,0,0,0,20,evil_twin,evil_twin
1684000160,42996,296,0,1,1,0,0,44,0,1362,2,8,65,2300027425,2,0,0,0,1363,0,217,41,0,1,1,0,54,6,2437,0,0,0,20,evil_twin,evil_twin
1684000160,43039,295,0,1,1,0,0,44,0,1363,2,8,65,605145087,2,0,0,0,1364,0,216,41,0,1,1,0,54,6,2437,0,0,0,20,evil_twin,evil_twin
1684000160,43127,297,0,1,1,0,0,44,0,1365,2,8,65,1668509484,2,0,0,0,1366,0,218,41,0,1,1,0,54,6,2437,0,0,0,20,evil_twin,evil_twin
1684000160,43187,296,0,1,1,0,0,44,0,1367,2,8,65,3134041934,2,0,0,0,1368,0,217,41,0,1,1,0,54,6,2437,0,0,0,20,evil_twin,evil_twin
1684000160,43210,296,0,1,1,0,0,44,0,1368,2,8,65,2844112550,2,0,0,0,1369,0,217,41,0,1,1,0,54,6,2437,0,0,0,20,evil_twin,evil_twin
1684000160,43275,296,0,1,1,0,0,44,0,1369,2,8,65,857051741,2,0,0,0,1370,0,217,41,0,1,1,0,54,6,2437,0,0,0,20,evil_twin,evil_twin
1684000161,43318,296,0,1,1,0,0,44,0,1370,2,8,65,3312315429,2,0,0,0,1371,0,217,41,0,1,1,0,54,6,2437,0,0,0,20,evil_twin,evil_twin
1684000161,43356,296,0,1,1,0,0,44,0,1371,2,8,65,2248631388,2,0,0,0,1372,0,217,41,0,1,1,0,54,6,2437,0,0,0,20,evil_twin,evil_twin
1684000161,43453,295,0,1,1,0,0,44,0,1373,2,8,65,1406947716,2,0,0,0,1374,0,216,41,0,1,1,0,54,6,2437,0,0,0,20,evil_twin,evil_twin
1684000161,43478,297,0,1,1,0,0,44,0,1374,2,8,65,3757921606,2,0,0,0,1375,0,218,41,0,1,1,0,54,6,2437,0,0,0,20,evil_twin,evil_twin
1684000161,43487,296,0,1,1,0,0,44,0,1375,2,8,65,2069099802,2,0,0,0,1376,0,217,41,0,1,1,0,54,6,2437,0,0,0,20,evil_twin,evil_twin
1684000161,43545,125,0,1,1,0,0,44,0,1376,2,8,65,593598676,2,0,0,0,1377,0,46,41,0,1,1,0,54,6,2437,0,0,0,20,evil_twin,evil_twin
1684000161,43548,296,0,1,1,0,0,44,0,1377,2,8,65,3469782404,2,0,0,0,1378,0,217,41,0,1,1,0,54,6,2437,0,0,0,20,evil_twin,evil_twin
1684000161,43595,294,0,1,1,0,0,44,0,1378,2,8,65,3334752061,2,0,0,0,1379,0,215,41,0,1,1,0,54,6,2437,0,0,0,20,evil_twin,evil_twin
1684000161,43725,295,0,1,1,0,0,44,0,1379,2,8,65,383250637,2,0,0,0,1380,0,216,41,0,1,1,0,54,6,2437,0,0,0,20,evil_twin,evil_twin
1684000161,43801,297,0,1,1,0,0,44,0,1380,2,8,65,1273698379,2,0,0,0,1381,0,218,41,0,1,1,0,54,6,2437,0,0,0,20,evil_twin,evil_twin
1684000162,43862,296,0,1,1,0,0,44,0,1381,2,8,65,3450960270,2,0,0,0,1382,0,217,41,0,1,1,0,54,6,2437,0,0,0,20,evil_twin,evil_twin
1684000162,43933,296,0,1,1,0,0,44,0,1382,2,8,65,1379105994,2,0,0,0,1383,0,217,41,0,1,1,0,54,6,2437,0,0,0,20,evil_twin,evil_twin
1684000162,44093,295,0,1,1,0,0,44,0,1383,2,8,65,2797786691,2,0,0,0,1384,0,216,41,0,1,1,0,54,6,2437,0,0,0,20,evil_twin,evil_twin
1684000162,44110,294,0,1,1,0,0,44,0,1384,2,8,65,2553106515,2,0,0,0,1385,0,215,41,0,1,1,0,54,6,2437,0,0,0,20,evil_twin,evil_twin
1684000162,44129,295,0,1,1,0,0,44,0,1385,2,8,65,1344600357,2,0,0,0,1386,0,216,41,0,1,1,0,54,6,2437,0,0,0,20,evil_twin,evil_twin
1684000162,44144,295,0,1,1,0,0,44,0,1386,2,8,65,1321434224,2,0,0,0,1387,0,216,41,0,1,1,0,54,6,2437,0,0,0,20,evil_twin,evil_twin
1684000162,44157,296,0,1,1,0,0,44,0,1387,2,8,65,2412332534,2,0,0,0,1388,0,217,41,0,1,1,0,54,6,2437,0,0,0,20,evil_twin,evil_twin
1684000162,44178,296,0,1,1,0,0,44,0,1388,2,8,65,2689394356,2,0,0,0,1389,0,217,41,0,1,1,0,54,6,2437,0,0,0,20,evil_twin,evil_twin
1684000162,44189,295,0,1,1,0,0,44,0,1389,2,8,65,2866224686,2,0,0,0,1390,0,216,41,0,1,1,0,54,6,2437,0,0,0,20,evil_twin,evil_twin
1684000162,44205,296,0,1,1,0,0,44,0,1390,2,8,65,2058031348,2,0,0,0,1391,0,217,41,0,1,1,0,54,6,2437,0,0,0,20,evil_twin,evil_twin
1684000163,44215,295,0,1,1,0,0,44,0,1391,2,8,65,3654166946,2,0,0,0,1392,0,216,41,0,1,1,0,54,6,2437,0,0,0,20,evil_twin,evil_twin
1684000163,44231,295,0,1,1,0,0,44,0,1392,2,8,65,1307104843,2,0,0,0,1393,0,216,41,0,1,1,0,54,6,2437,0,0,0,20,evil_twin,evil_twin
1684000163,44250,297,0,1,1,0,0,44,0,1394,2,8,65,3032525905,2,0,0,0,1395,0,218,41,0,1,1,0,54,6,2437,0,0,0,20,evil_twin,evil_twin
1684000163,44267,296,0,1,1,0,0,44,0,1395,2,8,65,3634177281,2,0,0,0,1396,0,217,41,0,1,1,0,54,6,2437,0,0,0,20,evil_twin,evil_twin
1684000163,44280,297,0,1,1,0,0,44,0,1396,2,8,65,2596872194,2,0,0,0,1397,0,218,41,0,1,1,0,54,6,2437,0,0,0,20,evil_twin,evil_twin
1684000163,44319,297,0,1,1,0,0,44,0,1398,2,8,65,4077055780,2,0,0,0,1399,0,218,41,0,1,1,0,54,6,2437,0,0,0,20,evil_twin,evil_twin
1684000163,44492,295,0,1,1,0,0,44,0,1399,2,8,65,3848481142,2,0,0,0,1400,0,216,41,0,1,1,0,54,6,2437,0,0,0,20,evil_twin,evil_twin
1684000163,44504,295,0,1,1,0,0,44,0,1399,2,8,73,21676791,2,0,0,0,1400,0,216,41,0,1,1,0,54,6,2437,0,0,0,20,evil_twin,evil_twin
1684000163,44509,295,0,1,1,0,0,44,0,1399,2,8,73,21676791,2,0,0,0,1400,0,216,41,0,1,1,0,48,6,2437,0,0,0,20,evil_twin,evil_twin
1684000163,44544,295,0,1,1,0,0,44,0,1399,2,8,73,21676791,2,0,0,0,1400,0,216,41,0,1,1,0,48,6,2437,0,0,0,20,evil_twin,evil_twin
1684000163,44655,295,0,1,1,0,0,44,0,1400,2,8,65,2618223830,2,0,0,0,1401,0,216,41,0,1,1,0,54,6,2437,0,0,0,20,evil_twin,evil_twin
1684000164,44666,296,0,1,1,0,0,44,0,1401,2,8,65,3012821056,2,0,0,0,1402,0,217,41,0,1,1,0,54,6,2437,0,0,0,20,evil_twin,evil_twin
1684000164,44681,296,0,1,1,0,0,44,0,1402,2,8,65,1055571157,2,0,0,0,1403,0,217,41,0,1,1,0,54,6,2437,0,0,0,20,evil_twin,evil_twin
1684000164,44698,295,0,1,1,0,0,44,0,1403,2,8,65,3471459481,2,0,0,0,1404,0,216,41,0,1,1,0,54,6,2437,0,0,0,20,evil_twin,evil_twin
1684000164,44709,294,0,1,1,0,0,44,0,1404,2,8,65,4100516298,2,0,0,0,1405,0,215,41,0,1,1,0,54,6,2437,0,0,0,20,evil_twin,evil_twin
1684000164,44723,296,0,1,1,0,0,44,0,1405,2,8,65,4163335334,2,0,0,0,1406,0,217,41,0,1,1,0,54,6,2437,0,0,0,20,evil_twin,evil_twin
1684000164,44748,296,0,1,1,0,0,44,0,1407,2,8,65,2889156444,2,0,0,0,1408,0,217,41,0,1,1,0,54,6,2437,0,0,0,20,evil_twin,evil_twin
1684000164,44759,294,0,1,1,0,0,44,0,1408,2,8,65,856401677,2,0,0,0,1409,0,215,41,0,1,1,0,54,6,2437,0,0,0,20,evil_twin,evil_twin
1684000164,44772,295,0,1,1,0,0,44,0,1409,2,8,65,3276664248,2,0,0,0,1410,0,216,41,0,1,1,0,54,6,2437,0,0,0,20,evil_twin,evil_twin
1684000164,44787,295,0,1,1,0,0,44,0,1410,2,8,65,3646924957,2,0,0,0,1411,0,216,41,0,1,1,0,54,6,2437,0,0,0,20,evil_twin,evil_twin
1684000165,44799,297,0,1,1,0,0,44,0,1411,2,8,65,3064997621,2,0,0,0,1412,0,218,41,0,1,1,0,54,6,2437,0,0,0,20,evil_twin,evil_twin
1684000165,44815,294,0,1,1,0,0,44,0,1412,2,8,65,2229585634,2,0,0,0,1413,0,215,41,0,1,1,0,54,6,2437,0,0,0,20,evil_twin,evil_twin
1684000165,44833,296,0,1,1,0,0,44,0,1413,2,8,65,3943357678,2,0,0,0,1414,0,217,41,0,1,1,0,54,6,2437,0,0,0,20,evil_twin,evil_twin
1684000165,44849,296,0,1,1,0,0,44,0,1414,2,8,65,1725129992,2,0,0,0,1415,0,217,41,0,1,1,0,54,6,2437,0,0,0,20,evil_twin,evil_twin
1684000165,44882,297,0,1,1,0,0,44,0,1416,2,8,65,318153056,2,0,0,0,1417,0,218,41,0,1,1,0,54,6,2437,0,0,0,20,evil_twin,evil_twin
1684000165,44895,297,0,1,1,0,0,44,0,1417,2,8,65,1952745255,2,0,0,0,1418,0,218,41,0,1,1,0,54,6,2437,0,0,0,20,evil_twin,evil_twin
1684000165,44897,297,0,1,1,0,0,44,0,1417,2,8,73,1629811188,2,0,0,0,1418,0,218,41,0,1,1,0,54,6,2437,0,0,0,20,evil_twin,evil_twin
1684000165,44997,295,0,1,1,0,0,44,0,1418,2,8,65,1930318526,2,0,0,0,1419,0,216,41,0,1,1,0,54,6,2437,0,0,0,20,evil_twin,evil_twin
1684000165,45125,294,0,1,1,0,0,44,0,1419,2,8,65,4034052706,2,0,0,0,1420,0,215,41,0,1,1,0,54,6,2437,0,0,0,20,evil_twin,evil_twin
1684000166,45177,296,0,1,1,0,0,44,0,1420,2,8,65,1107227966,2,0,0,0,1421,0,217,41,0,1,1,0,54,6,2437,0,0,0,20,evil_twin,evil_twin
1684000166,45189,295,0,1,1,0,0,44,0,1421,2,8,65,4177766862,2,0,0,0,1422,0,216,41,0,1,1,0,54,6,2437,0,0,0,20,evil_twin,evil_twin
1684000166,45204,295,0,1,1,0,0,44,0,1422,2,8,65,933769286,2,0,0,0,1423,0,216,41,0,1,1,0,54,6,2437,0,0,0,20,evil_twin,evil_twin
1684000166,45223,295,0,1,1,0,0,44,0,1423,2,8,65,2372115153,2,0,0,0,1424,0,216,41,0,1,1,0,54,6,2437,0,0,0,20,evil_twin,evil_twin
1684000166,45241,294,0,1,1,0,0,44,0,1424,2,8,65,2984966570,2,0,0,0,1425,0,215,41,0,1,1,0,54,6,2437,0,0,0,20,evil_twin,evil_twin
1684000166,45254,294,0,1,1,0,0,44,0,1425,2,8,65,2478579447,2,0,0,0,1426,0,215,41,0,1,1,0,54,6,2437,0,0,0,20,evil_twin,evil_twin
1684000166,45263,295,0,1,1,0,0,44,0,1426,2,8,65,3944185143,2,0,0,0,1427,0,216,41,0,1,1,0,54,6,2437,0,0,0,20,evil_twin,evil_twin
1684000166,45276,295,0,1,1,0,0,44,0,1427,2,8,65,760631993,2,0,0,0,1428,0,216,41,0,1,1,0,54,6,2437,0,0,0,20,evil_twin,evil_twin
1684000166,45288,297,0,1,1,0,0,44,0,1428,2,8,73,3384036712,2,0,0,0,1429,0,218,41,0,1,1,0,54,6,2437,0,0,0,20,evil_twin,evil_twin
1684000166,45308,294,0,1,1,0,0,44,0,1429,2,8,65,785910871,2,0,0,0,1430,0,215,41,0,1,1,0,54,6,2437,0,0,0,20,evil_twin,evil_twin
1684000166,45310,294,0,1,1,0,0,44,0,1429,2,8,73,167544539,2,0,0,0,1430,0,215,41,0,1,1,0,54,6,2437,0,0,0,20,evil_twin,evil_twin
1684000166,45352,296,0,1,1,0,0,44,0,1430,2,8,65,3100255554,2,0,0,0,1431,0,217,41,0,1,1,0,54,6,2437,0,0,0,20,evil_twin,evil_twin
1684000167,45364,295,0,1,1,0,0,44,0,1431,2,8,65,533188980,2,0,0,0,1432,0,216,41,0,1,1,0,54,6,2437,0,0,0,20,evil_twin,evil_twin
1684000167,45380,296,0,1,1,0,0,44,0,1432,2,8,65,3030352622,2,0,0,0,1433,0,217,41,0,1,1,0,54,6,2437,0,0,0,20,evil_twin,evil_twin
1684000167,45395,295,0,1,1,0,0,44,0,1433,2,8,65,288234078,2,0,0,0,1434,0,216,41,0,1,1,0,54,6,2437,0,0,0,20,evil_twin,evil_twin
1684000167,45397,295,0,1,1,0,0,44,0,1433,2,8,73,4110938591,2,0,0,0,1434,0,216,41,0,1,1,0,54,6,2437,0,0,0,20,evil_twin,evil_twin
1684000167,45445,297,0,1,1,0,0,44,0,1434,2,8,65,3911795735,2,0,0,0,1435,0,218,41,0,1,1,0,54,6,2437,0,0,0,20,evil_twin,evil_twin
1684000167,45512,296,0,1,1,0,0,44,0,1436,2,8,65,2026835316,2,0,0,0,1437,0,217,41,0,1,1,0,54,6,2437,0,0,0,20,evil_twin,evil_twin
1684000167,45526,296,0,1,1,0,0,44,0,1437,2,8,65,2933489235,2,0,0,0,1438,0,217,41,0,1,1,0,54,6,2437,0,0,0,20,evil_twin,evil_twin
1684000167,45528,296,0,1,1,0,0,44,0,1437,2,8,73,880993294,2,0,0,0,1438,0,217,41,0,1,1,0,54,6,2437,0,0,0,20,evil_twin,evil_twin
1684000167,45744,294,0,1,1,0,0,44,0,1439,2,8,65,1973143872,2,0,0,0,1440,0,215,41,0,1,1,0,54,6,2437,0,0,0,20,evil_twin,evil_twin
1684000167,45864,295,0,1,1,0,0,44,0,1440,2,8,65,2063131310,2,0,0,0,1441,0,216,41,0,1,1,0,54,6,2437,0,0,0,20,evil_twin,evil_twin
1684000167,45866,295,0,1,1,0,0,44,0,1440,2,8,73,2664499503,2,0,0,0,1441,0,216,41,0,1,1,0,54,6,2437,0,0,0,20,evil_twin,evil_twin
1684000168,45876,296,0,1,1,0,0,44,0,1441,2,8,65,1957121999,2,0,0,0,1442,0,217,41,0,1,1,0,54,6,2437,0,0,0,20,evil_twin,evil_twin
1684000168,45879,296,0,1,1,0,0,44,0,1441,2,8,73,4009547154,2,0,0,0,1442,0,217,41,0,1,1,0,48,6,2437,0,0,0,20,evil_twin,evil_twin
1684000168,45889,296,0,1,1,0,0,44,0,1442,2,8,65,4138089982,2,0,0,0,1443,0,217,41,0,1,1,0,48,6,2437,0,0,0,20,evil_twin,evil_twin
1684000168,45901,294,0,1,1,0,0,44,0,1443,2,8,65,1374076742,2,0,0,0,1444,0,215,41,0,1,1,0,48,6,2437,0,0,0,20,evil_twin,evil_twin
1684000168,45929,296,0,1,1,0,0,44,0,1446,2,8,65,1444093192,2,0,0,0,1447,0,217,41,0,1,1,0,48,6,2437,0,0,0,20,evil_twin,evil_twin
1684000168,45947,295,0,1,1,0,0,44,0,1447,2,8,65,3375924792,2,0,0,0,1448,0,216,41,0,1,1,0,48,6,2437,0,0,0,20,evil_twin,evil_twin
1684000168,45957,296,0,1,1,0,0,44,0,1448,2,8,65,2095464252,2,0,0,0,1449,0,217,41,0,1,1,0,48,6,2437,0,0,0,20,evil_twin,evil_twin
1684000168,45978,295,0,1,1,0,0,44,0,1449,2,8,65,2422613000,2,0,0,0,1450,0,216,41,0,1,1,0,48,6,2437,0,0,0,20,evil_twin,evil_twin
1684000169,45984,296,0,1,1,0,0,44,0,1450,2,8,65,3335586187,2,0,0,0,1451,0,217,41,0,1,1,0,48,6,2437,0,0,0,20,evil_twin,evil_twin
1684000169,45990,294,0,1,1,0,0,44,0,1451,2,8,65,3516421939,2,0,0,0,1452,0,215,41,0,1,1,0,48,6,2437,0,0,0,20,evil_twin,evil_twin
1684000169,45998,294,0,1,1,0,0,44,0,1452,2,8,65,1517577178,2,0,0,0,1453,0,215,41,0,1,1,0,48,6,2437,0,0,0,20,evil_twin,evil_twin
1684000169,46007,297,0,1,1,0,0,44,0,1453,2,8,65,3838373374,2,0,0,0,1454,0,218,41,0,1,1,0,48,6,2437,0,0,0,20,evil_twin,evil_twin
1684000169,46020,296,0,1,1,0,0,44,0,1454,2,8,65,2981266060,2,0,0,0,1455,0,217,41,0,1,1,0,48,6,2437,0,0,0,20,evil_twin,evil_twin
1684000169,46027,296,0,1,1,0,0,44,0,1455,2,8,65,3997200701,2,0,0,0,1456,0,217,41,0,1,1,0,48,6,2437,0,0,0,20,evil_twin,evil_twin
1684000169,46078,295,0,1,1,0,0,44,0,1457,2,8,65,2818137453,2,0,0,0,1458,0,216,41,0,1,1,0,48,6,2437,0,0,0,20,evil_twin,evil_twin
1684000169,46204,296,0,1,1,0,0,44,0,1458,2,8,65,322384754,2,0,0,0,1459,0,217,41,0,1,1,0,48,6,2437,0,0,0,20,evil_twin,evil_twin
1684000169,46381,295,0,1,1,0,0,44,0,1459,2,8,65,3621685657,2,0,0,0,1460,0,216,41,0,1,1,0,48,6,2437,0,0,0,20,evil_twin,evil_twin
1684000170,46397,294,0,1,1,0,0,44,0,1460,2,8,65,2962642912,2,0,0,0,1461,0,215,41,0,1,1,0,48,6,2437,0,0,0,20,evil_twin,evil_twin
1684000170,46403,297,0,1,1,0,0,44,0,1461,2,8,65,788990187,2,0,0,0,1462,0,218,41,0,1,1,0,48,6,2437,0,0,0,20,evil_twin,evil_twin
1684000170,46414,295,0,1,1,0,0,44,0,1462,2,8,65,4039188516,2,0,0,0,1463,0,216,41,0,1,1,0,48,6,2437,0,0,0,20,evil_twin,evil_twin
1684000170,46428,295,0,1,1,0,0,44,0,1463,2,8,65,2313513496,2,0,0,0,1464,0,216,41,0,1,1,0,48,6,2437,0,0,0,20,evil_twin,evil_twin
1684000170,46444,296,0,1,1,0,0,44,0,1464,2,8,65,1838055600,2,0,0,0,1465,0,217,41,0,1,1,0,48,6,2437,0,0,0,20,evil_twin,evil_twin
1684000170,46464,296,0,1,1,0,0,44,0,1465,2,8,65,2601463214,2,0,0,0,1466,0,217,41,0,1,1,0,48,6,2437,0,0,0,20,evil_twin,evil_twin
1684000170,46475,295,0,1,1,0,0,44,0,1466,2,8,65,317159439,2,0,0,0,1467,0,216,41,0,1,1,0,48,6,2437,0,0,0,20,evil_twin,evil_twin
1684000170,46490,296,0,1,1,0,0,44,0,1467,2,8,65,2151010610,2,0,0,0,1468,0,217,41,0,1,1,0,48,6,2437,0,0,0,20,evil_twin,evil_twin
1684000170,46502,295,0,1,1,0,0,44,0,1468,2,8,65,2264018379,2,0,0,0,1469,0,216,41,0,1,1,0,48,6,2437,0,0,0,20,evil_twin,evil_twin
1684000170,46518,295,0,1,1,0,0,44,0,1469,2,8,65,1797177766,2,0,0,0,1470,0,216,41,0,1,1,0,48,6,2437,0,0,0,20,evil_twin,evil_twin
1684000171,46540,296,0,1,1,0,0,44,0,1470,2,8,65,3405174060,2,0,0,0,1471,0,217,41,0,1,1,0,48,6,2437,0,0,0,20,evil_twin,evil_twin
1684000171,46566,295,0,1,1,0,0,44,0,1471,2,8,65,1038861902,2,0,0,0,1472,0,216,41,0,1,1,0,48,6,2437,0,0,0,20,evil_twin,evil_twin
1684000171,46584,295,0,1,1,0,0,44,0,1472,2,8,65,3947022815,2,0,0,0,1473,0,216,41,0,1,1,0,48,6,2437,0,0,0,20,evil_twin,evil_twin
1684000171,46605,295,0,1,1,0,0,44,0,1474,2,8,65,1427718385,2,0,0,0,1475,0,216,41,0,1,1,0,48,6,2437,0,0,0,20,evil_twin,evil_twin
1684000171,46725,295,0,1,1,0,0,44,0,1479,2,8,65,1862014742,2,0,0,0,1480,0,216,41,0,1,1,0,48,6,2437,0,0,0,20,evil_twin,evil_twin
1684000171,46840,295,0,1,1,0,0,44,0,1480,2,8,65,2116125253,2,0,0,0,1481,0,216,41,0,1,1,0,48,6,2437,0,0,0,20,evil_twin,evil_twin
1684000172,46888,296,0,1,1,0,0,44,0,1481,2,8,65,4078062063,2,0,0,0,1482,0,217,41,0,1,1,0,54,6,2437,0,0,0,20,evil_twin,evil_twin
1684000172,46901,297,0,1,1,0,0,44,0,1482,2,8,65,1018103519,2,0,0,0,1483,0,218,41,0,1,1,0,54,6,2437,0,0,0,20,evil_twin,evil_twin
1684000172,46913,294,0,1,1,0,0,44,0,1483,2,8,65,1659749190,2,0,0,0,1484,0,215,41,0,1,1,0,54,6,2437,0,0,0,20,evil_twin,evil_twin
1684000172,46925,295,0,1,1,0,0,44,0,1484,2,8,65,1504974940,2,0,0,0,1485,0,216,41,0,1,1,0,54,6,2437,0,0,0,20,evil_twin,evil_twin
1684000172,46938,294,0,1,1,0,0,44,0,1485,2,8,65,1846478696,2,0,0,0,1486,0,215,41,0,1,1,0,54,6,2437,0,0,0,20,evil_twin,evil_twin
1684000172,46951,295,0,1,1,0,0,44,0,1486,2,8,65,2805293596,2,0,0,0,1487,0,216,41,0,1,1,0,54,6,2437,0,0,0,20,evil_twin,evil_twin
1684000172,46961,296,0,1,1,0,0,44,0,1487,2,8,65,3559724724,2,0,0,0,1488,0,217,41,0,1,1,0,54,6,2437,0,0,0,20,evil_twin,evil_twin
1684000172,46973,294,0,1,1,0,0,44,0,1488,2,8,65,2581890741,2,0,0,0,1489,0,215,41,0,1,1,0,54,6,2437,0,0,0,20,evil_twin,evil_twin
1684000172,46987,295,0,1,1,0,0,44,0,1489,2,8,65,1409567987,2,0,0,0,1490,0,216,41,0,1,1,0,54,6,2437,0,0,0,20,evil_twin,evil_twin
1684000172,47015,296,0,1,1,0,0,44,0,1490,2,8,65,220889096,2,0,0,0,1491,0,217,41,0,1,1,0,54,6,2437,0,0,0,20,evil_twin,evil_twin
1684000173,47030,296,0,1,1,0,0,44,0,1491,2,8,65,3894191219,2,0,0,0,1492,0,217,41,0,1,1,0,54,6,2437,0,0,0,20,evil_twin,evil_twin
1684000173,47045,297,0,1,1,0,0,44,0,1492,2,8,65,318259846,2,0,0,0,1493,0,218,41,0,1,1,0,54,6,2437,0,0,0,20,evil_twin,evil_twin
1684000173,47081,295,0,1,1,0,0,44,0,1493,2,8,65,3671840396,2,0,0,0,1494,0,216,41,0,1,1,0,54,6,2437,0,0,0,20,evil_twin,evil_twin
1684000173,47092,296,0,1,1,0,0,44,0,1494,2,8,65,501322497,2,0,0,0,1495,0,217,41,0,1,1,0,54,6,2437,0,0,0,20,evil_twin,evil_twin
1684000173,47097,294,0,1,1,0,0,44,0,1495,2,8,65,1248524888,2,0,0,0,1496,0,215,41,0,1,1,0,54,6,2437,0,0,0,20,evil_twin,evil_twin
1684000173,47113,296,0,1,1,0,0,44,0,1496,2,8,65,1964000669,2,0,0,0,1497,0,217,41,0,1,1,0,54,6,2437,0,0,0,20,evil_twin,evil_twin
1684000173,47126,296,0,1,1,0,0,44,0,1497,2,8,65,3362784665,2,0,0,0,1498,0,217,41,0,1,1,0,54,6,2437,0,0,0,20,evil_twin,evil_twin
1684000173,47167,296,0,1,1,0,0,44,0,1498,2,8,65,1951755167,2,0,0,0,1499,0,217,41,0,1,1,0,54,6,2437,0,0,0,20,evil_twin,evil_twin
1684000173,47288,295,0,1,1,0,0,44,0,1499,2,8,73,3767583944,2,0,0,0,1500,0,216,41,0,1,1,0,48,6,2437,0,0,0,20,evil_twin,evil_twin
1684000173,47393,295,0,1,1,0,0,320,0,1499,2,8,73,2505455381,2,0,0,0,1500,0,216,41,0,1,0,1,1,6,2437,0,0,0,192,evil_twin,evil_twin
1684000173,47511,296,0,1,1,0,0,44,0,1500,2,8,65,288961939,2,0,0,0,1501,0,217,41,0,1,1,0,48,6,2437,0,0,0,20,evil_twin,evil_twin
1684000174,47522,295,0,1,1,0,0,44,0,1501,2,8,65,2132392802,2,0,0,0,1502,0,216,41,0,1,1,0,48,6,2437,0,0,0,20,evil_twin,evil_twin
1684000174,47532,294,0,1,1,0,0,44,0,1502,2,8,65,2212670548,2,0,0,0,1503,0,215,41,0,1,1,0,48,6,2437,0,0,0,20,evil_twin,evil_twin
1684000174,47544,296,0,1,1,0,0,44,0,1503,2,8,65,3284855439,2,0,0,0,1504,0,217,41,0,1,1,0,48,6,2437,0,0,0,20,evil_twin,evil_twin
1684000174,47584,296,0,1,1,0,0,44,0,1505,2,8,65,878800179,2,0,0,0,1506,0,217,41,0,1,1,0,48,6,2437,0,0,0,20,evil_twin,evil_twin
1684000174,47597,296,0,1,1,0,0,44,0,1506,2,8,65,1867811851,2,0,0,0,1507,0,217,41,0,1,1,0,48,6,2437,0,0,0,20,evil_twin,evil_twin
1684000174,47629,296,0,1,1,0,0,44,0,1508,2,8,65,2577761470,2,0,0,0,1509,0,217,41,0,1,1,0,48,6,2437,0,0,0,20,evil_twin,evil_twin
1684000174,47641,294,0,1,1,0,0,44,0,1509,2,8,65,4070814054,2,0,0,0,1510,0,215,41,0,1,1,0,48,6,2437,0,0,0,20,evil_twin,evil_twin
1684000174,47662,297,0,1,1,0,0,44,0,1510,2,8,65,635308015,2,0,0,0,1511,0,218,41,0,1,1,0,48,6,2437,0,0,0,20,evil_twin,evil_twin
1684000175,47682,296,0,1,1,0,0,44,0,1511,2,8,65,618209568,2,0,0,0,1512,0,217,41,0,1,1,0,48,6,2437,0,0,0,20,evil_twin,evil_twin
1684000175,47698,293,0,1,1,0,0,44,0,1512,2,8,65,2916398607,2,0,0,0,1513,0,214,41,0,1,1,0,48,6,2437,0,0,0,20,evil_twin,evil_twin
1684000175,47706,295,0,1,1,0,0,44,0,1513,2,8,65,3480057005,2,0,0,0,1514,0,216,41,0,1,1,0,48,6,2437,0,0,0,20,evil_twin,evil_twin
1684000175,47734,296,0,1,1,0,0,44,0,1515,2,8,65,2601696212,2,0,0,0,1516,0,217,41,0,1,1,0,48,6,2437,0,0,0,20,evil_twin,evil_twin
1684000175,47753,295,0,1,1,0,0,44,0,1516,2,8,65,3254679471,2,0,0,0,1517,0,216,41,0,1,1,0,48,6,2437,0,0,0,20,evil_twin,evil_twin
1684000175,47773,295,0,1,1,0,0,44,0,1517,2,8,65,1789269253,2,0,0,0,1518,0,216,41,0,1,1,0,48,6,2437,0,0,0,20,evil_twin,evil_twin
1684000175,47898,296,0,1,1,0,0,44,0,1519,2,8,65,4264139513,2,0,0,0,1520,0,217,41,0,1,1,0,48,6,2437,0,0,0,20,evil_twin,evil_twin
1684000175,47900,296,0,1,1,0,0,44,0,1519,2,8,73,1685192868,2,0,0,0,1520,0,217,41,0,1,1,0,48,6,2437,0,0,0,20,evil_twin,evil_twin
1684000176,48067,296,0,1,1,0,0,44,0,1521,2,8,65,4104774858,2,0,0,0,1522,0,217,41,0,1,1,0,54,6,2437,0,0,0,20,evil_twin,evil_twin
1684000176,48075,296,0,1,1,0,0,44,0,1522,2,8,65,2932902224,2,0,0,0,1523,0,217,41,0,1,1,0,54,6,2437,0,0,0,20,evil_twin,evil_twin
1684000176,48087,296,0,1,1,0,0,44,0,1523,2,8,65,2898337084,2,0,0,0,1524,0,217,41,0,1,1,0,54,6,2437,0,0,0,20,evil_twin,evil_twin
1684000176,48098,296,0,1,1,0,0,44,0,1524,2,8,65,378936481,2,0,0,0,1525,0,217,41,0,1,1,0,54,6,2437,0,0,0,20,evil_twin,evil_twin
1684000176,48124,294,0,1,1,0,0,44,0,1525,2,8,65,587909068,2,0,0,0,1526,0,215,41,0,1,1,0,54,6,2437,0,0,0,20,evil_twin,evil_twin
1684000176,48139,294,0,1,1,0,0,44,0,1526,2,8,65,2966801881,2,0,0,0,1527,0,215,41,0,1,1,0,54,6,2437,0,0,0,20,evil_twin,evil_twin
1684000176,48146,297,0,1,1,0,0,44,0,1527,2,8,65,1673235486,2,0,0,0,1528,0,218,41,0,1,1,0,54,6,2437,0,0,0,20,evil_twin,evil_twin
1684000176,48170,296,0,1,1,0,0,44,0,1528,2,8,65,438366893,2,0,0,0,1529,0,217,41,0,1,1,0,54,6,2437,0,0,0,20,evil_twin,evil_twin
1684000176,48188,295,0,1,1,0,0,44,0,1529,2,8,65,107925152,2,0,0,0,1530,0,216,41,0,1,1,0,54,6,2437,0,0,0,20,evil_twin,evil_twin
1684000176,48197,296,0,1,1,0,0,44,0,1530,2,8,65,2191667915,2,0,0,0,1531,0,217,41,0,1,1,0,54,6,2437,0,0,0,20,evil_twin,evil_twin
1684000177,48210,295,0,1,1,0,0,44,0,1531,2,8,65,2326766016,2,0,0,0,1532,0,216,41,0,1,1,0,54,6,2437,0,0,0,20,evil_twin,evil_twin
1684000177,48225,295,0,1,1,0,0,44,0,1532,2,8,65,1603319113,2,0,0,0,1533,0,216,41,0,1,1,0,54,6,2437,0,0,0,20,evil_twin,evil_twin
1684000177,48240,296,0,1,1,0,0,44,0,1533,2,8,65,2871677040,2,0,0,0,1534,0,217,41,0,1,1,0,54,6,2437,0,0,0,20,evil_twin,evil_twin
1684000177,48255,297,0,1,1,0,0,44,0,1534,2,8,65,3316441326,2,0,0,0,1535,0,218,41,0,1,1,0,54,6,2437,0,0,0,20,evil_twin,evil_twin
1684000177,48271,297,0,1,1,0,0,44,0,1535,2,8,65,333324136,2,0,0,0,1536,0,218,41,0,1,1,0,54,6,2437,0,0,0,20,evil_twin,evil_twin
1684000177,48302,294,0,1,1,0,0,44,0,1537,2,8,65,2526891156,2,0,0,0,1538,0,215,41,0,1,1,0,54,6,2437,0,0,0,20,evil_twin,evil_twin
1684000177,48350,297,0,1,1,0,0,44,0,1538,2,8,65,2281324962,2,0,0,0,1539,0,218,41,0,1,1,0,54,6,2437,0,0,0,20,evil_twin,evil_twin
1684000177,48770,296,0,1,1,0,0,44,0,1540,2,8,65,3040139921,2,0,0,0,1541,0,217,41,0,1,1,0,54,6,2437,0,0,0,20,evil_twin,evil_twin
1684000178,48783,297,0,1,1,0,0,44,0,1541,2,8,65,4180610371,2,0,0,0,1542,0,218,41,0,1,1,0,54,6,2437,0,0,0,20,evil_twin,evil_twin
1684000178,48795,296,0,1,1,0,0,44,0,1542,2,8,65,2412240442,2,0,0,0,1543,0,217,41,0,1,1,0,54,6,2437,0,0,0,20,evil_twin,evil_twin
1684000178,48806,296,0,1,1,0,0,44,0,1543,2,8,65,1006282176,2,0,0,0,1544,0,217,41,0,1,1,0,54,6,2437,0,0,0,20,evil_twin,evil_twin
1684000178,48819,296,0,1,1,0,0,44,0,1544,2,8,65,1932340548,2,0,0,0,1545,0,217,41,0,1,1,0,54,6,2437,0,0,0,20,evil_twin,evil_twin
1684000178,48841,297,0,1,1,0,0,44,0,1546,2,8,65,1590001413,2,0,0,0,1547,0,218,41,0,1,1,0,54,6,2437,0,0,0,20,evil_twin,evil_twin
1684018743,7,293,0,1,1,0,0,44,0,74,2,8,65,1137339524,2,0,0,0,75,0,214,41,0,1,1,0,54,6,2437,0,0,0,20,evil_twin,evil_twin
1684018743,22,291,0,1,1,0,0,44,0,75,2,8,65,2641882624,2,0,0,0,76,0,212,41,0,1,1,0,54,6,2437,0,0,0,20,evil_twin,evil_twin
1684018744,35,292,0,1,1,0,0,44,0,76,2,8,65,2113654216,2,0,0,0,77,0,213,41,0,1,1,0,54,6,2437,0,0,0,20,evil_twin,evil_twin
1684018744,46,292,0,1,1,0,0,44,0,77,2,8,65,2298459805,2,0,0,0,78,0,213,41,0,1,1,0,54,6,2437,0,0,0,20,evil_twin,evil_twin
1684018744,58,290,0,1,1,0,0,44,0,78,2,8,65,1441522872,2,0,0,0,79,0,211,41,0,1,1,0,54,6,2437,0,0,0,20,evil_twin,evil_twin
1684018744,72,291,0,1,1,0,0,44,0,79,2,8,65,2348996925,2,0,0,0,80,0,212,41,0,1,1,0,54,6,2437,0,0,0,20,evil_twin,evil_twin
1684018744,85,291,0,1,1,0,0,44,0,80,2,8,65,615748197,2,0,0,0,81,0,212,41,0,1,1,0,54,6,2437,0,0,0,20,evil_twin,evil_twin
1684018744,102,292,0,1,1,0,0,44,0,81,2,8,65,3456480971,2,0,0,0,82,0,213,41,0,1,1,0,54,6,2437,0,0,0,20,evil_twin,evil_twin
1684018744,125,125,0,1,1,0,0,44,0,82,2,8,65,2151759904,2,0,0,0,83,0,46,41,0,1,1,0,54,6,2437,0,0,0,20,evil_twin,evil_twin
1684018744,128,291,0,1,1,0,0,44,0,83,2,8,73,1366521267,2,0,0,0,84,0,212,41,0,1,1,0,54,6,2437,0,0,0,20,evil_twin,evil_twin
1684018744,144,291,0,1,1,0,0,44,0,84,2,8,65,3852234209,2,0,0,0,85,0,212,41,0,1,1,0,54,6,2437,0,0,0,20,evil_twin,evil_twin
1684018744,160,290,0,1,1,0,0,44,0,85,2,8,65,3801613605,2,0,0,0,86,0,211,41,0,1,1,0,54,6,2437,0,0,0,20,evil_twin,evil_twin
1684018744,178,290,0,1,1,0,0,44,0,86,2,8,65,1240981746,2,0,0,0,87,0,211,41,0,1,1,0,54,6,2437,0,0,0,20,evil_twin,evil_twin
1684018745,196,292,0,1,1,0,0,44,0,87,2,8,65,3165595230,2,0,0,0,88,0,213,41,0,1,1,0,54,6,2437,0,0,0,20,evil_twin,evil_twin
1684018745,211,291,0,1,1,0,0,44,0,88,2,8,65,430445275,2,0,0,0,89,0,212,41,0,1,1,0,54,6,2437,0,0,0,20,evil_twin,evil_twin
1684018745,223,292,0,1,1,0,0,44,0,89,2,8,65,2098859951,2,0,0,0,90,0,213,41,0,1,1,0,54,6,2437,0,0,0,20,evil_twin,evil_twin
1684018745,235,291,0,1,1,0,0,44,0,90,2,8,65,4119719275,2,0,0,0,91,0,212,41,0,1,1,0,54,6,2437,0,0,0,20,evil_twin,evil_twin
1684018745,249,292,0,1,1,0,0,44,0,91,2,8,65,362554931,2,0,0,0,92,0,213,41,0,1,1,0,54,6,2437,0,0,0,20,evil_twin,evil_twin
1684018745,280,292,0,1,1,0,0,44,0,93,2,8,65,627191262,2,0,0,0,94,0,213,41,0,1,1,0,54,6,2437,0,0,0,20,evil_twin,evil_twin
1684018745,310,291,0,1,1,0,0,44,0,94,2,8,65,3036807415,2,0,0,0,95,0,212,41,0,1,1,0,54,6,2437,0,0,0,20,evil_twin,evil_twin
1684018745,339,292,0,1,1,0,0,44,0,95,2,8,65,1473322647,2,0,0,0,96,0,213,41,0,1,1,0,54,6,2437,0,0,0,20,evil_twin,evil_twin
1684018745,350,291,0,1,1,0,0,44,0,96,2,8,65,2466294037,2,0,0,0,97,0,212,41,0,1,1,0,54,6,2437,0,0,0,20,evil_twin,evil_twin
1684018746,362,293,0,1,1,0,0,44,0,97,2,8,65,3767750227,2,0,0,0,98,0,214,41,0,1,1,0,54,6,2437,0,0,0,20,evil_twin,evil_twin
1684018746,374,291,0,1,1,0,0,44,0,98,2,8,65,2048564690,2,0,0,0,99,0,212,41,0,1,1,0,54,6,2437,0,0,0,20,evil_twin,evil_twin
1684018746,387,292,0,1,1,0,0,44,0,99,2,8,65,3130414762,2,0,0,0,100,0,213,41,0,1,1,0,54,6,2437,0,0,0,20,evil_twin,evil_twin
1684018746,398,294,0,1,1,0,0,44,0,100,2,8,65,12861125,2,0,0,0,101,0,215,41,0,1,1,0,54,6,2437,0,0,0,20,evil_twin,evil_twin
1684018746,411,293,0,1,1,0,0,44,0,101,2,8,65,462236026,2,0,0,0,102,0,214,41,0,1,1,0,54,6,2437,0,0,0,20,evil_twin,evil_twin
1684018746,423,294,0,1,1,0,0,44,0,102,2,8,65,1174439050,2,0,0,0,103,0,215,41,0,1,1,0,54,6,2437,0,0,0,20,evil_twin,evil_twin
1684018746,459,292,0,1,1,0,0,44,0,105,2,8,65,2360859586,2,0,0,0,106,0,213,41,0,1,1,0,54,6,2437,0,0,0,20,evil_twin,evil_twin
1684018746,470,293,0,1,1,0,0,44,0,106,2,8,65,2417368093,2,0,0,0,107,0,214,41,0,1,1,0,54,6,2437,0,0,0,20,evil_twin,evil_twin
1684018747,484,294,0,1,1,0,0,44,0,107,2,8,65,815627633,2,0,0,0,108,0,215,41,0,1,1,0,54,6,2437,0,0,0,20,evil_twin,evil_twin
1684018747,499,293,0,1,1,0,0,44,0,108,2,8,65,208904123,2,0,0,0,109,0,214,41,0,1,1,0,54,6,2437,0,0,0,20,evil_twin,evil_twin
1684018747,510,292,0,1,1,0,0,44,0,109,2,8,65,1694663613,2,0,0,0,110,0,213,41,0,1,1,0,54,6,2437,0,0,0,20,evil_twin,evil_twin
1684018747,523,292,0,1,1,0,0,44,0,110,2,8,65,990061005,2,0,0,0,111,0,213,41,0,1,1,0,54,6,2437,0,0,0,20,evil_twin,evil_twin
1684018747,551,293,0,1,1,0,0,44,0,111,2,8,65,4030760170,2,0,0,0,112,0,214,41,0,1,1,0,54,6,2437,0,0,0,20,evil_twin,evil_twin
1684018747,567,294,0,1,1,0,0,44,0,112,2,8,65,244988036,2,0,0,0,113,0,215,41,0,1,1,0,54,6,2437,0,0,0,20,evil_twin,evil_twin
1684018747,578,292,0,1,1,0,0,44,0,113,2,8,65,3226002251,2,0,0,0,114,0,213,41,0,1,1,0,54,6,2437,0,0,0,20,evil_twin,evil_twin
1684018747,612,292,0,1,1,0,0,44,0,114,2,8,65,701299381,2,0,0,0,115,0,213,41,0,1,1,0,54,6,2437,0,0,0,20,evil_twin,evil_twin
1684018747,628,294,0,1,1,0,0,44,0,115,2,8,65,1612902719,2,0,0,0,116,0,215,41,0,1,1,0,54,6,2437,0,0,0,20,evil_twin,evil_twin
1684018747,639,294,0,1,1,0,0,44,0,116,2,8,65,1159966071,2,0,0,0,117,0,215,41,0,1,1,0,54,6,2437,0,0,0,20,evil_twin,evil_twin
1684018748,651,293,0,1,1,0,0,44,0,117,2,8,65,1191701298,2,0,0,0,118,0,214,41,0,1,1,0,54,6,2437,0,0,0,20,evil_twin,evil_twin
1684018748,667,292,0,1,1,0,0,44,0,118,2,8,65,3915059367,2,0,0,0,119,0,213,41,0,1,1,0,54,6,2437,0,0,0,20,evil_twin,evil_twin
1684018748,675,125,0,1,1,0,0,44,0,119,2,8,65,963546860,2,0,0,0,120,0,46,41,0,1,1,0,54,6,2437,0,0,0,20,evil_twin,evil_twin
1684018748,683,292,0,1,1,0,0,44,0,120,2,8,65,1305476672,2,0,0,0,121,0,213,41,0,1,1,0,54,6,2437,0,0,0,20,evil_twin,evil_twin
1684018748,693,292,0,1,1,0,0,44,0,121,2,8,65,3954916803,2,0,0,0,122,0,213,41,0,1,1,0,54,6,2437,0,0,0,20,evil_twin,evil_twin
1684018748,711,294,0,1,1,0,0,44,0,122,2,8,65,845397151,2,0,0,0,123,0,215,41,0,1,1,0,54,6,2437,0,0,0,20,evil_twin,evil_twin
1684018748,719,141,1,0,0,1,0,44,0,6,2,8,66,3340543394,2,0,0,0,9,0,62,41,0,1,1,0,54,6,2437,0,0,0,20,evil_twin,evil_twin
1684018748,730,294,0,1,1,0,0,44,0,123,2,8,65,884872144,2,0,0,0,124,0,215,41,0,1,1,0,54,6,2437,0,0,0,20,evil_twin,evil_twin
1684018748,743,295,0,1,1,0,0,44,0,124,2,8,65,329205375,2,0,0,0,125,0,216,41,0,1,1,0,54,6,2437,0,0,0,20,evil_twin,evil_twin
1684018748,756,296,0,1,1,0,0,44,0,125,2,8,65,852460116,2,0,0,0,126,0,217,41,0,1,1,0,54,6,2437,0,0,0,20,evil_twin,evil_twin
1684018748,769,297,0,1,1,0,0,44,0,126,2,8,65,1732934885,2,0,0,0,127,0,218,41,0,1,1,0,54,6,2437,0,0,0,20,evil_twin,evil_twin
1684018748,786,299,0,1,1,0,0,44,0,127,2,8,65,2822975846,2,0,0,0,128,0,220,41,0,1,1,0,54,6,2437,0,0,0,20,evil_twin,evil_twin
1684018749,803,298,0,1,1,0,0,44,0,128,2,8,65,147036809,2,0,0,0,129,0,219,41,0,1,1,0,54,6,2437,0,0,0,20,evil_twin,evil_twin
1684018749,818,298,0,1,1,0,0,44,0,129,2,8,65,1202713878,2,0,0,0,130,0,219,41,0,1,1,0,54,6,2437,0,0,0,20,evil_twin,evil_twin
1684018749,831,298,0,1,1,0,0,44,0,130,2,8,65,1928857810,2,0,0,0,131,0,219,41,0,1,1,0,54,6,2437,0,0,0,20,evil_twin,evil_twin
1684018749,844,297,0,1,1,0,0,44,0,131,2,8,65,4136079087,2,0,0,0,132,0,218,41,0,1,1,0,54,6,2437,0,0,0,20,evil_twin,evil_twin
1684018749,859,296,0,1,1,0,0,44,0,132,2,8,65,3702025785,2,0,0,0,133,0,217,41,0,1,1,0,54,6,2437,0,0,0,20,evil_twin,evil_twin
1684018749,874,299,0,1,1,0,0,44,0,133,2,8,65,807061100,2,0,0,0,134,0,220,41,0,1,1,0,54,6,2437,0,0,0,20,evil_twin,evil_twin
1684018749,901,297,0,1,1,0,0,44,0,135,2,8,65,2974621438,2,0,0,0,136,0,218,41,0,1,1,0,54,6,2437,0,0,0,20,evil_twin,evil_twin
1684018749,914,297,0,1,1,0,0,44,0,136,2,8,65,3775346172,2,0,0,0,137,0,218,41,0,1,1,0,54,6,2437,0,0,0,20,evil_twin,evil_twin
1684018749,926,297,0,1,1,0,0,44,0,137,2,8,65,3641037345,2,0,0,0,138,0,218,41,0,1,1,0,54,6,2437,0,0,0,20,evil_twin,evil_twin
1684018750,935,298,0,1,1,0,0,44,0,138,2,8,65,3274760697,2,0,0,0,139,0,219,41,0,1,1,0,54,6,2437,0,0,0,20,evil_twin,evil_twin
1684018750,950,298,0,1,1,0,0,44,0,139,2,8,65,899546189,2,0,0,0,140,0,219,41,0,1,1,0,54,6,2437,0,0,0,20,evil_twin,evil_twin
1684018750,966,298,0,1,1,0,0,44,0,140,2,8,65,1439298198,2,0,0,0,141,0,219,41,0,1,1,0,54,6,2437,0,0,0,20,evil_twin,evil_twin
1684018750,983,297,0,1,1,0,0,44,0,141,2,8,65,2783744711,2,0,0,0,142,0,218,41,0,1,1,0,54,6,2437,0,0,0,20,evil_twin,evil_twin
1684018750,996,298,0,1,1,0,0,44,0,142,2,8,65,1151368585,2,0,0,0,143,0,219,41,0,1,1,0,54,6,2437,0,0,0,20,evil_twin,evil_twin
1684018750,1008,298,0,1,1,0,0,44,0,143,2,8,65,2037489375,2,0,0,0,144,0,219,41,0,1,1,0,54,6,2437,0,0,0,20,evil_twin,evil_twin
1684018750,1018,298,0,1,1,0,0,44,0,144,2,8,65,3657574883,2,0,0,0,145,0,219,41,0,1,1,0,54,6,2437,0,0,0,20,evil_twin,evil_twin
1684018750,1037,296,0,1,1,0,0,44,0,145,2,8,65,1582667249,2,0,0,0,146,0,217,41,0,1,1,0,54,6,2437,0,0,0,20,evil_twin,evil_twin
1684018750,1051,298,0,1,1,0,0,44,0,146,2,8,65,1879209219,2,0,0,0,147,0,219,41,0,1,1,0,54,6,2437,0,0,0,20,evil_twin,evil_twin
1684018751,1064,125,0,1,1,0,0,44,0,148,2,8,65,2854074012,2,0,0,0,149,0,46,41,0,1,1,0,54,6,2437,0,0,0,20,evil_twin,evil_twin
1684018751,1078,294,0,1,1,0,0,44,0,149,2,8,65,3779776793,2,0,0,0,150,0,215,41,0,1,1,0,54,6,2437,0,0,0,20,evil_twin,evil_twin
1684018751,1091,295,0,1,1,0,0,44,0,150,2,8,65,3714090363,2,0,0,0,151,0,216,41,0,1,1,0,54,6,2437,0,0,0,20,evil_twin,evil_twin
1684018751,1103,296,0,1,1,0,0,44,0,151,2,8,65,1437579889,2,0,0,0,152,0,217,41,0,1,1,0,54,6,2437,0,0,0,20,evil_twin,evil_twin
1684018751,1117,294,0,1,1,0,0,44,0,152,2,8,65,2246419600,2,0,0,0,153,0,215,41,0,1,1,0,54,6,2437,0,0,0,20,evil_twin,evil_twin
1684018751,1129,295,0,1,1,0,0,44,0,153,2,8,65,206869058,2,0,0,0,154,0,216,41,0,1,1,0,54,6,2437,0,0,0,20,evil_twin,evil_twin
1684018751,1153,296,0,1,1,0,0,44,0,155,2,8,65,2336824848,2,0,0,0,156,0,217,41,0,1,1,0,54,6,2437,0,0,0,20,evil_twin,evil_twin
1684018751,1169,295,0,1,1,0,0,44,0,156,2,8,65,438522313,2,0,0,0,157,0,216,41,0,1,1,0,54,6,2437,0,0,0,20,evil_twin,evil_twin
1684018751,1182,295,0,1,1,0,0,44,0,157,2,8,65,762739046,2,0,0,0,158,0,216,41,0,1,1,0,54,6,2437,0,0,0,20,evil_twin,evil_twin
1684018751,1196,295,0,1,1,0,0,44,0,158,2,8,65,2306818769,2,0,0,0,159,0,216,41,0,1,1,0,54,6,2437,0,0,0,20,evil_twin,evil_twin
1684018752,1209,294,0,1,1,0,0,44,0,159,2,8,65,3688311628,2,0,0,0,160,0,215,41,0,1,1,0,54,6,2437,0,0,0,20,evil_twin,evil_twin
1684018752,1223,294,0,1,1,0,0,44,0,160,2,8,65,2050717007,2,0,0,0,161,0,215,41,0,1,1,0,54,6,2437,0,0,0,20,evil_twin,evil_twin
1684018752,1230,296,0,1,1,0,0,44,0,161,2,8,65,3828325253,2,0,0,0,162,0,217,41,0,1,1,0,54,6,2437,0,0,0,20,evil_twin,evil_twin
1684018752,1245,294,0,1,1,0,0,44,0,162,2,8,65,1776028382,2,0,0,0,163,0,215,41,0,1,1,0,54,6,2437,0,0,0,20,evil_twin,evil_twin
1684018752,1275,294,0,1,1,0,0,44,0,163,2,8,73,2751686060,2,0,0,0,164,0,215,41,0,1,1,0,54,6,2437,0,0,0,20,evil_twin,evil_twin
1684018752,1281,141,1,0,0,1,0,44,0,7,2,8,66,2362447033,2,0,0,0,10,0,62,41,0,1,1,0,54,6,2437,0,0,0,20,evil_twin,evil_twin
1684018752,1296,294,0,1,1,0,0,44,0,164,2,8,65,1694896241,2,0,0,0,165,0,215,41,0,1,1,0,54,6,2437,0,0,0,20,evil_twin,evil_twin
1684018752,1309,296,0,1,1,0,0,44,0,165,2,8,65,1181503239,2,0,0,0,166,0,217,41,0,1,1,0,54,6,2437,0,0,0,20,evil_twin,evil_twin
1684018752,1322,295,0,1,1,0,0,44,0,166,2,8,65,278299401,2,0,0,0,167,0,216,41,0,1,1,0,54,6,2437,0,0,0,20,evil_twin,evil_twin
1684018752,1338,296,0,1,1,0,0,44,0,167,2,8,65,1669569743,2,0,0,0,168,0,217,41,0,1,1,0,54,6,2437,0,0,0,20,evil_twin,evil_twin
1684018752,1351,295,0,1,1,0,0,44,0,168,2,8,65,633629498,2,0,0,0,169,0,216,41,0,1,1,0,54,6,2437,0,0,0,20,evil_twin,evil_twin
1684018753,1370,295,0,1,1,0,0,44,0,169,2,8,65,3980518272,2,0,0,0,170,0,216,41,0,1,1,0,54,6,2437,0,0,0,20,evil_twin,evil_twin
1684018753,1383,295,0,1,1,0,0,44,0,170,2,8,65,2831897528,2,0,0,0,171,0,216,41,0,1,1,0,54,6,2437,0,0,0,20,evil_twin,evil_twin
1684018753,1443,294,0,1,1,0,0,44,0,172,2,8,65,4262001929,2,0,0,0,173,0,215,41,0,1,1,0,54,6,2437,0,0,0,20,evil_twin,evil_twin
1684018753,1469,295,0,1,1,0,0,44,0,173,2,8,65,3489900675,2,0,0,0,174,0,216,41,0,1,1,0,54,6,2437,0,0,0,20,evil_twin,evil_twin
1684018753,1487,296,0,1,1,0,0,44,0,174,2,8,65,3510847780,2,0,0,0,175,0,217,41,0,1,1,0,54,6,2437,0,0,0,20,evil_twin,evil_twin
1684018753,1500,293,0,1,1,0,0,44,0,175,2,8,65,485539617,2,0,0,0,176,0,214,41,0,1,1,0,54,6,2437,0,0,0,20,evil_twin,evil_twin
1684018753,1513,295,0,1,1,0,0,44,0,176,2,8,65,325120181,2,0,0,0,177,0,216,41,0,1,1,0,54,6,2437,0,0,0,20,evil_twin,evil_twin
1684018753,1530,298,0,1,1,0,0,44,0,177,2,8,65,2085001626,2,0,0,0,178,0,219,41,0,1,1,0,54,6,2437,0,0,0,20,evil_twin,evil_twin
1684018753,1549,295,0,1,1,0,0,44,0,178,2,8,65,1184564551,2,0,0,0,179,0,216,41,0,1,1,0,54,6,2437,0,0,0,20,evil_twin,evil_twin
1684018754,1563,296,0,1,1,0,0,44,0,179,2,8,65,1165612846,2,0,0,0,180,0,217,41,0,1,1,0,54,6,2437,0,0,0,20,evil_twin,evil_twin
1684018754,1576,300,0,1,1,0,0,44,0,180,2,8,65,741287180,2,0,0,0,181,0,221,41,0,1,1,0,54,6,2437,0,0,0,20,evil_twin,evil_twin
1684018754,1590,295,0,1,1,0,0,44,0,181,2,8,65,2503659988,2,0,0,0,182,0,216,41,0,1,1,0,54,6,2437,0,0,0,20,evil_twin,evil_twin
1684018754,1603,296,0,1,1,0,0,44,0,182,2,8,65,2796502852,2,0,0,0,183,0,217,41,0,1,1,0,54,6,2437,0,0,0,20,evil_twin,evil_twin
1684018754,1606,125,0,1,1,0,0,44,0,183,2,8,65,3958993677,2,0,0,0,184,0,46,41,0,1,1,0,54,6,2437,0,0,0,20,evil_twin,evil_twin
1684018754,1619,141,1,0,0,1,0,44,0,8,2,8,66,3413388763,2,0,0,0,11,0,62,41,0,1,1,0,54,6,2437,0,0,0,20,evil_twin,evil_twin
1684018754,1629,295,0,1,1,0,0,44,0,184,2,8,65,1692773559,2,0,0,0,185,0,216,41,0,1,1,0,54,6,2437,0,0,0,20,evil_twin,evil_twin
1684018754,1649,297,0,1,1,0,0,44,0,185,2,8,65,2495887169,2,0,0,0,186,0,218,41,0,1,1,0,54,6,2437,0,0,0,20,evil_twin,evil_twin
1684018754,1660,295,0,1,1,0,0,44,0,186,2,8,65,4059635443,2,0,0,0,187,0,216,41,0,1,1,0,54,6,2437,0,0,0,20,evil_twin,evil_twin
1684018754,1673,296,0,1,1,0,0,44,0,187,2,8,65,2092414989,2,0,0,0,188,0,217,41,0,1,1,0,54,6,2437,0,0,0,20,evil_twin,evil_twin
1684018754,1693,296,0,1,1,0,0,44,0,188,2,8,65,3954845681,2,0,0,0,189,0,217,41,0,1,1,0,54,6,2437,0,0,0,20,evil_twin,evil_twin
1684018754,1718,297,0,1,1,0,0,44,0,189,2,8,65,2966592943,2,0,0,0,190,0,218,41,0,1,1,0,54,6,2437,0,0,0,20,evil_twin,evil_twin
1684018755,1746,296,0,1,1,0,0,44,0,190,2,8,65,882023620,2,0,0,0,191,0,217,41,0,1,1,0,54,6,2437,0,0,0,20,evil_twin,evil_twin
1684018755,1767,295,0,1,1,0,0,44,0,191,2,8,65,289682340,2,0,0,0,192,0,216,41,0,1,1,0,54,6,2437,0,0,0,20,evil_twin,evil_twin
1684018755,1780,296,0,1,1,0,0,44,0,192,2,8,65,4088572838,2,0,0,0,193,0,217,41,0,1,1,0,54,6,2437,0,0,0,20,evil_twin,evil_twin
1684018755,1795,296,0,1,1,0,0,44,0,193,2,8,65,1999566243,2,0,0,0,194,0,217,41,0,1,1,0,54,6,2437,0,0,0,20,evil_twin,evil_twin
1684018755,1805,295,0,1,1,0,0,44,0,194,2,8,65,922741175,2,0,0,0,195,0,216,41,0,1,1,0,54,6,2437,0,0,0,20,evil_twin,evil_twin
1684018755,1818,297,0,1,1,0,0,44,0,195,2,8,65,1337610473,2,0,0,0,196,0,218,41,0,1,1,0,54,6,2437,0,0,0,20,evil_twin,evil_twin
1684018755,1831,297,0,1,1,0,0,44,0,196,2,8,65,1042833723,2,0,0,0,197,0,218,41,0,1,1,0,54,6,2437,0,0,0,20,evil_twin,evil_twin
1684018755,1850,298,0,1,1,0,0,44,0,197,2,8,65,2226469671,2,0,0,0,198,0,219,41,0,1,1,0,54,6,2437,0,0,0,20,evil_twin,evil_twin
1684018755,1862,300,0,1,1,0,0,44,0,198,2,8,65,2478513909,2,0,0,0,199,0,221,41,0,1,1,0,54,6,2437,0,0,0,20,evil_twin,evil_twin
1684018755,1890,299,0,1,1,0,0,44,0,199,2,8,65,3535903876,2,0,0,0,200,0,220,41,0,1,1,0,54,6,2437,0,0,0,20,evil_twin,evil_twin
1684018756,1908,298,0,1,1,0,0,44,0,200,2,8,65,614998233,2,0,0,0,201,0,219,41,0,1,1,0,54,6,2437,0,0,0,20,evil_twin,evil_twin
1684018756,1922,299,0,1,1,0,0,44,0,201,2,8,65,3846303677,2,0,0,0,202,0,220,41,0,1,1,0,54,6,2437,0,0,0,20,evil_twin,evil_twin
1684018756,1935,299,0,1,1,0,0,44,0,202,2,8,65,1166164859,2,0,0,0,203,0,220,41,0,1,1,0,54,6,2437,0,0,0,20,evil_twin,evil_twin
1684018756,1950,298,0,1,1,0,0,44,0,203,2,8,65,602880072,2,0,0,0,204,0,219,41,0,1,1,0,54,6,2437,0,0,0,20,evil_twin,evil_twin
1684018756,1979,299,0,1,1,0,0,44,0,204,2,8,65,4277140084,2,0,0,0,205,0,220,41,0,1,1,0,54,6,2437,0,0,0,20,evil_twin,evil_twin
1684018756,1990,300,0,1,1,0,0,44,0,205,2,8,65,812216519,2,0,0,0,206,0,221,41,0,1,1,0,54,6,2437,0,0,0,20,evil_twin,evil_twin
1684018756,1993,125,0,1,1,0,0,44,0,206,2,8,65,3218340354,2,0,0,0,207,0,46,41,0,1,1,0,54,6,2437,0,0,0,20,evil_twin,evil_twin
1684018756,2006,300,0,1,1,0,0,44,0,207,2,8,65,948707677,2,0,0,0,208,0,221,41,0,1,1,0,54,6,2437,0,0,0,20,evil_twin,evil_twin
1684018756,2022,299,0,1,1,0,0,44,0,208,2,8,65,3421385046,2,0,0,0,209,0,220,41,0,1,1,0,54,6,2437,0,0,0,20,evil_twin,evil_twin
1684018756,2036,301,0,1,1,0,0,44,0,209,2,8,65,1648161038,2,0,0,0,210,0,222,41,0,1,1,0,54,6,2437,0,0,0,20,evil_twin,evil_twin
1684018756,2060,299,0,1,1,0,0,44,0,210,2,8,65,2255828634,2,0,0,0,211,0,220,41,0,1,1,0,54,6,2437,0,0,0,20,evil_twin,evil_twin
1684018757,2075,299,0,1,1,0,0,44,0,211,2,8,65,2924212972,2,0,0,0,212,0,220,41,0,1,1,0,54,6,2437,0,0,0,20,evil_twin,evil_twin
1684018757,2091,299,0,1,1,0,0,44,0,212,2,8,65,740250232,2,0,0,0,213,0,220,41,0,1,1,0,54,6,2437,0,0,0,20,evil_twin,evil_twin
1684018757,2104,299,0,1,1,0,0,44,0,213,2,8,65,3632395732,2,0,0,0,214,0,220,41,0,1,1,0,54,6,2437,0,0,0,20,evil_twin,evil_twin
1684018757,2139,300,0,1,1,0,0,44,0,214,2,8,65,1659786644,2,0,0,0,215,0,221,41,0,1,1,0,54,6,2437,0,0,0,20,evil_twin,evil_twin
1684018757,2164,299,0,1,1,0,0,44,0,215,2,8,65,1385207195,2,0,0,0,216,0,220,41,0,1,1,0,54,6,2437,0,0,0,20,evil_twin,evil_twin
1684018757,2176,299,0,1,1,0,0,44,0,216,2,8,65,956022365,2,0,0,0,217,0,220,41,0,1,1,0,54,6,2437,0,0,0,20,evil_twin,evil_twin
1684018757,2178,299,0,1,1,0,0,44,0,216,2,8,73,730393032,2,0,0,0,217,0,220,41,0,1,1,0,54,6,2437,0,0,0,20,evil_twin,evil_twin
1684018757,2211,299,0,1,1,0,0,44,0,217,2,8,65,3256213843,2,0,0,0,218,0,220,41,0,1,1,0,54,6,2437,0,0,0,20,evil_twin,evil_twin
1684018757,2226,300,0,1,1,0,0,44,0,218,2,8,65,2502047584,2,0,0,0,219,0,221,41,0,1,1,0,54,6,2437,0,0,0,20,evil_twin,evil_twin
1684018757,2256,299,0,1,1,0,0,44,0,219,2,8,65,2163298405,2,0,0,0,220,0,220,41,0,1,1,0,54,6,2437,0,0,0,20,evil_twin,evil_twin
1684018757,2294,299,0,1,1,0,0,44,0,220,2,8,65,1644814761,2,0,0,0,221,0,220,41,0,1,1,0,54,6,2437,0,0,0,20,evil_twin,evil_twin
1684018758,2308,298,0,1,1,0,0,44,0,221,2,8,65,151838897,2,0,0,0,222,0,219,41,0,1,1,0,54,6,2437,0,0,0,20,evil_twin,evil_twin
1684018758,2321,298,0,1,1,0,0,44,0,222,2,8,65,564412862,2,0,0,0,223,0,219,41,0,1,1,0,54,6,2437,0,0,0,20,evil_twin,evil_twin
1684018758,2333,299,0,1,1,0,0,44,0,223,2,8,65,2812006236,2,0,0,0,224,0,220,41,0,1,1,0,54,6,2437,0,0,0,20,evil_twin,evil_twin
1684018758,2344,299,0,1,1,0,0,44,0,224,2,8,65,3729902738,2,0,0,0,225,0,220,41,0,1,1,0,54,6,2437,0,0,0,20,evil_twin,evil_twin
1684018758,2358,300,0,1,1,0,0,44,0,225,2,8,65,874073624,2,0,0,0,226,0,221,41,0,1,1,0,54,6,2437,0,0,0,20,evil_twin,evil_twin
1684018758,2371,299,0,1,1,0,0,44,0,226,2,8,65,2491168097,2,0,0,0,227,0,220,41,0,1,1,0,54,6,2437,0,0,0,20,evil_twin,evil_twin
1684018758,2384,302,0,1,1,0,0,44,0,227,2,8,65,3863860372,2,0,0,0,228,0,223,41,0,1,1,0,54,6,2437,0,0,0,20,evil_twin,evil_twin
1684018758,2396,298,0,1,1,0,0,44,0,228,2,8,65,701232099,2,0,0,0,229,0,219,41,0,1,1,0,54,6,2437,0,0,0,20,evil_twin,evil_twin
1684018758,2399,125,0,1,1,0,0,44,0,229,2,8,65,1613704416,2,0,0,0,230,0,46,41,0,1,1,0,54,6,2437,0,0,0,20,evil_twin,evil_twin
1684018758,2415,299,0,1,1,0,0,44,0,230,2,8,65,4213822783,2,0,0,0,231,0,220,41,0,1,1,0,54,6,2437,0,0,0,20,evil_twin,evil_twin
1684018758,2428,298,0,1,1,0,0,44,0,231,2,8,65,3780856170,2,0,0,0,232,0,219,41,0,1,1,0,54,6,2437,0,0,0,20,evil_twin,evil_twin
1684018759,2447,297,0,1,1,0,0,44,0,232,2,8,65,2793110967,2,0,0,0,233,0,218,41,0,1,1,0,54,6,2437,0,0,0,20,evil_twin,evil_twin
1684018759,2460,298,0,1,1,0,0,44,0,233,2,8,65,1450440396,2,0,0,0,234,0,219,41,0,1,1,0,54,6,2437,0,0,0,20,evil_twin,evil_twin
1684018759,2474,299,0,1,1,0,0,44,0,234,2,8,65,1937045979,2,0,0,0,235,0,220,41,0,1,1,0,54,6,2437,0,0,0,20,evil_twin,evil_twin
1684018759,2484,297,0,1,1,0,0,44,0,235,2,8,65,3995376556,2,0,0,0,236,0,218,41,0,1,1,0,54,6,2437,0,0,0,20,evil_twin,evil_twin
1684018759,2500,298,0,1,1,0,0,44,0,236,2,8,65,3665134329,2,0,0,0,237,0,219,41,0,1,1,0,54,6,2437,0,0,0,20,evil_twin,evil_twin
1684018759,2513,298,0,1,1,0,0,44,0,237,2,8,65,3874722763,2,0,0,0,238,0,219,41,0,1,1,0,54,6,2437,0,0,0,20,evil_twin,evil_twin
1684018759,2526,297,0,1,1,0,0,44,0,238,2,8,65,1970340638,2,0,0,0,239,0,218,41,0,1,1,0,54,6,2437,0,0,0,20,evil_twin,evil_twin
1684018759,2543,297,0,1,1,0,0,44,0,239,2,8,65,565874465,2,0,0,0,240,0,218,41,0,1,1,0,54,6,2437,0,0,0,20,evil_twin,evil_twin
1684018759,2555,141,1,0,0,1,0,44,0,10,2,8,66,3988909342,2,0,0,0,13,0,62,41,0,1,1,0,54,6,2437,0,0,0,20,evil_twin,evil_twin
1684018759,2559,296,0,1,1,0,0,44,0,240,2,8,65,2592487264,2,0,0,0,241,0,217,41,0,1,1,0,54,6,2437,0,0,0,20,evil_twin,evil_twin
1684018759,2571,298,0,1,1,0,0,44,0,241,2,8,65,1531084430,2,0,0,0,242,0,219,41,0,1,1,0,54,6,2437,0,0,0,20,evil_twin,evil_twin
1684018760,2595,297,0,1,1,0,0,44,0,243,2,8,65,1157247470,2,0,0,0,244,0,218,41,0,1,1,0,54,6,2437,0,0,0,20,evil_twin,evil_twin
1684018760,2608,296,0,1,1,0,0,44,0,244,2,8,65,4286991900,2,0,0,0,245,0,217,41,0,1,1,0,54,6,2437,0,0,0,20,evil_twin,evil_twin
1684018760,2612,141,1,0,0,1,0,44,0,11,2,8,66,761429274,2,0,0,0,14,0,62,41,0,1,1,0,54,6,2437,0,0,0,20,evil_twin,evil_twin
1684018760,2623,296,0,1,1,0,0,44,0,245,2,8,65,259077482,2,0,0,0,246,0,217,41,0,1,1,0,54,6,2437,0,0,0,20,evil_twin,evil_twin
1684018760,2637,296,0,1,1,0,0,44,0,246,2,8,65,3729909881,2,0,0,0,247,0,217,41,0,1,1,0,54,6,2437,0,0,0,20,evil_twin,evil_twin
1684018760,2659,300,0,1,1,0,0,44,0,247,2,8,65,678458654,2,0,0,0,248,0,221,41,0,1,1,0,54,6,2437,0,0,0,20,evil_twin,evil_twin
1684018760,2676,297,0,1,1,0,0,44,0,249,2,8,65,1793440749,2,0,0,0,250,0,218,41,0,1,1,0,54,6,2437,0,0,0,20,evil_twin,evil_twin
1684018760,2681,297,0,1,1,0,0,44,0,250,2,8,65,2823867083,2,0,0,0,251,0,218,41,0,1,1,0,54,6,2437,0,0,0,20,evil_twin,evil_twin
1684018760,2694,297,0,1,1,0,0,44,0,251,2,8,65,3956698411,2,0,0,0,252,0,218,41,0,1,1,0,54,6,2437,0,0,0,20,evil_twin,evil_twin
1684018761,2729,295,0,1,1,0,0,44,0,252,2,8,65,243029594,2,0,0,0,253,0,216,41,0,1,1,0,54,6,2437,0,0,0,20,evil_twin,evil_twin
1684018761,2748,297,0,1,1,0,0,44,0,253,2,8,65,2046168945,2,0,0,0,254,0,218,41,0,1,1,0,54,6,2437,0,0,0,20,evil_twin,evil_twin
1684018761,2762,297,0,1,1,0,0,44,0,254,2,8,65,1248196127,2,0,0,0,255,0,218,41,0,1,1,0,54,6,2437,0,0,0,20,evil_twin,evil_twin
1684018761,2774,296,0,1,1,0,0,44,0,255,2,8,65,2048277572,2,0,0,0,256,0,217,41,0,1,1,0,54,6,2437,0,0,0,20,evil_twin,evil_twin
1684018761,2794,299,0,1,1,0,0,44,0,256,2,8,65,895473902,2,0,0,0,257,0,220,41,0,1,1,0,54,6,2437,0,0,0,20,evil_twin,evil_twin
1684018761,2807,297,0,1,1,0,0,44,0,257,2,8,65,1123031903,2,0,0,0,258,0,218,41,0,1,1,0,54,6,2437,0,0,0,20,evil_twin,evil_twin
1684018761,2820,296,0,1,1,0,0,44,0,258,2,8,65,3480068277,2,0,0,0,259,0,217,41,0,1,1,0,54,6,2437,0,0,0,20,evil_twin,evil_twin
1684018761,2833,296,0,1,1,0,0,44,0,259,2,8,65,4238719625,2,0,0,0,260,0,217,41,0,1,1,0,54,6,2437,0,0,0,20,evil_twin,evil_twin
1684018761,2846,296,0,1,1,0,0,44,0,260,2,8,65,3883708113,2,0,0,0,261,0,217,41,0,1,1,0,54,6,2437,0,0,0,20,evil_twin,evil_twin
1684018761,2859,296,0,1,1,0,0,44,0,261,2,8,65,3651154196,2,0,0,0,262,0,217,41,0,1,1,0,54,6,2437,0,0,0,20,evil_twin,evil_twin
1684018762,2874,296,0,1,1,0,0,44,0,262,2,8,65,3915085405,2,0,0,0,263,0,217,41,0,1,1,0,54,6,2437,0,0,0,20,evil_twin,evil_twin
1684018762,2888,296,0,1,1,0,0,44,0,263,2,8,65,1178573332,2,0,0,0,264,0,217,41,0,1,1,0,54,6,2437,0,0,0,20,evil_twin,evil_twin
1684018762,2927,296,0,1,1,0,0,44,0,264,2,8,65,1744764333,2,0,0,0,265,0,217,41,0,1,1,0,54,6,2437,0,0,0,20,evil_twin,evil_twin
1684018762,2955,296,0,1,1,0,0,44,0,265,2,8,65,951347988,2,0,0,0,266,0,217,41,0,1,1,0,54,6,2437,0,0,0,20,evil_twin,evil_twin
1684018762,2982,297,0,1,1,0,0,44,0,266,2,8,65,209061223,2,0,0,0,267,0,218,41,0,1,1,0,54,6,2437,0,0,0,20,evil_twin,evil_twin
1684018762,3004,296,0,1,1,0,0,44,0,267,2,8,65,2898151562,2,0,0,0,268,0,217,41,0,1,1,0,54,6,2437,0,0,0,20,evil_twin,evil_twin
1684018762,3015,125,0,1,1,0,0,44,0,268,2,8,65,2928117515,2,0,0,0,269,0,46,41,0,1,1,0,54,6,2437,0,0,0,20,evil_twin,evil_twin
1684018762,3021,141,1,0,0,1,0,44,0,12,2,8,66,971937326,2,0,0,0,15,0,62,41,0,1,1,0,54,6,2437,0,0,0,20,evil_twin,evil_twin
1684018762,3026,297,0,1,1,0,0,44,0,269,2,8,65,1712834069,2,0,0,0,270,0,218,41,0,1,1,0,54,6,2437,0,0,0,20,evil_twin,evil_twin
1684018762,3039,298,0,1,1,0,0,44,0,270,2,8,65,340151150,2,0,0,0,271,0,219,41,0,1,1,0,54,6,2437,0,0,0,20,evil_twin,evil_twin
1684018762,3052,298,0,1,1,0,0,44,0,271,2,8,65,428434926,2,0,0,0,272,0,219,41,0,1,1,0,54,6,2437,0,0,0,20,evil_twin,evil_twin
1684018763,3066,299,0,1,1,0,0,44,0,272,2,8,65,4110188287,2,0,0,0,273,0,220,41,0,1,1,0,54,6,2437,0,0,0,20,evil_twin,evil_twin
1684018763,3114,299,0,1,1,0,0,44,0,276,2,8,65,3939896734,2,0,0,0,277,0,220,41,0,1,1,0,54,6,2437,0,0,0,20,evil_twin,evil_twin
1684018763,3140,297,0,1,1,0,0,44,0,278,2,8,65,3838315965,2,0,0,0,279,0,218,41,0,1,1,0,54,6,2437,0,0,0,20,evil_twin,evil_twin
1684018763,3153,300,0,1,1,0,0,44,0,279,2,8,65,4045675518,2,0,0,0,280,0,221,41,0,1,1,0,54,6,2437,0,0,0,20,evil_twin,evil_twin
1684018763,3166,299,0,1,1,0,0,44,0,280,2,8,65,1569593074,2,0,0,0,281,0,220,41,0,1,1,0,54,6,2437,0,0,0,20,evil_twin,evil_twin
1684018763,3178,299,0,1,1,0,0,44,0,281,2,8,65,3242277623,2,0,0,0,282,0,220,41,0,1,1,0,54,6,2437,0,0,0,20,evil_twin,evil_twin
1684018763,3190,298,0,1,1,0,0,44,0,282,2,8,65,411929448,2,0,0,0,283,0,219,41,0,1,1,0,54,6,2437,0,0,0,20,evil_twin,evil_twin
1684018764,3204,302,0,1,1,0,0,44,0,283,2,8,65,1938121802,2,0,0,0,284,0,223,41,0,1,1,0,54,6,2437,0,0,0,20,evil_twin,evil_twin
1684018764,3220,302,0,1,1,0,0,44,0,284,2,8,65,3285357281,2,0,0,0,285,0,223,41,0,1,1,0,54,6,2437,0,0,0,20,evil_twin,evil_twin
1684018764,3236,300,0,1,1,0,0,44,0,285,2,8,65,35258541,2,0,0,0,286,0,221,41,0,1,1,0,54,6,2437,0,0,0,20,evil_twin,evil_twin
1684018764,3254,298,0,1,1,0,0,44,0,286,2,8,65,1572712077,2,0,0,0,287,0,219,41,0,1,1,0,54,6,2437,0,0,0,20,evil_twin,evil_twin
1684018764,3267,298,0,1,1,0,0,44,0,287,2,8,65,1568628897,2,0,0,0,288,0,219,41,0,1,1,0,54,6,2437,0,0,0,20,evil_twin,evil_twin
1684018764,3282,299,0,1,1,0,0,44,0,288,2,8,65,3743166572,2,0,0,0,289,0,220,41,0,1,1,0,54,6,2437,0,0,0,20,evil_twin,evil_twin
1684018764,3294,299,0,1,1,0,0,44,0,289,2,8,65,2424364453,2,0,0,0,290,0,220,41,0,1,1,0,54,6,2437,0,0,0,20,evil_twin,evil_twin
1684018764,3308,300,0,1,1,0,0,44,0,290,2,8,65,1157377726,2,0,0,0,291,0,221,41,0,1,1,0,54,6,2437,0,0,0,20,evil_twin,evil_twin
1684018764,3321,300,0,1,1,0,0,44,0,291,2,8,65,1116571534,2,0,0,0,292,0,221,41,0,1,1,0,54,6,2437,0,0,0,20,evil_twin,evil_twin
1684018764,3335,299,0,1,1,0,0,44,0,292,2,8,65,275561058,2,0,0,0,293,0,220,41,0,1,1,0,54,6,2437,0,0,0,20,evil_twin,evil_twin
1684018765,3366,298,0,1,1,0,0,44,0,293,2,8,65,653729078,2,0,0,0,294,0,219,41,0,1,1,0,54,6,2437,0,0,0,20,evil_twin,evil_twin
1684018765,3388,297,0,1,1,0,0,44,0,294,2,8,65,3225297830,2,0,0,0,295,0,218,41,0,1,1,0,54,6,2437,0,0,0,20,evil_twin,evil_twin
1684018765,3402,299,0,1,1,0,0,44,0,295,2,8,65,844720124,2,0,0,0,296,0,220,41,0,1,1,0,54,6,2437,0,0,0,20,evil_twin,evil_twin
1684018765,3423,299,0,1,1,0,0,44,0,297,2,8,65,3603676088,2,0,0,0,298,0,220,41,0,1,1,0,54,6,2437,0,0,0,20,evil_twin,evil_twin
1684018765,3436,300,0,1,1,0,0,44,0,298,2,8,65,2630617199,2,0,0,0,299,0,221,41,0,1,1,0,54,6,2437,0,0,0,20,evil_twin,evil_twin
1684018765,3452,299,0,1,1,0,0,44,0,299,2,8,65,1946535321,2,0,0,0,300,0,220,41,0,1,1,0,54,6,2437,0,0,0,20,evil_twin,evil_twin
1684018765,3459,125,0,1,1,0,0,44,0,300,2,8,65,2118706939,2,0,0,0,301,0,46,41,0,1,1,0,54,6,2437,0,0,0,20,evil_twin,evil_twin
1684018765,3467,297,0,1,1,0,0,44,0,301,2,8,65,1709480387,2,0,0,0,302,0,218,41,0,1,1,0,54,6,2437,0,0,0,20,evil_twin,evil_twin
1684018765,3483,298,0,1,1,0,0,44,0,302,2,8,65,2480895345,2,0,0,0,303,0,219,41,0,1,1,0,54,6,2437,0,0,0,20,evil_twin,evil_twin
1684018765,3488,141,1,0,0,1,0,44,0,13,2,8,66,3105358870,2,0,0,0,16,0,62,41,0,1,1,0,54,6,2437,0,0,0,20,evil_twin,evil_twin
1684018766,3502,298,0,1,1,0,0,44,0,303,2,8,65,2886855843,2,0,0,0,304,0,219,41,0,1,1,0,54,6,2437,0,0,0,20,evil_twin,evil_twin
1684018766,3516,298,0,1,1,0,0,44,0,304,2,8,65,3135122041,2,0,0,0,305,0,219,41,0,1,1,0,54,6,2437,0,0,0,20,evil_twin,evil_twin
1684018766,3530,299,0,1,1,0,0,44,0,305,2,8,65,1378437415,2,0,0,0,306,0,220,41,0,1,1,0,54,6,2437,0,0,0,20,evil_twin,evil_twin
1684018766,3545,300,0,1,1,0,0,44,0,306,2,8,65,1115126583,2,0,0,0,307,0,221,41,0,1,1,0,54,6,2437,0,0,0,20,evil_twin,evil_twin
1684018766,3558,299,0,1,1,0,0,44,0,307,2,8,65,2098761013,2,0,0,0,308,0,220,41,0,1,1,0,54,6,2437,0,0,0,20,evil_twin,evil_twin
1684018766,3571,298,0,1,1,0,0,44,0,308,2,8,65,3549356788,2,0,0,0,309,0,219,41,0,1,1,0,54,6,2437,0,0,0,20,evil_twin,evil_twin
1684018766,3584,299,0,1,1,0,0,44,0,309,2,8,65,4285418542,2,0,0,0,310,0,220,41,0,1,1,0,54,6,2437,0,0,0,20,evil_twin,evil_twin
1684018766,3599,299,0,1,1,0,0,44,0,310,2,8,65,3401293506,2,0,0,0,311,0,220,41,0,1,1,0,54,6,2437,0,0,0,20,evil_twin,evil_twin
1684018766,3617,299,0,1,1,0,0,44,0,311,2,8,65,2193040680,2,0,0,0,312,0,220,41,0,1,1,0,54,6,2437,0,0,0,20,evil_twin,evil_twin
1684018766,3634,301,0,1,1,0,0,44,0,312,2,8,65,2948648432,2,0,0,0,313,0,222,41,0,1,1,0,54,6,2437,0,0,0,20,evil_twin,evil_twin
1684018767,3646,300,0,1,1,0,0,44,0,313,2,8,65,253351784,2,0,0,0,314,0,221,41,0,1,1,0,54,6,2437,0,0,0,20,evil_twin,evil_twin
1684018767,3685,300,0,1,1,0,0,44,0,314,2,8,65,247048740,2,0,0,0,315,0,221,41,0,1,1,0,54,6,2437,0,0,0,20,evil_twin,evil_twin
1684018767,3697,300,0,1,1,0,0,44,0,315,2,8,65,1930769799,2,0,0,0,316,0,221,41,0,1,1,0,54,6,2437,0,0,0,20,evil_twin,evil_twin
1684018767,3712,302,0,1,1,0,0,44,0,316,2,8,65,723197714,2,0,0,0,317,0,223,41,0,1,1,0,54,6,2437,0,0,0,20,evil_twin,evil_twin
1684018767,3733,301,0,1,1,0,0,44,0,317,2,8,65,3987675590,2,0,0,0,318,0,222,41,0,1,1,0,54,6,2437,0,0,0,20,evil_twin,evil_twin
1684018767,3745,298,0,1,1,0,0,44,0,318,2,8,65,2567768370,2,0,0,0,319,0,219,41,0,1,1,0,54,6,2437,0,0,0,20,evil_twin,evil_twin
1684018767,3758,298,0,1,1,0,0,44,0,319,2,8,65,918248432,2,0,0,0,320,0,219,41,0,1,1,0,54,6,2437,0,0,0,20,evil_twin,evil_twin
1684018767,3769,125,0,1,1,0,0,44,0,320,2,8,65,3433847434,2,0,0,0,321,0,46,41,0,1,1,0,54,6,2437,0,0,0,20,evil_twin,evil_twin
1684018767,3775,299,0,1,1,0,0,44,0,321,2,8,65,2821012491,2,0,0,0,322,0,220,41,0,1,1,0,54,6,2437,0,0,0,20,evil_twin,evil_twin
1684018767,3779,141,1,0,0,1,0,44,0,14,2,8,66,4216822795,2,0,0,0,17,0,62,41,0,1,1,0,54,6,2437,0,0,0,20,evil_twin,evil_twin
1684018767,3793,299,0,1,1,0,0,44,0,322,2,8,65,2950477706,2,0,0,0,323,0,220,41,0,1,1,0,54,6,2437,0,0,0,20,evil_twin,evil_twin
1684018767,3802,298,0,1,1,0,0,44,0,323,2,8,65,1733208106,2,0,0,0,324,0,219,41,0,1,1,0,54,6,2437,0,0,0,20,evil_twin,evil_twin
1684018768,3813,296,0,1,1,0,0,44,0,324,2,8,65,1737939305,2,0,0,0,325,0,217,41,0,1,1,0,54,6,2437,0,0,0,20,evil_twin,evil_twin
1684018768,3823,299,0,1,1,0,0,44,0,325,2,8,65,2846261502,2,0,0,0,326,0,220,41,0,1,1,0,54,6,2437,0,0,0,20,evil_twin,evil_twin
1684018768,3836,298,0,1,1,0,0,44,0,326,2,8,65,3921829611,2,0,0,0,327,0,219,41,0,1,1,0,54,6,2437,0,0,0,20,evil_twin,evil_twin
1684018768,3848,297,0,1,1,0,0,44,0,327,2,8,65,2315440286,2,0,0,0,328,0,218,41,0,1,1,0,54,6,2437,0,0,0,20,evil_twin,evil_twin
1684018768,3899,298,0,1,1,0,0,44,0,330,2,8,65,4014737990,2,0,0,0,331,0,219,41,0,1,1,0,54,6,2437,0,0,0,20,evil_twin,evil_twin
1684018768,3935,297,0,1,1,0,0,44,0,331,2,8,65,974413195,2,0,0,0,332,0,218,41,0,1,1,0,54,6,2437,0,0,0,20,evil_twin,evil_twin
1684018768,3959,298,0,1,1,0,0,44,0,332,2,8,65,3854257052,2,0,0,0,333,0,219,41,0,1,1,0,54,6,2437,0,0,0,20,evil_twin,evil_twin
1684018768,3979,297,0,1,1,0,0,44,0,333,2,8,65,197622829,2,0,0,0,334,0,218,41,0,1,1,0,54,6,2437,0,0,0,20,evil_twin,evil_twin
1684018769,3999,298,0,1,1,0,0,44,0,334,2,8,65,211528114,2,0,0,0,335,0,219,41,0,1,1,0,54,6,2437,0,0,0,20,evil_twin,evil_twin
1684018769,4013,299,0,1,1,0,0,44,0,335,2,8,65,3370448451,2,0,0,0,336,0,220,41,0,1,1,0,54,6,2437,0,0,0,20,evil_twin,evil_twin
1684018769,4027,298,0,1,1,0,0,44,0,336,2,8,65,3124104251,2,0,0,0,337,0,219,41,0,1,1,0,54,6,2437,0,0,0,20,evil_twin,evil_twin
1684018769,4043,300,0,1,1,0,0,44,0,337,2,8,65,636594119,2,0,0,0,338,0,221,41,0,1,1,0,54,6,2437,0,0,0,20,evil_twin,evil_twin
1684018769,4055,299,0,1,1,0,0,44,0,338,2,8,65,4073325610,2,0,0,0,339,0,220,41,0,1,1,0,54,6,2437,0,0,0,20,evil_twin,evil_twin
1684018769,4068,299,0,1,1,0,0,44,0,339,2,8,65,2483033456,2,0,0,0,340,0,220,41,0,1,1,0,54,6,2437,0,0,0,20,evil_twin,evil_twin
1684018769,4081,299,0,1,1,0,0,44,0,340,2,8,65,3444186334,2,0,0,0,341,0,220,41,0,1,1,0,54,6,2437,0,0,0,20,evil_twin,evil_twin
1684018769,4092,299,0,1,1,0,0,44,0,341,2,8,65,4252820023,2,0,0,0,342,0,220,41,0,1,1,0,54,6,2437,0,0,0,20,evil_twin,evil_twin
1684018769,4107,125,0,1,1,0,0,44,0,342,2,8,65,3365370761,2,0,0,0,343,0,46,41,0,1,1,0,54,6,2437,0,0,0,20,evil_twin,evil_twin
1684018769,4113,299,0,1,1,0,0,44,0,343,2,8,65,2737438309,2,0,0,0,344,0,220,41,0,1,1,0,54,6,2437,0,0,0,20,evil_twin,evil_twin
1684018769,4116,141,1,0,0,1,0,44,0,15,2,8,66,3312969091,2,0,0,0,18,0,62,41,0,1,1,0,54,6,2437,0,0,0,20,evil_twin,evil_twin
1684018769,4136,300,0,1,1,0,0,44,0,344,2,8,65,1599708173,2,0,0,0,345,0,221,41,0,1,1,0,54,6,2437,0,0,0,20,evil_twin,evil_twin
1684018770,4147,300,0,1,1,0,0,44,0,345,2,8,65,3663236647,2,0,0,0,346,0,221,41,0,1,1,0,54,6,2437,0,0,0,20,evil_twin,evil_twin
1684018770,4162,298,0,1,1,0,0,44,0,346,2,8,65,3175770292,2,0,0,0,347,0,219,41,0,1,1,0,54,6,2437,0,0,0,20,evil_twin,evil_twin
1684018770,4176,300,0,1,1,0,0,44,0,347,2,8,65,2053861260,2,0,0,0,348,0,221,41,0,1,1,0,54,6,2437,0,0,0,20,evil_twin,evil_twin
1684018770,4191,299,0,1,1,0,0,44,0,348,2,8,65,1510006953,2,0,0,0,349,0,220,41,0,1,1,0,54,6,2437,0,0,0,20,evil_twin,evil_twin
1684018770,4204,300,0,1,1,0,0,44,0,349,2,8,65,1133345268,2,0,0,0,350,0,221,41,0,1,1,0,54,6,2437,0,0,0,20,evil_twin,evil_twin
1684018770,4215,301,0,1,1,0,0,44,0,350,2,8,65,2461025261,2,0,0,0,351,0,222,41,0,1,1,0,54,6,2437,0,0,0,20,evil_twin,evil_twin
1684018770,4225,299,0,1,1,0,0,44,0,351,2,8,65,2060402380,2,0,0,0,352,0,220,41,0,1,1,0,54,6,2437,0,0,0,20,evil_twin,evil_twin
1684018770,4240,300,0,1,1,0,0,44,0,352,2,8,65,747094143,2,0,0,0,353,0,221,41,0,1,1,0,54,6,2437,0,0,0,20,evil_twin,evil_twin
1684018770,4254,299,0,1,1,0,0,44,0,353,2,8,65,1262101793,2,0,0,0,354,0,220,41,0,1,1,0,54,6,2437,0,0,0,20,evil_twin,evil_twin
1684018770,4265,300,0,1,1,0,0,44,0,354,2,8,65,1951591897,2,0,0,0,355,0,221,41,0,1,1,0,54,6,2437,0,0,0,20,evil_twin,evil_twin
1684018771,4275,299,0,1,1,0,0,44,0,355,2,8,65,3999660664,2,0,0,0,356,0,220,41,0,1,1,0,54,6,2437,0,0,0,20,evil_twin,evil_twin
1684018771,4292,299,0,1,1,0,0,44,0,356,2,8,65,390341288,2,0,0,0,357,0,220,41,0,1,1,0,54,6,2437,0,0,0,20,evil_twin,evil_twin
1684018771,4306,299,0,1,1,0,0,44,0,357,2,8,65,1595929249,2,0,0,0,358,0,220,41,0,1,1,0,54,6,2437,0,0,0,20,evil_twin,evil_twin
1684018771,4318,299,0,1,1,0,0,44,0,358,2,8,65,4058927642,2,0,0,0,359,0,220,41,0,1,1,0,54,6,2437,0,0,0,20,evil_twin,evil_twin
1684018771,4335,299,0,1,1,0,0,44,0,359,2,8,65,357966772,2,0,0,0,360,0,220,41,0,1,1,0,54,6,2437,0,0,0,20,evil_twin,evil_twin
1684018771,4350,300,0,1,1,0,0,44,0,360,2,8,65,2854035290,2,0,0,0,361,0,221,41,0,1,1,0,54,6,2437,0,0,0,20,evil_twin,evil_twin
1684018771,4362,300,0,1,1,0,0,44,0,361,2,8,65,2318922353,2,0,0,0,362,0,221,41,0,1,1,0,54,6,2437,0,0,0,20,evil_twin,evil_twin
1684018771,4375,300,0,1,1,0,0,44,0,362,2,8,65,4154816830,2,0,0,0,363,0,221,41,0,1,1,0,54,6,2437,0,0,0,20,evil_twin,evil_twin
1684018771,4389,300,0,1,1,0,0,44,0,363,2,8,65,4224464393,2,0,0,0,364,0,221,41,0,1,1,0,54,6,2437,0,0,0,20,evil_twin,evil_twin
1684018771,4402,300,0,1,1,0,0,44,0,364,2,8,65,3902803257,2,0,0,0,365,0,221,41,0,1,1,0,54,6,2437,0,0,0,20,evil_twin,evil_twin
1684018772,4414,300,0,1,1,0,0,44,0,365,2,8,65,949662118,2,0,0,0,366,0,221,41,0,1,1,0,54,6,2437,0,0,0,20,evil_twin,evil_twin
1684018772,4418,125,0,1,1,0,0,44,0,366,2,8,65,2025373838,2,0,0,0,367,0,46,41,0,1,1,0,54,6,2437,0,0,0,20,evil_twin,evil_twin
1684018772,4430,300,0,1,1,0,0,44,0,367,2,8,65,2035328127,2,0,0,0,368,0,221,41,0,1,1,0,54,6,2437,0,0,0,20,evil_twin,evil_twin
1684018772,4442,298,0,1,1,0,0,44,0,368,2,8,65,4262786287,2,0,0,0,369,0,219,41,0,1,1,0,54,6,2437,0,0,0,20,evil_twin,evil_twin
1684018772,4456,299,0,1,1,0,0,44,0,369,2,8,65,685114074,2,0,0,0,370,0,220,41,0,1,1,0,54,6,2437,0,0,0,20,evil_twin,evil_twin
1684018772,4470,298,0,1,1,0,0,44,0,370,2,8,65,561297862,2,0,0,0,371,0,219,41,0,1,1,0,54,6,2437,0,0,0,20,evil_twin,evil_twin
1684018772,4487,299,0,1,1,0,0,44,0,371,2,8,65,1347408423,2,0,0,0,372,0,220,41,0,1,1,0,54,6,2437,0,0,0,20,evil_twin,evil_twin
1684018772,4495,141,1,0,0,1,0,44,0,16,2,8,66,1618466664,2,0,0,0,19,0,62,41,0,1,1,0,54,6,2437,0,0,0,20,evil_twin,evil_twin
1684018772,4508,298,0,1,1,0,0,44,0,372,2,8,65,99083868,2,0,0,0,373,0,219,41,0,1,1,0,54,6,2437,0,0,0,20,evil_twin,evil_twin
1684018772,4517,301,0,1,1,0,0,44,0,373,2,8,65,1300813257,2,0,0,0,374,0,222,41,0,1,1,0,54,6,2437,0,0,0,20,evil_twin,evil_twin
1684018772,4530,299,0,1,1,0,0,44,0,374,2,8,65,4155018319,2,0,0,0,375,0,220,41,0,1,1,0,54,6,2437,0,0,0,20,evil_twin,evil_twin
1684018772,4543,301,0,1,1,0,0,44,0,375,2,8,65,2430715618,2,0,0,0,376,0,222,41,0,1,1,0,54,6,2437,0,0,0,20,evil_twin,evil_twin
1684018773,4558,302,0,1,1,0,0,44,0,376,2,8,65,406530005,2,0,0,0,377,0,223,41,0,1,1,0,54,6,2437,0,0,0,20,evil_twin,evil_twin
1684018773,4571,300,0,1,1,0,0,44,0,377,2,8,65,2656535219,2,0,0,0,378,0,221,41,0,1,1,0,54,6,2437,0,0,0,20,evil_twin,evil_twin
1684018773,4582,299,0,1,1,0,0,44,0,378,2,8,65,4160822167,2,0,0,0,379,0,220,41,0,1,1,0,54,6,2437,0,0,0,20,evil_twin,evil_twin
1684018773,4596,299,0,1,1,0,0,44,0,379,2,8,65,95418719,2,0,0,0,380,0,220,41,0,1,1,0,54,6,2437,0,0,0,20,evil_twin,evil_twin
1684018773,4608,298,0,1,1,0,0,44,0,380,2,8,65,932286203,2,0,0,0,381,0,219,41,0,1,1,0,54,6,2437,0,0,0,20,evil_twin,evil_twin
1684018773,4622,298,0,1,1,0,0,44,0,381,2,8,65,2262332292,2,0,0,0,382,0,219,41,0,1,1,0,54,6,2437,0,0,0,20,evil_twin,evil_twin
1684018773,4635,298,0,1,1,0,0,44,0,382,2,8,65,65100474,2,0,0,0,383,0,219,41,0,1,1,0,54,6,2437,0,0,0,20,evil_twin,evil_twin
1684018773,4647,298,0,1,1,0,0,44,0,383,2,8,65,3208346340,2,0,0,0,384,0,219,41,0,1,1,0,54,6,2437,0,0,0,20,evil_twin,evil_twin
1684018773,4663,297,0,1,1,0,0,44,0,384,2,8,65,2871665089,2,0,0,0,385,0,218,41,0,1,1,0,54,6,2437,0,0,0,20,evil_twin,evil_twin
1684018773,4676,299,0,1,1,0,0,44,0,385,2,8,65,2985134485,2,0,0,0,386,0,220,41,0,1,1,0,54,6,2437,0,0,0,20,evil_twin,evil_twin
1684018774,4689,299,0,1,1,0,0,44,0,386,2,8,65,2568714850,2,0,0,0,387,0,220,41,0,1,1,0,54,6,2437,0,0,0,20,evil_twin,evil_twin
1684018774,4701,300,0,1,1,0,0,44,0,387,2,8,65,871394221,2,0,0,0,388,0,221,41,0,1,1,0,54,6,2437,0,0,0,20,evil_twin,evil_twin
1684018774,4714,301,0,1,1,0,0,44,0,388,2,8,65,1236550894,2,0,0,0,389,0,222,41,0,1,1,0,54,6,2437,0,0,0,20,evil_twin,evil_twin
1684018774,4732,299,0,1,1,0,0,44,0,389,2,8,65,1161516500,2,0,0,0,390,0,220,41,0,1,1,0,54,6,2437,0,0,0,20,evil_twin,evil_twin
1684018774,4758,299,0,1,1,0,0,44,0,390,2,8,65,1978438293,2,0,0,0,391,0,220,41,0,1,1,0,54,6,2437,0,0,0,20,evil_twin,evil_twin
1684018774,4775,299,0,1,1,0,0,44,0,391,2,8,65,2130355393,2,0,0,0,392,0,220,41,0,1,1,0,54,6,2437,0,0,0,20,evil_twin,evil_twin
1684018774,4786,297,0,1,1,0,0,44,0,392,2,8,65,2629239068,2,0,0,0,393,0,218,41,0,1,1,0,54,6,2437,0,0,0,20,evil_twin,evil_twin
1684018774,4804,125,0,1,1,0,0,44,0,393,2,8,65,1200554521,2,0,0,0,394,0,46,41,0,1,1,0,54,6,2437,0,0,0,20,evil_twin,evil_twin
1684018774,4807,299,0,1,1,0,0,44,0,394,2,8,65,2782027402,2,0,0,0,395,0,220,41,0,1,1,0,54,6,2437,0,0,0,20,evil_twin,evil_twin
1684018774,4816,141,1,0,0,1,0,44,0,17,2,8,66,4164217848,2,0,0,0,20,0,62,41,0,1,1,0,54,6,2437,0,0,0,20,evil_twin,evil_twin
1684018774,4836,298,0,1,1,0,0,44,0,395,2,8,65,398249697,2,0,0,0,396,0,219,41,0,1,1,0,54,6,2437,0,0,0,20,evil_twin,evil_twin
1684018774,4851,298,0,1,1,0,0,44,0,396,2,8,65,1407289186,2,0,0,0,397,0,219,41,0,1,1,0,54,6,2437,0,0,0,20,evil_twin,evil_twin
1684018775,4868,299,0,1,1,0,0,44,0,397,2,8,65,340193829,2,0,0,0,398,0,220,41,0,1,1,0,54,6,2437,0,0,0,20,evil_twin,evil_twin
1684018775,4898,300,0,1,1,0,0,44,0,398,2,8,65,4145861631,2,0,0,0,399,0,221,41,0,1,1,0,54,6,2437,0,0,0,20,evil_twin,evil_twin
1684018775,4911,300,0,1,1,0,0,44,0,399,2,8,65,1536938602,2,0,0,0,400,0,221,41,0,1,1,0,54,6,2437,0,0,0,20,evil_twin,evil_twin
1684018775,4931,300,0,1,1,0,0,44,0,400,2,8,65,2955153069,2,0,0,0,401,0,221,41,0,1,1,0,54,6,2437,0,0,0,20,evil_twin,evil_twin
1684018775,4952,299,0,1,1,0,0,44,0,401,2,8,65,3777793318,2,0,0,0,402,0,220,41,0,1,1,0,54,6,2437,0,0,0,20,evil_twin,evil_twin
1684018775,4983,298,0,1,1,0,0,44,0,402,2,8,65,2602596836,2,0,0,0,403,0,219,41,0,1,1,0,54,6,2437,0,0,0,20,evil_twin,evil_twin
1684018775,5033,299,0,1,1,0,0,44,0,403,2,8,65,1216625393,2,0,0,0,404,0,220,41,0,1,1,0,54,6,2437,0,0,0,20,evil_twin,evil_twin
1684018775,5079,299,0,1,1,0,0,44,0,404,2,8,65,865904129,2,0,0,0,405,0,220,41,0,1,1,0,54,6,2437,0,0,0,20,evil_twin,evil_twin
1684018775,5119,300,0,1,1,0,0,44,0,405,2,8,65,3422841501,2,0,0,0,406,0,221,41,0,1,1,0,54,6,2437,0,0,0,20,evil_twin,evil_twin
1684018775,5158,301,0,1,1,0,0,44,0,406,2,8,65,3676665013,2,0,0,0,407,0,222,41,0,1,1,0,54,6,2437,0,0,0,20,evil_twin,evil_twin
1684018776,5180,299,0,1,1,0,0,44,0,407,2,8,65,877947961,2,0,0,0,408,0,220,41,0,1,1,0,54,6,2437,0,0,0,20,evil_twin,evil_twin
1684018776,5204,299,0,1,1,0,0,44,0,408,2,8,65,2860547539,2,0,0,0,409,0,220,41,0,1,1,0,54,6,2437,0,0,0,20,evil_twin,evil_twin
1684018776,5233,300,0,1,1,0,0,44,0,409,2,8,65,3544367420,2,0,0,0,410,0,221,41,0,1,1,0,54,6,2437,0,0,0,20,evil_twin,evil_twin
1684018776,5265,299,0,1,1,0,0,44,0,410,2,8,65,1957108934,2,0,0,0,411,0,220,41,0,1,1,0,54,6,2437,0,0,0,20,evil_twin,evil_twin
1684018776,5307,300,0,1,1,0,0,44,0,411,2,8,65,4228621351,2,0,0,0,412,0,221,41,0,1,1,0,54,6,2437,0,0,0,20,evil_twin,evil_twin
1684018776,5337,300,0,1,1,0,0,44,0,412,2,8,65,496272543,2,0,0,0,413,0,221,41,0,1,1,0,54,6,2437,0,0,0,20,evil_twin,evil_twin
1684018776,5352,298,0,1,1,0,0,44,0,413,2,8,65,4144370489,2,0,0,0,414,0,219,41,0,1,1,0,54,6,2437,0,0,0,20,evil_twin,evil_twin
1684018776,5369,299,0,1,1,0,0,44,0,414,2,8,65,3127300426,2,0,0,0,415,0,220,41,0,1,1,0,54,6,2437,0,0,0,20,evil_twin,evil_twin
1684018776,5381,298,0,1,1,0,0,44,0,415,2,8,65,1725341238,2,0,0,0,416,0,219,41,0,1,1,0,54,6,2437,0,0,0,20,evil_twin,evil_twin
1684018776,5396,299,0,1,1,0,0,44,0,416,2,8,65,4244047125,2,0,0,0,417,0,220,41,0,1,1,0,54,6,2437,0,0,0,20,evil_twin,evil_twin
1684018777,5410,297,0,1,1,0,0,44,0,417,2,8,65,961412869,2,0,0,0,418,0,218,41,0,1,1,0,54,6,2437,0,0,0,20,evil_twin,evil_twin
1684018777,5424,299,0,1,1,0,0,44,0,418,2,8,65,2256427801,2,0,0,0,419,0,220,41,0,1,1,0,54,6,2437,0,0,0,20,evil_twin,evil_twin
1684018777,5427,299,0,1,1,0,0,44,0,418,2,8,73,2500660364,2,0,0,0,419,0,220,41,0,1,1,0,54,6,2437,0,0,0,20,evil_twin,evil_twin
1684018777,5439,141,1,0,0,1,0,44,0,18,2,8,66,2638605297,2,0,0,0,21,0,62,41,0,1,1,0,54,6,2437,0,0,0,20,evil_twin,evil_twin
1684018777,5444,141,0,1,1,0,0,44,0,419,2,8,73,2151919908,2,0,0,0,420,0,62,41,0,1,1,0,48,6,2437,0,0,0,20,evil_twin,evil_twin
1684018777,5455,298,0,1,1,0,0,44,0,420,2,8,65,2391464217,2,0,0,0,421,0,219,41,0,1,1,0,54,6,2437,0,0,0,20,evil_twin,evil_twin
1684018777,5482,299,0,1,1,0,0,44,0,421,2,8,65,2600440968,2,0,0,0,422,0,220,41,0,1,1,0,54,6,2437,0,0,0,20,evil_twin,evil_twin
1684018777,5494,300,0,1,1,0,0,44,0,422,2,8,65,336182059,2,0,0,0,423,0,221,41,0,1,1,0,54,6,2437,0,0,0,20,evil_twin,evil_twin
1684018777,5511,299,0,1,1,0,0,44,0,423,2,8,65,257141657,2,0,0,0,424,0,220,41,0,1,1,0,54,6,2437,0,0,0,20,evil_twin,evil_twin
1684018777,5513,299,0,1,1,0,0,44,0,423,2,8,73,471923724,2,0,0,0,424,0,220,41,0,1,1,0,54,6,2437,0,0,0,20,evil_twin,evil_twin
1684018777,5543,300,0,1,1,0,0,44,0,424,2,8,65,3476519490,2,0,0,0,425,0,221,41,0,1,1,0,54,6,2437,0,0,0,20,evil_twin,evil_twin
1684018777,5567,125,0,1,1,0,0,44,0,425,2,8,65,2784639115,2,0,0,0,426,0,46,41,0,1,1,0,54,6,2437,0,0,0,20,evil_twin,evil_twin
1684018777,5577,298,0,1,1,0,0,44,0,426,2,8,65,2315986698,2,0,0,0,427,0,219,41,0,1,1,0,54,6,2437,0,0,0,20,evil_twin,evil_twin
1684018777,5591,297,0,1,1,0,0,44,0,427,2,8,65,2517166460,2,0,0,0,428,0,218,41,0,1,1,0,54,6,2437,0,0,0,20,evil_twin,evil_twin
1684018778,5605,299,0,1,1,0,0,44,0,428,2,8,65,3665445408,2,0,0,0,429,0,220,41,0,1,1,0,54,6,2437,0,0,0,20,evil_twin,evil_twin
1684018778,5613,297,0,1,1,0,0,44,0,429,2,8,65,2682381193,2,0,0,0,430,0,218,41,0,1,1,0,54,6,2437,0,0,0,20,evil_twin,evil_twin
1684018778,5626,298,0,1,1,0,0,44,0,430,2,8,65,2587400262,2,0,0,0,431,0,219,41,0,1,1,0,54,6,2437,0,0,0,20,evil_twin,evil_twin
1684018778,5639,300,0,1,1,0,0,44,0,431,2,8,65,2398177746,2,0,0,0,432,0,221,41,0,1,1,0,54,6,2437,0,0,0,20,evil_twin,evil_twin
1684018778,5649,299,0,1,1,0,0,44,0,432,2,8,65,292549192,2,0,0,0,433,0,220,41,0,1,1,0,54,6,2437,0,0,0,20,evil_twin,evil_twin
1684018778,5665,298,0,1,1,0,0,44,0,433,2,8,65,1854126167,2,0,0,0,434,0,219,41,0,1,1,0,54,6,2437,0,0,0,20,evil_twin,evil_twin
1684018778,5701,298,0,1,1,0,0,44,0,434,2,8,65,742386231,2,0,0,0,435,0,219,41,0,1,1,0,54,6,2437,0,0,0,20,evil_twin,evil_twin
1684018778,5716,298,0,1,1,0,0,44,0,435,2,8,65,3279143090,2,0,0,0,436,0,219,41,0,1,1,0,54,6,2437,0,0,0,20,evil_twin,evil_twin
1684018778,5729,300,0,1,1,0,0,44,0,436,2,8,65,90837652,2,0,0,0,437,0,221,41,0,1,1,0,54,6,2437,0,0,0,20,evil_twin,evil_twin
1684018778,5742,299,0,1,1,0,0,44,0,437,2,8,65,445565737,2,0,0,0,438,0,220,41,0,1,1,0,54,6,2437,0,0,0,20,evil_twin,evil_twin
1684018778,5755,300,0,1,1,0,0,44,0,438,2,8,65,2024724078,2,0,0,0,439,0,221,41,0,1,1,0,54,6,2437,0,0,0,20,evil_twin,evil_twin
1684018779,5773,300,0,1,1,0,0,44,0,439,2,8,65,1421441250,2,0,0,0,440,0,221,41,0,1,1,0,54,6,2437,0,0,0,20,evil_twin,evil_twin
1684018779,5804,301,0,1,1,0,0,44,0,440,2,8,65,3250694795,2,0,0,0,441,0,222,41,0,1,1,0,54,6,2437,0,0,0,20,evil_twin,evil_twin
1684018779,5818,301,0,1,1,0,0,44,0,441,2,8,65,3730277778,2,0,0,0,442,0,222,41,0,1,1,0,54,6,2437,0,0,0,20,evil_twin,evil_twin
1684018779,5831,300,0,1,1,0,0,44,0,442,2,8,65,196669391,2,0,0,0,443,0,221,41,0,1,1,0,54,6,2437,0,0,0,20,evil_twin,evil_twin
1684018779,5847,302,0,1,1,0,0,44,0,443,2,8,65,345204969,2,0,0,0,444,0,223,41,0,1,1,0,54,6,2437,0,0,0,20,evil_twin,evil_twin
1684018779,5860,301,0,1,1,0,0,44,0,444,2,8,65,2267148735,2,0,0,0,445,0,222,41,0,1,1,0,54,6,2437,0,0,0,20,evil_twin,evil_twin
1684018779,5873,301,0,1,1,0,0,44,0,445,2,8,65,2927291973,2,0,0,0,446,0,222,41,0,1,1,0,54,6,2437,0,0,0,20,evil_twin,evil_twin
1684018779,5886,301,0,1,1,0,0,44,0,446,2,8,65,3859713053,2,0,0,0,447,0,222,41,0,1,1,0,54,6,2437,0,0,0,20,evil_twin,evil_twin
1684018779,5898,302,0,1,1,0,0,44,0,447,2,8,65,3197029149,2,0,0,0,448,0,223,41,0,1,1,0,54,6,2437,0,0,0,20,evil_twin,evil_twin
1684018779,5911,302,0,1,1,0,0,44,0,448,2,8,65,931814669,2,0,0,0,449,0,223,41,0,1,1,0,54,6,2437,0,0,0,20,evil_twin,evil_twin
1684018780,5927,300,0,1,1,0,0,44,0,449,2,8,65,1560141256,2,0,0,0,450,0,221,41,0,1,1,0,54,6,2437,0,0,0,20,evil_twin,evil_twin
1684018780,5940,298,0,1,1,0,0,44,0,450,2,8,65,42299457,2,0,0,0,451,0,219,41,0,1,1,0,54,6,2437,0,0,0,20,evil_twin,evil_twin
1684018780,5953,125,0,1,1,0,0,44,0,451,2,8,65,2707859585,2,0,0,0,452,0,46,41,0,1,1,0,54,6,2437,0,0,0,20,evil_twin,evil_twin
1684018780,5957,300,0,1,1,0,0,44,0,452,2,8,65,2863793020,2,0,0,0,453,0,221,41,0,1,1,0,54,6,2437,0,0,0,20,evil_twin,evil_twin
1684018780,5970,141,1,0,0,1,0,44,0,20,2,8,66,3934700391,2,0,0,0,23,0,62,41,0,1,1,0,54,6,2437,0,0,0,20,evil_twin,evil_twin
1684018780,5976,300,0,1,1,0,0,44,0,453,2,8,65,1373871513,2,0,0,0,454,0,221,41,0,1,1,0,54,6,2437,0,0,0,20,evil_twin,evil_twin
1684018780,5989,301,0,1,1,0,0,44,0,454,2,8,65,314273955,2,0,0,0,455,0,222,41,0,1,1,0,54,6,2437,0,0,0,20,evil_twin,evil_twin
1684018780,6002,299,0,1,1,0,0,44,0,455,2,8,65,4279544885,2,0,0,0,456,0,220,41,0,1,1,0,54,6,2437,0,0,0,20,evil_twin,evil_twin
1684018780,6029,298,0,1,1,0,0,44,0,456,2,8,65,572627786,2,0,0,0,457,0,219,41,0,1,1,0,54,6,2437,0,0,0,20,evil_twin,evil_twin
1684018780,6043,298,0,1,1,0,0,44,0,457,2,8,65,3605269915,2,0,0,0,458,0,219,41,0,1,1,0,54,6,2437,0,0,0,20,evil_twin,evil_twin
1684018780,6059,298,0,1,1,0,0,44,0,458,2,8,65,2273513535,2,0,0,0,459,0,219,41,0,1,1,0,54,6,2437,0,0,0,20,evil_twin,evil_twin
1684018780,6062,298,0,1,1,0,0,44,0,458,2,8,73,2555171623,2,0,0,0,459,0,219,41,0,1,1,0,54,6,2437,0,0,0,20,evil_twin,evil_twin
1684018780,6065,298,0,1,1,0,0,44,0,458,2,8,73,2555171623,2,0,0,0,459,0,219,41,0,1,1,0,48,6,2437,0,0,0,20,evil_twin,evil_twin
1684018781,6076,299,0,1,1,0,0,44,0,459,2,8,65,4234459900,2,0,0,0,460,0,220,41,0,1,1,0,54,6,2437,0,0,0,20,evil_twin,evil_twin
1684018781,6091,299,0,1,1,0,0,44,0,460,2,8,65,2426629063,2,0,0,0,461,0,220,41,0,1,1,0,54,6,2437,0,0,0,20,evil_twin,evil_twin
1684018781,6104,298,0,1,1,0,0,44,0,461,2,8,65,2444424481,2,0,0,0,462,0,219,41,0,1,1,0,54,6,2437,0,0,0,20,evil_twin,evil_twin
1684018781,6117,298,0,1,1,0,0,44,0,462,2,8,65,2816525449,2,0,0,0,463,0,219,41,0,1,1,0,54,6,2437,0,0,0,20,evil_twin,evil_twin
1684018781,6129,298,0,1,1,0,0,44,0,463,2,8,65,3843849271,2,0,0,0,464,0,219,41,0,1,1,0,54,6,2437,0,0,0,20,evil_twin,evil_twin
1684018781,6142,297,0,1,1,0,0,44,0,464,2,8,65,4262580576,2,0,0,0,465,0,218,41,0,1,1,0,54,6,2437,0,0,0,20,evil_twin,evil_twin
1684018781,6153,299,0,1,1,0,0,44,0,465,2,8,65,1706843933,2,0,0,0,466,0,220,41,0,1,1,0,54,6,2437,0,0,0,20,evil_twin,evil_twin
1684018781,6165,298,0,1,1,0,0,44,0,466,2,8,65,3901899792,2,0,0,0,467,0,219,41,0,1,1,0,54,6,2437,0,0,0,20,evil_twin,evil_twin
1684018781,6179,298,0,1,1,0,0,44,0,467,2,8,65,449344824,2,0,0,0,468,0,219,41,0,1,1,0,54,6,2437,0,0,0,20,evil_twin,evil_twin
1684018781,6193,297,0,1,1,0,0,44,0,468,2,8,65,705331815,2,0,0,0,469,0,218,41,0,1,1,0,54,6,2437,0,0,0,20,evil_twin,evil_twin
1684018781,6207,297,0,1,1,0,0,44,0,469,2,8,65,4073308622,2,0,0,0,470,0,218,41,0,1,1,0,54,6,2437,0,0,0,20,evil_twin,evil_twin
1684018782,6217,296,0,1,1,0,0,44,0,470,2,8,65,1749775107,2,0,0,0,471,0,217,41,0,1,1,0,54,6,2437,0,0,0,20,evil_twin,evil_twin
1684018782,6232,297,0,1,1,0,0,44,0,471,2,8,65,1695549197,2,0,0,0,472,0,218,41,0,1,1,0,54,6,2437,0,0,0,20,evil_twin,evil_twin
1684018782,6245,298,0,1,1,0,0,44,0,472,2,8,65,215777867,2,0,0,0,473,0,219,41,0,1,1,0,54,6,2437,0,0,0,20,evil_twin,evil_twin
1684018782,6248,298,0,1,1,0,0,44,0,472,2,8,73,320029011,2,0,0,0,473,0,219,41,0,1,1,0,54,6,2437,0,0,0,20,evil_twin,evil_twin
1684018782,6261,298,0,1,1,0,0,44,0,473,2,8,65,2280037052,2,0,0,0,474,0,219,41,0,1,1,0,54,6,2437,0,0,0,20,evil_twin,evil_twin
1684018782,6273,125,0,1,1,0,0,44,0,474,2,8,65,3596467338,2,0,0,0,475,0,46,41,0,1,1,0,54,6,2437,0,0,0,20,evil_twin,evil_twin
1684018782,6277,296,0,1,1,0,0,44,0,475,2,8,65,2901065143,2,0,0,0,476,0,217,41,0,1,1,0,54,6,2437,0,0,0,20,evil_twin,evil_twin
1684018782,6287,297,0,1,1,0,0,44,0,476,2,8,65,4148252450,2,0,0,0,477,0,218,41,0,1,1,0,54,6,2437,0,0,0,20,evil_twin,evil_twin
1684018782,6306,297,0,1,1,0,0,44,0,477,2,8,65,3495463394,2,0,0,0,478,0,218,41,0,1,1,0,54,6,2437,0,0,0,20,evil_twin,evil_twin
1684018782,6345,298,0,1,1,0,0,44,0,479,2,8,65,9778960,2,0,0,0,480,0,219,41,0,1,1,0,54,6,2437,0,0,0,20,evil_twin,evil_twin
1684018782,6349,141,1,0,0,1,0,44,0,21,2,8,66,3538560510,2,0,0,0,24,0,62,41,0,1,1,0,54,6,2437,0,0,0,20,evil_twin,evil_twin
1684018782,6351,141,1,0,0,1,0,44,0,21,2,8,74,1461199900,2,0,0,0,24,0,62,41,0,1,1,0,54,6,2437,0,0,0,20,evil_twin,evil_twin
1684018783,6365,297,0,1,1,0,0,44,0,480,2,8,65,3914414743,2,0,0,0,481,0,218,41,0,1,1,0,54,6,2437,0,0,0,20,evil_twin,evil_twin
1684018783,6381,297,0,1,1,0,0,44,0,481,2,8,65,53026535,2,0,0,0,482,0,218,41,0,1,1,0,54,6,2437,0,0,0,20,evil_twin,evil_twin
1684018783,6394,296,0,1,1,0,0,44,0,482,2,8,65,2517044835,2,0,0,0,483,0,217,41,0,1,1,0,54,6,2437,0,0,0,20,evil_twin,evil_twin
1684018783,6415,296,0,1,1,0,0,44,0,484,2,8,65,2712480184,2,0,0,0,485,0,217,41,0,1,1,0,54,6,2437,0,0,0,20,evil_twin,evil_twin
1684018783,6424,296,0,1,1,0,0,44,0,485,2,8,65,2138423800,2,0,0,0,486,0,217,41,0,1,1,0,54,6,2437,0,0,0,20,evil_twin,evil_twin
1684018783,6436,299,0,1,1,0,0,44,0,486,2,8,65,1334222512,2,0,0,0,487,0,220,41,0,1,1,0,54,6,2437,0,0,0,20,evil_twin,evil_twin
1684018783,6447,298,0,1,1,0,0,44,0,487,2,8,65,1368738187,2,0,0,0,488,0,219,41,0,1,1,0,54,6,2437,0,0,0,20,evil_twin,evil_twin
1684018783,6461,298,0,1,1,0,0,44,0,488,2,8,65,47580880,2,0,0,0,489,0,219,41,0,1,1,0,54,6,2437,0,0,0,20,evil_twin,evil_twin
1684018783,6473,299,0,1,1,0,0,44,0,489,2,8,65,3708521113,2,0,0,0,490,0,220,41,0,1,1,0,54,6,2437,0,0,0,20,evil_twin,evil_twin
1684018784,6500,299,0,1,1,0,0,44,0,490,2,8,73,1326994031,2,0,0,0,491,0,220,41,0,1,1,0,54,6,2437,0,0,0,20,evil_twin,evil_twin
1684018784,6528,298,0,1,1,0,0,44,0,491,2,8,65,2575032275,2,0,0,0,492,0,219,41,0,1,1,0,54,6,2437,0,0,0,20,evil_twin,evil_twin
1684018784,6562,299,0,1,1,0,0,44,0,492,2,8,65,951386568,2,0,0,0,493,0,220,41,0,1,1,0,54,6,2437,0,0,0,20,evil_twin,evil_twin
1684018784,6579,298,0,1,1,0,0,44,0,493,2,8,65,683169700,2,0,0,0,494,0,219,41,0,1,1,0,54,6,2437,0,0,0,20,evil_twin,evil_twin
1684018784,6590,300,0,1,1,0,0,44,0,494,2,8,65,756344836,2,0,0,0,495,0,221,41,0,1,1,0,54,6,2437,0,0,0,20,evil_twin,evil_twin
1684018784,6602,299,0,1,1,0,0,44,0,495,2,8,65,1923423498,2,0,0,0,496,0,220,41,0,1,1,0,54,6,2437,0,0,0,20,evil_twin,evil_twin
1684018784,6627,300,0,1,1,0,0,44,0,496,2,8,65,3698644711,2,0,0,0,497,0,221,41,0,1,1,0,54,6,2437,0,0,0,20,evil_twin,evil_twin
1684018784,6654,300,0,1,1,0,0,44,0,498,2,8,65,1325300769,2,0,0,0,499,0,221,41,0,1,1,0,54,6,2437,0,0,0,20,evil_twin,evil_twin
1684018784,6691,302,0,1,1,0,0,44,0,499,2,8,65,1357514304,2,0,0,0,500,0,223,41,0,1,1,0,54,6,2437,0,0,0,20,evil_twin,evil_twin
1684018785,6710,300,0,1,1,0,0,44,0,501,2,8,65,349494426,2,0,0,0,502,0,221,41,0,1,1,0,54,6,2437,0,0,0,20,evil_twin,evil_twin
1684018785,6723,297,0,1,1,0,0,44,0,502,2,8,65,2748083067,2,0,0,0,503,0,218,41,0,1,1,0,54,6,2437,0,0,0,20,evil_twin,evil_twin
1684018785,6732,125,0,1,1,0,0,44,0,503,2,8,65,1694595791,2,0,0,0,504,0,46,41,0,1,1,0,54,6,2437,0,0,0,20,evil_twin,evil_twin
1684018785,6739,141,1,0,0,1,0,44,0,22,2,8,66,527842247,2,0,0,0,25,0,62,41,0,1,1,0,54,6,2437,0,0,0,20,evil_twin,evil_twin
1684018785,6745,296,0,1,1,0,0,44,0,504,2,8,65,3353623220,2,0,0,0,505,0,217,41,0,1,1,0,54,6,2437,0,0,0,20,evil_twin,evil_twin
1684018785,6759,296,0,1,1,0,0,44,0,505,2,8,65,211008319,2,0,0,0,506,0,217,41,0,1,1,0,54,6,2437,0,0,0,20,evil_twin,evil_twin
1684018785,6772,299,0,1,1,0,0,44,0,506,2,8,65,834586195,2,0,0,0,507,0,220,41,0,1,1,0,54,6,2437,0,0,0,20,evil_twin,evil_twin
1684018785,6786,301,0,1,1,0,0,44,0,507,2,8,65,1405044845,2,0,0,0,508,0,222,41,0,1,1,0,54,6,2437,0,0,0,20,evil_twin,evil_twin
1684018785,6800,299,0,1,1,0,0,44,0,508,2,8,65,4175546581,2,0,0,0,509,0,220,41,0,1,1,0,54,6,2437,0,0,0,20,evil_twin,evil_twin
1684018785,6814,297,0,1,1,0,0,44,0,509,2,8,65,360675609,2,0,0,0,510,0,218,41,0,1,1,0,54,6,2437,0,0,0,20,evil_twin,evil_twin
1684018785,6827,296,0,1,1,0,0,44,0,510,2,8,65,3679465618,2,0,0,0,511,0,217,41,0,1,1,0,54,6,2437,0,0,0,20,evil_twin,evil_twin
1684018786,6839,296,0,1,1,0,0,44,0,511,2,8,65,2738446377,2,0,0,0,512,0,217,41,0,1,1,0,54,6,2437,0,0,0,20,evil_twin,evil_twin
1684018786,6850,299,0,1,1,0,0,44,0,512,2,8,65,3652127393,2,0,0,0,513,0,220,41,0,1,1,0,54,6,2437,0,0,0,20,evil_twin,evil_twin
1684018786,6863,297,0,1,1,0,0,44,0,513,2,8,65,121391209,2,0,0,0,514,0,218,41,0,1,1,0,54,6,2437,0,0,0,20,evil_twin,evil_twin
1684018786,6878,300,0,1,1,0,0,44,0,514,2,8,65,3825590736,2,0,0,0,515,0,221,41,0,1,1,0,54,6,2437,0,0,0,20,evil_twin,evil_twin
1684018786,6906,296,0,1,1,0,0,44,0,515,2,8,65,1938467068,2,0,0,0,516,0,217,41,0,1,1,0,54,6,2437,0,0,0,20,evil_twin,evil_twin
1684018786,6923,296,0,1,1,0,0,44,0,516,2,8,65,3183047262,2,0,0,0,517,0,217,41,0,1,1,0,54,6,2437,0,0,0,20,evil_twin,evil_twin
1684018786,6935,296,0,1,1,0,0,44,0,517,2,8,65,3359277308,2,0,0,0,518,0,217,41,0,1,1,0,54,6,2437,0,0,0,20,evil_twin,evil_twin
1684018786,6947,297,0,1,1,0,0,44,0,518,2,8,65,3330529370,2,0,0,0,519,0,218,41,0,1,1,0,54,6,2437,0,0,0,20,evil_twin,evil_twin
1684018786,6958,300,0,1,1,0,0,44,0,519,2,8,65,2626144489,2,0,0,0,520,0,221,41,0,1,1,0,54,6,2437,0,0,0,20,evil_twin,evil_twin
1684018787,6993,298,0,1,1,0,0,44,0,521,2,8,65,2111338002,2,0,0,0,522,0,219,41,0,1,1,0,54,6,2437,0,0,0,20,evil_twin,evil_twin
1684018787,7018,299,0,1,1,0,0,44,0,523,2,8,65,667767440,2,0,0,0,524,0,220,41,0,1,1,0,54,6,2437,0,0,0,20,evil_twin,evil_twin
1684018787,7020,299,0,1,1,0,0,44,0,523,2,8,73,884868357,2,0,0,0,524,0,220,41,0,1,1,0,54,6,2437,0,0,0,20,evil_twin,evil_twin
1684018787,7035,299,0,1,1,0,0,44,0,524,2,8,65,4127202040,2,0,0,0,525,0,220,41,0,1,1,0,54,6,2437,0,0,0,20,evil_twin,evil_twin
1684018787,7037,299,0,1,1,0,0,44,0,524,2,8,73,3849538925,2,0,0,0,525,0,220,41,0,1,1,0,54,6,2437,0,0,0,20,evil_twin,evil_twin
1684018787,7051,125,0,1,1,0,0,44,0,525,2,8,65,2548629236,2,0,0,0,526,0,46,41,0,1,1,0,54,6,2437,0,0,0,20,evil_twin,evil_twin
1684018787,7054,297,0,1,1,0,0,44,0,526,2,8,65,2872096125,2,0,0,0,527,0,218,41,0,1,1,0,54,6,2437,0,0,0,20,evil_twin,evil_twin
1684018787,7064,141,1,0,0,1,0,44,0,23,2,8,66,894921113,2,0,0,0,26,0,62,41,0,1,1,0,54,6,2437,0,0,0,20,evil_twin,evil_twin
1684018787,7068,296,0,1,1,0,0,44,0,527,2,8,73,103957004,2,0,0,0,528,0,217,41,0,1,1,0,54,6,2437,0,0,0,20,evil_twin,evil_twin
1684018787,7084,298,0,1,1,0,0,44,0,528,2,8,65,4237738735,2,0,0,0,529,0,219,41,0,1,1,0,54,6,2437,0,0,0,20,evil_twin,evil_twin
1684018787,7094,297,0,1,1,0,0,44,0,529,2,8,65,2499280213,2,0,0,0,530,0,218,41,0,1,1,0,54,6,2437,0,0,0,20,evil_twin,evil_twin
1684018787,7108,298,0,1,1,0,0,44,0,530,2,8,65,868734029,2,0,0,0,531,0,219,41,0,1,1,0,54,6,2437,0,0,0,20,evil_twin,evil_twin
1684018787,7120,300,0,1,1,0,0,44,0,531,2,8,65,4130538317,2,0,0,0,532,0,221,41,0,1,1,0,54,6,2437,0,0,0,20,evil_twin,evil_twin
1684018788,7132,299,0,1,1,0,0,44,0,532,2,8,65,3287911656,2,0,0,0,533,0,220,41,0,1,1,0,54,6,2437,0,0,0,20,evil_twin,evil_twin
1684018788,7143,299,0,1,1,0,0,44,0,533,2,8,65,1953593512,2,0,0,0,534,0,220,41,0,1,1,0,54,6,2437,0,0,0,20,evil_twin,evil_twin
1684018788,7156,299,0,1,1,0,0,44,0,534,2,8,65,901301273,2,0,0,0,535,0,220,41,0,1,1,0,54,6,2437,0,0,0,20,evil_twin,evil_twin
1684018788,7169,299,0,1,1,0,0,44,0,535,2,8,65,3199585595,2,0,0,0,536,0,220,41,0,1,1,0,54,6,2437,0,0,0,20,evil_twin,evil_twin
1684018788,7177,298,0,1,1,0,0,44,0,536,2,8,65,542500165,2,0,0,0,537,0,219,41,0,1,1,0,54,6,2437,0,0,0,20,evil_twin,evil_twin
1684018788,7213,299,0,1,1,0,0,44,0,539,2,8,65,953411990,2,0,0,0,540,0,220,41,0,1,1,0,54,6,2437,0,0,0,20,evil_twin,evil_twin
1684018788,7226,300,0,1,1,0,0,44,0,540,2,8,65,2332592820,2,0,0,0,541,0,221,41,0,1,1,0,54,6,2437,0,0,0,20,evil_twin,evil_twin
1684018789,7266,300,0,1,1,0,0,44,0,543,2,8,65,25238244,2,0,0,0,544,0,221,41,0,1,1,0,54,6,2437,0,0,0,20,evil_twin,evil_twin
1684018789,7308,299,0,1,1,0,0,44,0,546,2,8,65,184307140,2,0,0,0,547,0,220,41,0,1,1,0,54,6,2437,0,0,0,20,evil_twin,evil_twin
1684018789,7321,301,0,1,1,0,0,44,0,547,2,8,65,1523328571,2,0,0,0,548,0,222,41,0,1,1,0,54,6,2437,0,0,0,20,evil_twin,evil_twin
1684018789,7334,299,0,1,1,0,0,44,0,548,2,8,65,2554134944,2,0,0,0,549,0,220,41,0,1,1,0,54,6,2437,0,0,0,20,evil_twin,evil_twin
1684018789,7347,301,0,1,1,0,0,44,0,549,2,8,65,764363501,2,0,0,0,550,0,222,41,0,1,1,0,54,6,2437,0,0,0,20,evil_twin,evil_twin
1684018789,7362,300,0,1,1,0,0,44,0,550,2,8,65,2585563456,2,0,0,0,551,0,221,41,0,1,1,0,54,6,2437,0,0,0,20,evil_twin,evil_twin
1684018789,7384,300,0,1,1,0,0,44,0,551,2,8,65,469447075,2,0,0,0,552,0,221,41,0,1,1,0,54,6,2437,0,0,0,20,evil_twin,evil_twin
1684018790,7394,299,0,1,1,0,0,44,0,552,2,8,65,896675370,2,0,0,0,553,0,220,41,0,1,1,0,54,6,2437,0,0,0,20,evil_twin,evil_twin
1684018790,7413,298,0,1,1,0,0,44,0,554,2,8,65,3043700725,2,0,0,0,555,0,219,41,0,1,1,0,54,6,2437,0,0,0,20,evil_twin,evil_twin
1684018790,7421,125,0,1,1,0,0,44,0,555,2,8,65,4261184085,2,0,0,0,556,0,46,41,0,1,1,0,54,6,2437,0,0,0,20,evil_twin,evil_twin
1684018790,7429,297,0,1,1,0,0,44,0,556,2,8,65,2229734740,2,0,0,0,557,0,218,41,0,1,1,0,54,6,2437,0,0,0,20,evil_twin,evil_twin
1684018790,7447,296,0,1,1,0,0,44,0,557,2,8,65,2749036746,2,0,0,0,558,0,217,41,0,1,1,0,54,6,2437,0,0,0,20,evil_twin,evil_twin
1684018790,7453,141,1,0,0,1,0,44,0,24,2,8,66,843410205,2,0,0,0,27,0,62,41,0,1,1,0,54,6,2437,0,0,0,20,evil_twin,evil_twin
1684018790,7466,296,0,1,1,0,0,44,0,558,2,8,65,3542804160,2,0,0,0,559,0,217,41,0,1,1,0,54,6,2437,0,0,0,20,evil_twin,evil_twin
1684018790,7481,294,0,1,1,0,0,44,0,559,2,8,65,398068143,2,0,0,0,560,0,215,41,0,1,1,0,54,6,2437,0,0,0,20,evil_twin,evil_twin
1684018790,7505,297,0,1,1,0,0,44,0,560,2,8,65,2883345183,2,0,0,0,561,0,218,41,0,1,1,0,54,6,2437,0,0,0,20,evil_twin,evil_twin
1684018790,7582,297,0,1,1,0,0,44,0,562,2,8,65,1891911671,2,0,0,0,563,0,218,41,0,1,1,0,54,6,2437,0,0,0,20,evil_twin,evil_twin
1684018791,7607,298,0,1,1,0,0,44,0,563,2,8,65,3381565733,2,0,0,0,564,0,219,41,0,1,1,0,54,6,2437,0,0,0,20,evil_twin,evil_twin
1684018791,7622,297,0,1,1,0,0,44,0,564,2,8,65,2319192147,2,0,0,0,565,0,218,41,0,1,1,0,54,6,2437,0,0,0,20,evil_twin,evil_twin
1684018791,7639,298,0,1,1,0,0,44,0,565,2,8,65,2697512436,2,0,0,0,566,0,219,41,0,1,1,0,54,6,2437,0,0,0,20,evil_twin,evil_twin
1684018791,7665,297,0,1,1,0,0,44,0,567,2,8,65,765466446,2,0,0,0,568,0,218,41,0,1,1,0,54,6,2437,0,0,0,20,evil_twin,evil_twin
1684018791,7676,299,0,1,1,0,0,44,0,568,2,8,65,1507400426,2,0,0,0,569,0,220,41,0,1,1,0,54,6,2437,0,0,0,20,evil_twin,evil_twin
1684018791,7689,298,0,1,1,0,0,44,0,569,2,8,65,48876793,2,0,0,0,570,0,219,41,0,1,1,0,54,6,2437,0,0,0,20,evil_twin,evil_twin
1684018791,7713,299,0,1,1,0,0,44,0,570,2,8,65,2932352589,2,0,0,0,571,0,220,41,0,1,1,0,54,6,2437,0,0,0,20,evil_twin,evil_twin
1684018791,7749,301,0,1,1,0,0,44,0,571,2,8,65,1400569259,2,0,0,0,572,0,222,41,0,1,1,0,54,6,2437,0,0,0,20,evil_twin,evil_twin
1684018791,7776,298,0,1,1,0,0,44,0,572,2,8,65,3191355776,2,0,0,0,573,0,219,41,0,1,1,0,54,6,2437,0,0,0,20,evil_twin,evil_twin
1684018792,7804,297,0,1,1,0,0,44,0,573,2,8,65,2405637985,2,0,0,0,574,0,218,41,0,1,1,0,54,6,2437,0,0,0,20,evil_twin,evil_twin
1684018792,7817,125,0,1,1,0,0,44,0,574,2,8,65,83146570,2,0,0,0,575,0,46,41,0,1,1,0,54,6,2437,0,0,0,20,evil_twin,evil_twin
1684018792,7820,299,0,1,1,0,0,44,0,575,2,8,65,4220973371,2,0,0,0,576,0,220,41,0,1,1,0,54,6,2437,0,0,0,20,evil_twin,evil_twin
1684018792,7828,141,1,0,0,1,0,44,0,25,2,8,66,2217500233,2,0,0,0,28,0,62,41,0,1,1,0,54,6,2437,0,0,0,20,evil_twin,evil_twin
1684018792,7838,298,0,1,1,0,0,44,0,576,2,8,65,4176103409,2,0,0,0,577,0,219,41,0,1,1,0,54,6,2437,0,0,0,20,evil_twin,evil_twin
1684018792,7851,297,0,1,1,0,0,44,0,577,2,8,65,1997327958,2,0,0,0,578,0,218,41,0,1,1,0,54,6,2437,0,0,0,20,evil_twin,evil_twin
1684018792,7866,296,0,1,1,0,0,44,0,578,2,8,65,3977434016,2,0,0,0,579,0,217,41,0,1,1,0,54,6,2437,0,0,0,20,evil_twin,evil_twin
1684018792,7879,295,0,1,1,0,0,44,0,579,2,8,65,1878941823,2,0,0,0,580,0,216,41,0,1,1,0,54,6,2437,0,0,0,20,evil_twin,evil_twin
1684018792,7893,296,0,1,1,0,0,44,0,580,2,8,65,116557531,2,0,0,0,581,0,217,41,0,1,1,0,54,6,2437,0,0,0,20,evil_twin,evil_twin
1684018792,7906,297,0,1,1,0,0,44,0,581,2,8,65,2956828879,2,0,0,0,582,0,218,41,0,1,1,0,54,6,2437,0,0,0,20,evil_twin,evil_twin
1684018792,7918,296,0,1,1,0,0,44,0,582,2,8,65,3709574597,2,0,0,0,583,0,217,41,0,1,1,0,54,6,2437,0,0,0,20,evil_twin,evil_twin
1684018792,7937,297,0,1,1,0,0,44,0,583,2,8,65,1548866147,2,0,0,0,584,0,218,41,0,1,1,0,54,6,2437,0,0,0,20,evil_twin,evil_twin
1684018793,7949,296,0,1,1,0,0,44,0,584,2,8,65,98853325,2,0,0,0,585,0,217,41,0,1,1,0,54,6,2437,0,0,0,20,evil_twin,evil_twin
1684018793,7964,297,0,1,1,0,0,44,0,585,2,8,65,964713848,2,0,0,0,586,0,218,41,0,1,1,0,54,6,2437,0,0,0,20,evil_twin,evil_twin
1684018793,7977,298,0,1,1,0,0,44,0,586,2,8,65,4063903379,2,0,0,0,587,0,219,41,0,1,1,0,54,6,2437,0,0,0,20,evil_twin,evil_twin
1684018793,7996,297,0,1,1,0,0,44,0,587,2,8,65,398951887,2,0,0,0,588,0,218,41,0,1,1,0,54,6,2437,0,0,0,20,evil_twin,evil_twin
1684018793,8019,296,0,1,1,0,0,44,0,588,2,8,65,1239851404,2,0,0,0,589,0,217,41,0,1,1,0,54,6,2437,0,0,0,20,evil_twin,evil_twin
1684018793,8034,297,0,1,1,0,0,44,0,589,2,8,65,869579611,2,0,0,0,590,0,218,41,0,1,1,0,54,6,2437,0,0,0,20,evil_twin,evil_twin
1684018793,8045,295,0,1,1,0,0,44,0,590,2,8,65,2529956060,2,0,0,0,591,0,216,41,0,1,1,0,54,6,2437,0,0,0,20,evil_twin,evil_twin
1684018793,8056,298,0,1,1,0,0,44,0,591,2,8,65,2102873570,2,0,0,0,592,0,219,41,0,1,1,0,54,6,2437,0,0,0,20,evil_twin,evil_twin
1684018793,8067,296,0,1,1,0,0,44,0,592,2,8,65,2941458322,2,0,0,0,593,0,217,41,0,1,1,0,54,6,2437,0,0,0,20,evil_twin,evil_twin
1684018793,8082,295,0,1,1,0,0,44,0,593,2,8,65,1509631407,2,0,0,0,594,0,216,41,0,1,1,0,54,6,2437,0,0,0,20,evil_twin,evil_twin
1684018794,8095,296,0,1,1,0,0,44,0,594,2,8,65,2883059625,2,0,0,0,595,0,217,41,0,1,1,0,54,6,2437,0,0,0,20,evil_twin,evil_twin
1684018794,8108,294,0,1,1,0,0,44,0,595,2,8,65,3770814575,2,0,0,0,596,0,215,41,0,1,1,0,54,6,2437,0,0,0,20,evil_twin,evil_twin
1684018794,8114,125,0,1,1,0,0,44,0,596,2,8,65,327284504,2,0,0,0,597,0,46,41,0,1,1,0,54,6,2437,0,0,0,20,evil_twin,evil_twin
1684018794,8122,297,0,1,1,0,0,44,0,597,2,8,65,3403887319,2,0,0,0,598,0,218,41,0,1,1,0,54,6,2437,0,0,0,20,evil_twin,evil_twin
1684018794,8136,294,0,1,1,0,0,44,0,598,2,8,65,1887926453,2,0,0,0,599,0,215,41,0,1,1,0,54,6,2437,0,0,0,20,evil_twin,evil_twin
1684018794,8151,296,0,1,1,0,0,44,0,599,2,8,65,3450517759,2,0,0,0,600,0,217,41,0,1,1,0,54,6,2437,0,0,0,20,evil_twin,evil_twin
1684018794,8157,141,1,0,0,1,0,44,0,26,2,8,66,3564565606,2,0,0,0,29,0,62,41,0,1,1,0,54,6,2437,0,0,0,20,evil_twin,evil_twin
1684018794,8172,296,0,1,1,0,0,44,0,600,2,8,65,1678027473,2,0,0,0,601,0,217,41,0,1,1,0,54,6,2437,0,0,0,20,evil_twin,evil_twin
1684018794,8186,298,0,1,1,0,0,44,0,601,2,8,65,2883063257,2,0,0,0,602,0,219,41,0,1,1,0,54,6,2437,0,0,0,20,evil_twin,evil_twin
1684018794,8200,295,0,1,1,0,0,44,0,602,2,8,65,13925900,2,0,0,0,603,0,216,41,0,1,1,0,54,6,2437,0,0,0,20,evil_twin,evil_twin
1684018794,8213,297,0,1,1,0,0,44,0,603,2,8,65,90197555,2,0,0,0,604,0,218,41,0,1,1,0,54,6,2437,0,0,0,20,evil_twin,evil_twin
1684018794,8226,298,0,1,1,0,0,44,0,604,2,8,65,3629272266,2,0,0,0,605,0,219,41,0,1,1,0,54,6,2437,0,0,0,20,evil_twin,evil_twin
1684018795,8236,297,0,1,1,0,0,44,0,605,2,8,65,3363762056,2,0,0,0,606,0,218,41,0,1,1,0,54,6,2437,0,0,0,20,evil_twin,evil_twin
1684018795,8252,297,0,1,1,0,0,44,0,606,2,8,65,1319058424,2,0,0,0,607,0,218,41,0,1,1,0,54,6,2437,0,0,0,20,evil_twin,evil_twin
1684018795,8263,297,0,1,1,0,0,44,0,607,2,8,65,3552865556,2,0,0,0,608,0,218,41,0,1,1,0,54,6,2437,0,0,0,20,evil_twin,evil_twin
1684018795,8277,297,0,1,1,0,0,44,0,608,2,8,65,2845882637,2,0,0,0,609,0,218,41,0,1,1,0,54,6,2437,0,0,0,20,evil_twin,evil_twin
1684018795,8289,296,0,1,1,0,0,44,0,609,2,8,65,811840545,2,0,0,0,610,0,217,41,0,1,1,0,54,6,2437,0,0,0,20,evil_twin,evil_twin
1684018795,8318,298,0,1,1,0,0,44,0,610,2,8,65,3392704007,2,0,0,0,611,0,219,41,0,1,1,0,54,6,2437,0,0,0,20,evil_twin,evil_twin
1684018795,8358,297,0,1,1,0,0,44,0,611,2,8,65,1054894207,2,0,0,0,612,0,218,41,0,1,1,0,54,6,2437,0,0,0,20,evil_twin,evil_twin
1684018795,8376,300,0,1,1,0,0,44,0,612,2,8,65,894586560,2,0,0,0,613,0,221,41,0,1,1,0,54,6,2437,0,0,0,20,evil_twin,evil_twin
1684018795,8396,298,0,1,1,0,0,44,0,613,2,8,65,3042611045,2,0,0,0,614,0,219,41,0,1,1,0,54,6,2437,0,0,0,20,evil_twin,evil_twin
1684018795,8417,299,0,1,1,0,0,44,0,614,2,8,65,442598850,2,0,0,0,615,0,220,41,0,1,1,0,54,6,2437,0,0,0,20,evil_twin,evil_twin
1684018796,8440,298,0,1,1,0,0,44,0,615,2,8,65,3254122846,2,0,0,0,616,0,219,41,0,1,1,0,54,6,2437,0,0,0,20,evil_twin,evil_twin
1684018796,8462,298,0,1,1,0,0,44,0,616,2,8,65,1896078938,2,0,0,0,617,0,219,41,0,1,1,0,54,6,2437,0,0,0,20,evil_twin,evil_twin
1684018796,8471,298,0,1,1,0,0,44,0,617,2,8,65,1133215352,2,0,0,0,618,0,219,41,0,1,1,0,54,6,2437,0,0,0,20,evil_twin,evil_twin
1684018796,8480,300,0,1,1,0,0,44,0,618,2,8,65,46614258,2,0,0,0,619,0,221,41,0,1,1,0,54,6,2437,0,0,0,20,evil_twin,evil_twin
1684018796,8494,302,0,1,1,0,0,44,0,619,2,8,65,847316741,2,0,0,0,620,0,223,41,0,1,1,0,54,6,2437,0,0,0,20,evil_twin,evil_twin
1684018796,8532,297,0,1,1,0,0,44,0,620,2,8,65,4083523783,2,0,0,0,621,0,218,41,0,1,1,0,54,6,2437,0,0,0,20,evil_twin,evil_twin
1684018796,8552,125,0,1,1,0,0,44,0,622,2,8,65,2094240100,2,0,0,0,623,0,46,41,0,1,1,0,54,6,2437,0,0,0,20,evil_twin,evil_twin
1684018796,8561,296,0,1,1,0,0,44,0,623,2,8,65,849380353,2,0,0,0,624,0,217,41,0,1,1,0,54,6,2437,0,0,0,20,evil_twin,evil_twin
1684018796,8574,294,0,1,1,0,0,44,0,624,2,8,65,1564959920,2,0,0,0,625,0,215,41,0,1,1,0,54,6,2437,0,0,0,20,evil_twin,evil_twin
1684018796,8589,295,0,1,1,0,0,44,0,625,2,8,65,49583910,2,0,0,0,626,0,216,41,0,1,1,0,54,6,2437,0,0,0,20,evil_twin,evil_twin
1684018797,8596,141,1,0,0,1,0,44,0,27,2,8,66,126378948,2,0,0,0,30,0,62,41,0,1,1,0,54,6,2437,0,0,0,20,evil_twin,evil_twin
1684018797,8611,297,0,1,1,0,0,44,0,626,2,8,65,1006600933,2,0,0,0,627,0,218,41,0,1,1,0,54,6,2437,0,0,0,20,evil_twin,evil_twin
1684018797,8629,296,0,1,1,0,0,44,0,627,2,8,65,26089838,2,0,0,0,628,0,217,41,0,1,1,0,54,6,2437,0,0,0,20,evil_twin,evil_twin
1684018797,8653,295,0,1,1,0,0,44,0,629,2,8,65,3297226973,2,0,0,0,630,0,216,41,0,1,1,0,54,6,2437,0,0,0,20,evil_twin,evil_twin
1684018797,8666,297,0,1,1,0,0,44,0,630,2,8,65,780566126,2,0,0,0,631,0,218,41,0,1,1,0,54,6,2437,0,0,0,20,evil_twin,evil_twin
1684018797,8670,297,0,1,1,0,0,44,0,630,2,8,73,1002834109,2,0,0,0,631,0,218,41,0,1,1,0,54,6,2437,0,0,0,20,evil_twin,evil_twin
1684018797,8682,298,0,1,1,0,0,44,0,631,2,8,65,66159679,2,0,0,0,632,0,219,41,0,1,1,0,54,6,2437,0,0,0,20,evil_twin,evil_twin
1684018797,8695,297,0,1,1,0,0,44,0,632,2,8,65,1988729935,2,0,0,0,633,0,218,41,0,1,1,0,54,6,2437,0,0,0,20,evil_twin,evil_twin
1684018797,8708,294,0,1,1,0,0,44,0,633,2,8,65,2417396506,2,0,0,0,634,0,215,41,0,1,1,0,54,6,2437,0,0,0,20,evil_twin,evil_twin
1684018797,8730,295,0,1,1,0,0,44,0,634,2,8,65,595394460,2,0,0,0,635,0,216,41,0,1,1,0,54,6,2437,0,0,0,20,evil_twin,evil_twin
1684018798,8743,296,0,1,1,0,0,44,0,635,2,8,65,383492362,2,0,0,0,636,0,217,41,0,1,1,0,54,6,2437,0,0,0,20,evil_twin,evil_twin
1684018798,8758,295,0,1,1,0,0,44,0,636,2,8,65,329947709,2,0,0,0,637,0,216,41,0,1,1,0,54,6,2437,0,0,0,20,evil_twin,evil_twin
1684018798,8771,295,0,1,1,0,0,44,0,637,2,8,65,1412401754,2,0,0,0,638,0,216,41,0,1,1,0,54,6,2437,0,0,0,20,evil_twin,evil_twin
1684018798,8784,296,0,1,1,0,0,44,0,638,2,8,65,527673350,2,0,0,0,639,0,217,41,0,1,1,0,54,6,2437,0,0,0,20,evil_twin,evil_twin
1684018798,8797,297,0,1,1,0,0,44,0,639,2,8,65,3954614475,2,0,0,0,640,0,218,41,0,1,1,0,54,6,2437,0,0,0,20,evil_twin,evil_twin
1684018798,8819,295,0,1,1,0,0,44,0,641,2,8,65,3436134700,2,0,0,0,642,0,216,41,0,1,1,0,54,6,2437,0,0,0,20,evil_twin,evil_twin
1684018798,8829,298,0,1,1,0,0,44,0,642,2,8,65,77061570,2,0,0,0,643,0,219,41,0,1,1,0,54,6,2437,0,0,0,20,evil_twin,evil_twin
1684018798,8844,298,0,1,1,0,0,44,0,643,2,8,65,1871442276,2,0,0,0,644,0,219,41,0,1,1,0,54,6,2437,0,0,0,20,evil_twin,evil_twin
1684018798,8853,297,0,1,1,0,0,44,0,644,2,8,65,301780227,2,0,0,0,645,0,218,41,0,1,1,0,54,6,2437,0,0,0,20,evil_twin,evil_twin
1684018798,8866,296,0,1,1,0,0,44,0,645,2,8,65,3359395217,2,0,0,0,646,0,217,41,0,1,1,0,54,6,2437,0,0,0,20,evil_twin,evil_twin
1684018799,8882,298,0,1,1,0,0,44,0,646,2,8,65,2400556354,2,0,0,0,647,0,219,41,0,1,1,0,54,6,2437,0,0,0,20,evil_twin,evil_twin
1684018799,8899,125,0,1,1,0,0,44,0,647,2,8,65,4187678590,2,0,0,0,648,0,46,41,0,1,1,0,54,6,2437,0,0,0,20,evil_twin,evil_twin
1684018799,8902,297,0,1,1,0,0,44,0,648,2,8,65,3780966465,2,0,0,0,649,0,218,41,0,1,1,0,54,6,2437,0,0,0,20,evil_twin,evil_twin
1684018799,8916,295,0,1,1,0,0,44,0,649,2,8,65,913809657,2,0,0,0,650,0,216,41,0,1,1,0,54,6,2437,0,0,0,20,evil_twin,evil_twin
1684018799,8931,296,0,1,1,0,0,44,0,650,2,8,65,2388398587,2,0,0,0,651,0,217,41,0,1,1,0,54,6,2437,0,0,0,20,evil_twin,evil_twin
1684018799,8956,295,0,1,1,0,0,44,0,651,2,8,65,2169964405,2,0,0,0,652,0,216,41,0,1,1,0,54,6,2437,0,0,0,20,evil_twin,evil_twin
1684018799,8977,297,0,1,1,0,0,44,0,652,2,8,65,3888788625,2,0,0,0,653,0,218,41,0,1,1,0,54,6,2437,0,0,0,20,evil_twin,evil_twin
1684018799,9011,298,0,1,1,0,0,44,0,654,2,8,65,1763566256,2,0,0,0,655,0,219,41,0,1,1,0,54,6,2437,0,0,0,20,evil_twin,evil_twin
1684018799,9022,300,0,1,1,0,0,44,0,655,2,8,65,4282656963,2,0,0,0,656,0,221,41,0,1,1,0,54,6,2437,0,0,0,20,evil_twin,evil_twin
1684018799,9032,299,0,1,1,0,0,44,0,656,2,8,65,1320754657,2,0,0,0,657,0,220,41,0,1,1,0,54,6,2437,0,0,0,20,evil_twin,evil_twin
1684018800,9045,295,0,1,1,0,0,44,0,657,2,8,65,249838643,2,0,0,0,658,0,216,41,0,1,1,0,54,6,2437,0,0,0,20,evil_twin,evil_twin
1684018800,9056,296,0,1,1,0,0,44,0,658,2,8,65,1339166340,2,0,0,0,659,0,217,41,0,1,1,0,54,6,2437,0,0,0,20,evil_twin,evil_twin
1684018800,9068,299,0,1,1,0,0,44,0,659,2,8,65,2607546808,2,0,0,0,660,0,220,41,0,1,1,0,54,6,2437,0,0,0,20,evil_twin,evil_twin
1684018800,9082,297,0,1,1,0,0,44,0,660,2,8,65,1508697297,2,0,0,0,661,0,218,41,0,1,1,0,54,6,2437,0,0,0,20,evil_twin,evil_twin
1684018800,9096,297,0,1,1,0,0,44,0,661,2,8,65,1453882701,2,0,0,0,662,0,218,41,0,1,1,0,54,6,2437,0,0,0,20,evil_twin,evil_twin
1684018800,9109,297,0,1,1,0,0,44,0,662,2,8,65,2487173327,2,0,0,0,663,0,218,41,0,1,1,0,54,6,2437,0,0,0,20,evil_twin,evil_twin
1684018800,9124,298,0,1,1,0,0,44,0,663,2,8,65,1907100145,2,0,0,0,664,0,219,41,0,1,1,0,54,6,2437,0,0,0,20,evil_twin,evil_twin
1684018800,9137,296,0,1,1,0,0,44,0,664,2,8,65,4000672090,2,0,0,0,665,0,217,41,0,1,1,0,54,6,2437,0,0,0,20,evil_twin,evil_twin
1684018800,9151,298,0,1,1,0,0,44,0,665,2,8,65,2715798672,2,0,0,0,666,0,219,41,0,1,1,0,54,6,2437,0,0,0,20,evil_twin,evil_twin
1684018801,9164,298,0,1,1,0,0,44,0,666,2,8,65,2295576564,2,0,0,0,667,0,219,41,0,1,1,0,54,6,2437,0,0,0,20,evil_twin,evil_twin
1684018801,9196,297,0,1,1,0,0,44,0,667,2,8,65,617405149,2,0,0,0,668,0,218,41,0,1,1,0,54,6,2437,0,0,0,20,evil_twin,evil_twin
1684018801,9238,297,0,1,1,0,0,44,0,668,2,8,65,2473006450,2,0,0,0,669,0,218,41,0,1,1,0,54,6,2437,0,0,0,20,evil_twin,evil_twin
1684018801,9282,295,0,1,1,0,0,44,0,669,2,8,65,3135393834,2,0,0,0,670,0,216,41,0,1,1,0,54,6,2437,0,0,0,20,evil_twin,evil_twin
1684018801,9336,297,0,1,1,0,0,44,0,670,2,8,65,2171068422,2,0,0,0,671,0,218,41,0,1,1,0,54,6,2437,0,0,0,20,evil_twin,evil_twin
1684018801,9385,295,0,1,1,0,0,44,0,671,2,8,65,3807752352,2,0,0,0,672,0,216,41,0,1,1,0,54,6,2437,0,0,0,20,evil_twin,evil_twin
1684018801,9427,299,0,1,1,0,0,44,0,672,2,8,65,2761381647,2,0,0,0,673,0,220,41,0,1,1,0,54,6,2437,0,0,0,20,evil_twin,evil_twin
1684018801,9454,297,0,1,1,0,0,44,0,673,2,8,65,2908227725,2,0,0,0,674,0,218,41,0,1,1,0,54,6,2437,0,0,0,20,evil_twin,evil_twin
1684018801,9484,296,0,1,1,0,0,44,0,674,2,8,65,843761792,2,0,0,0,675,0,217,41,0,1,1,0,54,6,2437,0,0,0,20,evil_twin,evil_twin
1684018801,9547,294,0,1,1,0,0,44,0,675,2,8,65,149273248,2,0,0,0,676,0,215,41,0,1,1,0,54,6,2437,0,0,0,20,evil_twin,evil_twin
1684018801,9582,295,0,1,1,0,0,44,0,676,2,8,65,2680846583,2,0,0,0,677,0,216,41,0,1,1,0,54,6,2437,0,0,0,20,evil_twin,evil_twin
1684018802,9688,293,0,1,1,0,0,44,0,679,2,8,65,421452396,2,0,0,0,680,0,214,41,0,1,1,0,54,6,2437,0,0,0,20,evil_twin,evil_twin
1684018802,9731,294,0,1,1,0,0,44,0,680,2,8,65,1124673903,2,0,0,0,681,0,215,41,0,1,1,0,54,6,2437,0,0,0,20,evil_twin,evil_twin
1684018802,9767,293,0,1,1,0,0,44,0,681,2,8,65,3362198728,2,0,0,0,682,0,214,41,0,1,1,0,54,6,2437,0,0,0,20,evil_twin,evil_twin
1684018802,9783,294,0,1,1,0,0,44,0,682,2,8,65,2058862986,2,0,0,0,683,0,215,41,0,1,1,0,54,6,2437,0,0,0,20,evil_twin,evil_twin
1684018802,9800,294,0,1,1,0,0,44,0,683,2,8,65,556596996,2,0,0,0,684,0,215,41,0,1,1,0,54,6,2437,0,0,0,20,evil_twin,evil_twin
1684018802,9829,295,0,1,1,0,0,44,0,684,2,8,65,1415774617,2,0,0,0,685,0,216,41,0,1,1,0,54,6,2437,0,0,0,20,evil_twin,evil_twin
1684018802,9870,296,0,1,1,0,0,44,0,685,2,8,65,1158338518,2,0,0,0,686,0,217,41,0,1,1,0,54,6,2437,0,0,0,20,evil_twin,evil_twin
1684018802,9932,295,0,1,1,0,0,44,0,686,2,8,65,2241558357,2,0,0,0,687,0,216,41,0,1,1,0,54,6,2437,0,0,0,20,evil_twin,evil_twin
1684018803,10023,297,0,1,1,0,0,44,0,688,2,8,65,1333029399,2,0,0,0,689,0,218,41,0,1,1,0,54,6,2437,0,0,0,20,evil_twin,evil_twin
1684018803,10045,296,0,1,1,0,0,44,0,689,2,8,65,1891921093,2,0,0,0,690,0,217,41,0,1,1,0,54,6,2437,0,0,0,20,evil_twin,evil_twin
1684018803,10070,297,0,1,1,0,0,44,0,690,2,8,65,793364928,2,0,0,0,691,0,218,41,0,1,1,0,54,6,2437,0,0,0,20,evil_twin,evil_twin
1684018803,10081,296,0,1,1,0,0,44,0,691,2,8,65,2163369648,2,0,0,0,692,0,217,41,0,1,1,0,54,6,2437,0,0,0,20,evil_twin,evil_twin
1684018803,10123,294,0,1,1,0,0,44,0,692,2,8,65,2189567229,2,0,0,0,693,0,215,41,0,1,1,0,54,6,2437,0,0,0,20,evil_twin,evil_twin
1684018803,10229,294,0,1,1,0,0,44,0,694,2,8,65,2400485803,2,0,0,0,695,0,215,41,0,1,1,0,54,6,2437,0,0,0,20,evil_twin,evil_twin
1684018803,10278,293,0,1,1,0,0,44,0,695,2,8,65,3825262334,2,0,0,0,696,0,214,41,0,1,1,0,54,6,2437,0,0,0,20,evil_twin,evil_twin
1684018803,10325,293,0,1,1,0,0,44,0,696,2,8,65,3395549317,2,0,0,0,697,0,214,41,0,1,1,0,54,6,2437,0,0,0,20,evil_twin,evil_twin
1684018804,10341,294,0,1,1,0,0,44,0,697,2,8,65,4213486216,2,0,0,0,698,0,215,41,0,1,1,0,54,6,2437,0,0,0,20,evil_twin,evil_twin
1684018804,10354,295,0,1,1,0,0,44,0,698,2,8,65,141315093,2,0,0,0,699,0,216,41,0,1,1,0,54,6,2437,0,0,0,20,evil_twin,evil_twin
1684018804,10403,295,0,1,1,0,0,44,0,699,2,8,65,2877933630,2,0,0,0,700,0,216,41,0,1,1,0,54,6,2437,0,0,0,20,evil_twin,evil_twin
1684018804,10438,294,0,1,1,0,0,44,0,700,2,8,65,1900452298,2,0,0,0,701,0,215,41,0,1,1,0,54,6,2437,0,0,0,20,evil_twin,evil_twin
1684018804,10488,296,0,1,1,0,0,44,0,701,2,8,65,3319924352,2,0,0,0,702,0,217,41,0,1,1,0,54,6,2437,0,0,0,20,evil_twin,evil_twin
1684018804,10539,293,0,1,1,0,0,44,0,702,2,8,65,1385990380,2,0,0,0,703,0,214,41,0,1,1,0,54,6,2437,0,0,0,20,evil_twin,evil_twin
1684018804,10579,294,0,1,1,0,0,44,0,703,2,8,65,1926068382,2,0,0,0,704,0,215,41,0,1,1,0,54,6,2437,0,0,0,20,evil_twin,evil_twin
1684018804,10600,295,0,1,1,0,0,44,0,704,2,8,65,230229997,2,0,0,0,705,0,216,41,0,1,1,0,54,6,2437,0,0,0,20,evil_twin,evil_twin
1684018804,10613,294,0,1,1,0,0,44,0,705,2,8,65,127959603,2,0,0,0,706,0,215,41,0,1,1,0,54,6,2437,0,0,0,20,evil_twin,evil_twin
1684018804,10663,293,0,1,1,0,0,44,0,706,2,8,65,4075800767,2,0,0,0,707,0,214,41,0,1,1,0,54,6,2437,0,0,0,20,evil_twin,evil_twin
1684018805,10713,295,0,1,1,0,0,44,0,707,2,8,65,2204041835,2,0,0,0,708,0,216,41,0,1,1,0,54,6,2437,0,0,0,20,evil_twin,evil_twin
1684018805,10763,295,0,1,1,0,0,44,0,708,2,8,65,2220600980,2,0,0,0,709,0,216,41,0,1,1,0,54,6,2437,0,0,0,20,evil_twin,evil_twin
1684018805,10815,294,0,1,1,0,0,44,0,709,2,8,65,796980665,2,0,0,0,710,0,215,41,0,1,1,0,54,6,2437,0,0,0,20,evil_twin,evil_twin
1684018805,10860,294,0,1,1,0,0,44,0,710,2,8,65,684338730,2,0,0,0,711,0,215,41,0,1,1,0,54,6,2437,0,0,0,20,evil_twin,evil_twin
1684018805,10869,295,0,1,1,0,0,44,0,711,2,8,65,368662917,2,0,0,0,712,0,216,41,0,1,1,0,54,6,2437,0,0,0,20,evil_twin,evil_twin
1684018805,10879,294,0,1,1,0,0,44,0,712,2,8,65,2917409056,2,0,0,0,713,0,215,41,0,1,1,0,54,6,2437,0,0,0,20,evil_twin,evil_twin
1684018805,10930,294,0,1,1,0,0,44,0,713,2,8,65,1185064292,2,0,0,0,714,0,215,41,0,1,1,0,54,6,2437,0,0,0,20,evil_twin,evil_twin
1684018805,10961,295,0,1,1,0,0,44,0,714,2,8,65,1697307020,2,0,0,0,715,0,216,41,0,1,1,0,54,6,2437,0,0,0,20,evil_twin,evil_twin
1684018805,11025,295,0,1,1,0,0,44,0,715,2,8,65,3217968131,2,0,0,0,716,0,216,41,0,1,1,0,54,6,2437,0,0,0,20,evil_twin,evil_twin
1684018805,11093,295,0,1,1,0,0,44,0,716,2,8,65,2397444221,2,0,0,0,717,0,216,41,0,1,1,0,54,6,2437,0,0,0,20,evil_twin,evil_twin
1684018806,11189,294,0,1,1,0,0,44,0,718,2,8,65,3958441012,2,0,0,0,719,0,215,41,0,1,1,0,54,6,2437,0,0,0,20,evil_twin,evil_twin
1684018806,11215,295,0,1,1,0,0,44,0,719,2,8,65,4111933708,2,0,0,0,720,0,216,41,0,1,1,0,54,6,2437,0,0,0,20,evil_twin,evil_twin
1684018806,11238,295,0,1,1,0,0,44,0,720,2,8,65,3808693970,2,0,0,0,721,0,216,41,0,1,1,0,54,6,2437,0,0,0,20,evil_twin,evil_twin
1684018806,11276,295,0,1,1,0,0,44,0,721,2,8,65,2350013029,2,0,0,0,722,0,216,41,0,1,1,0,54,6,2437,0,0,0,20,evil_twin,evil_twin
1684018806,11307,295,0,1,1,0,0,44,0,722,2,8,65,1033390842,2,0,0,0,723,0,216,41,0,1,1,0,54,6,2437,0,0,0,20,evil_twin,evil_twin
1684018806,11379,297,0,1,1,0,0,44,0,723,2,8,65,2871666327,2,0,0,0,724,0,218,41,0,1,1,0,54,6,2437,0,0,0,20,evil_twin,evil_twin
1684018806,11437,295,0,1,1,0,0,44,0,724,2,8,65,2036228350,2,0,0,0,725,0,216,41,0,1,1,0,54,6,2437,0,0,0,20,evil_twin,evil_twin
1684018806,11513,294,0,1,1,0,0,44,0,725,2,8,65,2114165496,2,0,0,0,726,0,215,41,0,1,1,0,54,6,2437,0,0,0,20,evil_twin,evil_twin
1684018806,11581,296,0,1,1,0,0,44,0,726,2,8,65,3459145352,2,0,0,0,727,0,217,41,0,1,1,0,54,6,2437,0,0,0,20,evil_twin,evil_twin
1684018807,11632,296,0,1,1,0,0,44,0,727,2,8,65,3853158500,2,0,0,0,728,0,217,41,0,1,1,0,54,6,2437,0,0,0,20,evil_twin,evil_twin
1684018807,11670,295,0,1,1,0,0,44,0,728,2,8,65,2142384577,2,0,0,0,729,0,216,41,0,1,1,0,54,6,2437,0,0,0,20,evil_twin,evil_twin
1684018807,11800,295,0,1,1,0,0,44,0,730,2,8,65,1184361621,2,0,0,0,731,0,216,41,0,1,1,0,54,6,2437,0,0,0,20,evil_twin,evil_twin
1684018807,11871,293,0,1,1,0,0,44,0,731,2,8,65,1571940909,2,0,0,0,732,0,214,41,0,1,1,0,54,6,2437,0,0,0,20,evil_twin,evil_twin
1684018807,11930,294,0,1,1,0,0,44,0,732,2,8,65,2312618830,2,0,0,0,733,0,215,41,0,1,1,0,54,6,2437,0,0,0,20,evil_twin,evil_twin
1684018807,12002,295,0,1,1,0,0,44,0,733,2,8,65,974309948,2,0,0,0,734,0,216,41,0,1,1,0,54,6,2437,0,0,0,20,evil_twin,evil_twin
1684018807,12024,295,0,1,1,0,0,44,0,734,2,8,65,3063605029,2,0,0,0,735,0,216,41,0,1,1,0,54,6,2437,0,0,0,20,evil_twin,evil_twin
1684018807,12044,295,0,1,1,0,0,44,0,735,2,8,65,4055968716,2,0,0,0,736,0,216,41,0,1,1,0,54,6,2437,0,0,0,20,evil_twin,evil_twin
1684018807,12083,296,0,1,1,0,0,44,0,736,2,8,65,1844450755,2,0,0,0,737,0,217,41,0,1,1,0,54,6,2437,0,0,0,20,evil_twin,evil_twin
1684018808,12131,294,0,1,1,0,0,44,0,737,2,8,65,3082603812,2,0,0,0,738,0,215,41,0,1,1,0,54,6,2437,0,0,0,20,evil_twin,evil_twin
1684018808,12186,295,0,1,1,0,0,44,0,738,2,8,65,2912300617,2,0,0,0,739,0,216,41,0,1,1,0,54,6,2437,0,0,0,20,evil_twin,evil_twin
1684018808,12248,294,0,1,1,0,0,44,0,739,2,8,65,643253694,2,0,0,0,740,0,215,41,0,1,1,0,54,6,2437,0,0,0,20,evil_twin,evil_twin
1684018808,12306,294,0,1,1,0,0,44,0,740,2,8,65,2449225200,2,0,0,0,741,0,215,41,0,1,1,0,54,6,2437,0,0,0,20,evil_twin,evil_twin
1684018808,12322,294,0,1,1,0,0,44,0,741,2,8,65,3445327115,2,0,0,0,742,0,215,41,0,1,1,0,54,6,2437,0,0,0,20,evil_twin,evil_twin
1684018808,12337,293,0,1,1,0,0,44,0,742,2,8,65,4161124229,2,0,0,0,743,0,214,41,0,1,1,0,54,6,2437,0,0,0,20,evil_twin,evil_twin
1684018808,12375,294,0,1,1,0,0,44,0,743,2,8,65,436526526,2,0,0,0,744,0,215,41,0,1,1,0,54,6,2437,0,0,0,20,evil_twin,evil_twin
1684018808,12424,295,0,1,1,0,0,44,0,744,2,8,65,4209821843,2,0,0,0,745,0,216,41,0,1,1,0,54,6,2437,0,0,0,20,evil_twin,evil_twin
1684018808,12477,293,0,1,1,0,0,44,0,745,2,8,65,1102417379,2,0,0,0,746,0,214,41,0,1,1,0,54,6,2437,0,0,0,20,evil_twin,evil_twin
1684018808,12506,293,0,1,1,0,0,44,0,746,2,8,65,3788448099,2,0,0,0,747,0,214,41,0,1,1,0,54,6,2437,0,0,0,20,evil_twin,evil_twin
1684018809,12519,295,0,1,1,0,0,44,0,747,2,8,65,2221895264,2,0,0,0,748,0,216,41,0,1,1,0,54,6,2437,0,0,0,20,evil_twin,evil_twin
1684018809,12530,294,0,1,1,0,0,44,0,748,2,8,65,1093454610,2,0,0,0,749,0,215,41,0,1,1,0,54,6,2437,0,0,0,20,evil_twin,evil_twin
1684018809,12555,295,0,1,1,0,0,44,0,749,2,8,65,3180805149,2,0,0,0,750,0,216,41,0,1,1,0,54,6,2437,0,0,0,20,evil_twin,evil_twin
1684018809,12569,296,0,1,1,0,0,44,0,750,2,8,65,2161337881,2,0,0,0,751,0,217,41,0,1,1,0,54,6,2437,0,0,0,20,evil_twin,evil_twin
1684018809,12603,294,0,1,1,0,0,44,0,752,2,8,65,3979363841,2,0,0,0,753,0,215,41,0,1,1,0,54,6,2437,0,0,0,20,evil_twin,evil_twin
1684018809,12654,295,0,1,1,0,0,44,0,753,2,8,65,2202900416,2,0,0,0,754,0,216,41,0,1,1,0,54,6,2437,0,0,0,20,evil_twin,evil_twin
1684018809,12718,295,0,1,1,0,0,44,0,754,2,8,65,2148680734,2,0,0,0,755,0,216,41,0,1,1,0,54,6,2437,0,0,0,20,evil_twin,evil_twin
1684018809,12720,295,0,1,1,0,0,44,0,754,2,8,73,1681633183,2,0,0,0,755,0,216,41,0,1,1,0,54,6,2437,0,0,0,20,evil_twin,evil_twin
1684018809,12774,294,0,1,1,0,0,44,0,755,2,8,65,4014639439,2,0,0,0,756,0,215,41,0,1,1,0,54,6,2437,0,0,0,20,evil_twin,evil_twin
1684018809,12809,295,0,1,1,0,0,44,0,756,2,8,65,497122537,2,0,0,0,757,0,216,41,0,1,1,0,54,6,2437,0,0,0,20,evil_twin,evil_twin
1684018810,12852,295,0,1,1,0,0,44,0,757,2,8,65,218102577,2,0,0,0,758,0,216,41,0,1,1,0,54,6,2437,0,0,0,20,evil_twin,evil_twin
1684018810,12893,296,0,1,1,0,0,44,0,758,2,8,65,1148084486,2,0,0,0,759,0,217,41,0,1,1,0,54,6,2437,0,0,0,20,evil_twin,evil_twin
1684018810,12928,295,0,1,1,0,0,44,0,759,2,8,65,188528006,2,0,0,0,760,0,216,41,0,1,1,0,54,6,2437,0,0,0,20,evil_twin,evil_twin
1684018810,12970,295,0,1,1,0,0,44,0,760,2,8,65,846209791,2,0,0,0,761,0,216,41,0,1,1,0,54,6,2437,0,0,0,20,evil_twin,evil_twin
1684018810,13007,296,0,1,1,0,0,44,0,761,2,8,65,3764814570,2,0,0,0,762,0,217,41,0,1,1,0,54,6,2437,0,0,0,20,evil_twin,evil_twin
1684018810,13050,294,0,1,1,0,0,44,0,762,2,8,65,3859334705,2,0,0,0,763,0,215,41,0,1,1,0,54,6,2437,0,0,0,20,evil_twin,evil_twin
1684018810,13080,293,0,1,1,0,0,44,0,763,2,8,65,2787493516,2,0,0,0,764,0,214,41,0,1,1,0,54,6,2437,0,0,0,20,evil_twin,evil_twin
1684018810,13111,294,0,1,1,0,0,44,0,764,2,8,65,3933867577,2,0,0,0,765,0,215,41,0,1,1,0,54,6,2437,0,0,0,20,evil_twin,evil_twin
1684018810,13148,298,0,1,1,0,0,44,0,765,2,8,65,1929896161,2,0,0,0,766,0,219,41,0,1,1,0,54,6,2437,0,0,0,20,evil_twin,evil_twin
1684018810,13178,301,0,1,1,0,0,44,0,766,2,8,65,2442652394,2,0,0,0,767,0,222,41,0,1,1,0,54,6,2437,0,0,0,20,evil_twin,evil_twin
1684018811,13208,302,0,1,1,0,0,44,0,767,2,8,65,1974962578,2,0,0,0,768,0,223,41,0,1,1,0,54,6,2437,0,0,0,20,evil_twin,evil_twin
1684018811,13212,139,0,1,1,0,0,44,0,768,2,8,65,2944023653,2,0,0,0,769,0,60,41,0,1,1,0,54,6,2437,0,0,0,20,evil_twin,evil_twin
1684018811,13228,300,0,1,1,0,0,44,0,769,2,8,65,161246620,2,0,0,0,770,0,221,41,0,1,1,0,54,6,2437,0,0,0,20,evil_twin,evil_twin
1684018811,13245,299,0,1,1,0,0,44,0,770,2,8,65,4224350636,2,0,0,0,771,0,220,41,0,1,1,0,54,6,2437,0,0,0,20,evil_twin,evil_twin
1684018811,13291,299,0,1,1,0,0,44,0,771,2,8,65,2672461871,2,0,0,0,772,0,220,41,0,1,1,0,54,6,2437,0,0,0,20,evil_twin,evil_twin
1684018811,13358,296,0,1,1,0,0,44,0,772,2,8,65,3632614117,2,0,0,0,773,0,217,41,0,1,1,0,54,6,2437,0,0,0,20,evil_twin,evil_twin
1684018811,13401,308,0,1,1,0,0,44,0,773,2,8,65,4127910106,2,0,0,0,774,0,229,41,0,1,1,0,54,6,2437,0,0,0,20,evil_twin,evil_twin
1684018811,13454,306,0,1,1,0,0,44,0,774,2,8,65,1840661388,2,0,0,0,775,0,227,41,0,1,1,0,54,6,2437,0,0,0,20,evil_twin,evil_twin
1684018811,13493,308,0,1,1,0,0,44,0,776,2,8,65,2166446498,2,0,0,0,777,0,229,41,0,1,1,0,54,6,2437,0,0,0,20,evil_twin,evil_twin
1684018811,13507,301,0,1,1,0,0,44,0,777,2,8,65,2542144903,2,0,0,0,778,0,222,41,0,1,1,0,54,6,2437,0,0,0,20,evil_twin,evil_twin
1684018812,13530,300,0,1,1,0,0,44,0,779,2,8,65,3503372577,2,0,0,0,780,0,221,41,0,1,1,0,54,6,2437,0,0,0,20,evil_twin,evil_twin
1684018812,13549,301,0,1,1,0,0,44,0,780,2,8,65,3978570704,2,0,0,0,781,0,222,41,0,1,1,0,54,6,2437,0,0,0,20,evil_twin,evil_twin
1684018812,13563,304,0,1,1,0,0,44,0,781,2,8,65,3497270759,2,0,0,0,782,0,225,41,0,1,1,0,54,6,2437,0,0,0,20,evil_twin,evil_twin
1684018812,13577,304,0,1,1,0,0,44,0,782,2,8,65,501614182,2,0,0,0,783,0,225,41,0,1,1,0,54,6,2437,0,0,0,20,evil_twin,evil_twin
1684018812,13588,302,0,1,1,0,0,44,0,783,2,8,65,1512163614,2,0,0,0,784,0,223,41,0,1,1,0,54,6,2437,0,0,0,20,evil_twin,evil_twin
1684018812,13601,302,0,1,1,0,0,44,0,784,2,8,65,1764819224,2,0,0,0,785,0,223,41,0,1,1,0,54,6,2437,0,0,0,20,evil_twin,evil_twin
1684018812,13617,302,0,1,1,0,0,44,0,785,2,8,65,782878736,2,0,0,0,786,0,223,41,0,1,1,0,54,6,2437,0,0,0,20,evil_twin,evil_twin
1684018812,13630,302,0,1,1,0,0,44,0,786,2,8,65,2540027817,2,0,0,0,787,0,223,41,0,1,1,0,54,6,2437,0,0,0,20,evil_twin,evil_twin
1684018812,13633,302,0,1,1,0,0,44,0,786,2,8,73,1347104436,2,0,0,0,787,0,223,41,0,1,1,0,54,6,2437,0,0,0,20,evil_twin,evil_twin
1684018812,13650,302,0,1,1,0,0,44,0,787,2,8,65,2843917604,2,0,0,0,788,0,223,41,0,1,1,0,54,6,2437,0,0,0,20,evil_twin,evil_twin
1684018813,13667,302,0,1,1,0,0,44,0,788,2,8,65,1005942411,2,0,0,0,789,0,223,41,0,1,1,0,54,6,2437,0,0,0,20,evil_twin,evil_twin
1684018813,13685,301,0,1,1,0,0,44,0,789,2,8,65,3875512599,2,0,0,0,790,0,222,41,0,1,1,0,54,6,2437,0,0,0,20,evil_twin,evil_twin
1684018813,13706,301,0,1,1,0,0,44,0,790,2,8,65,931100889,2,0,0,0,791,0,222,41,0,1,1,0,54,6,2437,0,0,0,20,evil_twin,evil_twin
1684018813,13731,301,0,1,1,0,0,44,0,791,2,8,65,3429155355,2,0,0,0,792,0,222,41,0,1,1,0,54,6,2437,0,0,0,20,evil_twin,evil_twin
1684018813,13763,297,0,1,1,0,0,44,0,792,2,8,65,131824792,2,0,0,0,793,0,218,41,0,1,1,0,54,6,2437,0,0,0,20,evil_twin,evil_twin
1684018813,13821,298,0,1,1,0,0,44,0,793,2,8,65,592201080,2,0,0,0,794,0,219,41,0,1,1,0,54,6,2437,0,0,0,20,evil_twin,evil_twin
1684018813,13881,298,0,1,1,0,0,44,0,794,2,8,65,1770411302,2,0,0,0,795,0,219,41,0,1,1,0,54,6,2437,0,0,0,20,evil_twin,evil_twin
1684018813,13927,299,0,1,1,0,0,44,0,795,2,8,65,3123733051,2,0,0,0,796,0,220,41,0,1,1,0,54,6,2437,0,0,0,20,evil_twin,evil_twin
1684018813,13954,299,0,1,1,0,0,44,0,796,2,8,65,1073394126,2,0,0,0,797,0,220,41,0,1,1,0,54,6,2437,0,0,0,20,evil_twin,evil_twin
1684018813,13976,299,0,1,1,0,0,44,0,797,2,8,65,2978490272,2,0,0,0,798,0,220,41,0,1,1,0,54,6,2437,0,0,0,20,evil_twin,evil_twin
1684018814,14002,299,0,1,1,0,0,44,0,798,2,8,65,783883556,2,0,0,0,799,0,220,41,0,1,1,0,54,6,2437,0,0,0,20,evil_twin,evil_twin
1684018814,14030,299,0,1,1,0,0,44,0,799,2,8,65,973460496,2,0,0,0,800,0,220,41,0,1,1,0,54,6,2437,0,0,0,20,evil_twin,evil_twin
1684018814,14052,141,0,1,1,0,0,44,0,800,2,8,65,2417285064,2,0,0,0,801,0,62,41,0,1,1,0,54,6,2437,0,0,0,20,evil_twin,evil_twin
1684018814,14057,299,0,1,1,0,0,44,0,801,2,8,65,2052393610,2,0,0,0,802,0,220,41,0,1,1,0,54,6,2437,0,0,0,20,evil_twin,evil_twin
1684018814,14079,299,0,1,1,0,0,44,0,802,2,8,65,651485133,2,0,0,0,803,0,220,41,0,1,1,0,54,6,2437,0,0,0,20,evil_twin,evil_twin
1684018814,14102,299,0,1,1,0,0,44,0,803,2,8,65,908453581,2,0,0,0,804,0,220,41,0,1,1,0,54,6,2437,0,0,0,20,evil_twin,evil_twin
1684018814,14137,299,0,1,1,0,0,44,0,805,2,8,65,2074198398,2,0,0,0,806,0,220,41,0,1,1,0,54,6,2437,0,0,0,20,evil_twin,evil_twin
1684018814,14155,299,0,1,1,0,0,44,0,806,2,8,65,521665248,2,0,0,0,807,0,220,41,0,1,1,0,54,6,2437,0,0,0,20,evil_twin,evil_twin
1684018814,14167,299,0,1,1,0,0,44,0,807,2,8,65,2651447531,2,0,0,0,808,0,220,41,0,1,1,0,54,6,2437,0,0,0,20,evil_twin,evil_twin
1684018815,14186,299,0,1,1,0,0,44,0,808,2,8,73,2200335272,2,0,0,0,809,0,220,41,0,1,1,0,54,6,2437,0,0,0,20,evil_twin,evil_twin
1684018815,14199,299,0,1,1,0,0,44,0,809,2,8,65,491571109,2,0,0,0,810,0,220,41,0,1,1,0,54,6,2437,0,0,0,20,evil_twin,evil_twin
1684018815,14216,299,0,1,1,0,0,44,0,810,2,8,65,4032733153,2,0,0,0,811,0,220,41,0,1,1,0,54,6,2437,0,0,0,20,evil_twin,evil_twin
1684018815,14225,299,0,1,1,0,0,44,0,811,2,8,65,2573693805,2,0,0,0,812,0,220,41,0,1,1,0,54,6,2437,0,0,0,20,evil_twin,evil_twin
1684018815,14230,299,0,1,1,0,0,44,0,812,2,8,65,1694925147,2,0,0,0,813,0,220,41,0,1,1,0,54,6,2437,0,0,0,20,evil_twin,evil_twin
1684018815,14234,299,0,1,1,0,0,44,0,813,2,8,65,1779666683,2,0,0,0,814,0,220,41,0,1,1,0,54,6,2437,0,0,0,20,evil_twin,evil_twin
1684018815,14241,299,0,1,1,0,0,44,0,814,2,8,65,4101511039,2,0,0,0,815,0,220,41,0,1,1,0,54,6,2437,0,0,0,20,evil_twin,evil_twin
1684018815,14247,299,0,1,1,0,0,44,0,815,2,8,65,422837730,2,0,0,0,816,0,220,41,0,1,1,0,54,6,2437,0,0,0,20,evil_twin,evil_twin
1684018815,14260,299,0,1,1,0,0,44,0,816,2,8,65,4071488527,2,0,0,0,817,0,220,41,0,1,1,0,54,6,2437,0,0,0,20,evil_twin,evil_twin
1684018816,14298,299,0,1,1,0,0,44,0,819,2,8,65,1225249940,2,0,0,0,820,0,220,41,0,1,1,0,54,6,2437,0,0,0,20,evil_twin,evil_twin
1684018816,14311,299,0,1,1,0,0,44,0,820,2,8,65,1168348385,2,0,0,0,821,0,220,41,0,1,1,0,54,6,2437,0,0,0,20,evil_twin,evil_twin
1684018816,14338,299,0,1,1,0,0,44,0,821,2,8,65,1409906107,2,0,0,0,822,0,220,41,0,1,1,0,54,6,2437,0,0,0,20,evil_twin,evil_twin
1684019002,2,298,0,1,1,0,0,44,0,284,2,8,65,1872785976,2,0,0,0,285,0,219,41,0,1,1,0,54,6,2437,0,0,0,20,evil_twin,evil_twin
1684019002,11,125,0,1,1,0,0,44,0,285,2,8,65,3475928734,2,0,0,0,286,0,46,41,0,1,1,0,54,6,2437,0,0,0,20,evil_twin,evil_twin
1684019002,18,296,0,1,1,0,0,44,0,286,2,8,65,543109088,2,0,0,0,287,0,217,41,0,1,1,0,54,6,2437,0,0,0,20,evil_twin,evil_twin
1684019002,28,297,0,1,1,0,0,44,0,287,2,8,65,3644288569,2,0,0,0,288,0,218,41,0,1,1,0,54,6,2437,0,0,0,20,evil_twin,evil_twin
1684019002,40,295,0,1,1,0,0,44,0,288,2,8,65,3603638963,2,0,0,0,289,0,216,41,0,1,1,0,54,6,2437,0,0,0,20,evil_twin,evil_twin
1684019002,49,297,0,1,1,0,0,44,0,289,2,8,65,98127529,2,0,0,0,290,0,218,41,0,1,1,0,54,6,2437,0,0,0,20,evil_twin,evil_twin
1684019002,64,297,0,1,1,0,0,44,0,291,2,8,65,2242516518,2,0,0,0,292,0,218,41,0,1,1,0,54,6,2437,0,0,0,20,evil_twin,evil_twin
1684019002,69,296,0,1,1,0,0,44,0,292,2,8,65,1087198005,2,0,0,0,293,0,217,41,0,1,1,0,54,6,2437,0,0,0,20,evil_twin,evil_twin
1684019002,79,297,0,1,1,0,0,44,0,293,2,8,65,2877357480,2,0,0,0,294,0,218,41,0,1,1,0,54,6,2437,0,0,0,20,evil_twin,evil_twin
1684019003,89,295,0,1,1,0,0,44,0,294,2,8,65,2482148355,2,0,0,0,295,0,216,41,0,1,1,0,54,6,2437,0,0,0,20,evil_twin,evil_twin
1684019003,99,297,0,1,1,0,0,44,0,295,2,8,65,319509096,2,0,0,0,296,0,218,41,0,1,1,0,54,6,2437,0,0,0,20,evil_twin,evil_twin
1684019003,108,296,0,1,1,0,0,44,0,296,2,8,65,2129539708,2,0,0,0,297,0,217,41,0,1,1,0,54,6,2437,0,0,0,20,evil_twin,evil_twin
1684019003,118,297,0,1,1,0,0,44,0,297,2,8,65,682226233,2,0,0,0,298,0,218,41,0,1,1,0,54,6,2437,0,0,0,20,evil_twin,evil_twin
1684019003,131,296,0,1,1,0,0,44,0,298,2,8,65,111807817,2,0,0,0,299,0,217,41,0,1,1,0,54,6,2437,0,0,0,20,evil_twin,evil_twin
1684019003,139,297,0,1,1,0,0,44,0,299,2,8,65,4033531451,2,0,0,0,300,0,218,41,0,1,1,0,54,6,2437,0,0,0,20,evil_twin,evil_twin
1684019003,149,298,0,1,1,0,0,44,0,300,2,8,65,3338194877,2,0,0,0,301,0,219,41,0,1,1,0,54,6,2437,0,0,0,20,evil_twin,evil_twin
1684019003,160,295,0,1,1,0,0,44,0,301,2,8,65,2003478390,2,0,0,0,302,0,216,41,0,1,1,0,54,6,2437,0,0,0,20,evil_twin,evil_twin
1684019003,170,298,0,1,1,0,0,44,0,302,2,8,65,3559934516,2,0,0,0,303,0,219,41,0,1,1,0,54,6,2437,0,0,0,20,evil_twin,evil_twin
1684019003,178,296,0,1,1,0,0,44,0,303,2,8,65,1646662983,2,0,0,0,304,0,217,41,0,1,1,0,54,6,2437,0,0,0,20,evil_twin,evil_twin
1684019004,186,297,0,1,1,0,0,44,0,304,2,8,65,1052692110,2,0,0,0,305,0,218,41,0,1,1,0,54,6,2437,0,0,0,20,evil_twin,evil_twin
1684019004,200,295,0,1,1,0,0,44,0,305,2,8,65,2011384203,2,0,0,0,306,0,216,41,0,1,1,0,54,6,2437,0,0,0,20,evil_twin,evil_twin
1684019004,209,295,0,1,1,0,0,44,0,306,2,8,65,148324019,2,0,0,0,307,0,216,41,0,1,1,0,54,6,2437,0,0,0,20,evil_twin,evil_twin
1684019004,212,125,0,1,1,0,0,44,0,307,2,8,65,52725826,2,0,0,0,308,0,46,41,0,1,1,0,54,6,2437,0,0,0,20,evil_twin,evil_twin
1684019004,226,295,0,1,1,0,0,44,0,308,2,8,65,3614067969,2,0,0,0,309,0,216,41,0,1,1,0,54,6,2437,0,0,0,20,evil_twin,evil_twin
1684019004,232,141,1,0,0,1,0,44,0,13,2,8,66,1462516549,2,0,0,0,16,0,62,41,0,1,1,0,54,6,2437,0,0,0,20,evil_twin,evil_twin
1684019004,288,297,0,1,1,0,0,44,0,311,2,8,65,1036327139,2,0,0,0,312,0,218,41,0,1,1,0,54,6,2437,0,0,0,20,evil_twin,evil_twin
1684019004,298,298,0,1,1,0,0,44,0,312,2,8,65,3651037858,2,0,0,0,313,0,219,41,0,1,1,0,54,6,2437,0,0,0,20,evil_twin,evil_twin
1684019004,307,297,0,1,1,0,0,44,0,313,2,8,65,318000343,2,0,0,0,314,0,218,41,0,1,1,0,54,6,2437,0,0,0,20,evil_twin,evil_twin
1684019004,315,298,0,1,1,0,0,44,0,314,2,8,65,2570427213,2,0,0,0,315,0,219,41,0,1,1,0,54,6,2437,0,0,0,20,evil_twin,evil_twin
1684019004,319,298,0,1,1,0,0,44,0,314,2,8,73,2264553557,2,0,0,0,315,0,219,41,0,1,1,0,54,6,2437,0,0,0,20,evil_twin,evil_twin
1684019005,328,298,0,1,1,0,0,44,0,315,2,8,65,226140918,2,0,0,0,316,0,219,41,0,1,1,0,54,6,2437,0,0,0,20,evil_twin,evil_twin
1684019005,337,296,0,1,1,0,0,44,0,316,2,8,65,1202858646,2,0,0,0,317,0,217,41,0,1,1,0,54,6,2437,0,0,0,20,evil_twin,evil_twin
1684019005,350,297,0,1,1,0,0,44,0,317,2,8,65,1890208402,2,0,0,0,318,0,218,41,0,1,1,0,54,6,2437,0,0,0,20,evil_twin,evil_twin
1684019005,360,298,0,1,1,0,0,44,0,318,2,8,65,842627396,2,0,0,0,319,0,219,41,0,1,1,0,54,6,2437,0,0,0,20,evil_twin,evil_twin
1684019005,369,298,0,1,1,0,0,44,0,319,2,8,65,2049726468,2,0,0,0,320,0,219,41,0,1,1,0,54,6,2437,0,0,0,20,evil_twin,evil_twin
1684019005,380,297,0,1,1,0,0,44,0,320,2,8,65,3393891906,2,0,0,0,321,0,218,41,0,1,1,0,54,6,2437,0,0,0,20,evil_twin,evil_twin
1684019005,387,298,0,1,1,0,0,44,0,321,2,8,65,2920880801,2,0,0,0,322,0,219,41,0,1,1,0,54,6,2437,0,0,0,20,evil_twin,evil_twin
1684019005,395,296,0,1,1,0,0,44,0,322,2,8,65,4098056990,2,0,0,0,323,0,217,41,0,1,1,0,54,6,2437,0,0,0,20,evil_twin,evil_twin
1684019005,405,297,0,1,1,0,0,44,0,323,2,8,65,1488093141,2,0,0,0,324,0,218,41,0,1,1,0,54,6,2437,0,0,0,20,evil_twin,evil_twin
1684019005,416,296,0,1,1,0,0,44,0,324,2,8,65,1253729648,2,0,0,0,325,0,217,41,0,1,1,0,54,6,2437,0,0,0,20,evil_twin,evil_twin
1684019006,426,298,0,1,1,0,0,44,0,325,2,8,65,2533554767,2,0,0,0,326,0,219,41,0,1,1,0,54,6,2437,0,0,0,20,evil_twin,evil_twin
1684019006,436,298,0,1,1,0,0,44,0,326,2,8,65,1645264250,2,0,0,0,327,0,219,41,0,1,1,0,54,6,2437,0,0,0,20,evil_twin,evil_twin
1684019006,443,296,0,1,1,0,0,44,0,327,2,8,65,1917642411,2,0,0,0,328,0,217,41,0,1,1,0,54,6,2437,0,0,0,20,evil_twin,evil_twin
1684019006,448,298,0,1,1,0,0,44,0,328,2,8,65,1902721923,2,0,0,0,329,0,219,41,0,1,1,0,54,6,2437,0,0,0,20,evil_twin,evil_twin
1684019006,466,296,0,1,1,0,0,44,0,330,2,8,65,2293235117,2,0,0,0,331,0,217,41,0,1,1,0,54,6,2437,0,0,0,20,evil_twin,evil_twin
1684019006,482,295,0,1,1,0,0,44,0,331,2,8,65,2445940753,2,0,0,0,332,0,216,41,0,1,1,0,54,6,2437,0,0,0,20,evil_twin,evil_twin
1684019006,488,298,0,1,1,0,0,44,0,332,2,8,65,147252246,2,0,0,0,333,0,219,41,0,1,1,0,54,6,2437,0,0,0,20,evil_twin,evil_twin
1684019006,497,297,0,1,1,0,0,44,0,333,2,8,65,1279255200,2,0,0,0,334,0,218,41,0,1,1,0,54,6,2437,0,0,0,20,evil_twin,evil_twin
1684019007,525,297,0,1,1,0,0,44,0,335,2,8,65,1403097889,2,0,0,0,336,0,218,41,0,1,1,0,54,6,2437,0,0,0,20,evil_twin,evil_twin
1684019007,544,295,0,1,1,0,0,44,0,336,2,8,65,2674409087,2,0,0,0,337,0,216,41,0,1,1,0,54,6,2437,0,0,0,20,evil_twin,evil_twin
1684019007,556,125,0,1,1,0,0,44,0,337,2,8,65,3801901740,2,0,0,0,338,0,46,41,0,1,1,0,54,6,2437,0,0,0,20,evil_twin,evil_twin
1684019007,569,295,0,1,1,0,0,44,0,338,2,8,65,1917702216,2,0,0,0,339,0,216,41,0,1,1,0,54,6,2437,0,0,0,20,evil_twin,evil_twin
1684019007,578,294,0,1,1,0,0,44,0,339,2,8,65,1598519868,2,0,0,0,340,0,215,41,0,1,1,0,54,6,2437,0,0,0,20,evil_twin,evil_twin
1684019007,590,298,0,1,1,0,0,44,0,340,2,8,65,795465890,2,0,0,0,341,0,219,41,0,1,1,0,54,6,2437,0,0,0,20,evil_twin,evil_twin
1684019007,602,297,0,1,1,0,0,44,0,341,2,8,65,2467450705,2,0,0,0,342,0,218,41,0,1,1,0,54,6,2437,0,0,0,20,evil_twin,evil_twin
1684019007,609,298,0,1,1,0,0,44,0,342,2,8,65,2906345790,2,0,0,0,343,0,219,41,0,1,1,0,54,6,2437,0,0,0,20,evil_twin,evil_twin
1684019007,620,297,0,1,1,0,0,44,0,343,2,8,65,92233779,2,0,0,0,344,0,218,41,0,1,1,0,54,6,2437,0,0,0,20,evil_twin,evil_twin
1684019007,629,297,0,1,1,0,0,44,0,344,2,8,65,2412448925,2,0,0,0,345,0,218,41,0,1,1,0,54,6,2437,0,0,0,20,evil_twin,evil_twin
1684019007,636,298,0,1,1,0,0,44,0,345,2,8,65,2337815697,2,0,0,0,346,0,219,41,0,1,1,0,54,6,2437,0,0,0,20,evil_twin,evil_twin
1684019008,642,298,0,1,1,0,0,44,0,346,2,8,65,1197242925,2,0,0,0,347,0,219,41,0,1,1,0,54,6,2437,0,0,0,20,evil_twin,evil_twin
1684019008,658,298,0,1,1,0,0,44,0,347,2,8,65,1354620372,2,0,0,0,348,0,219,41,0,1,1,0,54,6,2437,0,0,0,20,evil_twin,evil_twin
1684019008,694,298,0,1,1,0,0,44,0,349,2,8,65,3532317260,2,0,0,0,350,0,219,41,0,1,1,0,54,6,2437,0,0,0,20,evil_twin,evil_twin
1684019008,725,299,0,1,1,0,0,44,0,350,2,8,65,3079396641,2,0,0,0,351,0,220,41,0,1,1,0,54,6,2437,0,0,0,20,evil_twin,evil_twin
1684019008,733,300,0,1,1,0,0,44,0,351,2,8,65,2571906625,2,0,0,0,352,0,221,41,0,1,1,0,54,6,2437,0,0,0,20,evil_twin,evil_twin
1684019008,749,300,0,1,1,0,0,44,0,352,2,8,65,936627938,2,0,0,0,353,0,221,41,0,1,1,0,54,6,2437,0,0,0,20,evil_twin,evil_twin
1684019008,760,298,0,1,1,0,0,44,0,353,2,8,65,3110957018,2,0,0,0,354,0,219,41,0,1,1,0,54,6,2437,0,0,0,20,evil_twin,evil_twin
1684019008,770,298,0,1,1,0,0,44,0,354,2,8,65,1560490004,2,0,0,0,355,0,219,41,0,1,1,0,54,6,2437,0,0,0,20,evil_twin,evil_twin
1684019008,773,125,0,1,1,0,0,44,0,355,2,8,65,2507595449,2,0,0,0,356,0,46,41,0,1,1,0,54,6,2437,0,0,0,20,evil_twin,evil_twin
1684019008,782,141,1,0,0,1,0,44,0,15,2,8,66,3997938133,2,0,0,0,18,0,62,41,0,1,1,0,54,6,2437,0,0,0,20,evil_twin,evil_twin
1684019008,788,299,0,1,1,0,0,44,0,356,2,8,65,1867138357,2,0,0,0,357,0,220,41,0,1,1,0,54,6,2437,0,0,0,20,evil_twin,evil_twin
1684019009,808,297,0,1,1,0,0,44,0,357,2,8,65,860269568,2,0,0,0,358,0,218,41,0,1,1,0,54,6,2437,0,0,0,20,evil_twin,evil_twin
1684019009,817,298,0,1,1,0,0,44,0,358,2,8,65,2715035329,2,0,0,0,359,0,219,41,0,1,1,0,54,6,2437,0,0,0,20,evil_twin,evil_twin
1684019009,828,296,0,1,1,0,0,44,0,359,2,8,65,3684940005,2,0,0,0,360,0,217,41,0,1,1,0,54,6,2437,0,0,0,20,evil_twin,evil_twin
1684019009,842,298,0,1,1,0,0,44,0,360,2,8,65,4256237399,2,0,0,0,361,0,219,41,0,1,1,0,54,6,2437,0,0,0,20,evil_twin,evil_twin
1684019009,847,298,0,1,1,0,0,44,0,361,2,8,65,4278114770,2,0,0,0,362,0,219,41,0,1,1,0,54,6,2437,0,0,0,20,evil_twin,evil_twin
1684019009,880,299,0,1,1,0,0,44,0,362,2,8,65,4287123825,2,0,0,0,363,0,220,41,0,1,1,0,54,6,2437,0,0,0,20,evil_twin,evil_twin
1684019009,893,298,0,1,1,0,0,44,0,363,2,8,65,1543092315,2,0,0,0,364,0,219,41,0,1,1,0,54,6,2437,0,0,0,20,evil_twin,evil_twin
1684019009,904,299,0,1,1,0,0,44,0,365,2,8,65,4189057047,2,0,0,0,366,0,220,41,0,1,1,0,54,6,2437,0,0,0,20,evil_twin,evil_twin
1684019009,913,299,0,1,1,0,0,44,0,366,2,8,65,1491255853,2,0,0,0,367,0,220,41,0,1,1,0,54,6,2437,0,0,0,20,evil_twin,evil_twin
1684019010,921,297,0,1,1,0,0,44,0,367,2,8,65,3983555436,2,0,0,0,368,0,218,41,0,1,1,0,54,6,2437,0,0,0,20,evil_twin,evil_twin
1684019010,930,297,0,1,1,0,0,44,0,368,2,8,65,697295522,2,0,0,0,369,0,218,41,0,1,1,0,54,6,2437,0,0,0,20,evil_twin,evil_twin
1684019010,940,298,0,1,1,0,0,44,0,369,2,8,65,2121877741,2,0,0,0,370,0,219,41,0,1,1,0,54,6,2437,0,0,0,20,evil_twin,evil_twin
1684019010,949,297,0,1,1,0,0,44,0,370,2,8,65,2739101688,2,0,0,0,371,0,218,41,0,1,1,0,54,6,2437,0,0,0,20,evil_twin,evil_twin
1684019010,957,298,0,1,1,0,0,44,0,371,2,8,65,3044481715,2,0,0,0,372,0,219,41,0,1,1,0,54,6,2437,0,0,0,20,evil_twin,evil_twin
1684019010,969,296,0,1,1,0,0,44,0,372,2,8,65,1857247084,2,0,0,0,373,0,217,41,0,1,1,0,54,6,2437,0,0,0,20,evil_twin,evil_twin
1684019010,984,296,0,1,1,0,0,44,0,373,2,8,65,2954058546,2,0,0,0,374,0,217,41,0,1,1,0,54,6,2437,0,0,0,20,evil_twin,evil_twin
1684019010,995,297,0,1,1,0,0,44,0,374,2,8,65,1025062425,2,0,0,0,375,0,218,41,0,1,1,0,54,6,2437,0,0,0,20,evil_twin,evil_twin
1684019010,1008,295,0,1,1,0,0,44,0,375,2,8,65,3388446882,2,0,0,0,376,0,216,41,0,1,1,0,54,6,2437,0,0,0,20,evil_twin,evil_twin
1684019010,1018,298,0,1,1,0,0,44,0,376,2,8,65,1847820306,2,0,0,0,377,0,219,41,0,1,1,0,54,6,2437,0,0,0,20,evil_twin,evil_twin
1684019011,1030,298,0,1,1,0,0,44,0,377,2,8,65,3612506028,2,0,0,0,378,0,219,41,0,1,1,0,54,6,2437,0,0,0,20,evil_twin,evil_twin
1684019011,1040,296,0,1,1,0,0,44,0,378,2,8,65,1743712990,2,0,0,0,379,0,217,41,0,1,1,0,54,6,2437,0,0,0,20,evil_twin,evil_twin
1684019011,1043,125,0,1,1,0,0,44,0,379,2,8,65,2100629768,2,0,0,0,380,0,46,41,0,1,1,0,54,6,2437,0,0,0,20,evil_twin,evil_twin
1684019011,1060,141,1,0,0,1,0,44,0,16,2,8,66,2660651135,2,0,0,0,19,0,62,41,0,1,1,0,54,6,2437,0,0,0,20,evil_twin,evil_twin
1684019011,1066,295,0,1,1,0,0,44,0,380,2,8,65,2229629640,2,0,0,0,381,0,216,41,0,1,1,0,54,6,2437,0,0,0,20,evil_twin,evil_twin
1684019011,1078,298,0,1,1,0,0,44,0,381,2,8,65,291382012,2,0,0,0,382,0,219,41,0,1,1,0,54,6,2437,0,0,0,20,evil_twin,evil_twin
1684019011,1089,297,0,1,1,0,0,44,0,382,2,8,65,694250684,2,0,0,0,383,0,218,41,0,1,1,0,54,6,2437,0,0,0,20,evil_twin,evil_twin
1684019011,1103,298,0,1,1,0,0,44,0,383,2,8,65,3292493830,2,0,0,0,384,0,219,41,0,1,1,0,54,6,2437,0,0,0,20,evil_twin,evil_twin
1684019011,1116,297,0,1,1,0,0,44,0,384,2,8,65,1578172698,2,0,0,0,385,0,218,41,0,1,1,0,54,6,2437,0,0,0,20,evil_twin,evil_twin
1684019011,1135,299,0,1,1,0,0,44,0,385,2,8,65,202514334,2,0,0,0,386,0,220,41,0,1,1,0,54,6,2437,0,0,0,20,evil_twin,evil_twin
1684019011,1148,297,0,1,1,0,0,44,0,386,2,8,65,3045671215,2,0,0,0,387,0,218,41,0,1,1,0,54,6,2437,0,0,0,20,evil_twin,evil_twin
1684019012,1159,299,0,1,1,0,0,44,0,387,2,8,65,1580620473,2,0,0,0,388,0,220,41,0,1,1,0,54,6,2437,0,0,0,20,evil_twin,evil_twin
1684019012,1172,299,0,1,1,0,0,44,0,388,2,8,65,1575335714,2,0,0,0,389,0,220,41,0,1,1,0,54,6,2437,0,0,0,20,evil_twin,evil_twin
1684019012,1182,298,0,1,1,0,0,44,0,389,2,8,65,2548814509,2,0,0,0,390,0,219,41,0,1,1,0,54,6,2437,0,0,0,20,evil_twin,evil_twin
1684019012,1193,297,0,1,1,0,0,44,0,390,2,8,65,784845092,2,0,0,0,391,0,218,41,0,1,1,0,54,6,2437,0,0,0,20,evil_twin,evil_twin
1684019012,1205,299,0,1,1,0,0,44,0,391,2,8,65,2928644375,2,0,0,0,392,0,220,41,0,1,1,0,54,6,2437,0,0,0,20,evil_twin,evil_twin
1684019012,1219,299,0,1,1,0,0,44,0,392,2,8,65,2416838145,2,0,0,0,393,0,220,41,0,1,1,0,54,6,2437,0,0,0,20,evil_twin,evil_twin
1684019012,1242,297,0,1,1,0,0,44,0,394,2,8,65,1638326392,2,0,0,0,395,0,218,41,0,1,1,0,54,6,2437,0,0,0,20,evil_twin,evil_twin
1684019012,1253,299,0,1,1,0,0,44,0,395,2,8,65,3017605585,2,0,0,0,396,0,220,41,0,1,1,0,54,6,2437,0,0,0,20,evil_twin,evil_twin
1684019012,1264,298,0,1,1,0,0,44,0,396,2,8,65,2357821934,2,0,0,0,397,0,219,41,0,1,1,0,54,6,2437,0,0,0,20,evil_twin,evil_twin
1684019012,1269,300,0,1,1,0,0,44,0,397,2,8,65,595839006,2,0,0,0,398,0,221,41,0,1,1,0,54,6,2437,0,0,0,20,evil_twin,evil_twin
1684019013,1284,299,0,1,1,0,0,44,0,398,2,8,65,1307136919,2,0,0,0,399,0,220,41,0,1,1,0,54,6,2437,0,0,0,20,evil_twin,evil_twin
1684019013,1297,299,0,1,1,0,0,44,0,399,2,8,65,349651752,2,0,0,0,400,0,220,41,0,1,1,0,54,6,2437,0,0,0,20,evil_twin,evil_twin
1684019013,1311,299,0,1,1,0,0,44,0,400,2,8,65,1249768232,2,0,0,0,401,0,220,41,0,1,1,0,54,6,2437,0,0,0,20,evil_twin,evil_twin
1684019013,1322,299,0,1,1,0,0,44,0,401,2,8,65,1011982183,2,0,0,0,402,0,220,41,0,1,1,0,54,6,2437,0,0,0,20,evil_twin,evil_twin
1684019013,1331,125,0,1,1,0,0,44,0,402,2,8,65,2506916255,2,0,0,0,403,0,46,41,0,1,1,0,54,6,2437,0,0,0,20,evil_twin,evil_twin
1684019013,1338,299,0,1,1,0,0,44,0,403,2,8,65,3430214255,2,0,0,0,404,0,220,41,0,1,1,0,54,6,2437,0,0,0,20,evil_twin,evil_twin
1684019013,1347,141,1,0,0,1,0,44,0,17,2,8,66,3999123510,2,0,0,0,20,0,62,41,0,1,1,0,54,6,2437,0,0,0,20,evil_twin,evil_twin
1684019013,1355,297,0,1,1,0,0,44,0,404,2,8,65,220356419,2,0,0,0,405,0,218,41,0,1,1,0,54,6,2437,0,0,0,20,evil_twin,evil_twin
1684019013,1372,298,0,1,1,0,0,44,0,405,2,8,65,763123117,2,0,0,0,406,0,219,41,0,1,1,0,54,6,2437,0,0,0,20,evil_twin,evil_twin
1684019013,1385,298,0,1,1,0,0,44,0,406,2,8,65,778615975,2,0,0,0,407,0,219,41,0,1,1,0,54,6,2437,0,0,0,20,evil_twin,evil_twin
1684019013,1396,299,0,1,1,0,0,44,0,407,2,8,65,2976350961,2,0,0,0,408,0,220,41,0,1,1,0,54,6,2437,0,0,0,20,evil_twin,evil_twin
1684019013,1408,297,0,1,1,0,0,44,0,408,2,8,65,3451978077,2,0,0,0,409,0,218,41,0,1,1,0,54,6,2437,0,0,0,20,evil_twin,evil_twin
1684019014,1420,299,0,1,1,0,0,44,0,409,2,8,65,330296545,2,0,0,0,410,0,220,41,0,1,1,0,54,6,2437,0,0,0,20,evil_twin,evil_twin
1684019014,1431,299,0,1,1,0,0,44,0,410,2,8,65,2117366828,2,0,0,0,411,0,220,41,0,1,1,0,54,6,2437,0,0,0,20,evil_twin,evil_twin
1684019014,1445,298,0,1,1,0,0,44,0,411,2,8,65,1751087413,2,0,0,0,412,0,219,41,0,1,1,0,54,6,2437,0,0,0,20,evil_twin,evil_twin
1684019014,1454,298,0,1,1,0,0,44,0,412,2,8,65,3337607494,2,0,0,0,413,0,219,41,0,1,1,0,54,6,2437,0,0,0,20,evil_twin,evil_twin
1684019014,1465,298,0,1,1,0,0,44,0,413,2,8,65,1741936848,2,0,0,0,414,0,219,41,0,1,1,0,54,6,2437,0,0,0,20,evil_twin,evil_twin
1684019014,1498,299,0,1,1,0,0,44,0,414,2,8,65,1773861920,2,0,0,0,415,0,220,41,0,1,1,0,54,6,2437,0,0,0,20,evil_twin,evil_twin
1684019014,1515,297,0,1,1,0,0,44,0,415,2,8,65,2803391677,2,0,0,0,416,0,218,41,0,1,1,0,54,6,2437,0,0,0,20,evil_twin,evil_twin
1684019014,1517,297,0,1,1,0,0,44,0,415,2,8,73,2992122478,2,0,0,0,416,0,218,41,0,1,1,0,54,6,2437,0,0,0,20,evil_twin,evil_twin
1684019014,1519,297,0,1,1,0,0,44,0,415,2,8,73,2992122478,2,0,0,0,416,0,218,41,0,1,1,0,48,6,2437,0,0,0,20,evil_twin,evil_twin
1684019014,1538,297,0,1,1,0,0,44,0,416,2,8,65,930065107,2,0,0,0,417,0,218,41,0,1,1,0,54,6,2437,0,0,0,20,evil_twin,evil_twin
1684019015,1597,298,0,1,1,0,0,44,0,419,2,8,65,3816949032,2,0,0,0,420,0,219,41,0,1,1,0,54,6,2437,0,0,0,20,evil_twin,evil_twin
1684019015,1609,300,0,1,1,0,0,44,0,420,2,8,65,499837731,2,0,0,0,421,0,221,41,0,1,1,0,54,6,2437,0,0,0,20,evil_twin,evil_twin
1684019015,1622,298,0,1,1,0,0,44,0,421,2,8,65,2115533757,2,0,0,0,422,0,219,41,0,1,1,0,54,6,2437,0,0,0,20,evil_twin,evil_twin
1684019015,1638,300,0,1,1,0,0,44,0,422,2,8,65,2113223074,2,0,0,0,423,0,221,41,0,1,1,0,54,6,2437,0,0,0,20,evil_twin,evil_twin
1684019015,1647,125,0,1,1,0,0,44,0,423,2,8,65,1281585495,2,0,0,0,424,0,46,41,0,1,1,0,54,6,2437,0,0,0,20,evil_twin,evil_twin
1684019015,1653,297,0,1,1,0,0,44,0,424,2,8,65,1101905719,2,0,0,0,425,0,218,41,0,1,1,0,54,6,2437,0,0,0,20,evil_twin,evil_twin
1684019015,1666,296,0,1,1,0,0,44,0,425,2,8,65,851079870,2,0,0,0,426,0,217,41,0,1,1,0,54,6,2437,0,0,0,20,evil_twin,evil_twin
1684019015,1683,296,0,1,1,0,0,44,0,426,2,8,65,2721041311,2,0,0,0,427,0,217,41,0,1,1,0,54,6,2437,0,0,0,20,evil_twin,evil_twin
1684019015,1711,298,0,1,1,0,0,44,0,427,2,8,65,2175930075,2,0,0,0,428,0,219,41,0,1,1,0,54,6,2437,0,0,0,20,evil_twin,evil_twin
1684019015,1720,141,1,0,0,1,0,44,0,19,2,8,66,524474536,2,0,0,0,22,0,62,41,0,1,1,0,54,6,2437,0,0,0,20,evil_twin,evil_twin
1684019015,1723,141,0,1,1,0,0,44,0,428,2,8,65,564257840,2,0,0,0,429,0,62,41,0,1,1,0,54,6,2437,0,0,0,20,evil_twin,evil_twin
1684019015,1732,299,0,1,1,0,0,44,0,429,2,8,65,2961539218,2,0,0,0,430,0,220,41,0,1,1,0,54,6,2437,0,0,0,20,evil_twin,evil_twin
1684019016,1760,300,0,1,1,0,0,44,0,430,2,8,65,2530448926,2,0,0,0,431,0,221,41,0,1,1,0,54,6,2437,0,0,0,20,evil_twin,evil_twin
1684019016,1789,297,0,1,1,0,0,44,0,431,2,8,65,1363571099,2,0,0,0,432,0,218,41,0,1,1,0,54,6,2437,0,0,0,20,evil_twin,evil_twin
1684019016,1807,296,0,1,1,0,0,44,0,432,2,8,65,259263133,2,0,0,0,433,0,217,41,0,1,1,0,54,6,2437,0,0,0,20,evil_twin,evil_twin
1684019016,1826,296,0,1,1,0,0,44,0,433,2,8,65,3958623938,2,0,0,0,434,0,217,41,0,1,1,0,54,6,2437,0,0,0,20,evil_twin,evil_twin
1684019016,1838,297,0,1,1,0,0,44,0,434,2,8,65,1826227750,2,0,0,0,435,0,218,41,0,1,1,0,54,6,2437,0,0,0,20,evil_twin,evil_twin
1684019016,1850,296,0,1,1,0,0,44,0,435,2,8,65,2714195338,2,0,0,0,436,0,217,41,0,1,1,0,54,6,2437,0,0,0,20,evil_twin,evil_twin
1684019016,1862,296,0,1,1,0,0,44,0,436,2,8,65,78029463,2,0,0,0,437,0,217,41,0,1,1,0,54,6,2437,0,0,0,20,evil_twin,evil_twin
1684019016,1872,297,0,1,1,0,0,44,0,437,2,8,65,4235112928,2,0,0,0,438,0,218,41,0,1,1,0,54,6,2437,0,0,0,20,evil_twin,evil_twin
1684019016,1885,297,0,1,1,0,0,44,0,438,2,8,65,2202506778,2,0,0,0,439,0,218,41,0,1,1,0,54,6,2437,0,0,0,20,evil_twin,evil_twin
1684019016,1907,297,0,1,1,0,0,44,0,439,2,8,65,1075769824,2,0,0,0,440,0,218,41,0,1,1,0,54,6,2437,0,0,0,20,evil_twin,evil_twin
1684019017,1912,297,0,1,1,0,0,44,0,440,2,8,65,1108825933,2,0,0,0,441,0,218,41,0,1,1,0,54,6,2437,0,0,0,20,evil_twin,evil_twin
1684019017,1923,297,0,1,1,0,0,44,0,441,2,8,65,2575231061,2,0,0,0,442,0,218,41,0,1,1,0,54,6,2437,0,0,0,20,evil_twin,evil_twin
1684019017,1936,297,0,1,1,0,0,44,0,442,2,8,65,1647613718,2,0,0,0,443,0,218,41,0,1,1,0,54,6,2437,0,0,0,20,evil_twin,evil_twin
1684019017,1949,296,0,1,1,0,0,44,0,443,2,8,65,3580853134,2,0,0,0,444,0,217,41,0,1,1,0,54,6,2437,0,0,0,20,evil_twin,evil_twin
1684019017,1963,298,0,1,1,0,0,44,0,444,2,8,65,164072156,2,0,0,0,445,0,219,41,0,1,1,0,54,6,2437,0,0,0,20,evil_twin,evil_twin
1684019017,1974,298,0,1,1,0,0,44,0,445,2,8,65,3075780598,2,0,0,0,446,0,219,41,0,1,1,0,54,6,2437,0,0,0,20,evil_twin,evil_twin
1684019017,1989,296,0,1,1,0,0,44,0,446,2,8,65,1029042727,2,0,0,0,447,0,217,41,0,1,1,0,54,6,2437,0,0,0,20,evil_twin,evil_twin
1684019017,2001,297,0,1,1,0,0,44,0,447,2,8,65,3169609423,2,0,0,0,448,0,218,41,0,1,1,0,54,6,2437,0,0,0,20,evil_twin,evil_twin
1684019017,2012,299,0,1,1,0,0,44,0,448,2,8,65,4157395838,2,0,0,0,449,0,220,41,0,1,1,0,54,6,2437,0,0,0,20,evil_twin,evil_twin
1684019017,2026,299,0,1,1,0,0,44,0,449,2,8,65,1064322050,2,0,0,0,450,0,220,41,0,1,1,0,54,6,2437,0,0,0,20,evil_twin,evil_twin
1684019018,2039,299,0,1,1,0,0,44,0,450,2,8,65,895963412,2,0,0,0,451,0,220,41,0,1,1,0,54,6,2437,0,0,0,20,evil_twin,evil_twin
1684019018,2050,298,0,1,1,0,0,44,0,451,2,8,65,749477867,2,0,0,0,452,0,219,41,0,1,1,0,54,6,2437,0,0,0,20,evil_twin,evil_twin
1684019018,2063,296,0,1,1,0,0,44,0,452,2,8,65,1640906039,2,0,0,0,453,0,217,41,0,1,1,0,54,6,2437,0,0,0,20,evil_twin,evil_twin
1684019018,2079,297,0,1,1,0,0,44,0,454,2,8,65,3736234042,2,0,0,0,455,0,218,41,0,1,1,0,54,6,2437,0,0,0,20,evil_twin,evil_twin
1684019018,2093,297,0,1,1,0,0,44,0,455,2,8,65,2241117796,2,0,0,0,456,0,218,41,0,1,1,0,54,6,2437,0,0,0,20,evil_twin,evil_twin
1684019018,2109,297,0,1,1,0,0,44,0,456,2,8,65,3630629186,2,0,0,0,457,0,218,41,0,1,1,0,54,6,2437,0,0,0,20,evil_twin,evil_twin
1684019018,2115,297,0,1,1,0,0,44,0,456,2,8,73,3441915793,2,0,0,0,457,0,218,41,0,1,1,0,54,6,2437,0,0,0,20,evil_twin,evil_twin
1684019018,2130,297,0,1,1,0,0,44,0,457,2,8,65,2932612359,2,0,0,0,458,0,218,41,0,1,1,0,54,6,2437,0,0,0,20,evil_twin,evil_twin
1684019018,2141,298,0,1,1,0,0,44,0,458,2,8,65,2853138114,2,0,0,0,459,0,219,41,0,1,1,0,54,6,2437,0,0,0,20,evil_twin,evil_twin
1684019018,2149,141,1,0,0,1,0,44,0,20,2,8,66,2119272737,2,0,0,0,23,0,62,41,0,1,1,0,54,6,2437,0,0,0,20,evil_twin,evil_twin
1684019018,2156,298,0,1,1,0,0,44,0,459,2,8,65,447157937,2,0,0,0,460,0,219,41,0,1,1,0,54,6,2437,0,0,0,20,evil_twin,evil_twin
1684019018,2170,297,0,1,1,0,0,44,0,460,2,8,65,347383514,2,0,0,0,461,0,218,41,0,1,1,0,54,6,2437,0,0,0,20,evil_twin,evil_twin
1684019019,2181,299,0,1,1,0,0,44,0,461,2,8,65,1208345478,2,0,0,0,462,0,220,41,0,1,1,0,54,6,2437,0,0,0,20,evil_twin,evil_twin
1684019019,2188,299,0,1,1,0,0,44,0,462,2,8,65,354546076,2,0,0,0,463,0,220,41,0,1,1,0,54,6,2437,0,0,0,20,evil_twin,evil_twin
1684019019,2202,300,0,1,1,0,0,44,0,463,2,8,65,1879029857,2,0,0,0,464,0,221,41,0,1,1,0,54,6,2437,0,0,0,20,evil_twin,evil_twin
1684019019,2214,299,0,1,1,0,0,44,0,464,2,8,65,412995277,2,0,0,0,465,0,220,41,0,1,1,0,54,6,2437,0,0,0,20,evil_twin,evil_twin
1684019019,2230,299,0,1,1,0,0,44,0,465,2,8,65,1501204879,2,0,0,0,466,0,220,41,0,1,1,0,54,6,2437,0,0,0,20,evil_twin,evil_twin
1684019019,2247,300,0,1,1,0,0,44,0,467,2,8,65,1882473242,2,0,0,0,468,0,221,41,0,1,1,0,54,6,2437,0,0,0,20,evil_twin,evil_twin
1684019019,2262,298,0,1,1,0,0,44,0,469,2,8,65,1074515774,2,0,0,0,470,0,219,41,0,1,1,0,54,6,2437,0,0,0,20,evil_twin,evil_twin
1684019019,2274,298,0,1,1,0,0,44,0,470,2,8,65,2622190523,2,0,0,0,471,0,219,41,0,1,1,0,54,6,2437,0,0,0,20,evil_twin,evil_twin
1684019020,2287,300,0,1,1,0,0,44,0,471,2,8,65,1728785205,2,0,0,0,472,0,221,41,0,1,1,0,54,6,2437,0,0,0,20,evil_twin,evil_twin
1684019020,2298,301,0,1,1,0,0,44,0,472,2,8,65,643362664,2,0,0,0,473,0,222,41,0,1,1,0,54,6,2437,0,0,0,20,evil_twin,evil_twin
1684019020,2304,301,0,1,1,0,0,44,0,473,2,8,65,3184873431,2,0,0,0,474,0,222,41,0,1,1,0,54,6,2437,0,0,0,20,evil_twin,evil_twin
1684019020,2315,299,0,1,1,0,0,44,0,474,2,8,65,2346809208,2,0,0,0,475,0,220,41,0,1,1,0,54,6,2437,0,0,0,20,evil_twin,evil_twin
1684019020,2332,301,0,1,1,0,0,44,0,475,2,8,65,3675146032,2,0,0,0,476,0,222,41,0,1,1,0,54,6,2437,0,0,0,20,evil_twin,evil_twin
1684019020,2341,125,0,1,1,0,0,44,0,476,2,8,65,1967558897,2,0,0,0,477,0,46,41,0,1,1,0,54,6,2437,0,0,0,20,evil_twin,evil_twin
1684019020,2346,300,0,1,1,0,0,44,0,477,2,8,65,1531561134,2,0,0,0,478,0,221,41,0,1,1,0,54,6,2437,0,0,0,20,evil_twin,evil_twin
1684019020,2358,296,0,1,1,0,0,44,0,478,2,8,65,1765943522,2,0,0,0,479,0,217,41,0,1,1,0,54,6,2437,0,0,0,20,evil_twin,evil_twin
1684019020,2368,294,0,1,1,0,0,44,0,479,2,8,65,599587930,2,0,0,0,480,0,215,41,0,1,1,0,54,6,2437,0,0,0,20,evil_twin,evil_twin
1684019020,2380,297,0,1,1,0,0,44,0,480,2,8,65,80975127,2,0,0,0,481,0,218,41,0,1,1,0,54,6,2437,0,0,0,20,evil_twin,evil_twin
1684019020,2391,297,0,1,1,0,0,44,0,481,2,8,65,3490069414,2,0,0,0,482,0,218,41,0,1,1,0,54,6,2437,0,0,0,20,evil_twin,evil_twin
1684019021,2404,294,0,1,1,0,0,44,0,482,2,8,65,4128249991,2,0,0,0,483,0,215,41,0,1,1,0,54,6,2437,0,0,0,20,evil_twin,evil_twin
1684019021,2422,295,0,1,1,0,0,44,0,483,2,8,65,2305847082,2,0,0,0,484,0,216,41,0,1,1,0,54,6,2437,0,0,0,20,evil_twin,evil_twin
1684019021,2433,297,0,1,1,0,0,44,0,484,2,8,65,3109505349,2,0,0,0,485,0,218,41,0,1,1,0,54,6,2437,0,0,0,20,evil_twin,evil_twin
1684019021,2447,296,0,1,1,0,0,44,0,485,2,8,65,377722191,2,0,0,0,486,0,217,41,0,1,1,0,54,6,2437,0,0,0,20,evil_twin,evil_twin
1684019021,2458,295,0,1,1,0,0,44,0,486,2,8,65,1468510126,2,0,0,0,487,0,216,41,0,1,1,0,54,6,2437,0,0,0,20,evil_twin,evil_twin
1684019021,2471,294,0,1,1,0,0,44,0,487,2,8,65,3768269511,2,0,0,0,488,0,215,41,0,1,1,0,54,6,2437,0,0,0,20,evil_twin,evil_twin
1684019021,2486,295,0,1,1,0,0,44,0,488,2,8,65,3980397738,2,0,0,0,489,0,216,41,0,1,1,0,54,6,2437,0,0,0,20,evil_twin,evil_twin
1684019021,2497,294,0,1,1,0,0,44,0,489,2,8,65,1288356595,2,0,0,0,490,0,215,41,0,1,1,0,54,6,2437,0,0,0,20,evil_twin,evil_twin
1684019021,2509,296,0,1,1,0,0,44,0,490,2,8,65,751605756,2,0,0,0,491,0,217,41,0,1,1,0,54,6,2437,0,0,0,20,evil_twin,evil_twin
1684019021,2520,296,0,1,1,0,0,44,0,491,2,8,65,3783499557,2,0,0,0,492,0,217,41,0,1,1,0,54,6,2437,0,0,0,20,evil_twin,evil_twin
1684019022,2533,297,0,1,1,0,0,44,0,492,2,8,65,3811745180,2,0,0,0,493,0,218,41,0,1,1,0,54,6,2437,0,0,0,20,evil_twin,evil_twin
1684019022,2545,295,0,1,1,0,0,44,0,493,2,8,65,989907473,2,0,0,0,494,0,216,41,0,1,1,0,54,6,2437,0,0,0,20,evil_twin,evil_twin
1684019022,2556,297,0,1,1,0,0,44,0,494,2,8,65,2003309516,2,0,0,0,495,0,218,41,0,1,1,0,54,6,2437,0,0,0,20,evil_twin,evil_twin
1684019022,2568,295,0,1,1,0,0,44,0,495,2,8,65,2821477644,2,0,0,0,496,0,216,41,0,1,1,0,54,6,2437,0,0,0,20,evil_twin,evil_twin
1684019022,2589,297,0,1,1,0,0,44,0,496,2,8,65,824359441,2,0,0,0,497,0,218,41,0,1,1,0,54,6,2437,0,0,0,20,evil_twin,evil_twin
1684019022,2597,125,0,1,1,0,0,44,0,497,2,8,65,4221136218,2,0,0,0,498,0,46,41,0,1,1,0,54,6,2437,0,0,0,20,evil_twin,evil_twin
1684019022,2663,295,0,1,1,0,0,44,0,501,2,8,65,3795309058,2,0,0,0,502,0,216,41,0,1,1,0,54,6,2437,0,0,0,20,evil_twin,evil_twin
1684019022,2681,141,1,0,0,1,0,44,0,22,2,8,66,825754654,2,0,0,0,25,0,62,41,0,1,1,0,54,6,2437,0,0,0,20,evil_twin,evil_twin
1684019022,2684,295,0,1,1,0,0,44,0,502,2,8,65,2893386608,2,0,0,0,503,0,216,41,0,1,1,0,54,6,2437,0,0,0,20,evil_twin,evil_twin
1684019022,2690,295,0,1,1,0,0,44,0,502,2,8,73,1214019825,2,0,0,0,503,0,216,41,0,1,1,0,54,6,2437,0,0,0,20,evil_twin,evil_twin
1684019022,2693,295,0,1,1,0,0,44,0,502,2,8,73,1214019825,2,0,0,0,503,0,216,41,0,1,1,0,48,6,2437,0,0,0,20,evil_twin,evil_twin
1684019022,2696,295,0,1,1,0,0,44,0,502,2,8,73,1214019825,2,0,0,0,503,0,216,41,0,1,1,0,48,6,2437,0,0,0,20,evil_twin,evil_twin
1684019022,2699,295,0,1,1,0,0,44,0,502,2,8,73,1214019825,2,0,0,0,503,0,216,41,0,1,1,0,36,6,2437,0,0,0,20,evil_twin,evil_twin
1684019022,2702,295,0,1,1,0,0,44,0,502,2,8,73,1214019825,2,0,0,0,503,0,216,41,0,1,1,0,36,6,2437,0,0,0,20,evil_twin,evil_twin
1684019022,2706,295,0,1,1,0,0,320,0,502,2,8,73,1033538348,2,0,0,0,503,0,216,41,0,1,0,1,1,6,2437,0,0,0,192,evil_twin,evil_twin
1684019023,2714,296,0,1,1,0,0,44,0,503,2,8,65,2083187570,2,0,0,0,504,0,217,41,0,1,1,0,54,6,2437,0,0,0,20,evil_twin,evil_twin
1684019023,2717,296,0,1,1,0,0,44,0,503,2,8,73,3866194223,2,0,0,0,504,0,217,41,0,1,1,0,54,6,2437,0,0,0,20,evil_twin,evil_twin
1684019023,2720,296,0,1,1,0,0,44,0,503,2,8,73,3866194223,2,0,0,0,504,0,217,41,0,1,1,0,48,6,2437,0,0,0,20,evil_twin,evil_twin
1684019023,2726,296,0,1,1,0,0,44,0,503,2,8,73,3866194223,2,0,0,0,504,0,217,41,0,1,1,0,48,6,2437,0,0,0,20,evil_twin,evil_twin
1684019023,2728,296,0,1,1,0,0,44,0,503,2,8,73,3866194223,2,0,0,0,504,0,217,41,0,1,1,0,36,6,2437,0,0,0,20,evil_twin,evil_twin
1684019023,2732,296,0,1,1,0,0,44,0,503,2,8,73,3866194223,2,0,0,0,504,0,217,41,0,1,1,0,36,6,2437,0,0,0,20,evil_twin,evil_twin
1684019023,2735,296,0,1,1,0,0,320,0,503,2,8,73,510007733,2,0,0,0,504,0,217,41,0,1,0,1,1,6,2437,0,0,0,192,evil_twin,evil_twin
1684019023,2743,296,0,1,1,0,0,44,0,504,2,8,65,1101345369,2,0,0,0,505,0,217,41,0,1,1,0,54,6,2437,0,0,0,20,evil_twin,evil_twin
1684019023,2758,293,0,1,1,0,0,44,0,505,2,8,65,3769877087,2,0,0,0,506,0,214,41,0,1,1,0,54,6,2437,0,0,0,20,evil_twin,evil_twin
1684019023,2768,296,0,1,1,0,0,44,0,506,2,8,65,3000521307,2,0,0,0,507,0,217,41,0,1,1,0,54,6,2437,0,0,0,20,evil_twin,evil_twin
1684019023,2779,295,0,1,1,0,0,44,0,507,2,8,65,2918437847,2,0,0,0,508,0,216,41,0,1,1,0,54,6,2437,0,0,0,20,evil_twin,evil_twin
1684019023,2803,295,0,1,1,0,0,44,0,509,2,8,65,368753484,2,0,0,0,510,0,216,41,0,1,1,0,54,6,2437,0,0,0,20,evil_twin,evil_twin
1684019023,2808,295,0,1,1,0,0,44,0,510,2,8,65,3300146594,2,0,0,0,511,0,216,41,0,1,1,0,54,6,2437,0,0,0,20,evil_twin,evil_twin
1684019023,2819,294,0,1,1,0,0,44,0,511,2,8,65,1683487781,2,0,0,0,512,0,215,41,0,1,1,0,54,6,2437,0,0,0,20,evil_twin,evil_twin
1684019023,2834,294,0,1,1,0,0,44,0,512,2,8,65,3971660424,2,0,0,0,513,0,215,41,0,1,1,0,54,6,2437,0,0,0,20,evil_twin,evil_twin
1684019024,2844,295,0,1,1,0,0,44,0,513,2,8,65,467977324,2,0,0,0,514,0,216,41,0,1,1,0,54,6,2437,0,0,0,20,evil_twin,evil_twin
1684019024,2857,294,0,1,1,0,0,44,0,514,2,8,65,4150330906,2,0,0,0,515,0,215,41,0,1,1,0,54,6,2437,0,0,0,20,evil_twin,evil_twin
1684019024,2868,293,0,1,1,0,0,44,0,515,2,8,65,2603308696,2,0,0,0,516,0,214,41,0,1,1,0,54,6,2437,0,0,0,20,evil_twin,evil_twin
1684019024,2880,295,0,1,1,0,0,44,0,516,2,8,65,599064500,2,0,0,0,517,0,216,41,0,1,1,0,54,6,2437,0,0,0,20,evil_twin,evil_twin
1684019024,2891,295,0,1,1,0,0,44,0,517,2,8,65,1942614987,2,0,0,0,518,0,216,41,0,1,1,0,54,6,2437,0,0,0,20,evil_twin,evil_twin
1684019024,2902,294,0,1,1,0,0,44,0,518,2,8,65,2849984337,2,0,0,0,519,0,215,41,0,1,1,0,54,6,2437,0,0,0,20,evil_twin,evil_twin
1684019024,2911,294,0,1,1,0,0,44,0,519,2,8,65,2798397025,2,0,0,0,520,0,215,41,0,1,1,0,54,6,2437,0,0,0,20,evil_twin,evil_twin
1684019024,2940,295,0,1,1,0,0,44,0,520,2,8,65,3036284910,2,0,0,0,521,0,216,41,0,1,1,0,54,6,2437,0,0,0,20,evil_twin,evil_twin
1684019024,2964,296,0,1,1,0,0,44,0,521,2,8,65,1555906429,2,0,0,0,522,0,217,41,0,1,1,0,54,6,2437,0,0,0,20,evil_twin,evil_twin
1684019024,2973,295,0,1,1,0,0,44,0,522,2,8,65,4042732961,2,0,0,0,523,0,216,41,0,1,1,0,54,6,2437,0,0,0,20,evil_twin,evil_twin
1684019025,2982,299,0,1,1,0,0,44,0,523,2,8,65,310938019,2,0,0,0,524,0,220,41,0,1,1,0,54,6,2437,0,0,0,20,evil_twin,evil_twin
1684019025,2992,297,0,1,1,0,0,44,0,524,2,8,65,3046804779,2,0,0,0,525,0,218,41,0,1,1,0,54,6,2437,0,0,0,20,evil_twin,evil_twin
1684019025,3001,125,0,1,1,0,0,44,0,525,2,8,65,3947184743,2,0,0,0,526,0,46,41,0,1,1,0,54,6,2437,0,0,0,20,evil_twin,evil_twin
1684019025,3004,125,0,1,1,0,0,44,0,525,2,8,73,3642618412,2,0,0,0,526,0,46,41,0,1,1,0,54,6,2437,0,0,0,20,evil_twin,evil_twin
1684019025,3007,125,0,1,1,0,0,44,0,525,2,8,73,3642618412,2,0,0,0,526,0,46,41,0,1,1,0,48,6,2437,0,0,0,20,evil_twin,evil_twin
1684019025,3010,125,0,1,1,0,0,44,0,525,2,8,73,3642618412,2,0,0,0,526,0,46,41,0,1,1,0,48,6,2437,0,0,0,20,evil_twin,evil_twin
1684019025,3018,298,0,1,1,0,0,44,0,526,2,8,65,957022957,2,0,0,0,527,0,219,41,0,1,1,0,54,6,2437,0,0,0,20,evil_twin,evil_twin
1684019025,3030,141,1,0,0,1,0,44,0,23,2,8,66,1548210367,2,0,0,0,26,0,62,41,0,1,1,0,54,6,2437,0,0,0,20,evil_twin,evil_twin
1684019025,3038,295,0,1,1,0,0,44,0,527,2,8,65,806178000,2,0,0,0,528,0,216,41,0,1,1,0,54,6,2437,0,0,0,20,evil_twin,evil_twin
1684019025,3049,295,0,1,1,0,0,44,0,528,2,8,65,1557336258,2,0,0,0,529,0,216,41,0,1,1,0,54,6,2437,0,0,0,20,evil_twin,evil_twin
1684019025,3061,297,0,1,1,0,0,44,0,529,2,8,65,718099850,2,0,0,0,530,0,218,41,0,1,1,0,54,6,2437,0,0,0,20,evil_twin,evil_twin
1684019025,3072,298,0,1,1,0,0,44,0,530,2,8,65,2834138085,2,0,0,0,531,0,219,41,0,1,1,0,54,6,2437,0,0,0,20,evil_twin,evil_twin
1684019025,3083,297,0,1,1,0,0,44,0,531,2,8,65,3565486305,2,0,0,0,532,0,218,41,0,1,1,0,54,6,2437,0,0,0,20,evil_twin,evil_twin
1684019025,3099,297,0,1,1,0,0,44,0,532,2,8,65,2335471172,2,0,0,0,533,0,218,41,0,1,1,0,54,6,2437,0,0,0,20,evil_twin,evil_twin
1684019025,3110,297,0,1,1,0,0,44,0,533,2,8,65,2170856044,2,0,0,0,534,0,218,41,0,1,1,0,54,6,2437,0,0,0,20,evil_twin,evil_twin
1684019026,3121,297,0,1,1,0,0,44,0,534,2,8,65,3571316137,2,0,0,0,535,0,218,41,0,1,1,0,54,6,2437,0,0,0,20,evil_twin,evil_twin
1684019026,3134,297,0,1,1,0,0,44,0,535,2,8,65,3449049160,2,0,0,0,536,0,218,41,0,1,1,0,54,6,2437,0,0,0,20,evil_twin,evil_twin
1684019026,3146,295,0,1,1,0,0,44,0,536,2,8,65,2303625065,2,0,0,0,537,0,216,41,0,1,1,0,54,6,2437,0,0,0,20,evil_twin,evil_twin
1684019026,3157,298,0,1,1,0,0,44,0,537,2,8,65,932401746,2,0,0,0,538,0,219,41,0,1,1,0,54,6,2437,0,0,0,20,evil_twin,evil_twin
1684019026,3169,299,0,1,1,0,0,44,0,538,2,8,65,3870690082,2,0,0,0,539,0,220,41,0,1,1,0,54,6,2437,0,0,0,20,evil_twin,evil_twin
1684019026,3185,296,0,1,1,0,0,44,0,539,2,8,65,3443126791,2,0,0,0,540,0,217,41,0,1,1,0,54,6,2437,0,0,0,20,evil_twin,evil_twin
1684019026,3206,297,0,1,1,0,0,44,0,540,2,8,65,4057789579,2,0,0,0,541,0,218,41,0,1,1,0,54,6,2437,0,0,0,20,evil_twin,evil_twin
1684019026,3221,297,0,1,1,0,0,44,0,541,2,8,65,1278757580,2,0,0,0,542,0,218,41,0,1,1,0,54,6,2437,0,0,0,20,evil_twin,evil_twin
1684019026,3233,298,0,1,1,0,0,44,0,542,2,8,65,3997765627,2,0,0,0,543,0,219,41,0,1,1,0,54,6,2437,0,0,0,20,evil_twin,evil_twin
1684019026,3236,298,0,1,1,0,0,44,0,542,2,8,73,4052143331,2,0,0,0,543,0,219,41,0,1,1,0,54,6,2437,0,0,0,20,evil_twin,evil_twin
1684019027,3246,297,0,1,1,0,0,44,0,543,2,8,65,1798080142,2,0,0,0,544,0,218,41,0,1,1,0,54,6,2437,0,0,0,20,evil_twin,evil_twin
1684019027,3256,298,0,1,1,0,0,44,0,544,2,8,65,960936787,2,0,0,0,545,0,219,41,0,1,1,0,54,6,2437,0,0,0,20,evil_twin,evil_twin
1684019027,3258,298,0,1,1,0,0,44,0,544,2,8,73,646543435,2,0,0,0,545,0,219,41,0,1,1,0,54,6,2437,0,0,0,20,evil_twin,evil_twin
1684019027,3268,294,0,1,1,0,0,44,0,545,2,8,65,4047300649,2,0,0,0,546,0,215,41,0,1,1,0,54,6,2437,0,0,0,20,evil_twin,evil_twin
1684019027,3281,125,0,1,1,0,0,44,0,546,2,8,65,1795044354,2,0,0,0,547,0,46,41,0,1,1,0,54,6,2437,0,0,0,20,evil_twin,evil_twin
1684019027,3284,296,0,1,1,0,0,44,0,547,2,8,65,733174947,2,0,0,0,548,0,217,41,0,1,1,0,54,6,2437,0,0,0,20,evil_twin,evil_twin
1684019027,3294,295,0,1,1,0,0,44,0,548,2,8,65,3100461320,2,0,0,0,549,0,216,41,0,1,1,0,54,6,2437,0,0,0,20,evil_twin,evil_twin
1684019027,3310,296,0,1,1,0,0,44,0,549,2,8,65,3675908491,2,0,0,0,550,0,217,41,0,1,1,0,54,6,2437,0,0,0,20,evil_twin,evil_twin
1684019027,3317,141,1,0,0,1,0,44,0,24,2,8,66,2198251030,2,0,0,0,27,0,62,41,0,1,1,0,54,6,2437,0,0,0,20,evil_twin,evil_twin
1684019027,3325,295,0,1,1,0,0,44,0,550,2,8,65,4200164006,2,0,0,0,551,0,216,41,0,1,1,0,54,6,2437,0,0,0,20,evil_twin,evil_twin
1684019027,3337,295,0,1,1,0,0,44,0,551,2,8,65,1021299563,2,0,0,0,552,0,216,41,0,1,1,0,54,6,2437,0,0,0,20,evil_twin,evil_twin
1684019027,3347,298,0,1,1,0,0,44,0,552,2,8,65,638398,2,0,0,0,553,0,219,41,0,1,1,0,54,6,2437,0,0,0,20,evil_twin,evil_twin
1684019027,3363,298,0,1,1,0,0,44,0,553,2,8,65,1156910387,2,0,0,0,554,0,219,41,0,1,1,0,54,6,2437,0,0,0,20,evil_twin,evil_twin
1684019027,3395,298,0,1,1,0,0,44,0,554,2,8,65,740786480,2,0,0,0,555,0,219,41,0,1,1,0,54,6,2437,0,0,0,20,evil_twin,evil_twin
1684019028,3422,298,0,1,1,0,0,44,0,555,2,8,65,3011556791,2,0,0,0,556,0,219,41,0,1,1,0,54,6,2437,0,0,0,20,evil_twin,evil_twin
1684019028,3450,298,0,1,1,0,0,44,0,556,2,8,65,1517972969,2,0,0,0,557,0,219,41,0,1,1,0,54,6,2437,0,0,0,20,evil_twin,evil_twin
1684019028,3469,298,0,1,1,0,0,44,0,557,2,8,65,4042924041,2,0,0,0,558,0,219,41,0,1,1,0,54,6,2437,0,0,0,20,evil_twin,evil_twin
1684019028,3480,299,0,1,1,0,0,44,0,558,2,8,65,1930680039,2,0,0,0,559,0,220,41,0,1,1,0,54,6,2437,0,0,0,20,evil_twin,evil_twin
1684019028,3491,298,0,1,1,0,0,44,0,559,2,8,65,3534615710,2,0,0,0,560,0,219,41,0,1,1,0,54,6,2437,0,0,0,20,evil_twin,evil_twin
1684019028,3502,300,0,1,1,0,0,44,0,560,2,8,65,2689226826,2,0,0,0,561,0,221,41,0,1,1,0,54,6,2437,0,0,0,20,evil_twin,evil_twin
1684019028,3514,299,0,1,1,0,0,44,0,561,2,8,65,163283948,2,0,0,0,562,0,220,41,0,1,1,0,54,6,2437,0,0,0,20,evil_twin,evil_twin
1684019028,3525,300,0,1,1,0,0,44,0,562,2,8,65,775745842,2,0,0,0,563,0,221,41,0,1,1,0,54,6,2437,0,0,0,20,evil_twin,evil_twin
1684019028,3536,300,0,1,1,0,0,44,0,563,2,8,65,2465232842,2,0,0,0,564,0,221,41,0,1,1,0,54,6,2437,0,0,0,20,evil_twin,evil_twin
1684019028,3546,299,0,1,1,0,0,44,0,564,2,8,65,946579422,2,0,0,0,565,0,220,41,0,1,1,0,54,6,2437,0,0,0,20,evil_twin,evil_twin
1684019029,3557,300,0,1,1,0,0,44,0,565,2,8,65,368997068,2,0,0,0,566,0,221,41,0,1,1,0,54,6,2437,0,0,0,20,evil_twin,evil_twin
1684019029,3570,299,0,1,1,0,0,44,0,566,2,8,65,1336779065,2,0,0,0,567,0,220,41,0,1,1,0,54,6,2437,0,0,0,20,evil_twin,evil_twin
1684019029,3587,299,0,1,1,0,0,44,0,567,2,8,65,3142387843,2,0,0,0,568,0,220,41,0,1,1,0,54,6,2437,0,0,0,20,evil_twin,evil_twin
1684019029,3596,299,0,1,1,0,0,44,0,568,2,8,65,341768457,2,0,0,0,569,0,220,41,0,1,1,0,54,6,2437,0,0,0,20,evil_twin,evil_twin
1684019029,3606,297,0,1,1,0,0,44,0,569,2,8,65,1422041138,2,0,0,0,570,0,218,41,0,1,1,0,54,6,2437,0,0,0,20,evil_twin,evil_twin
1684019029,3618,299,0,1,1,0,0,44,0,570,2,8,65,2196438989,2,0,0,0,571,0,220,41,0,1,1,0,54,6,2437,0,0,0,20,evil_twin,evil_twin
1684019029,3629,298,0,1,1,0,0,44,0,571,2,8,65,2833458790,2,0,0,0,572,0,219,41,0,1,1,0,54,6,2437,0,0,0,20,evil_twin,evil_twin
1684019029,3640,297,0,1,1,0,0,44,0,572,2,8,65,47590536,2,0,0,0,573,0,218,41,0,1,1,0,54,6,2437,0,0,0,20,evil_twin,evil_twin
1684019029,3651,298,0,1,1,0,0,44,0,573,2,8,65,3418443129,2,0,0,0,574,0,219,41,0,1,1,0,54,6,2437,0,0,0,20,evil_twin,evil_twin
1684019030,3665,298,0,1,1,0,0,44,0,574,2,8,65,436376613,2,0,0,0,575,0,219,41,0,1,1,0,54,6,2437,0,0,0,20,evil_twin,evil_twin
1684019030,3676,296,0,1,1,0,0,44,0,575,2,8,65,3894618964,2,0,0,0,576,0,217,41,0,1,1,0,54,6,2437,0,0,0,20,evil_twin,evil_twin
1684019030,3721,299,0,1,1,0,0,44,0,576,2,8,65,4151133235,2,0,0,0,577,0,220,41,0,1,1,0,54,6,2437,0,0,0,20,evil_twin,evil_twin
1684019030,3747,125,0,1,1,0,0,44,0,577,2,8,65,2843876718,2,0,0,0,578,0,46,41,0,1,1,0,54,6,2437,0,0,0,20,evil_twin,evil_twin
1684019030,3760,296,0,1,1,0,0,44,0,578,2,8,65,1737079010,2,0,0,0,579,0,217,41,0,1,1,0,54,6,2437,0,0,0,20,evil_twin,evil_twin
1684019030,3763,141,1,0,0,1,0,44,0,25,2,8,66,2594900645,2,0,0,0,28,0,62,41,0,1,1,0,54,6,2437,0,0,0,20,evil_twin,evil_twin
1684019030,3783,297,0,1,1,0,0,44,0,579,2,8,65,1539355010,2,0,0,0,580,0,218,41,0,1,1,0,54,6,2437,0,0,0,20,evil_twin,evil_twin
1684019030,3802,294,0,1,1,0,0,44,0,580,2,8,65,439489419,2,0,0,0,581,0,215,41,0,1,1,0,54,6,2437,0,0,0,20,evil_twin,evil_twin
1684019030,3834,296,0,1,1,0,0,44,0,582,2,8,65,3085857931,2,0,0,0,583,0,217,41,0,1,1,0,54,6,2437,0,0,0,20,evil_twin,evil_twin
1684019030,3845,297,0,1,1,0,0,44,0,583,2,8,65,544967098,2,0,0,0,584,0,218,41,0,1,1,0,54,6,2437,0,0,0,20,evil_twin,evil_twin
1684019030,3867,295,0,1,1,0,0,44,0,585,2,8,65,302672522,2,0,0,0,586,0,216,41,0,1,1,0,54,6,2437,0,0,0,20,evil_twin,evil_twin
1684019031,3877,296,0,1,1,0,0,44,0,586,2,8,65,3097676534,2,0,0,0,587,0,217,41,0,1,1,0,54,6,2437,0,0,0,20,evil_twin,evil_twin
1684019031,3888,297,0,1,1,0,0,44,0,587,2,8,65,4199410198,2,0,0,0,588,0,218,41,0,1,1,0,54,6,2437,0,0,0,20,evil_twin,evil_twin
1684019031,3891,297,0,1,1,0,0,44,0,587,2,8,73,4010646725,2,0,0,0,588,0,218,41,0,1,1,0,54,6,2437,0,0,0,20,evil_twin,evil_twin
1684019031,3895,297,0,1,1,0,0,44,0,587,2,8,73,4010646725,2,0,0,0,588,0,218,41,0,1,1,0,48,6,2437,0,0,0,20,evil_twin,evil_twin
1684019031,3898,297,0,1,1,0,0,44,0,587,2,8,73,4010646725,2,0,0,0,588,0,218,41,0,1,1,0,48,6,2437,0,0,0,20,evil_twin,evil_twin
1684019031,3901,297,0,1,1,0,0,44,0,587,2,8,73,4010646725,2,0,0,0,588,0,218,41,0,1,1,0,36,6,2437,0,0,0,20,evil_twin,evil_twin
1684019031,3904,297,0,1,1,0,0,44,0,587,2,8,73,4010646725,2,0,0,0,588,0,218,41,0,1,1,0,36,6,2437,0,0,0,20,evil_twin,evil_twin
1684019031,3907,297,0,1,1,0,0,320,0,587,2,8,73,4281332215,2,0,0,0,588,0,218,41,0,1,0,1,1,6,2437,0,0,0,192,evil_twin,evil_twin
1684019031,3923,298,0,1,1,0,0,44,0,588,2,8,65,3615967711,2,0,0,0,589,0,219,41,0,1,1,0,54,6,2437,0,0,0,20,evil_twin,evil_twin
1684019031,3933,297,0,1,1,0,0,44,0,589,2,8,65,3917905667,2,0,0,0,590,0,218,41,0,1,1,0,54,6,2437,0,0,0,20,evil_twin,evil_twin
1684019031,3945,297,0,1,1,0,0,44,0,590,2,8,65,71230352,2,0,0,0,591,0,218,41,0,1,1,0,54,6,2437,0,0,0,20,evil_twin,evil_twin
1684019031,3961,297,0,1,1,0,0,44,0,591,2,8,65,2440234643,2,0,0,0,592,0,218,41,0,1,1,0,54,6,2437,0,0,0,20,evil_twin,evil_twin
1684019031,3972,299,0,1,1,0,0,44,0,592,2,8,65,357505049,2,0,0,0,593,0,220,41,0,1,1,0,54,6,2437,0,0,0,20,evil_twin,evil_twin
1684019031,3982,299,0,1,1,0,0,44,0,593,2,8,65,3563873031,2,0,0,0,594,0,220,41,0,1,1,0,54,6,2437,0,0,0,20,evil_twin,evil_twin
1684019031,3996,298,0,1,1,0,0,44,0,594,2,8,65,3728827550,2,0,0,0,595,0,219,41,0,1,1,0,54,6,2437,0,0,0,20,evil_twin,evil_twin
1684019032,4004,297,0,1,1,0,0,44,0,595,2,8,65,1683766848,2,0,0,0,596,0,218,41,0,1,1,0,54,6,2437,0,0,0,20,evil_twin,evil_twin
1684019032,4019,297,0,1,1,0,0,44,0,596,2,8,65,1170334069,2,0,0,0,597,0,218,41,0,1,1,0,54,6,2437,0,0,0,20,evil_twin,evil_twin
1684019032,4028,297,0,1,1,0,0,44,0,597,2,8,65,564118898,2,0,0,0,598,0,218,41,0,1,1,0,54,6,2437,0,0,0,20,evil_twin,evil_twin
1684019032,4040,125,0,1,1,0,0,44,0,598,2,8,65,434395125,2,0,0,0,599,0,46,41,0,1,1,0,54,6,2437,0,0,0,20,evil_twin,evil_twin
1684019032,4044,141,1,0,0,1,0,44,0,26,2,8,66,1785727584,2,0,0,0,29,0,62,41,0,1,1,0,54,6,2437,0,0,0,20,evil_twin,evil_twin
1684019032,4077,296,0,1,1,0,0,44,0,600,2,8,65,1062115008,2,0,0,0,601,0,217,41,0,1,1,0,54,6,2437,0,0,0,20,evil_twin,evil_twin
1684019032,4106,297,0,1,1,0,0,44,0,601,2,8,65,689414329,2,0,0,0,602,0,218,41,0,1,1,0,54,6,2437,0,0,0,20,evil_twin,evil_twin
1684019032,4123,298,0,1,1,0,0,44,0,602,2,8,65,1799538419,2,0,0,0,603,0,219,41,0,1,1,0,54,6,2437,0,0,0,20,evil_twin,evil_twin
1684019032,4143,295,0,1,1,0,0,44,0,603,2,8,65,927688451,2,0,0,0,604,0,216,41,0,1,1,0,54,6,2437,0,0,0,20,evil_twin,evil_twin
1684019032,4155,296,0,1,1,0,0,44,0,604,2,8,65,2445226943,2,0,0,0,605,0,217,41,0,1,1,0,54,6,2437,0,0,0,20,evil_twin,evil_twin
1684019032,4172,296,0,1,1,0,0,44,0,605,2,8,65,2224446083,2,0,0,0,606,0,217,41,0,1,1,0,54,6,2437,0,0,0,20,evil_twin,evil_twin
1684019033,4203,295,0,1,1,0,0,44,0,606,2,8,65,3673154369,2,0,0,0,607,0,216,41,0,1,1,0,54,6,2437,0,0,0,20,evil_twin,evil_twin
1684019033,4223,296,0,1,1,0,0,44,0,607,2,8,65,1008626811,2,0,0,0,608,0,217,41,0,1,1,0,54,6,2437,0,0,0,20,evil_twin,evil_twin
1684019033,4233,294,0,1,1,0,0,44,0,608,2,8,65,2219572625,2,0,0,0,609,0,215,41,0,1,1,0,54,6,2437,0,0,0,20,evil_twin,evil_twin
1684019033,4247,296,0,1,1,0,0,44,0,609,2,8,65,2333663122,2,0,0,0,610,0,217,41,0,1,1,0,54,6,2437,0,0,0,20,evil_twin,evil_twin
1684019033,4260,296,0,1,1,0,0,44,0,610,2,8,65,871484652,2,0,0,0,611,0,217,41,0,1,1,0,54,6,2437,0,0,0,20,evil_twin,evil_twin
1684019033,4270,296,0,1,1,0,0,44,0,611,2,8,65,2839898437,2,0,0,0,612,0,217,41,0,1,1,0,54,6,2437,0,0,0,20,evil_twin,evil_twin
1684019033,4283,297,0,1,1,0,0,44,0,612,2,8,65,3222350351,2,0,0,0,613,0,218,41,0,1,1,0,54,6,2437,0,0,0,20,evil_twin,evil_twin
1684019033,4303,296,0,1,1,0,0,44,0,613,2,8,65,1523838905,2,0,0,0,614,0,217,41,0,1,1,0,54,6,2437,0,0,0,20,evil_twin,evil_twin
1684019033,4328,297,0,1,1,0,0,44,0,614,2,8,65,1593733088,2,0,0,0,615,0,218,41,0,1,1,0,54,6,2437,0,0,0,20,evil_twin,evil_twin
1684019033,4349,298,0,1,1,0,0,44,0,615,2,8,65,1374501161,2,0,0,0,616,0,219,41,0,1,1,0,54,6,2437,0,0,0,20,evil_twin,evil_twin
1684019034,4366,296,0,1,1,0,0,44,0,616,2,8,65,65790676,2,0,0,0,617,0,217,41,0,1,1,0,54,6,2437,0,0,0,20,evil_twin,evil_twin
1684019034,4387,295,0,1,1,0,0,44,0,617,2,8,65,4227933868,2,0,0,0,618,0,216,41,0,1,1,0,54,6,2437,0,0,0,20,evil_twin,evil_twin
1684019034,4397,295,0,1,1,0,0,44,0,618,2,8,65,2282636992,2,0,0,0,619,0,216,41,0,1,1,0,54,6,2437,0,0,0,20,evil_twin,evil_twin
1684019034,4407,125,0,1,1,0,0,44,0,619,2,8,65,1541665113,2,0,0,0,620,0,46,41,0,1,1,0,54,6,2437,0,0,0,20,evil_twin,evil_twin
1684019034,4410,296,0,1,1,0,0,44,0,620,2,8,65,1459410373,2,0,0,0,621,0,217,41,0,1,1,0,54,6,2437,0,0,0,20,evil_twin,evil_twin
1684019034,4431,297,0,1,1,0,0,44,0,621,2,8,65,3976130061,2,0,0,0,622,0,218,41,0,1,1,0,54,6,2437,0,0,0,20,evil_twin,evil_twin
1684019034,4439,141,1,0,0,1,0,44,0,27,2,8,66,492130435,2,0,0,0,30,0,62,41,0,1,1,0,54,6,2437,0,0,0,20,evil_twin,evil_twin
1684019034,4456,296,0,1,1,0,0,44,0,622,2,8,65,3189862147,2,0,0,0,623,0,217,41,0,1,1,0,54,6,2437,0,0,0,20,evil_twin,evil_twin
1684019034,4474,297,0,1,1,0,0,44,0,623,2,8,65,1405601083,2,0,0,0,624,0,218,41,0,1,1,0,54,6,2437,0,0,0,20,evil_twin,evil_twin
1684019034,4488,295,0,1,1,0,0,44,0,624,2,8,65,4108613516,2,0,0,0,625,0,216,41,0,1,1,0,54,6,2437,0,0,0,20,evil_twin,evil_twin
1684019034,4509,296,0,1,1,0,0,44,0,625,2,8,65,3093916764,2,0,0,0,626,0,217,41,0,1,1,0,54,6,2437,0,0,0,20,evil_twin,evil_twin
1684019034,4525,297,0,1,1,0,0,44,0,626,2,8,65,3478043630,2,0,0,0,627,0,218,41,0,1,1,0,54,6,2437,0,0,0,20,evil_twin,evil_twin
1684019035,4543,297,0,1,1,0,0,44,0,627,2,8,65,740476122,2,0,0,0,628,0,218,41,0,1,1,0,54,6,2437,0,0,0,20,evil_twin,evil_twin
1684019035,4561,297,0,1,1,0,0,44,0,628,2,8,65,264369375,2,0,0,0,629,0,218,41,0,1,1,0,54,6,2437,0,0,0,20,evil_twin,evil_twin
1684019035,4576,295,0,1,1,0,0,44,0,629,2,8,65,3020753352,2,0,0,0,630,0,216,41,0,1,1,0,54,6,2437,0,0,0,20,evil_twin,evil_twin
1684019035,4603,296,0,1,1,0,0,44,0,630,2,8,65,710364301,2,0,0,0,631,0,217,41,0,1,1,0,54,6,2437,0,0,0,20,evil_twin,evil_twin
1684019035,4624,295,0,1,1,0,0,44,0,631,2,8,65,1242085051,2,0,0,0,632,0,216,41,0,1,1,0,54,6,2437,0,0,0,20,evil_twin,evil_twin
1684019035,4638,295,0,1,1,0,0,44,0,632,2,8,65,1642382942,2,0,0,0,633,0,216,41,0,1,1,0,54,6,2437,0,0,0,20,evil_twin,evil_twin
1684019035,4652,296,0,1,1,0,0,44,0,633,2,8,65,1744308508,2,0,0,0,634,0,217,41,0,1,1,0,54,6,2437,0,0,0,20,evil_twin,evil_twin
1684019035,4671,296,0,1,1,0,0,44,0,634,2,8,65,980394341,2,0,0,0,635,0,217,41,0,1,1,0,54,6,2437,0,0,0,20,evil_twin,evil_twin
1684019035,4696,296,0,1,1,0,0,44,0,635,2,8,65,2991543110,2,0,0,0,636,0,217,41,0,1,1,0,54,6,2437,0,0,0,20,evil_twin,evil_twin
1684019035,4710,295,0,1,1,0,0,44,0,636,2,8,65,3474364570,2,0,0,0,637,0,216,41,0,1,1,0,54,6,2437,0,0,0,20,evil_twin,evil_twin
1684019036,4783,300,0,1,1,0,0,44,0,642,2,8,65,1054018717,2,0,0,0,643,0,221,41,0,1,1,0,54,6,2437,0,0,0,20,evil_twin,evil_twin
1684019036,4799,297,0,1,1,0,0,44,0,643,2,8,65,18007368,2,0,0,0,644,0,218,41,0,1,1,0,54,6,2437,0,0,0,20,evil_twin,evil_twin
1684019036,4812,298,0,1,1,0,0,44,0,644,2,8,65,1833230077,2,0,0,0,645,0,219,41,0,1,1,0,54,6,2437,0,0,0,20,evil_twin,evil_twin
1684019036,4825,125,0,1,1,0,0,44,0,645,2,8,65,3239368835,2,0,0,0,646,0,46,41,0,1,1,0,54,6,2437,0,0,0,20,evil_twin,evil_twin
1684019036,4838,296,0,1,1,0,0,44,0,646,2,8,65,3153799422,2,0,0,0,647,0,217,41,0,1,1,0,54,6,2437,0,0,0,20,evil_twin,evil_twin
1684019036,4869,295,0,1,1,0,0,44,0,647,2,8,65,4232875735,2,0,0,0,648,0,216,41,0,1,1,0,54,6,2437,0,0,0,20,evil_twin,evil_twin
1684019037,4896,295,0,1,1,0,0,44,0,648,2,8,65,627903971,2,0,0,0,649,0,216,41,0,1,1,0,54,6,2437,0,0,0,20,evil_twin,evil_twin
1684019037,4915,141,1,0,0,1,0,44,0,28,2,8,66,1344833646,2,0,0,0,31,0,62,41,0,1,1,0,54,6,2437,0,0,0,20,evil_twin,evil_twin
1684019037,4931,294,0,1,1,0,0,44,0,649,2,8,65,2569984032,2,0,0,0,650,0,215,41,0,1,1,0,54,6,2437,0,0,0,20,evil_twin,evil_twin
1684019037,4955,293,0,1,1,0,0,44,0,650,2,8,65,1581366237,2,0,0,0,651,0,214,41,0,1,1,0,54,6,2437,0,0,0,20,evil_twin,evil_twin
1684019037,4969,296,0,1,1,0,0,44,0,651,2,8,65,1731845366,2,0,0,0,652,0,217,41,0,1,1,0,54,6,2437,0,0,0,20,evil_twin,evil_twin
1684019037,4984,297,0,1,1,0,0,44,0,652,2,8,65,2706912255,2,0,0,0,653,0,218,41,0,1,1,0,54,6,2437,0,0,0,20,evil_twin,evil_twin
1684019037,5004,293,0,1,1,0,0,44,0,653,2,8,65,4277581767,2,0,0,0,654,0,214,41,0,1,1,0,54,6,2437,0,0,0,20,evil_twin,evil_twin
1684019037,5015,296,0,1,1,0,0,44,0,654,2,8,65,411847168,2,0,0,0,655,0,217,41,0,1,1,0,54,6,2437,0,0,0,20,evil_twin,evil_twin
1684019037,5046,296,0,1,1,0,0,44,0,655,2,8,65,3945394002,2,0,0,0,656,0,217,41,0,1,1,0,54,6,2437,0,0,0,20,evil_twin,evil_twin
1684019037,5069,293,0,1,1,0,0,44,0,656,2,8,65,1059292385,2,0,0,0,657,0,214,41,0,1,1,0,54,6,2437,0,0,0,20,evil_twin,evil_twin
1684019037,5100,295,0,1,1,0,0,44,0,657,2,8,65,1863331090,2,0,0,0,658,0,216,41,0,1,1,0,54,6,2437,0,0,0,20,evil_twin,evil_twin
1684019037,5109,295,0,1,1,0,0,44,0,657,2,8,73,2335819411,2,0,0,0,658,0,216,41,0,1,1,0,48,6,2437,0,0,0,20,evil_twin,evil_twin
1684019038,5127,295,0,1,1,0,0,44,0,658,2,8,65,1415870947,2,0,0,0,659,0,216,41,0,1,1,0,54,6,2437,0,0,0,20,evil_twin,evil_twin
1684019038,5146,296,0,1,1,0,0,44,0,659,2,8,65,3989015463,2,0,0,0,660,0,217,41,0,1,1,0,54,6,2437,0,0,0,20,evil_twin,evil_twin
1684019038,5154,295,0,1,1,0,0,44,0,660,2,8,65,3496503293,2,0,0,0,661,0,216,41,0,1,1,0,54,6,2437,0,0,0,20,evil_twin,evil_twin
1684019038,5164,295,0,1,1,0,0,44,0,661,2,8,65,4038965079,2,0,0,0,662,0,216,41,0,1,1,0,54,6,2437,0,0,0,20,evil_twin,evil_twin
1684019038,5175,296,0,1,1,0,0,44,0,662,2,8,65,4229784357,2,0,0,0,663,0,217,41,0,1,1,0,54,6,2437,0,0,0,20,evil_twin,evil_twin
1684019038,5188,295,0,1,1,0,0,44,0,663,2,8,65,668742976,2,0,0,0,664,0,216,41,0,1,1,0,54,6,2437,0,0,0,20,evil_twin,evil_twin
1684019038,5199,296,0,1,1,0,0,44,0,664,2,8,65,1947414299,2,0,0,0,665,0,217,41,0,1,1,0,54,6,2437,0,0,0,20,evil_twin,evil_twin
1684019038,5209,296,0,1,1,0,0,44,0,665,2,8,65,4007374400,2,0,0,0,666,0,217,41,0,1,1,0,54,6,2437,0,0,0,20,evil_twin,evil_twin
1684019038,5220,296,0,1,1,0,0,44,0,666,2,8,65,1604098528,2,0,0,0,667,0,217,41,0,1,1,0,54,6,2437,0,0,0,20,evil_twin,evil_twin
1684019038,5237,295,0,1,1,0,0,44,0,667,2,8,65,3668199844,2,0,0,0,668,0,216,41,0,1,1,0,54,6,2437,0,0,0,20,evil_twin,evil_twin
1684019039,5251,297,0,1,1,0,0,44,0,668,2,8,65,2873998371,2,0,0,0,669,0,218,41,0,1,1,0,54,6,2437,0,0,0,20,evil_twin,evil_twin
1684019039,5267,294,0,1,1,0,0,44,0,669,2,8,65,3373881325,2,0,0,0,670,0,215,41,0,1,1,0,54,6,2437,0,0,0,20,evil_twin,evil_twin
1684019039,5278,293,0,1,1,0,0,44,0,670,2,8,65,1945600310,2,0,0,0,671,0,214,41,0,1,1,0,54,6,2437,0,0,0,20,evil_twin,evil_twin
1684019039,5288,125,0,1,1,0,0,44,0,671,2,8,65,228975117,2,0,0,0,672,0,46,41,0,1,1,0,54,6,2437,0,0,0,20,evil_twin,evil_twin
1684019039,5295,141,1,0,0,1,0,44,0,29,2,8,66,4082793855,2,0,0,0,32,0,62,41,0,1,1,0,54,6,2437,0,0,0,20,evil_twin,evil_twin
1684019039,5297,141,1,0,0,1,0,44,0,29,2,8,74,1990753437,2,0,0,0,32,0,62,41,0,1,1,0,54,6,2437,0,0,0,20,evil_twin,evil_twin
1684019039,5301,296,0,1,1,0,0,44,0,672,2,8,65,795831555,2,0,0,0,673,0,217,41,0,1,1,0,54,6,2437,0,0,0,20,evil_twin,evil_twin
1684019039,5318,296,0,1,1,0,0,44,0,673,2,8,65,798962914,2,0,0,0,674,0,217,41,0,1,1,0,54,6,2437,0,0,0,20,evil_twin,evil_twin
1684019039,5331,297,0,1,1,0,0,44,0,674,2,8,65,2191792759,2,0,0,0,675,0,218,41,0,1,1,0,54,6,2437,0,0,0,20,evil_twin,evil_twin
1684019039,5341,296,0,1,1,0,0,44,0,675,2,8,65,3254027487,2,0,0,0,676,0,217,41,0,1,1,0,54,6,2437,0,0,0,20,evil_twin,evil_twin
1684019039,5352,298,0,1,1,0,0,44,0,676,2,8,65,1811364905,2,0,0,0,677,0,219,41,0,1,1,0,54,6,2437,0,0,0,20,evil_twin,evil_twin
1684019039,5363,299,0,1,1,0,0,44,0,677,2,8,65,1533237852,2,0,0,0,678,0,220,41,0,1,1,0,54,6,2437,0,0,0,20,evil_twin,evil_twin
1684019039,5374,297,0,1,1,0,0,44,0,678,2,8,65,3124040664,2,0,0,0,679,0,218,41,0,1,1,0,54,6,2437,0,0,0,20,evil_twin,evil_twin
1684019040,5384,297,0,1,1,0,0,44,0,679,2,8,65,3844308917,2,0,0,0,680,0,218,41,0,1,1,0,54,6,2437,0,0,0,20,evil_twin,evil_twin
1684019040,5393,297,0,1,1,0,0,44,0,680,2,8,65,2775376544,2,0,0,0,681,0,218,41,0,1,1,0,54,6,2437,0,0,0,20,evil_twin,evil_twin
1684019040,5406,298,0,1,1,0,0,44,0,681,2,8,65,621586449,2,0,0,0,682,0,219,41,0,1,1,0,54,6,2437,0,0,0,20,evil_twin,evil_twin
1684019040,5416,298,0,1,1,0,0,44,0,682,2,8,65,3645193916,2,0,0,0,683,0,219,41,0,1,1,0,54,6,2437,0,0,0,20,evil_twin,evil_twin
1684019040,5426,298,0,1,1,0,0,44,0,683,2,8,65,3980116012,2,0,0,0,684,0,219,41,0,1,1,0,54,6,2437,0,0,0,20,evil_twin,evil_twin
1684019040,5439,298,0,1,1,0,0,44,0,684,2,8,65,1164066296,2,0,0,0,685,0,219,41,0,1,1,0,54,6,2437,0,0,0,20,evil_twin,evil_twin
1684019040,5450,297,0,1,1,0,0,44,0,685,2,8,65,2149219802,2,0,0,0,686,0,218,41,0,1,1,0,54,6,2437,0,0,0,20,evil_twin,evil_twin
1684019040,5462,298,0,1,1,0,0,44,0,686,2,8,65,2773155195,2,0,0,0,687,0,219,41,0,1,1,0,54,6,2437,0,0,0,20,evil_twin,evil_twin
1684019040,5472,296,0,1,1,0,0,44,0,687,2,8,65,3841474518,2,0,0,0,688,0,217,41,0,1,1,0,54,6,2437,0,0,0,20,evil_twin,evil_twin
1684019040,5491,299,0,1,1,0,0,44,0,688,2,8,65,2736720292,2,0,0,0,689,0,220,41,0,1,1,0,54,6,2437,0,0,0,20,evil_twin,evil_twin
1684019041,5500,297,0,1,1,0,0,44,0,689,2,8,65,1832278688,2,0,0,0,690,0,218,41,0,1,1,0,54,6,2437,0,0,0,20,evil_twin,evil_twin
1684019041,5503,297,0,1,1,0,0,44,0,689,2,8,73,2021010547,2,0,0,0,690,0,218,41,0,1,1,0,54,6,2437,0,0,0,20,evil_twin,evil_twin
1684019041,5511,299,0,1,1,0,0,44,0,690,2,8,65,2304223637,2,0,0,0,691,0,220,41,0,1,1,0,54,6,2437,0,0,0,20,evil_twin,evil_twin
1684019041,5521,299,0,1,1,0,0,44,0,691,2,8,65,2341363066,2,0,0,0,692,0,220,41,0,1,1,0,54,6,2437,0,0,0,20,evil_twin,evil_twin
1684019041,5547,300,0,1,1,0,0,44,0,692,2,8,65,187088313,2,0,0,0,693,0,221,41,0,1,1,0,54,6,2437,0,0,0,20,evil_twin,evil_twin
1684019041,5558,299,0,1,1,0,0,44,0,693,2,8,65,4010661704,2,0,0,0,694,0,220,41,0,1,1,0,54,6,2437,0,0,0,20,evil_twin,evil_twin
1684019041,5568,299,0,1,1,0,0,44,0,694,2,8,65,2889869513,2,0,0,0,695,0,220,41,0,1,1,0,54,6,2437,0,0,0,20,evil_twin,evil_twin
1684019041,5580,298,0,1,1,0,0,44,0,695,2,8,65,1470330461,2,0,0,0,696,0,219,41,0,1,1,0,54,6,2437,0,0,0,20,evil_twin,evil_twin
1684019041,5591,296,0,1,1,0,0,44,0,696,2,8,65,647971803,2,0,0,0,697,0,217,41,0,1,1,0,54,6,2437,0,0,0,20,evil_twin,evil_twin
1684019041,5612,297,0,1,1,0,0,44,0,697,2,8,65,2799011435,2,0,0,0,698,0,218,41,0,1,1,0,54,6,2437,0,0,0,20,evil_twin,evil_twin
1684019041,5658,295,0,1,1,0,0,44,0,698,2,8,65,3620845901,2,0,0,0,699,0,216,41,0,1,1,0,54,6,2437,0,0,0,20,evil_twin,evil_twin
1684019042,5675,293,0,1,1,0,0,44,0,699,2,8,65,3964787148,2,0,0,0,700,0,214,41,0,1,1,0,54,6,2437,0,0,0,20,evil_twin,evil_twin
1684019042,5679,125,0,1,1,0,0,44,0,700,2,8,65,3919046038,2,0,0,0,701,0,46,41,0,1,1,0,54,6,2437,0,0,0,20,evil_twin,evil_twin
1684019042,5688,295,0,1,1,0,0,44,0,701,2,8,65,278731303,2,0,0,0,702,0,216,41,0,1,1,0,54,6,2437,0,0,0,20,evil_twin,evil_twin
1684019042,5694,141,1,0,0,1,0,44,0,30,2,8,66,3310235073,2,0,0,0,33,0,62,41,0,1,1,0,54,6,2437,0,0,0,20,evil_twin,evil_twin
1684019042,5715,295,0,1,1,0,0,44,0,702,2,8,65,3558340017,2,0,0,0,703,0,216,41,0,1,1,0,54,6,2437,0,0,0,20,evil_twin,evil_twin
1684019042,5734,294,0,1,1,0,0,44,0,703,2,8,65,3588541276,2,0,0,0,704,0,215,41,0,1,1,0,54,6,2437,0,0,0,20,evil_twin,evil_twin
1684019042,5745,294,0,1,1,0,0,44,0,704,2,8,65,1773034096,2,0,0,0,705,0,215,41,0,1,1,0,54,6,2437,0,0,0,20,evil_twin,evil_twin
1684019042,5759,295,0,1,1,0,0,44,0,705,2,8,65,3592486056,2,0,0,0,706,0,216,41,0,1,1,0,54,6,2437,0,0,0,20,evil_twin,evil_twin
1684019042,5772,295,0,1,1,0,0,44,0,706,2,8,65,1729337690,2,0,0,0,707,0,216,41,0,1,1,0,54,6,2437,0,0,0,20,evil_twin,evil_twin
1684019042,5785,293,0,1,1,0,0,44,0,707,2,8,65,2478369798,2,0,0,0,708,0,214,41,0,1,1,0,54,6,2437,0,0,0,20,evil_twin,evil_twin
1684019042,5800,296,0,1,1,0,0,44,0,708,2,8,65,4185812466,2,0,0,0,709,0,217,41,0,1,1,0,54,6,2437,0,0,0,20,evil_twin,evil_twin
1684019042,5811,294,0,1,1,0,0,44,0,709,2,8,65,276752031,2,0,0,0,710,0,215,41,0,1,1,0,54,6,2437,0,0,0,20,evil_twin,evil_twin
1684019043,5820,296,0,1,1,0,0,44,0,710,2,8,65,1032899220,2,0,0,0,711,0,217,41,0,1,1,0,54,6,2437,0,0,0,20,evil_twin,evil_twin
1684019043,5831,295,0,1,1,0,0,44,0,711,2,8,65,3045479272,2,0,0,0,712,0,216,41,0,1,1,0,54,6,2437,0,0,0,20,evil_twin,evil_twin
1684019043,5845,296,0,1,1,0,0,44,0,712,2,8,65,2937446022,2,0,0,0,713,0,217,41,0,1,1,0,54,6,2437,0,0,0,20,evil_twin,evil_twin
1684019043,5862,296,0,1,1,0,0,44,0,713,2,8,65,1665671721,2,0,0,0,714,0,217,41,0,1,1,0,54,6,2437,0,0,0,20,evil_twin,evil_twin
1684019043,5872,295,0,1,1,0,0,44,0,714,2,8,65,1688331229,2,0,0,0,715,0,216,41,0,1,1,0,54,6,2437,0,0,0,20,evil_twin,evil_twin
1684019043,5912,296,0,1,1,0,0,44,0,716,2,8,65,3824064690,2,0,0,0,717,0,217,41,0,1,1,0,54,6,2437,0,0,0,20,evil_twin,evil_twin
1684019043,5944,296,0,1,1,0,0,44,0,717,2,8,65,3328357940,2,0,0,0,718,0,217,41,0,1,1,0,54,6,2437,0,0,0,20,evil_twin,evil_twin
1684019043,5947,125,0,1,1,0,0,44,0,718,2,8,65,3256692732,2,0,0,0,719,0,46,41,0,1,1,0,54,6,2437,0,0,0,20,evil_twin,evil_twin
1684019043,5964,296,0,1,1,0,0,44,0,719,2,8,65,4106851990,2,0,0,0,720,0,217,41,0,1,1,0,54,6,2437,0,0,0,20,evil_twin,evil_twin
1684019043,5984,141,1,0,0,1,0,44,0,31,2,8,66,3791573141,2,0,0,0,34,0,62,41,0,1,1,0,54,6,2437,0,0,0,20,evil_twin,evil_twin
1684019043,5987,296,0,1,1,0,0,44,0,720,2,8,65,2539129846,2,0,0,0,721,0,217,41,0,1,1,0,54,6,2437,0,0,0,20,evil_twin,evil_twin
1684019044,5997,294,0,1,1,0,0,44,0,721,2,8,65,2698818263,2,0,0,0,722,0,215,41,0,1,1,0,54,6,2437,0,0,0,20,evil_twin,evil_twin
1684019044,6012,295,0,1,1,0,0,44,0,722,2,8,65,1909019488,2,0,0,0,723,0,216,41,0,1,1,0,54,6,2437,0,0,0,20,evil_twin,evil_twin
1684019044,6026,295,0,1,1,0,0,44,0,723,2,8,65,2899354640,2,0,0,0,724,0,216,41,0,1,1,0,54,6,2437,0,0,0,20,evil_twin,evil_twin
1684019044,6052,297,0,1,1,0,0,44,0,724,2,8,65,3608127389,2,0,0,0,725,0,218,41,0,1,1,0,54,6,2437,0,0,0,20,evil_twin,evil_twin
1684019044,6074,297,0,1,1,0,0,44,0,725,2,8,65,1299655247,2,0,0,0,726,0,218,41,0,1,1,0,54,6,2437,0,0,0,20,evil_twin,evil_twin
1684019044,6093,297,0,1,1,0,0,44,0,726,2,8,65,1193183612,2,0,0,0,727,0,218,41,0,1,1,0,54,6,2437,0,0,0,20,evil_twin,evil_twin
1684019044,6100,296,0,1,1,0,0,44,0,727,2,8,65,434338258,2,0,0,0,728,0,217,41,0,1,1,0,54,6,2437,0,0,0,20,evil_twin,evil_twin
1684019044,6113,295,0,1,1,0,0,44,0,728,2,8,65,911618474,2,0,0,0,729,0,216,41,0,1,1,0,54,6,2437,0,0,0,20,evil_twin,evil_twin
1684019044,6123,296,0,1,1,0,0,44,0,729,2,8,65,4043557425,2,0,0,0,730,0,217,41,0,1,1,0,54,6,2437,0,0,0,20,evil_twin,evil_twin
1684019044,6135,296,0,1,1,0,0,44,0,730,2,8,65,4140646133,2,0,0,0,731,0,217,41,0,1,1,0,54,6,2437,0,0,0,20,evil_twin,evil_twin
1684019044,6138,296,0,1,1,0,0,44,0,730,2,8,73,1821811880,2,0,0,0,731,0,217,41,0,1,1,0,54,6,2437,0,0,0,20,evil_twin,evil_twin
1684019045,6149,297,0,1,1,0,0,44,0,731,2,8,65,790210858,2,0,0,0,732,0,218,41,0,1,1,0,54,6,2437,0,0,0,20,evil_twin,evil_twin
1684019045,6171,295,0,1,1,0,0,44,0,732,2,8,65,1772610803,2,0,0,0,733,0,216,41,0,1,1,0,54,6,2437,0,0,0,20,evil_twin,evil_twin
1684019045,6199,296,0,1,1,0,0,44,0,733,2,8,65,3358807922,2,0,0,0,734,0,217,41,0,1,1,0,54,6,2437,0,0,0,20,evil_twin,evil_twin
1684019045,6225,294,0,1,1,0,0,44,0,734,2,8,65,2903940802,2,0,0,0,735,0,215,41,0,1,1,0,54,6,2437,0,0,0,20,evil_twin,evil_twin
1684019045,6229,294,0,1,1,0,0,44,0,734,2,8,73,2318537806,2,0,0,0,735,0,215,41,0,1,1,0,54,6,2437,0,0,0,20,evil_twin,evil_twin
1684019045,6251,297,0,1,1,0,0,44,0,735,2,8,65,374323049,2,0,0,0,736,0,218,41,0,1,1,0,54,6,2437,0,0,0,20,evil_twin,evil_twin
1684019045,6281,296,0,1,1,0,0,44,0,736,2,8,65,4292412020,2,0,0,0,737,0,217,41,0,1,1,0,54,6,2437,0,0,0,20,evil_twin,evil_twin
1684019045,6292,296,0,1,1,0,0,44,0,736,2,8,73,1703057449,2,0,0,0,737,0,217,41,0,1,1,0,54,6,2437,0,0,0,20,evil_twin,evil_twin
1684019045,6306,296,0,1,1,0,0,44,0,737,2,8,65,3105094420,2,0,0,0,738,0,217,41,0,1,1,0,54,6,2437,0,0,0,20,evil_twin,evil_twin
1684019045,6331,295,0,1,1,0,0,44,0,738,2,8,65,3641644757,2,0,0,0,739,0,216,41,0,1,1,0,54,6,2437,0,0,0,20,evil_twin,evil_twin
1684019045,6342,295,0,1,1,0,0,44,0,739,2,8,65,2065453612,2,0,0,0,740,0,216,41,0,1,1,0,54,6,2437,0,0,0,20,evil_twin,evil_twin
1684019045,6356,296,0,1,1,0,0,44,0,740,2,8,65,857531107,2,0,0,0,741,0,217,41,0,1,1,0,54,6,2437,0,0,0,20,evil_twin,evil_twin
1684019046,6367,295,0,1,1,0,0,44,0,741,2,8,65,3985482196,2,0,0,0,742,0,216,41,0,1,1,0,54,6,2437,0,0,0,20,evil_twin,evil_twin
1684019046,6370,125,0,1,1,0,0,44,0,742,2,8,65,2047737622,2,0,0,0,743,0,46,41,0,1,1,0,54,6,2437,0,0,0,20,evil_twin,evil_twin
1684019046,6381,141,1,0,0,1,0,44,0,32,2,8,66,4042139148,2,0,0,0,35,0,62,41,0,1,1,0,54,6,2437,0,0,0,20,evil_twin,evil_twin
1684019046,6393,295,0,1,1,0,0,44,0,743,2,8,65,398352450,2,0,0,0,744,0,216,41,0,1,1,0,54,6,2437,0,0,0,20,evil_twin,evil_twin
1684019046,6403,296,0,1,1,0,0,44,0,744,2,8,65,4269937977,2,0,0,0,745,0,217,41,0,1,1,0,54,6,2437,0,0,0,20,evil_twin,evil_twin
1684019046,6428,295,0,1,1,0,0,44,0,745,2,8,65,448745531,2,0,0,0,746,0,216,41,0,1,1,0,54,6,2437,0,0,0,20,evil_twin,evil_twin
1684019046,6437,297,0,1,1,0,0,44,0,746,2,8,65,3481040330,2,0,0,0,747,0,218,41,0,1,1,0,54,6,2437,0,0,0,20,evil_twin,evil_twin
1684019046,6447,298,0,1,1,0,0,44,0,747,2,8,65,1164487426,2,0,0,0,748,0,219,41,0,1,1,0,54,6,2437,0,0,0,20,evil_twin,evil_twin
1684019046,6461,298,0,1,1,0,0,44,0,748,2,8,65,2502978946,2,0,0,0,749,0,219,41,0,1,1,0,54,6,2437,0,0,0,20,evil_twin,evil_twin
1684019046,6474,298,0,1,1,0,0,44,0,749,2,8,65,4167564367,2,0,0,0,750,0,219,41,0,1,1,0,54,6,2437,0,0,0,20,evil_twin,evil_twin
1684019046,6485,298,0,1,1,0,0,44,0,750,2,8,65,2427763049,2,0,0,0,751,0,219,41,0,1,1,0,54,6,2437,0,0,0,20,evil_twin,evil_twin
1684019047,6493,299,0,1,1,0,0,44,0,751,2,8,65,1094053202,2,0,0,0,752,0,220,41,0,1,1,0,54,6,2437,0,0,0,20,evil_twin,evil_twin
1684019047,6519,299,0,1,1,0,0,44,0,752,2,8,65,2171418515,2,0,0,0,753,0,220,41,0,1,1,0,54,6,2437,0,0,0,20,evil_twin,evil_twin
1684019047,6531,297,0,1,1,0,0,44,0,753,2,8,65,2816511535,2,0,0,0,754,0,218,41,0,1,1,0,54,6,2437,0,0,0,20,evil_twin,evil_twin
1684019047,6545,297,0,1,1,0,0,44,0,754,2,8,65,3515604242,2,0,0,0,755,0,218,41,0,1,1,0,54,6,2437,0,0,0,20,evil_twin,evil_twin
1684019047,6554,299,0,1,1,0,0,44,0,755,2,8,65,2335702369,2,0,0,0,756,0,220,41,0,1,1,0,54,6,2437,0,0,0,20,evil_twin,evil_twin
1684019047,6564,298,0,1,1,0,0,44,0,756,2,8,65,3236468447,2,0,0,0,757,0,219,41,0,1,1,0,54,6,2437,0,0,0,20,evil_twin,evil_twin
1684019047,6585,298,0,1,1,0,0,44,0,757,2,8,65,2125396103,2,0,0,0,758,0,219,41,0,1,1,0,54,6,2437,0,0,0,20,evil_twin,evil_twin
1684019047,6609,298,0,1,1,0,0,44,0,758,2,8,65,3656885100,2,0,0,0,759,0,219,41,0,1,1,0,54,6,2437,0,0,0,20,evil_twin,evil_twin
1684019047,6637,298,0,1,1,0,0,44,0,759,2,8,65,1898186210,2,0,0,0,760,0,219,41,0,1,1,0,54,6,2437,0,0,0,20,evil_twin,evil_twin
1684019047,6663,298,0,1,1,0,0,44,0,760,2,8,65,3468863840,2,0,0,0,761,0,219,41,0,1,1,0,54,6,2437,0,0,0,20,evil_twin,evil_twin
1684019048,6675,297,0,1,1,0,0,44,0,761,2,8,65,1823783458,2,0,0,0,762,0,218,41,0,1,1,0,54,6,2437,0,0,0,20,evil_twin,evil_twin
1684019048,6697,299,0,1,1,0,0,44,0,762,2,8,65,1230961390,2,0,0,0,763,0,220,41,0,1,1,0,54,6,2437,0,0,0,20,evil_twin,evil_twin
1684019048,6707,125,0,1,1,0,0,44,0,763,2,8,65,217976420,2,0,0,0,764,0,46,41,0,1,1,0,54,6,2437,0,0,0,20,evil_twin,evil_twin
1684019048,6712,296,0,1,1,0,0,44,0,764,2,8,65,1912626878,2,0,0,0,765,0,217,41,0,1,1,0,54,6,2437,0,0,0,20,evil_twin,evil_twin
1684019048,6723,296,0,1,1,0,0,44,0,765,2,8,65,1472827288,2,0,0,0,766,0,217,41,0,1,1,0,54,6,2437,0,0,0,20,evil_twin,evil_twin
1684019048,6733,296,0,1,1,0,0,44,0,766,2,8,65,812289689,2,0,0,0,767,0,217,41,0,1,1,0,54,6,2437,0,0,0,20,evil_twin,evil_twin
1684019048,6770,141,1,0,0,1,0,44,0,33,2,8,66,1905565205,2,0,0,0,36,0,62,41,0,1,1,0,54,6,2437,0,0,0,20,evil_twin,evil_twin
1684019048,6773,296,0,1,1,0,0,44,0,767,2,8,65,479815108,2,0,0,0,768,0,217,41,0,1,1,0,54,6,2437,0,0,0,20,evil_twin,evil_twin
1684019048,6791,295,0,1,1,0,0,44,0,768,2,8,65,3765007503,2,0,0,0,769,0,216,41,0,1,1,0,54,6,2437,0,0,0,20,evil_twin,evil_twin
1684019048,6810,298,0,1,1,0,0,44,0,769,2,8,65,91535527,2,0,0,0,770,0,219,41,0,1,1,0,54,6,2437,0,0,0,20,evil_twin,evil_twin
1684019048,6820,298,0,1,1,0,0,44,0,770,2,8,65,1042974493,2,0,0,0,771,0,219,41,0,1,1,0,54,6,2437,0,0,0,20,evil_twin,evil_twin
1684019048,6830,297,0,1,1,0,0,44,0,771,2,8,65,2142121468,2,0,0,0,772,0,218,41,0,1,1,0,54,6,2437,0,0,0,20,evil_twin,evil_twin
1684019048,6840,298,0,1,1,0,0,44,0,772,2,8,65,3020256459,2,0,0,0,773,0,219,41,0,1,1,0,54,6,2437,0,0,0,20,evil_twin,evil_twin
1684019049,6856,297,0,1,1,0,0,44,0,773,2,8,65,704300486,2,0,0,0,774,0,218,41,0,1,1,0,54,6,2437,0,0,0,20,evil_twin,evil_twin
1684019049,6865,295,0,1,1,0,0,44,0,774,2,8,65,798764262,2,0,0,0,775,0,216,41,0,1,1,0,54,6,2437,0,0,0,20,evil_twin,evil_twin
1684019049,6879,296,0,1,1,0,0,44,0,775,2,8,65,3726460989,2,0,0,0,776,0,217,41,0,1,1,0,54,6,2437,0,0,0,20,evil_twin,evil_twin
1684019049,6890,295,0,1,1,0,0,44,0,776,2,8,65,55573021,2,0,0,0,777,0,216,41,0,1,1,0,54,6,2437,0,0,0,20,evil_twin,evil_twin
1684019049,6901,297,0,1,1,0,0,44,0,777,2,8,65,354022496,2,0,0,0,778,0,218,41,0,1,1,0,54,6,2437,0,0,0,20,evil_twin,evil_twin
1684019049,6916,295,0,1,1,0,0,44,0,778,2,8,65,1755855843,2,0,0,0,779,0,216,41,0,1,1,0,54,6,2437,0,0,0,20,evil_twin,evil_twin
1684019049,6932,297,0,1,1,0,0,44,0,779,2,8,65,416201925,2,0,0,0,780,0,218,41,0,1,1,0,54,6,2437,0,0,0,20,evil_twin,evil_twin
1684019049,6943,297,0,1,1,0,0,44,0,780,2,8,65,284511980,2,0,0,0,781,0,218,41,0,1,1,0,54,6,2437,0,0,0,20,evil_twin,evil_twin
1684019049,6953,298,0,1,1,0,0,44,0,781,2,8,65,2775026199,2,0,0,0,782,0,219,41,0,1,1,0,54,6,2437,0,0,0,20,evil_twin,evil_twin
1684019050,6964,295,0,1,1,0,0,44,0,782,2,8,65,671174437,2,0,0,0,783,0,216,41,0,1,1,0,54,6,2437,0,0,0,20,evil_twin,evil_twin
1684019050,6980,296,0,1,1,0,0,44,0,783,2,8,65,1331201228,2,0,0,0,784,0,217,41,0,1,1,0,54,6,2437,0,0,0,20,evil_twin,evil_twin
1684019050,6994,296,0,1,1,0,0,44,0,784,2,8,65,3028323660,2,0,0,0,785,0,217,41,0,1,1,0,54,6,2437,0,0,0,20,evil_twin,evil_twin
1684019050,7004,295,0,1,1,0,0,44,0,785,2,8,65,2555711910,2,0,0,0,786,0,216,41,0,1,1,0,54,6,2437,0,0,0,20,evil_twin,evil_twin
1684019050,7014,298,0,1,1,0,0,44,0,786,2,8,65,183099183,2,0,0,0,787,0,219,41,0,1,1,0,54,6,2437,0,0,0,20,evil_twin,evil_twin
1684019050,7025,298,0,1,1,0,0,44,0,787,2,8,65,861612670,2,0,0,0,788,0,219,41,0,1,1,0,54,6,2437,0,0,0,20,evil_twin,evil_twin
1684019050,7039,297,0,1,1,0,0,44,0,788,2,8,65,1389770187,2,0,0,0,789,0,218,41,0,1,1,0,54,6,2437,0,0,0,20,evil_twin,evil_twin
1684019050,7047,125,0,1,1,0,0,44,0,789,2,8,65,425789484,2,0,0,0,790,0,46,41,0,1,1,0,54,6,2437,0,0,0,20,evil_twin,evil_twin
1684019050,7053,141,1,0,0,1,0,44,0,34,2,8,66,2047292674,2,0,0,0,37,0,62,41,0,1,1,0,54,6,2437,0,0,0,20,evil_twin,evil_twin
1684019050,7058,298,0,1,1,0,0,44,0,790,2,8,65,4079579384,2,0,0,0,791,0,219,41,0,1,1,0,54,6,2437,0,0,0,20,evil_twin,evil_twin
1684019050,7068,299,0,1,1,0,0,44,0,791,2,8,65,9989630,2,0,0,0,792,0,220,41,0,1,1,0,54,6,2437,0,0,0,20,evil_twin,evil_twin
1684019050,7081,141,1,0,0,1,0,44,0,35,2,8,66,4127962704,2,0,0,0,38,0,62,41,0,1,1,0,54,6,2437,0,0,0,20,evil_twin,evil_twin
1684019050,7087,141,0,1,1,0,0,44,0,792,2,8,65,1323437084,2,0,0,0,793,0,62,41,0,1,1,0,54,6,2437,0,0,0,20,evil_twin,evil_twin
1684019050,7096,298,0,1,1,0,0,44,0,793,2,8,65,1480602441,2,0,0,0,794,0,219,41,0,1,1,0,54,6,2437,0,0,0,20,evil_twin,evil_twin
1684019051,7107,300,0,1,1,0,0,44,0,794,2,8,65,1944895891,2,0,0,0,795,0,221,41,0,1,1,0,54,6,2437,0,0,0,20,evil_twin,evil_twin
1684019051,7132,298,0,1,1,0,0,44,0,795,2,8,65,2835511861,2,0,0,0,796,0,219,41,0,1,1,0,54,6,2437,0,0,0,20,evil_twin,evil_twin
1684019051,7143,297,0,1,1,0,0,44,0,796,2,8,65,197572582,2,0,0,0,797,0,218,41,0,1,1,0,54,6,2437,0,0,0,20,evil_twin,evil_twin
1684019051,7154,298,0,1,1,0,0,44,0,797,2,8,65,3040427712,2,0,0,0,798,0,219,41,0,1,1,0,54,6,2437,0,0,0,20,evil_twin,evil_twin
1684019051,7165,298,0,1,1,0,0,44,0,798,2,8,65,962461888,2,0,0,0,799,0,219,41,0,1,1,0,54,6,2437,0,0,0,20,evil_twin,evil_twin
1684019051,7176,297,0,1,1,0,0,44,0,799,2,8,65,3222396076,2,0,0,0,800,0,218,41,0,1,1,0,54,6,2437,0,0,0,20,evil_twin,evil_twin
1684019051,7187,299,0,1,1,0,0,44,0,800,2,8,65,3728979204,2,0,0,0,801,0,220,41,0,1,1,0,54,6,2437,0,0,0,20,evil_twin,evil_twin
1684019051,7198,299,0,1,1,0,0,44,0,801,2,8,65,1538816991,2,0,0,0,802,0,220,41,0,1,1,0,54,6,2437,0,0,0,20,evil_twin,evil_twin
1684019051,7208,299,0,1,1,0,0,44,0,802,2,8,65,3235823977,2,0,0,0,803,0,220,41,0,1,1,0,54,6,2437,0,0,0,20,evil_twin,evil_twin
1684019051,7221,300,0,1,1,0,0,44,0,803,2,8,65,3658546798,2,0,0,0,804,0,221,41,0,1,1,0,54,6,2437,0,0,0,20,evil_twin,evil_twin
1684019052,7232,298,0,1,1,0,0,44,0,804,2,8,65,1719261723,2,0,0,0,805,0,219,41,0,1,1,0,54,6,2437,0,0,0,20,evil_twin,evil_twin
1684019052,7244,298,0,1,1,0,0,44,0,805,2,8,65,570773195,2,0,0,0,806,0,219,41,0,1,1,0,54,6,2437,0,0,0,20,evil_twin,evil_twin
1684019052,7255,298,0,1,1,0,0,44,0,806,2,8,65,2183529835,2,0,0,0,807,0,219,41,0,1,1,0,54,6,2437,0,0,0,20,evil_twin,evil_twin
1684019052,7267,299,0,1,1,0,0,44,0,807,2,8,65,1414804284,2,0,0,0,808,0,220,41,0,1,1,0,54,6,2437,0,0,0,20,evil_twin,evil_twin
1684019052,7279,300,0,1,1,0,0,44,0,808,2,8,65,1661430079,2,0,0,0,809,0,221,41,0,1,1,0,54,6,2437,0,0,0,20,evil_twin,evil_twin
1684019052,7290,300,0,1,1,0,0,44,0,809,2,8,65,3761689184,2,0,0,0,810,0,221,41,0,1,1,0,54,6,2437,0,0,0,20,evil_twin,evil_twin
1684019052,7300,298,0,1,1,0,0,44,0,810,2,8,65,912197381,2,0,0,0,811,0,219,41,0,1,1,0,54,6,2437,0,0,0,20,evil_twin,evil_twin
1684019052,7329,297,0,1,1,0,0,44,0,811,2,8,65,9949349,2,0,0,0,812,0,218,41,0,1,1,0,54,6,2437,0,0,0,20,evil_twin,evil_twin
1684019052,7344,297,0,1,1,0,0,44,0,812,2,8,65,4145946287,2,0,0,0,813,0,218,41,0,1,1,0,54,6,2437,0,0,0,20,evil_twin,evil_twin
1684019052,7365,299,0,1,1,0,0,44,0,813,2,8,65,3592755132,2,0,0,0,814,0,220,41,0,1,1,0,54,6,2437,0,0,0,20,evil_twin,evil_twin
1684019053,7394,298,0,1,1,0,0,44,0,814,2,8,65,3556805935,2,0,0,0,815,0,219,41,0,1,1,0,54,6,2437,0,0,0,20,evil_twin,evil_twin
1684019053,7397,125,0,1,1,0,0,44,0,815,2,8,65,1774289244,2,0,0,0,816,0,46,41,0,1,1,0,54,6,2437,0,0,0,20,evil_twin,evil_twin
1684019053,7408,141,1,0,0,1,0,44,0,36,2,8,74,1303666143,2,0,0,0,39,0,62,41,0,1,1,0,54,6,2437,0,0,0,20,evil_twin,evil_twin
1684019053,7419,297,0,1,1,0,0,44,0,816,2,8,65,3805298741,2,0,0,0,817,0,218,41,0,1,1,0,54,6,2437,0,0,0,20,evil_twin,evil_twin
1684019053,7424,297,0,1,1,0,0,44,0,816,2,8,73,4153423590,2,0,0,0,817,0,218,41,0,1,1,0,54,6,2437,0,0,0,20,evil_twin,evil_twin
1684019053,7483,297,0,1,1,0,0,44,0,817,2,8,65,359487030,2,0,0,0,818,0,218,41,0,1,1,0,54,6,2437,0,0,0,20,evil_twin,evil_twin
1684019053,7517,298,0,1,1,0,0,44,0,818,2,8,65,2627769735,2,0,0,0,819,0,219,41,0,1,1,0,54,6,2437,0,0,0,20,evil_twin,evil_twin
1684019053,7537,297,0,1,1,0,0,44,0,819,2,8,65,3239311196,2,0,0,0,820,0,218,41,0,1,1,0,54,6,2437,0,0,0,20,evil_twin,evil_twin
1684019053,7557,298,0,1,1,0,0,44,0,820,2,8,65,1539466884,2,0,0,0,821,0,219,41,0,1,1,0,54,6,2437,0,0,0,20,evil_twin,evil_twin
1684019053,7567,299,0,1,1,0,0,44,0,821,2,8,65,2734384865,2,0,0,0,822,0,220,41,0,1,1,0,54,6,2437,0,0,0,20,evil_twin,evil_twin
1684019053,7579,298,0,1,1,0,0,44,0,822,2,8,65,4041162233,2,0,0,0,823,0,219,41,0,1,1,0,54,6,2437,0,0,0,20,evil_twin,evil_twin
1684019053,7604,299,0,1,1,0,0,44,0,824,2,8,65,3906306462,2,0,0,0,825,0,220,41,0,1,1,0,54,6,2437,0,0,0,20,evil_twin,evil_twin
1684019054,7620,299,0,1,1,0,0,44,0,825,2,8,65,1444821189,2,0,0,0,826,0,220,41,0,1,1,0,54,6,2437,0,0,0,20,evil_twin,evil_twin
1684019054,7631,298,0,1,1,0,0,44,0,826,2,8,65,2248595664,2,0,0,0,827,0,219,41,0,1,1,0,54,6,2437,0,0,0,20,evil_twin,evil_twin
1684019054,7644,298,0,1,1,0,0,44,0,827,2,8,65,2969129366,2,0,0,0,828,0,219,41,0,1,1,0,54,6,2437,0,0,0,20,evil_twin,evil_twin
1684019054,7659,298,0,1,1,0,0,44,0,828,2,8,65,1162383891,2,0,0,0,829,0,219,41,0,1,1,0,54,6,2437,0,0,0,20,evil_twin,evil_twin
1684019054,7670,297,0,1,1,0,0,44,0,829,2,8,65,4061822008,2,0,0,0,830,0,218,41,0,1,1,0,54,6,2437,0,0,0,20,evil_twin,evil_twin
1684019054,7681,299,0,1,1,0,0,44,0,830,2,8,65,1112617830,2,0,0,0,831,0,220,41,0,1,1,0,54,6,2437,0,0,0,20,evil_twin,evil_twin
1684019054,7692,300,0,1,1,0,0,44,0,831,2,8,65,2826006811,2,0,0,0,832,0,221,41,0,1,1,0,54,6,2437,0,0,0,20,evil_twin,evil_twin
1684019054,7703,299,0,1,1,0,0,44,0,832,2,8,65,4114345512,2,0,0,0,833,0,220,41,0,1,1,0,54,6,2437,0,0,0,20,evil_twin,evil_twin
1684019054,7721,298,0,1,1,0,0,44,0,833,2,8,65,2722513628,2,0,0,0,834,0,219,41,0,1,1,0,54,6,2437,0,0,0,20,evil_twin,evil_twin
1684019054,7724,125,0,1,1,0,0,44,0,834,2,8,65,100721906,2,0,0,0,835,0,46,41,0,1,1,0,54,6,2437,0,0,0,20,evil_twin,evil_twin
1684019054,7735,299,0,1,1,0,0,44,0,835,2,8,65,4249326706,2,0,0,0,836,0,220,41,0,1,1,0,54,6,2437,0,0,0,20,evil_twin,evil_twin
1684019055,7745,141,1,0,0,1,0,44,0,37,2,8,66,1845691121,2,0,0,0,40,0,62,41,0,1,1,0,54,6,2437,0,0,0,20,evil_twin,evil_twin
1684019055,7747,141,1,0,0,1,0,44,0,37,2,8,74,3958440723,2,0,0,0,40,0,62,41,0,1,1,0,54,6,2437,0,0,0,20,evil_twin,evil_twin
1684019055,7755,298,0,1,1,0,0,44,0,836,2,8,65,3317465353,2,0,0,0,837,0,219,41,0,1,1,0,54,6,2437,0,0,0,20,evil_twin,evil_twin
1684019055,7758,298,0,1,1,0,0,44,0,836,2,8,73,3664986641,2,0,0,0,837,0,219,41,0,1,1,0,54,6,2437,0,0,0,20,evil_twin,evil_twin
1684019055,7768,297,0,1,1,0,0,44,0,837,2,8,65,279074380,2,0,0,0,838,0,218,41,0,1,1,0,54,6,2437,0,0,0,20,evil_twin,evil_twin
1684019055,7776,297,0,1,1,0,0,44,0,838,2,8,65,1869989722,2,0,0,0,839,0,218,41,0,1,1,0,54,6,2437,0,0,0,20,evil_twin,evil_twin
1684019055,7790,296,0,1,1,0,0,44,0,839,2,8,65,4008528325,2,0,0,0,840,0,217,41,0,1,1,0,54,6,2437,0,0,0,20,evil_twin,evil_twin
1684019055,7803,298,0,1,1,0,0,44,0,840,2,8,65,2809265787,2,0,0,0,841,0,219,41,0,1,1,0,54,6,2437,0,0,0,20,evil_twin,evil_twin
1684019055,7816,297,0,1,1,0,0,44,0,841,2,8,65,2473975530,2,0,0,0,842,0,218,41,0,1,1,0,54,6,2437,0,0,0,20,evil_twin,evil_twin
1684019055,7829,297,0,1,1,0,0,44,0,842,2,8,65,4100923891,2,0,0,0,843,0,218,41,0,1,1,0,54,6,2437,0,0,0,20,evil_twin,evil_twin
1684019055,7842,299,0,1,1,0,0,44,0,843,2,8,65,2358473643,2,0,0,0,844,0,220,41,0,1,1,0,54,6,2437,0,0,0,20,evil_twin,evil_twin
1684019055,7855,299,0,1,1,0,0,44,0,844,2,8,65,2023160508,2,0,0,0,845,0,220,41,0,1,1,0,54,6,2437,0,0,0,20,evil_twin,evil_twin
1684019055,7873,299,0,1,1,0,0,44,0,845,2,8,65,4089834763,2,0,0,0,846,0,220,41,0,1,1,0,54,6,2437,0,0,0,20,evil_twin,evil_twin
1684019056,7882,298,0,1,1,0,0,44,0,846,2,8,65,3996369569,2,0,0,0,847,0,219,41,0,1,1,0,54,6,2437,0,0,0,20,evil_twin,evil_twin
1684019056,7893,298,0,1,1,0,0,44,0,847,2,8,65,2050696485,2,0,0,0,848,0,219,41,0,1,1,0,54,6,2437,0,0,0,20,evil_twin,evil_twin
1684019056,7904,298,0,1,1,0,0,44,0,848,2,8,65,3955981026,2,0,0,0,849,0,219,41,0,1,1,0,54,6,2437,0,0,0,20,evil_twin,evil_twin
1684019056,7915,297,0,1,1,0,0,44,0,849,2,8,65,812492917,2,0,0,0,850,0,218,41,0,1,1,0,54,6,2437,0,0,0,20,evil_twin,evil_twin
1684019056,7928,298,0,1,1,0,0,44,0,850,2,8,65,586267519,2,0,0,0,851,0,219,41,0,1,1,0,54,6,2437,0,0,0,20,evil_twin,evil_twin
1684019056,7930,298,0,1,1,0,0,44,0,850,2,8,73,1027504231,2,0,0,0,851,0,219,41,0,1,1,0,54,6,2437,0,0,0,20,evil_twin,evil_twin
1684019056,7933,298,0,1,1,0,0,44,0,850,2,8,73,1027504231,2,0,0,0,851,0,219,41,0,1,1,0,48,6,2437,0,0,0,20,evil_twin,evil_twin
1684019056,7944,298,0,1,1,0,0,44,0,851,2,8,65,2555026288,2,0,0,0,852,0,219,41,0,1,1,0,54,6,2437,0,0,0,20,evil_twin,evil_twin
1684019056,7955,296,0,1,1,0,0,44,0,852,2,8,65,2098225069,2,0,0,0,853,0,217,41,0,1,1,0,54,6,2437,0,0,0,20,evil_twin,evil_twin
1684019056,7966,298,0,1,1,0,0,44,0,853,2,8,65,77105523,2,0,0,0,854,0,219,41,0,1,1,0,54,6,2437,0,0,0,20,evil_twin,evil_twin
1684019056,7977,298,0,1,1,0,0,44,0,854,2,8,65,3533224309,2,0,0,0,855,0,219,41,0,1,1,0,54,6,2437,0,0,0,20,evil_twin,evil_twin
1684019056,8009,298,0,1,1,0,0,44,0,855,2,8,65,819708115,2,0,0,0,856,0,219,41,0,1,1,0,54,6,2437,0,0,0,20,evil_twin,evil_twin
1684019057,8033,296,0,1,1,0,0,44,0,856,2,8,65,1058006770,2,0,0,0,857,0,217,41,0,1,1,0,54,6,2437,0,0,0,20,evil_twin,evil_twin
1684019057,8046,125,0,1,1,0,0,44,0,857,2,8,65,4180060232,2,0,0,0,858,0,46,41,0,1,1,0,54,6,2437,0,0,0,20,evil_twin,evil_twin
1684019057,8053,298,0,1,1,0,0,44,0,858,2,8,65,2907936158,2,0,0,0,859,0,219,41,0,1,1,0,54,6,2437,0,0,0,20,evil_twin,evil_twin
1684019057,8063,297,0,1,1,0,0,44,0,859,2,8,65,3615306151,2,0,0,0,860,0,218,41,0,1,1,0,54,6,2437,0,0,0,20,evil_twin,evil_twin
1684019057,8077,298,0,1,1,0,0,44,0,860,2,8,65,3017148193,2,0,0,0,861,0,219,41,0,1,1,0,54,6,2437,0,0,0,20,evil_twin,evil_twin
1684019057,8093,297,0,1,1,0,0,44,0,862,2,8,65,3944003767,2,0,0,0,863,0,218,41,0,1,1,0,54,6,2437,0,0,0,20,evil_twin,evil_twin
1684019057,8101,298,0,1,1,0,0,44,0,863,2,8,65,2958590291,2,0,0,0,864,0,219,41,0,1,1,0,54,6,2437,0,0,0,20,evil_twin,evil_twin
1684019057,8109,297,0,1,1,0,0,44,0,864,2,8,65,557042853,2,0,0,0,865,0,218,41,0,1,1,0,54,6,2437,0,0,0,20,evil_twin,evil_twin
1684019057,8116,299,0,1,1,0,0,44,0,865,2,8,65,2114053554,2,0,0,0,866,0,220,41,0,1,1,0,54,6,2437,0,0,0,20,evil_twin,evil_twin
1684019058,8135,298,0,1,1,0,0,44,0,867,2,8,65,1569288618,2,0,0,0,868,0,219,41,0,1,1,0,54,6,2437,0,0,0,20,evil_twin,evil_twin
1684019058,8143,298,0,1,1,0,0,44,0,868,2,8,65,3258519883,2,0,0,0,869,0,219,41,0,1,1,0,54,6,2437,0,0,0,20,evil_twin,evil_twin
1684019058,8151,297,0,1,1,0,0,44,0,869,2,8,65,3240060858,2,0,0,0,870,0,218,41,0,1,1,0,54,6,2437,0,0,0,20,evil_twin,evil_twin
1684019058,8160,297,0,1,1,0,0,44,0,870,2,8,65,2085441510,2,0,0,0,871,0,218,41,0,1,1,0,54,6,2437,0,0,0,20,evil_twin,evil_twin
1684019058,8167,298,0,1,1,0,0,44,0,871,2,8,65,2450246087,2,0,0,0,872,0,219,41,0,1,1,0,54,6,2437,0,0,0,20,evil_twin,evil_twin
1684019058,8186,298,0,1,1,0,0,44,0,872,2,8,65,2754715213,2,0,0,0,873,0,219,41,0,1,1,0,54,6,2437,0,0,0,20,evil_twin,evil_twin
1684019058,8196,297,0,1,1,0,0,44,0,873,2,8,65,3243871612,2,0,0,0,874,0,218,41,0,1,1,0,54,6,2437,0,0,0,20,evil_twin,evil_twin
1684019058,8206,296,0,1,1,0,0,44,0,874,2,8,65,3952405488,2,0,0,0,875,0,217,41,0,1,1,0,54,6,2437,0,0,0,20,evil_twin,evil_twin
1684019058,8219,141,1,0,0,1,0,44,0,38,2,8,66,2761768899,2,0,0,0,41,0,62,41,0,1,1,0,54,6,2437,0,0,0,20,evil_twin,evil_twin
1684019058,8225,296,0,1,1,0,0,44,0,875,2,8,65,709993797,2,0,0,0,876,0,217,41,0,1,1,0,54,6,2437,0,0,0,20,evil_twin,evil_twin
1684019059,8240,296,0,1,1,0,0,44,0,877,2,8,65,4240241731,2,0,0,0,878,0,217,41,0,1,1,0,54,6,2437,0,0,0,20,evil_twin,evil_twin
1684019059,8251,296,0,1,1,0,0,44,0,878,2,8,65,1598992236,2,0,0,0,879,0,217,41,0,1,1,0,54,6,2437,0,0,0,20,evil_twin,evil_twin
1684019059,8262,298,0,1,1,0,0,44,0,879,2,8,65,23992070,2,0,0,0,880,0,219,41,0,1,1,0,54,6,2437,0,0,0,20,evil_twin,evil_twin
1684019059,8276,299,0,1,1,0,0,44,0,880,2,8,65,1418883907,2,0,0,0,881,0,220,41,0,1,1,0,54,6,2437,0,0,0,20,evil_twin,evil_twin
1684019059,8289,297,0,1,1,0,0,44,0,881,2,8,65,853411582,2,0,0,0,882,0,218,41,0,1,1,0,54,6,2437,0,0,0,20,evil_twin,evil_twin
1684019059,8304,299,0,1,1,0,0,44,0,882,2,8,65,3053443286,2,0,0,0,883,0,220,41,0,1,1,0,54,6,2437,0,0,0,20,evil_twin,evil_twin
1684019059,8315,299,0,1,1,0,0,44,0,883,2,8,65,176710979,2,0,0,0,884,0,220,41,0,1,1,0,54,6,2437,0,0,0,20,evil_twin,evil_twin
1684019059,8331,297,0,1,1,0,0,44,0,884,2,8,65,4073916664,2,0,0,0,885,0,218,41,0,1,1,0,54,6,2437,0,0,0,20,evil_twin,evil_twin
1684019059,8342,297,0,1,1,0,0,44,0,885,2,8,65,3949572536,2,0,0,0,886,0,218,41,0,1,1,0,54,6,2437,0,0,0,20,evil_twin,evil_twin
1684019059,8352,298,0,1,1,0,0,44,0,886,2,8,65,2458706831,2,0,0,0,887,0,219,41,0,1,1,0,54,6,2437,0,0,0,20,evil_twin,evil_twin
1684019060,8362,298,0,1,1,0,0,44,0,887,2,8,65,3719608412,2,0,0,0,888,0,219,41,0,1,1,0,54,6,2437,0,0,0,20,evil_twin,evil_twin
1684019060,8373,299,0,1,1,0,0,44,0,888,2,8,65,3201821761,2,0,0,0,889,0,220,41,0,1,1,0,54,6,2437,0,0,0,20,evil_twin,evil_twin
1684019060,8384,298,0,1,1,0,0,44,0,889,2,8,65,2524197778,2,0,0,0,890,0,219,41,0,1,1,0,54,6,2437,0,0,0,20,evil_twin,evil_twin
1684019060,8390,298,0,1,1,0,0,44,0,890,2,8,65,2085472120,2,0,0,0,891,0,219,41,0,1,1,0,54,6,2437,0,0,0,20,evil_twin,evil_twin
1684019060,8401,298,0,1,1,0,0,44,0,891,2,8,65,1967510873,2,0,0,0,892,0,219,41,0,1,1,0,54,6,2437,0,0,0,20,evil_twin,evil_twin
1684019060,8414,298,0,1,1,0,0,44,0,892,2,8,65,1536656815,2,0,0,0,893,0,219,41,0,1,1,0,54,6,2437,0,0,0,20,evil_twin,evil_twin
1684019060,8425,299,0,1,1,0,0,44,0,893,2,8,65,2438453685,2,0,0,0,894,0,220,41,0,1,1,0,54,6,2437,0,0,0,20,evil_twin,evil_twin
1684019060,8441,298,0,1,1,0,0,44,0,894,2,8,65,2446387960,2,0,0,0,895,0,219,41,0,1,1,0,54,6,2437,0,0,0,20,evil_twin,evil_twin
1684019060,8444,125,0,1,1,0,0,44,0,895,2,8,65,234611461,2,0,0,0,896,0,46,41,0,1,1,0,54,6,2437,0,0,0,20,evil_twin,evil_twin
1684019060,8456,141,1,0,0,1,0,44,0,39,2,8,66,3755587538,2,0,0,0,42,0,62,41,0,1,1,0,54,6,2437,0,0,0,20,evil_twin,evil_twin
1684019060,8477,297,0,1,1,0,0,44,0,896,2,8,65,3890789954,2,0,0,0,897,0,218,41,0,1,1,0,54,6,2437,0,0,0,20,evil_twin,evil_twin
1684019060,8495,297,0,1,1,0,0,44,0,897,2,8,65,1005968106,2,0,0,0,898,0,218,41,0,1,1,0,54,6,2437,0,0,0,20,evil_twin,evil_twin
1684019061,8517,298,0,1,1,0,0,44,0,898,2,8,65,3864534703,2,0,0,0,899,0,219,41,0,1,1,0,54,6,2437,0,0,0,20,evil_twin,evil_twin
1684019061,8529,298,0,1,1,0,0,44,0,899,2,8,65,2516678894,2,0,0,0,900,0,219,41,0,1,1,0,54,6,2437,0,0,0,20,evil_twin,evil_twin
1684019061,8545,300,0,1,1,0,0,44,0,900,2,8,65,2409023697,2,0,0,0,901,0,221,41,0,1,1,0,54,6,2437,0,0,0,20,evil_twin,evil_twin
1684019061,8547,300,0,1,1,0,0,44,0,900,2,8,73,266394701,2,0,0,0,901,0,221,41,0,1,1,0,54,6,2437,0,0,0,20,evil_twin,evil_twin
1684019061,8549,300,0,1,1,0,0,44,0,900,2,8,73,266394701,2,0,0,0,901,0,221,41,0,1,1,0,48,6,2437,0,0,0,20,evil_twin,evil_twin
1684019061,8551,300,0,1,1,0,0,44,0,900,2,8,73,266394701,2,0,0,0,901,0,221,41,0,1,1,0,48,6,2437,0,0,0,20,evil_twin,evil_twin
1684019061,8553,300,0,1,1,0,0,44,0,900,2,8,73,266394701,2,0,0,0,901,0,221,41,0,1,1,0,36,6,2437,0,0,0,20,evil_twin,evil_twin
1684019061,8555,300,0,1,1,0,0,44,0,900,2,8,73,266394701,2,0,0,0,901,0,221,41,0,1,1,0,36,6,2437,0,0,0,20,evil_twin,evil_twin
1684019061,8557,300,0,1,1,0,0,320,0,900,2,8,73,758954413,2,0,0,0,901,0,221,41,0,1,0,1,1,6,2437,0,0,0,192,evil_twin,evil_twin
1684019061,8561,300,0,1,1,0,0,320,0,900,2,8,73,758954413,2,0,0,0,901,0,221,41,0,1,0,1,1,6,2437,0,0,0,192,evil_twin,evil_twin
1684019061,8563,300,0,1,1,0,0,320,0,900,2,8,73,758954413,2,0,0,0,901,0,221,41,0,1,0,1,1,6,2437,0,0,0,192,evil_twin,evil_twin
1684019061,8573,299,0,1,1,0,0,44,0,901,2,8,65,2556134378,2,0,0,0,902,0,220,41,0,1,1,0,54,6,2437,0,0,0,20,evil_twin,evil_twin
1684019061,8586,298,0,1,1,0,0,44,0,902,2,8,65,4118648152,2,0,0,0,903,0,219,41,0,1,1,0,54,6,2437,0,0,0,20,evil_twin,evil_twin
1684019061,8599,297,0,1,1,0,0,44,0,903,2,8,65,3867474140,2,0,0,0,904,0,218,41,0,1,1,0,54,6,2437,0,0,0,20,evil_twin,evil_twin
1684019061,8610,297,0,1,1,0,0,44,0,904,2,8,65,755332877,2,0,0,0,905,0,218,41,0,1,1,0,54,6,2437,0,0,0,20,evil_twin,evil_twin
1684019061,8621,299,0,1,1,0,0,44,0,905,2,8,65,2915445084,2,0,0,0,906,0,220,41,0,1,1,0,54,6,2437,0,0,0,20,evil_twin,evil_twin
1684019061,8634,299,0,1,1,0,0,44,0,906,2,8,65,974235511,2,0,0,0,907,0,220,41,0,1,1,0,54,6,2437,0,0,0,20,evil_twin,evil_twin
1684019061,8642,298,0,1,1,0,0,44,0,907,2,8,65,1022469671,2,0,0,0,908,0,219,41,0,1,1,0,54,6,2437,0,0,0,20,evil_twin,evil_twin
1684019062,8653,297,0,1,1,0,0,44,0,908,2,8,65,4294601718,2,0,0,0,909,0,218,41,0,1,1,0,54,6,2437,0,0,0,20,evil_twin,evil_twin
1684019062,8663,299,0,1,1,0,0,44,0,909,2,8,65,1893820396,2,0,0,0,910,0,220,41,0,1,1,0,54,6,2437,0,0,0,20,evil_twin,evil_twin
1684019062,8674,299,0,1,1,0,0,44,0,910,2,8,65,4076602183,2,0,0,0,911,0,220,41,0,1,1,0,54,6,2437,0,0,0,20,evil_twin,evil_twin
1684019062,8685,298,0,1,1,0,0,44,0,911,2,8,65,1370672158,2,0,0,0,912,0,219,41,0,1,1,0,54,6,2437,0,0,0,20,evil_twin,evil_twin
1684019062,8696,296,0,1,1,0,0,44,0,912,2,8,65,1170545776,2,0,0,0,913,0,217,41,0,1,1,0,54,6,2437,0,0,0,20,evil_twin,evil_twin
1684019062,8710,299,0,1,1,0,0,44,0,913,2,8,65,423887113,2,0,0,0,914,0,220,41,0,1,1,0,54,6,2437,0,0,0,20,evil_twin,evil_twin
1684019062,8725,297,0,1,1,0,0,44,0,914,2,8,65,2930623400,2,0,0,0,915,0,218,41,0,1,1,0,54,6,2437,0,0,0,20,evil_twin,evil_twin
1684019062,8734,297,0,1,1,0,0,44,0,915,2,8,65,3521759456,2,0,0,0,916,0,218,41,0,1,1,0,54,6,2437,0,0,0,20,evil_twin,evil_twin
1684019062,8739,125,0,1,1,0,0,44,0,916,2,8,65,892405324,2,0,0,0,917,0,46,41,0,1,1,0,54,6,2437,0,0,0,20,evil_twin,evil_twin
1684019062,8747,296,0,1,1,0,0,44,0,917,2,8,65,2004275848,2,0,0,0,918,0,217,41,0,1,1,0,54,6,2437,0,0,0,20,evil_twin,evil_twin
1684019062,8758,141,1,0,0,1,0,44,0,40,2,8,66,4149257737,2,0,0,0,43,0,62,41,0,1,1,0,54,6,2437,0,0,0,20,evil_twin,evil_twin
1684019062,8766,296,0,1,1,0,0,44,0,918,2,8,65,4117384776,2,0,0,0,919,0,217,41,0,1,1,0,54,6,2437,0,0,0,20,evil_twin,evil_twin
1684019063,8780,299,0,1,1,0,0,44,0,919,2,8,65,2527288057,2,0,0,0,920,0,220,41,0,1,1,0,54,6,2437,0,0,0,20,evil_twin,evil_twin
1684019063,8791,296,0,1,1,0,0,44,0,920,2,8,65,1203980247,2,0,0,0,921,0,217,41,0,1,1,0,54,6,2437,0,0,0,20,evil_twin,evil_twin
1684019063,8804,296,0,1,1,0,0,44,0,921,2,8,65,1788021035,2,0,0,0,922,0,217,41,0,1,1,0,54,6,2437,0,0,0,20,evil_twin,evil_twin
1684019063,8814,298,0,1,1,0,0,44,0,922,2,8,65,3017211089,2,0,0,0,923,0,219,41,0,1,1,0,54,6,2437,0,0,0,20,evil_twin,evil_twin
1684019063,8824,298,0,1,1,0,0,44,0,923,2,8,65,1144068018,2,0,0,0,924,0,219,41,0,1,1,0,54,6,2437,0,0,0,20,evil_twin,evil_twin
1684019063,8835,300,0,1,1,0,0,44,0,924,2,8,65,3228555648,2,0,0,0,925,0,221,41,0,1,1,0,54,6,2437,0,0,0,20,evil_twin,evil_twin
1684019063,8848,297,0,1,1,0,0,44,0,925,2,8,65,609061724,2,0,0,0,926,0,218,41,0,1,1,0,54,6,2437,0,0,0,20,evil_twin,evil_twin
1684019063,8861,298,0,1,1,0,0,44,0,926,2,8,65,3381730276,2,0,0,0,927,0,219,41,0,1,1,0,54,6,2437,0,0,0,20,evil_twin,evil_twin
1684019063,8873,298,0,1,1,0,0,44,0,927,2,8,65,3490976028,2,0,0,0,928,0,219,41,0,1,1,0,54,6,2437,0,0,0,20,evil_twin,evil_twin
1684019064,8886,297,0,1,1,0,0,44,0,928,2,8,65,2322105994,2,0,0,0,929,0,218,41,0,1,1,0,54,6,2437,0,0,0,20,evil_twin,evil_twin
1684019064,8899,296,0,1,1,0,0,44,0,929,2,8,65,2939241318,2,0,0,0,930,0,217,41,0,1,1,0,54,6,2437,0,0,0,20,evil_twin,evil_twin
1684019064,8911,296,0,1,1,0,0,44,0,930,2,8,65,741849010,2,0,0,0,931,0,217,41,0,1,1,0,54,6,2437,0,0,0,20,evil_twin,evil_twin
1684019064,8922,298,0,1,1,0,0,44,0,931,2,8,65,4213985805,2,0,0,0,932,0,219,41,0,1,1,0,54,6,2437,0,0,0,20,evil_twin,evil_twin
1684019064,8933,297,0,1,1,0,0,44,0,932,2,8,65,2892353189,2,0,0,0,933,0,218,41,0,1,1,0,54,6,2437,0,0,0,20,evil_twin,evil_twin
1684019064,8944,298,0,1,1,0,0,44,0,933,2,8,65,1906428926,2,0,0,0,934,0,219,41,0,1,1,0,54,6,2437,0,0,0,20,evil_twin,evil_twin
1684019064,8956,295,0,1,1,0,0,44,0,934,2,8,65,2364782307,2,0,0,0,935,0,216,41,0,1,1,0,54,6,2437,0,0,0,20,evil_twin,evil_twin
1684019064,8959,295,0,1,1,0,0,44,0,934,2,8,73,1759141218,2,0,0,0,935,0,216,41,0,1,1,0,54,6,2437,0,0,0,20,evil_twin,evil_twin
1684019064,8962,295,0,1,1,0,0,44,0,934,2,8,73,1759141218,2,0,0,0,935,0,216,41,0,1,1,0,48,6,2437,0,0,0,20,evil_twin,evil_twin
1684019064,8975,298,0,1,1,0,0,44,0,935,2,8,65,2237554979,2,0,0,0,936,0,219,41,0,1,1,0,54,6,2437,0,0,0,20,evil_twin,evil_twin
1684019064,8978,298,0,1,1,0,0,44,0,935,2,8,73,2593235515,2,0,0,0,936,0,219,41,0,1,1,0,54,6,2437,0,0,0,20,evil_twin,evil_twin
1684019064,8981,298,0,1,1,0,0,44,0,935,2,8,73,2593235515,2,0,0,0,936,0,219,41,0,1,1,0,48,6,2437,0,0,0,20,evil_twin,evil_twin
1684019064,8984,298,0,1,1,0,0,44,0,935,2,8,73,2593235515,2,0,0,0,936,0,219,41,0,1,1,0,48,6,2437,0,0,0,20,evil_twin,evil_twin
1684019064,8987,298,0,1,1,0,0,44,0,935,2,8,73,2593235515,2,0,0,0,936,0,219,41,0,1,1,0,36,6,2437,0,0,0,20,evil_twin,evil_twin
1684019064,8993,298,0,1,1,0,0,44,0,935,2,8,73,2593235515,2,0,0,0,936,0,219,41,0,1,1,0,36,6,2437,0,0,0,20,evil_twin,evil_twin
1684019064,8996,298,0,1,1,0,0,320,0,935,2,8,73,1381421526,2,0,0,0,936,0,219,41,0,1,0,1,1,6,2437,0,0,0,192,evil_twin,evil_twin
1684019064,9003,297,0,1,1,0,0,44,0,936,2,8,65,445259715,2,0,0,0,937,0,218,41,0,1,1,0,54,6,2437,0,0,0,20,evil_twin,evil_twin
1684019064,9006,297,0,1,1,0,0,44,0,936,2,8,73,264923408,2,0,0,0,937,0,218,41,0,1,1,0,54,6,2437,0,0,0,20,evil_twin,evil_twin
1684019064,9017,299,0,1,1,0,0,44,0,937,2,8,65,494650662,2,0,0,0,938,0,220,41,0,1,1,0,54,6,2437,0,0,0,20,evil_twin,evil_twin
1684019064,9026,125,0,1,1,0,0,44,0,938,2,8,65,435432993,2,0,0,0,939,0,46,41,0,1,1,0,54,6,2437,0,0,0,20,evil_twin,evil_twin
1684019065,9034,297,0,1,1,0,0,44,0,939,2,8,65,1568272589,2,0,0,0,940,0,218,41,0,1,1,0,54,6,2437,0,0,0,20,evil_twin,evil_twin
1684019065,9043,141,1,0,0,1,0,44,0,41,2,8,66,3412133828,2,0,0,0,44,0,62,41,0,1,1,0,54,6,2437,0,0,0,20,evil_twin,evil_twin
1684019065,9051,298,0,1,1,0,0,44,0,940,2,8,65,4274685520,2,0,0,0,941,0,219,41,0,1,1,0,54,6,2437,0,0,0,20,evil_twin,evil_twin
1684019065,9063,297,0,1,1,0,0,44,0,941,2,8,65,822613547,2,0,0,0,942,0,218,41,0,1,1,0,54,6,2437,0,0,0,20,evil_twin,evil_twin
1684019065,9066,297,0,1,1,0,0,44,0,941,2,8,73,608723192,2,0,0,0,942,0,218,41,0,1,1,0,54,6,2437,0,0,0,20,evil_twin,evil_twin
1684019065,9069,297,0,1,1,0,0,44,0,941,2,8,73,608723192,2,0,0,0,942,0,218,41,0,1,1,0,48,6,2437,0,0,0,20,evil_twin,evil_twin
1684019065,9084,297,0,1,1,0,0,44,0,942,2,8,65,900422854,2,0,0,0,943,0,218,41,0,1,1,0,54,6,2437,0,0,0,20,evil_twin,evil_twin
1684019065,9087,297,0,1,1,0,0,44,0,942,2,8,73,552282645,2,0,0,0,943,0,218,41,0,1,1,0,54,6,2437,0,0,0,20,evil_twin,evil_twin
1684019065,9090,297,0,1,1,0,0,44,0,942,2,8,73,552282645,2,0,0,0,943,0,218,41,0,1,1,0,48,6,2437,0,0,0,20,evil_twin,evil_twin
1684019065,9093,297,0,1,1,0,0,44,0,942,2,8,73,552282645,2,0,0,0,943,0,218,41,0,1,1,0,48,6,2437,0,0,0,20,evil_twin,evil_twin
1684019065,9096,297,0,1,1,0,0,44,0,942,2,8,73,552282645,2,0,0,0,943,0,218,41,0,1,1,0,36,6,2437,0,0,0,20,evil_twin,evil_twin
1684019065,9102,297,0,1,1,0,0,44,0,942,2,8,73,552282645,2,0,0,0,943,0,218,41,0,1,1,0,36,6,2437,0,0,0,20,evil_twin,evil_twin
1684019065,9105,297,0,1,1,0,0,320,0,942,2,8,73,818497319,2,0,0,0,943,0,218,41,0,1,0,1,1,6,2437,0,0,0,192,evil_twin,evil_twin
1684019065,9113,298,0,1,1,0,0,44,0,943,2,8,65,440591432,2,0,0,0,944,0,219,41,0,1,1,0,54,6,2437,0,0,0,20,evil_twin,evil_twin
1684019065,9116,298,0,1,1,0,0,44,0,943,2,8,73,93136720,2,0,0,0,944,0,219,41,0,1,1,0,54,6,2437,0,0,0,20,evil_twin,evil_twin
1684019065,9125,298,0,1,1,0,0,44,0,944,2,8,65,1931990109,2,0,0,0,945,0,219,41,0,1,1,0,54,6,2437,0,0,0,20,evil_twin,evil_twin
1684019065,9138,298,0,1,1,0,0,44,0,945,2,8,65,2580169610,2,0,0,0,946,0,219,41,0,1,1,0,54,6,2437,0,0,0,20,evil_twin,evil_twin
1684019065,9148,298,0,1,1,0,0,44,0,946,2,8,65,3800274910,2,0,0,0,947,0,219,41,0,1,1,0,54,6,2437,0,0,0,20,evil_twin,evil_twin
1684019065,9161,298,0,1,1,0,0,44,0,947,2,8,65,3530590823,2,0,0,0,948,0,219,41,0,1,1,0,54,6,2437,0,0,0,20,evil_twin,evil_twin
1684019065,9164,298,0,1,1,0,0,44,0,947,2,8,73,3451865471,2,0,0,0,948,0,219,41,0,1,1,0,54,6,2437,0,0,0,20,evil_twin,evil_twin
1684019065,9167,298,0,1,1,0,0,44,0,947,2,8,73,3451865471,2,0,0,0,948,0,219,41,0,1,1,0,48,6,2437,0,0,0,20,evil_twin,evil_twin
1684019065,9178,298,0,1,1,0,0,44,0,948,2,8,65,4156681743,2,0,0,0,949,0,219,41,0,1,1,0,54,6,2437,0,0,0,20,evil_twin,evil_twin
1684019065,9195,298,0,1,1,0,0,44,0,949,2,8,65,1645233526,2,0,0,0,950,0,219,41,0,1,1,0,54,6,2437,0,0,0,20,evil_twin,evil_twin
1684019066,9266,299,0,1,1,0,0,44,0,950,2,8,65,385049874,2,0,0,0,951,0,220,41,0,1,1,0,54,6,2437,0,0,0,20,evil_twin,evil_twin
1684019066,9303,299,0,1,1,0,0,44,0,951,2,8,65,1831770649,2,0,0,0,952,0,220,41,0,1,1,0,54,6,2437,0,0,0,20,evil_twin,evil_twin
1684019066,9353,299,0,1,1,0,0,44,0,952,2,8,65,3819109017,2,0,0,0,953,0,220,41,0,1,1,0,54,6,2437,0,0,0,20,evil_twin,evil_twin
1684019066,9377,299,0,1,1,0,0,44,0,953,2,8,65,3719326876,2,0,0,0,954,0,220,41,0,1,1,0,48,6,2437,0,0,0,20,evil_twin,evil_twin
1684019066,9397,299,0,1,1,0,0,44,0,954,2,8,65,2141543482,2,0,0,0,955,0,220,41,0,1,1,0,48,6,2437,0,0,0,20,evil_twin,evil_twin
1684019066,9455,300,0,1,1,0,0,44,0,955,2,8,65,3381355715,2,0,0,0,956,0,221,41,0,1,1,0,48,6,2437,0,0,0,20,evil_twin,evil_twin
1684019066,9512,300,0,1,1,0,0,44,0,956,2,8,73,1044175611,2,0,0,0,957,0,221,41,0,1,1,0,48,6,2437,0,0,0,20,evil_twin,evil_twin
1684019066,9514,300,0,1,1,0,0,44,0,956,2,8,73,1044175611,2,0,0,0,957,0,221,41,0,1,1,0,36,6,2437,0,0,0,20,evil_twin,evil_twin
1684019066,9532,299,0,1,1,0,0,44,0,957,2,8,65,1078343940,2,0,0,0,958,0,220,41,0,1,1,0,48,6,2437,0,0,0,20,evil_twin,evil_twin
1684019066,9552,125,0,1,1,0,0,44,0,958,2,8,65,2517705285,2,0,0,0,959,0,46,41,0,1,1,0,48,6,2437,0,0,0,20,evil_twin,evil_twin
1684019066,9575,299,0,1,1,0,0,44,0,959,2,8,65,2609894244,2,0,0,0,960,0,220,41,0,1,1,0,48,6,2437,0,0,0,20,evil_twin,evil_twin
1684019066,9583,141,1,0,0,1,0,44,0,42,2,8,66,2433896899,2,0,0,0,45,0,62,41,0,1,1,0,54,6,2437,0,0,0,20,evil_twin,evil_twin
1684019067,9594,298,0,1,1,0,0,44,0,960,2,8,65,2664148749,2,0,0,0,961,0,219,41,0,1,1,0,48,6,2437,0,0,0,20,evil_twin,evil_twin
1684019067,9605,299,0,1,1,0,0,44,0,961,2,8,65,2847172384,2,0,0,0,962,0,220,41,0,1,1,0,48,6,2437,0,0,0,20,evil_twin,evil_twin
1684019067,9616,298,0,1,1,0,0,44,0,962,2,8,65,1908380578,2,0,0,0,963,0,219,41,0,1,1,0,48,6,2437,0,0,0,20,evil_twin,evil_twin
1684019067,9630,296,0,1,1,0,0,44,0,963,2,8,65,839512812,2,0,0,0,964,0,217,41,0,1,1,0,48,6,2437,0,0,0,20,evil_twin,evil_twin
1684019067,9641,296,0,1,1,0,0,44,0,964,2,8,65,77814939,2,0,0,0,965,0,217,41,0,1,1,0,48,6,2437,0,0,0,20,evil_twin,evil_twin
1684019067,9650,297,0,1,1,0,0,44,0,965,2,8,65,4237288596,2,0,0,0,966,0,218,41,0,1,1,0,48,6,2437,0,0,0,20,evil_twin,evil_twin
1684019067,9661,295,0,1,1,0,0,44,0,966,2,8,65,3661371181,2,0,0,0,967,0,216,41,0,1,1,0,48,6,2437,0,0,0,20,evil_twin,evil_twin
1684019067,9672,296,0,1,1,0,0,44,0,967,2,8,65,2508456474,2,0,0,0,968,0,217,41,0,1,1,0,48,6,2437,0,0,0,20,evil_twin,evil_twin
1684019067,9685,297,0,1,1,0,0,44,0,968,2,8,65,4209230739,2,0,0,0,969,0,218,41,0,1,1,0,48,6,2437,0,0,0,20,evil_twin,evil_twin
1684019067,9695,297,0,1,1,0,0,44,0,969,2,8,65,724333471,2,0,0,0,970,0,218,41,0,1,1,0,48,6,2437,0,0,0,20,evil_twin,evil_twin
1684019068,9706,295,0,1,1,0,0,44,0,970,2,8,65,2190157564,2,0,0,0,971,0,216,41,0,1,1,0,48,6,2437,0,0,0,20,evil_twin,evil_twin
1684019068,9717,297,0,1,1,0,0,44,0,971,2,8,65,490884930,2,0,0,0,972,0,218,41,0,1,1,0,48,6,2437,0,0,0,20,evil_twin,evil_twin
1684019068,9719,297,0,1,1,0,0,44,0,971,2,8,73,134363537,2,0,0,0,972,0,218,41,0,1,1,0,48,6,2437,0,0,0,20,evil_twin,evil_twin
1684019068,9721,297,0,1,1,0,0,44,0,971,2,8,73,134363537,2,0,0,0,972,0,218,41,0,1,1,0,36,6,2437,0,0,0,20,evil_twin,evil_twin
1684019068,9737,296,0,1,1,0,0,44,0,972,2,8,65,1761423075,2,0,0,0,973,0,217,41,0,1,1,0,48,6,2437,0,0,0,20,evil_twin,evil_twin
1684019068,9739,296,0,1,1,0,0,44,0,972,2,8,73,4071011518,2,0,0,0,973,0,217,41,0,1,1,0,48,6,2437,0,0,0,20,evil_twin,evil_twin
1684019068,9751,296,0,1,1,0,0,44,0,973,2,8,65,536456377,2,0,0,0,974,0,217,41,0,1,1,0,48,6,2437,0,0,0,20,evil_twin,evil_twin
1684019068,9759,296,0,1,1,0,0,44,0,974,2,8,65,1026637709,2,0,0,0,975,0,217,41,0,1,1,0,48,6,2437,0,0,0,20,evil_twin,evil_twin
1684019068,9810,295,0,1,1,0,0,44,0,975,2,8,65,1900115886,2,0,0,0,976,0,216,41,0,1,1,0,48,6,2437,0,0,0,20,evil_twin,evil_twin
1684019068,9829,296,0,1,1,0,0,44,0,976,2,8,65,4200015072,2,0,0,0,977,0,217,41,0,1,1,0,48,6,2437,0,0,0,20,evil_twin,evil_twin
1684019068,9842,296,0,1,1,0,0,44,0,977,2,8,65,3800969248,2,0,0,0,978,0,217,41,0,1,1,0,48,6,2437,0,0,0,20,evil_twin,evil_twin
1684019068,9854,297,0,1,1,0,0,44,0,978,2,8,65,3951960499,2,0,0,0,979,0,218,41,0,1,1,0,48,6,2437,0,0,0,20,evil_twin,evil_twin
1684019068,9879,296,0,1,1,0,0,44,0,979,2,8,65,1904428652,2,0,0,0,980,0,217,41,0,1,1,0,48,6,2437,0,0,0,20,evil_twin,evil_twin
1684019069,9900,125,0,1,1,0,0,44,0,980,2,8,65,4255788408,2,0,0,0,981,0,46,41,0,1,1,0,48,6,2437,0,0,0,20,evil_twin,evil_twin
1684019069,9903,141,1,0,0,1,0,44,0,43,2,8,66,3184762187,2,0,0,0,46,0,62,41,0,1,1,0,54,6,2437,0,0,0,20,evil_twin,evil_twin
1684019069,9911,295,0,1,1,0,0,44,0,981,2,8,65,1176159172,2,0,0,0,982,0,216,41,0,1,1,0,48,6,2437,0,0,0,20,evil_twin,evil_twin
1684019069,9913,295,0,1,1,0,0,44,0,981,2,8,73,2721261637,2,0,0,0,982,0,216,41,0,1,1,0,48,6,2437,0,0,0,20,evil_twin,evil_twin
1684019069,9915,295,0,1,1,0,0,44,0,981,2,8,73,2721261637,2,0,0,0,982,0,216,41,0,1,1,0,36,6,2437,0,0,0,20,evil_twin,evil_twin
1684019069,9917,295,0,1,1,0,0,44,0,981,2,8,73,2721261637,2,0,0,0,982,0,216,41,0,1,1,0,36,6,2437,0,0,0,20,evil_twin,evil_twin
1684019069,9932,294,0,1,1,0,0,44,0,982,2,8,65,1942744552,2,0,0,0,983,0,215,41,0,1,1,0,48,6,2437,0,0,0,20,evil_twin,evil_twin
1684019069,9953,296,0,1,1,0,0,44,0,983,2,8,65,2727006585,2,0,0,0,984,0,217,41,0,1,1,0,48,6,2437,0,0,0,20,evil_twin,evil_twin
1684019069,9981,294,0,1,1,0,0,44,0,984,2,8,65,2645994951,2,0,0,0,985,0,215,41,0,1,1,0,48,6,2437,0,0,0,20,evil_twin,evil_twin
1684019069,9983,294,0,1,1,0,0,44,0,984,2,8,73,3130140491,2,0,0,0,985,0,215,41,0,1,1,0,48,6,2437,0,0,0,20,evil_twin,evil_twin
1684019069,9994,295,0,1,1,0,0,44,0,985,2,8,65,4105762539,2,0,0,0,986,0,216,41,0,1,1,0,48,6,2437,0,0,0,20,evil_twin,evil_twin
1684019069,10015,294,0,1,1,0,0,44,0,986,2,8,65,1297159736,2,0,0,0,987,0,215,41,0,1,1,0,48,6,2437,0,0,0,20,evil_twin,evil_twin
1684019069,10041,296,0,1,1,0,0,44,0,987,2,8,65,3128960593,2,0,0,0,988,0,217,41,0,1,1,0,48,6,2437,0,0,0,20,evil_twin,evil_twin
1684019069,10050,295,0,1,1,0,0,44,0,988,2,8,65,3405239243,2,0,0,0,989,0,216,41,0,1,1,0,48,6,2437,0,0,0,20,evil_twin,evil_twin
1684019069,10052,295,0,1,1,0,0,44,0,988,2,8,73,786315338,2,0,0,0,989,0,216,41,0,1,1,0,48,6,2437,0,0,0,20,evil_twin,evil_twin
1684019069,10062,296,0,1,1,0,0,44,0,989,2,8,65,1675751629,2,0,0,0,990,0,217,41,0,1,1,0,54,6,2437,0,0,0,20,evil_twin,evil_twin
1684019069,10082,296,0,1,1,0,0,44,0,990,2,8,65,2337086127,2,0,0,0,991,0,217,41,0,1,1,0,54,6,2437,0,0,0,20,evil_twin,evil_twin
1684019070,10118,296,0,1,1,0,0,44,0,991,2,8,65,2575923756,2,0,0,0,992,0,217,41,0,1,1,0,54,6,2437,0,0,0,20,evil_twin,evil_twin
1684019070,10161,295,0,1,1,0,0,44,0,992,2,8,65,3624609022,2,0,0,0,993,0,216,41,0,1,1,0,54,6,2437,0,0,0,20,evil_twin,evil_twin
1684019070,10203,294,0,1,1,0,0,44,0,993,2,8,65,1644486022,2,0,0,0,994,0,215,41,0,1,1,0,54,6,2437,0,0,0,20,evil_twin,evil_twin
1684019070,10230,295,0,1,1,0,0,44,0,994,2,8,65,1524961984,2,0,0,0,995,0,216,41,0,1,1,0,54,6,2437,0,0,0,20,evil_twin,evil_twin
1684019070,10232,295,0,1,1,0,0,44,0,994,2,8,73,3201104193,2,0,0,0,995,0,216,41,0,1,1,0,54,6,2437,0,0,0,20,evil_twin,evil_twin
1684019070,10234,295,0,1,1,0,0,44,0,994,2,8,73,3201104193,2,0,0,0,995,0,216,41,0,1,1,0,48,6,2437,0,0,0,20,evil_twin,evil_twin
1684019070,10236,295,0,1,1,0,0,44,0,994,2,8,73,3201104193,2,0,0,0,995,0,216,41,0,1,1,0,48,6,2437,0,0,0,20,evil_twin,evil_twin
1684019070,10282,297,0,1,1,0,0,44,0,995,2,8,65,1552510148,2,0,0,0,996,0,218,41,0,1,1,0,54,6,2437,0,0,0,20,evil_twin,evil_twin
1684019070,10309,294,0,1,1,0,0,44,0,996,2,8,65,2465623916,2,0,0,0,997,0,215,41,0,1,1,0,54,6,2437,0,0,0,20,evil_twin,evil_twin
1684019070,10361,296,0,1,1,0,0,44,0,997,2,8,65,1404807427,2,0,0,0,998,0,217,41,0,1,1,0,54,6,2437,0,0,0,20,evil_twin,evil_twin
1684019070,10391,295,0,1,1,0,0,44,0,998,2,8,65,439835286,2,0,0,0,999,0,216,41,0,1,1,0,54,6,2437,0,0,0,20,evil_twin,evil_twin
1684019070,10420,297,0,1,1,0,0,44,0,999,2,8,65,1592249046,2,0,0,0,1000,0,218,41,0,1,1,0,54,6,2437,0,0,0,20,evil_twin,evil_twin
1684019070,10452,296,0,1,1,0,0,44,0,1000,2,8,65,3474523763,2,0,0,0,1001,0,217,41,0,1,1,0,54,6,2437,0,0,0,20,evil_twin,evil_twin
1684019071,10477,297,0,1,1,0,0,44,0,1001,2,8,65,2368667243,2,0,0,0,1002,0,218,41,0,1,1,0,54,6,2437,0,0,0,20,evil_twin,evil_twin
1684019071,10488,296,0,1,1,0,0,44,0,1002,2,8,65,3075167122,2,0,0,0,1003,0,217,41,0,1,1,0,54,6,2437,0,0,0,20,evil_twin,evil_twin
1684019071,10500,125,0,1,1,0,0,44,0,1003,2,8,65,249691336,2,0,0,0,1004,0,46,41,0,1,1,0,54,6,2437,0,0,0,20,evil_twin,evil_twin
1684019071,10505,294,0,1,1,0,0,44,0,1004,2,8,65,3190269113,2,0,0,0,1005,0,215,41,0,1,1,0,54,6,2437,0,0,0,20,evil_twin,evil_twin
1684019071,10516,141,1,0,0,1,0,44,0,44,2,8,66,94192664,2,0,0,0,47,0,62,41,0,1,1,0,54,6,2437,0,0,0,20,evil_twin,evil_twin
1684019071,10525,294,0,1,1,0,0,44,0,1005,2,8,65,1026966168,2,0,0,0,1006,0,215,41,0,1,1,0,54,6,2437,0,0,0,20,evil_twin,evil_twin
1684019071,10534,295,0,1,1,0,0,44,0,1006,2,8,65,764050462,2,0,0,0,1007,0,216,41,0,1,1,0,54,6,2437,0,0,0,20,evil_twin,evil_twin
1684019071,10553,297,0,1,1,0,0,44,0,1007,2,8,65,3044092751,2,0,0,0,1008,0,218,41,0,1,1,0,54,6,2437,0,0,0,20,evil_twin,evil_twin
1684019071,10580,297,0,1,1,0,0,44,0,1008,2,8,65,2467154356,2,0,0,0,1009,0,218,41,0,1,1,0,54,6,2437,0,0,0,20,evil_twin,evil_twin
1684019071,10595,298,0,1,1,0,0,44,0,1009,2,8,65,3271515196,2,0,0,0,1010,0,219,41,0,1,1,0,54,6,2437,0,0,0,20,evil_twin,evil_twin
1684019071,10607,298,0,1,1,0,0,44,0,1010,2,8,65,3637466036,2,0,0,0,1011,0,219,41,0,1,1,0,54,6,2437,0,0,0,20,evil_twin,evil_twin
1684019071,10622,296,0,1,1,0,0,44,0,1011,2,8,65,4099140845,2,0,0,0,1012,0,217,41,0,1,1,0,54,6,2437,0,0,0,20,evil_twin,evil_twin
1684019072,10641,295,0,1,1,0,0,44,0,1012,2,8,65,2723774886,2,0,0,0,1013,0,216,41,0,1,1,0,54,6,2437,0,0,0,20,evil_twin,evil_twin
1684019072,10660,298,0,1,1,0,0,44,0,1013,2,8,65,3802892206,2,0,0,0,1014,0,219,41,0,1,1,0,54,6,2437,0,0,0,20,evil_twin,evil_twin
1684019072,10678,297,0,1,1,0,0,44,0,1014,2,8,65,4212236201,2,0,0,0,1015,0,218,41,0,1,1,0,54,6,2437,0,0,0,20,evil_twin,evil_twin
1684019072,10708,297,0,1,1,0,0,44,0,1015,2,8,65,2489732394,2,0,0,0,1016,0,218,41,0,1,1,0,54,6,2437,0,0,0,20,evil_twin,evil_twin
1684019072,10715,296,0,1,1,0,0,44,0,1016,2,8,65,1411353871,2,0,0,0,1017,0,217,41,0,1,1,0,54,6,2437,0,0,0,20,evil_twin,evil_twin
1684019072,10727,297,0,1,1,0,0,44,0,1017,2,8,65,1538898968,2,0,0,0,1018,0,218,41,0,1,1,0,54,6,2437,0,0,0,20,evil_twin,evil_twin
1684019072,10730,297,0,1,1,0,0,44,0,1018,2,8,65,4246843630,2,0,0,0,1019,0,218,41,0,1,1,0,54,6,2437,0,0,0,20,evil_twin,evil_twin
1684019072,10744,297,0,1,1,0,0,44,0,1019,2,8,65,1178963087,2,0,0,0,1020,0,218,41,0,1,1,0,54,6,2437,0,0,0,20,evil_twin,evil_twin
1684019072,10761,295,0,1,1,0,0,44,0,1020,2,8,65,1497774832,2,0,0,0,1021,0,216,41,0,1,1,0,54,6,2437,0,0,0,20,evil_twin,evil_twin
1684019072,10773,297,0,1,1,0,0,44,0,1021,2,8,65,3858761100,2,0,0,0,1022,0,218,41,0,1,1,0,54,6,2437,0,0,0,20,evil_twin,evil_twin
1684019073,10785,125,0,1,1,0,0,44,0,1022,2,8,65,611398833,2,0,0,0,1023,0,46,41,0,1,1,0,54,6,2437,0,0,0,20,evil_twin,evil_twin
1684019073,10788,295,0,1,1,0,0,44,0,1023,2,8,65,2539930383,2,0,0,0,1024,0,216,41,0,1,1,0,54,6,2437,0,0,0,20,evil_twin,evil_twin
1684019073,10800,296,0,1,1,0,0,44,0,1024,2,8,65,1633552243,2,0,0,0,1025,0,217,41,0,1,1,0,54,6,2437,0,0,0,20,evil_twin,evil_twin
1684019073,10813,141,1,0,0,1,0,44,0,45,2,8,66,2285799861,2,0,0,0,48,0,62,41,0,1,1,0,54,6,2437,0,0,0,20,evil_twin,evil_twin
1684019073,10832,296,0,1,1,0,0,44,0,1025,2,8,65,1326141094,2,0,0,0,1026,0,217,41,0,1,1,0,54,6,2437,0,0,0,20,evil_twin,evil_twin
1684019073,10845,296,0,1,1,0,0,44,0,1026,2,8,65,3831090301,2,0,0,0,1027,0,217,41,0,1,1,0,54,6,2437,0,0,0,20,evil_twin,evil_twin
1684019073,10847,296,0,1,1,0,0,44,0,1026,2,8,73,2114082336,2,0,0,0,1027,0,217,41,0,1,1,0,54,6,2437,0,0,0,20,evil_twin,evil_twin
1684019073,10884,296,0,1,1,0,0,44,0,1027,2,8,65,1068610263,2,0,0,0,1028,0,217,41,0,1,1,0,54,6,2437,0,0,0,20,evil_twin,evil_twin
1684019073,10886,296,0,1,1,0,0,44,0,1027,2,8,73,2783586442,2,0,0,0,1028,0,217,41,0,1,1,0,54,6,2437,0,0,0,20,evil_twin,evil_twin
1684019073,10888,296,0,1,1,0,0,44,0,1027,2,8,73,2783586442,2,0,0,0,1028,0,217,41,0,1,1,0,48,6,2437,0,0,0,20,evil_twin,evil_twin
1684019073,10892,296,0,1,1,0,0,44,0,1027,2,8,73,2783586442,2,0,0,0,1028,0,217,41,0,1,1,0,48,6,2437,0,0,0,20,evil_twin,evil_twin
1684019073,10900,299,0,1,1,0,0,44,0,1028,2,8,65,24788175,2,0,0,0,1029,0,220,41,0,1,1,0,54,6,2437,0,0,0,20,evil_twin,evil_twin
1684019073,10910,298,0,1,1,0,0,44,0,1029,2,8,65,1603451364,2,0,0,0,1030,0,219,41,0,1,1,0,54,6,2437,0,0,0,20,evil_twin,evil_twin
1684019073,10921,298,0,1,1,0,0,44,0,1030,2,8,65,146880669,2,0,0,0,1031,0,219,41,0,1,1,0,54,6,2437,0,0,0,20,evil_twin,evil_twin
1684019073,10931,298,0,1,1,0,0,44,0,1031,2,8,65,3198926423,2,0,0,0,1032,0,219,41,0,1,1,0,54,6,2437,0,0,0,20,evil_twin,evil_twin
1684019073,10945,297,0,1,1,0,0,44,0,1032,2,8,65,2134658840,2,0,0,0,1033,0,218,41,0,1,1,0,54,6,2437,0,0,0,20,evil_twin,evil_twin
1684019074,10975,297,0,1,1,0,0,44,0,1033,2,8,65,777553853,2,0,0,0,1034,0,218,41,0,1,1,0,54,6,2437,0,0,0,20,evil_twin,evil_twin
1684019074,10986,297,0,1,1,0,0,44,0,1034,2,8,65,607245947,2,0,0,0,1035,0,218,41,0,1,1,0,54,6,2437,0,0,0,20,evil_twin,evil_twin
1684019074,11000,298,0,1,1,0,0,44,0,1035,2,8,65,656010969,2,0,0,0,1036,0,219,41,0,1,1,0,54,6,2437,0,0,0,20,evil_twin,evil_twin
1684019074,11020,297,0,1,1,0,0,44,0,1036,2,8,65,142776163,2,0,0,0,1037,0,218,41,0,1,1,0,54,6,2437,0,0,0,20,evil_twin,evil_twin
1684019074,11031,298,0,1,1,0,0,44,0,1037,2,8,65,2156862869,2,0,0,0,1038,0,219,41,0,1,1,0,54,6,2437,0,0,0,20,evil_twin,evil_twin
1684019074,11033,298,0,1,1,0,0,44,0,1037,2,8,73,2671828621,2,0,0,0,1038,0,219,41,0,1,1,0,54,6,2437,0,0,0,20,evil_twin,evil_twin
1684019074,11046,297,0,1,1,0,0,44,0,1038,2,8,65,4044910853,2,0,0,0,1039,0,218,41,0,1,1,0,54,6,2437,0,0,0,20,evil_twin,evil_twin
1684019074,11057,298,0,1,1,0,0,44,0,1039,2,8,65,595638597,2,0,0,0,1040,0,219,41,0,1,1,0,54,6,2437,0,0,0,20,evil_twin,evil_twin
1684019074,11068,297,0,1,1,0,0,44,0,1040,2,8,65,41288823,2,0,0,0,1041,0,218,41,0,1,1,0,54,6,2437,0,0,0,20,evil_twin,evil_twin
1684019074,11092,296,0,1,1,0,0,44,0,1042,2,8,65,553465129,2,0,0,0,1043,0,217,41,0,1,1,0,54,6,2437,0,0,0,20,evil_twin,evil_twin
1684019075,11161,297,0,1,1,0,0,44,0,1044,2,8,65,1198300785,2,0,0,0,1045,0,218,41,0,1,1,0,54,6,2437,0,0,0,20,evil_twin,evil_twin
1684019075,11181,297,0,1,1,0,0,44,0,1045,2,8,65,4157885024,2,0,0,0,1046,0,218,41,0,1,1,0,54,6,2437,0,0,0,20,evil_twin,evil_twin
1684019075,11194,297,0,1,1,0,0,44,0,1046,2,8,65,2786327142,2,0,0,0,1047,0,218,41,0,1,1,0,54,6,2437,0,0,0,20,evil_twin,evil_twin
1684019075,11207,297,0,1,1,0,0,44,0,1047,2,8,65,3808864591,2,0,0,0,1048,0,218,41,0,1,1,0,54,6,2437,0,0,0,20,evil_twin,evil_twin
1684019075,11221,293,0,1,1,0,0,44,0,1048,2,8,65,3912501155,2,0,0,0,1049,0,214,41,0,1,1,0,54,6,2437,0,0,0,20,evil_twin,evil_twin
1684019075,11233,295,0,1,1,0,0,44,0,1049,2,8,65,4278620742,2,0,0,0,1050,0,216,41,0,1,1,0,54,6,2437,0,0,0,20,evil_twin,evil_twin
1684019075,11239,125,0,1,1,0,0,44,0,1050,2,8,65,3734217712,2,0,0,0,1051,0,46,41,0,1,1,0,54,6,2437,0,0,0,20,evil_twin,evil_twin
1684019075,11250,141,1,0,0,1,0,44,0,46,2,8,66,275087606,2,0,0,0,49,0,62,41,0,1,1,0,54,6,2437,0,0,0,20,evil_twin,evil_twin
1684019075,11253,297,0,1,1,0,0,44,0,1051,2,8,65,2083275143,2,0,0,0,1052,0,218,41,0,1,1,0,54,6,2437,0,0,0,20,evil_twin,evil_twin
1684019075,11274,294,0,1,1,0,0,44,0,1052,2,8,65,3585434959,2,0,0,0,1053,0,215,41,0,1,1,0,54,6,2437,0,0,0,20,evil_twin,evil_twin
1684019075,11292,294,0,1,1,0,0,44,0,1053,2,8,65,3546274195,2,0,0,0,1054,0,215,41,0,1,1,0,54,6,2437,0,0,0,20,evil_twin,evil_twin
1684019076,11299,294,0,1,1,0,0,44,0,1054,2,8,65,3755398181,2,0,0,0,1055,0,215,41,0,1,1,0,54,6,2437,0,0,0,20,evil_twin,evil_twin
1684019076,11332,295,0,1,1,0,0,44,0,1055,2,8,65,881844644,2,0,0,0,1056,0,216,41,0,1,1,0,54,6,2437,0,0,0,20,evil_twin,evil_twin
1684019076,11371,295,0,1,1,0,0,44,0,1056,2,8,65,2714752207,2,0,0,0,1057,0,216,41,0,1,1,0,54,6,2437,0,0,0,20,evil_twin,evil_twin
1684019076,11394,295,0,1,1,0,0,44,0,1057,2,8,65,2058916140,2,0,0,0,1058,0,216,41,0,1,1,0,54,6,2437,0,0,0,20,evil_twin,evil_twin
1684019076,11409,294,0,1,1,0,0,44,0,1058,2,8,65,3093453365,2,0,0,0,1059,0,215,41,0,1,1,0,54,6,2437,0,0,0,20,evil_twin,evil_twin
1684019076,11428,295,0,1,1,0,0,44,0,1059,2,8,65,71922820,2,0,0,0,1060,0,216,41,0,1,1,0,54,6,2437,0,0,0,20,evil_twin,evil_twin
1684019076,11456,297,0,1,1,0,0,44,0,1060,2,8,65,1923946596,2,0,0,0,1061,0,218,41,0,1,1,0,54,6,2437,0,0,0,20,evil_twin,evil_twin
1684019076,11486,295,0,1,1,0,0,44,0,1061,2,8,65,1634703116,2,0,0,0,1062,0,216,41,0,1,1,0,54,6,2437,0,0,0,20,evil_twin,evil_twin
1684019076,11514,296,0,1,1,0,0,44,0,1062,2,8,65,914158861,2,0,0,0,1063,0,217,41,0,1,1,0,54,6,2437,0,0,0,20,evil_twin,evil_twin
1684019076,11542,295,0,1,1,0,0,44,0,1063,2,8,65,3330950807,2,0,0,0,1064,0,216,41,0,1,1,0,54,6,2437,0,0,0,20,evil_twin,evil_twin
1684019077,11577,296,0,1,1,0,0,44,0,1064,2,8,65,1183633069,2,0,0,0,1065,0,217,41,0,1,1,0,54,6,2437,0,0,0,20,evil_twin,evil_twin
1684019077,11616,294,0,1,1,0,0,44,0,1065,2,8,65,112856136,2,0,0,0,1066,0,215,41,0,1,1,0,54,6,2437,0,0,0,20,evil_twin,evil_twin
1684019077,11681,295,0,1,1,0,0,44,0,1066,2,8,65,783937059,2,0,0,0,1067,0,216,41,0,1,1,0,54,6,2437,0,0,0,20,evil_twin,evil_twin
1684019077,11733,296,0,1,1,0,0,44,0,1067,2,8,73,2347229007,2,0,0,0,1068,0,217,41,0,1,1,0,48,6,2437,0,0,0,20,evil_twin,evil_twin
1684019077,11783,295,0,1,1,0,0,44,0,1068,2,8,65,832381123,2,0,0,0,1069,0,216,41,0,1,1,0,54,6,2437,0,0,0,20,evil_twin,evil_twin
1684019077,11786,125,0,1,1,0,0,44,0,1069,2,8,65,2197900289,2,0,0,0,1070,0,46,41,0,1,1,0,54,6,2437,0,0,0,20,evil_twin,evil_twin
1684019077,11820,296,0,1,1,0,0,44,0,1070,2,8,65,312760305,2,0,0,0,1071,0,217,41,0,1,1,0,54,6,2437,0,0,0,20,evil_twin,evil_twin
1684019077,11829,296,0,1,1,0,0,44,0,1071,2,8,65,3154373351,2,0,0,0,1072,0,217,41,0,1,1,0,54,6,2437,0,0,0,20,evil_twin,evil_twin
1684019077,11831,296,0,1,1,0,0,44,0,1071,2,8,73,643330234,2,0,0,0,1072,0,217,41,0,1,1,0,54,6,2437,0,0,0,20,evil_twin,evil_twin
1684019077,11833,296,0,1,1,0,0,44,0,1071,2,8,73,643330234,2,0,0,0,1072,0,217,41,0,1,1,0,48,6,2437,0,0,0,20,evil_twin,evil_twin
1684019077,11835,296,0,1,1,0,0,44,0,1071,2,8,73,643330234,2,0,0,0,1072,0,217,41,0,1,1,0,48,6,2437,0,0,0,20,evil_twin,evil_twin
1684019077,11837,296,0,1,1,0,0,44,0,1071,2,8,73,643330234,2,0,0,0,1072,0,217,41,0,1,1,0,36,6,2437,0,0,0,20,evil_twin,evil_twin
1684019077,11862,296,0,1,1,0,0,44,0,1071,2,8,73,643330234,2,0,0,0,1072,0,217,41,0,1,1,0,36,6,2437,0,0,0,20,evil_twin,evil_twin
1684019077,11964,294,0,1,1,0,0,44,0,1073,2,8,73,2776949653,2,0,0,0,1074,0,215,41,0,1,1,0,36,6,2437,0,0,0,20,evil_twin,evil_twin
1684019077,11967,294,0,1,1,0,0,320,0,1073,2,8,73,164930135,2,0,0,0,1074,0,215,41,0,1,0,1,1,6,2437,0,0,0,192,evil_twin,evil_twin
1684019077,12000,294,0,1,1,0,0,44,0,1074,2,8,65,1540278631,2,0,0,0,1075,0,215,41,0,1,1,0,54,6,2437,0,0,0,20,evil_twin,evil_twin
1684019077,12003,294,0,1,1,0,0,44,0,1074,2,8,73,2095727595,2,0,0,0,1075,0,215,41,0,1,1,0,54,6,2437,0,0,0,20,evil_twin,evil_twin
1684019077,12005,294,0,1,1,0,0,44,0,1074,2,8,73,2095727595,2,0,0,0,1075,0,215,41,0,1,1,0,48,6,2437,0,0,0,20,evil_twin,evil_twin
1684019078,12033,297,0,1,1,0,0,44,0,1075,2,8,73,826980487,2,0,0,0,1076,0,218,41,0,1,1,0,54,6,2437,0,0,0,20,evil_twin,evil_twin
1684019078,12072,294,0,1,1,0,0,44,0,1076,2,8,65,3281959998,2,0,0,0,1077,0,215,41,0,1,1,0,54,6,2437,0,0,0,20,evil_twin,evil_twin
1684019078,12092,294,0,1,1,0,0,44,0,1076,2,8,73,3837408946,2,0,0,0,1077,0,215,41,0,1,1,0,54,6,2437,0,0,0,20,evil_twin,evil_twin
1684019078,12129,294,0,1,1,0,0,44,0,1077,2,8,65,1653302751,2,0,0,0,1078,0,215,41,0,1,1,0,54,6,2437,0,0,0,20,evil_twin,evil_twin
1684019078,12148,296,0,1,1,0,0,44,0,1078,2,8,65,3507052341,2,0,0,0,1079,0,217,41,0,1,1,0,48,6,2437,0,0,0,20,evil_twin,evil_twin
1684019078,12156,296,0,1,1,0,0,44,0,1079,2,8,65,1701236357,2,0,0,0,1080,0,217,41,0,1,1,0,48,6,2437,0,0,0,20,evil_twin,evil_twin
1684019078,12220,295,0,1,1,0,0,44,0,1080,2,8,65,1757826575,2,0,0,0,1081,0,216,41,0,1,1,0,48,6,2437,0,0,0,20,evil_twin,evil_twin
1684019078,12287,296,0,1,1,0,0,44,0,1081,2,8,65,2299453548,2,0,0,0,1082,0,217,41,0,1,1,0,48,6,2437,0,0,0,20,evil_twin,evil_twin
1684019078,12307,296,0,1,1,0,0,44,0,1082,2,8,65,1791645656,2,0,0,0,1083,0,217,41,0,1,1,0,48,6,2437,0,0,0,20,evil_twin,evil_twin
1684019078,12318,296,0,1,1,0,0,44,0,1083,2,8,65,2045590328,2,0,0,0,1084,0,217,41,0,1,1,0,48,6,2437,0,0,0,20,evil_twin,evil_twin
1684019079,12357,293,0,1,1,0,0,44,0,1084,2,8,65,3942060174,2,0,0,0,1085,0,214,41,0,1,1,0,48,6,2437,0,0,0,20,evil_twin,evil_twin
1684019079,12389,296,0,1,1,0,0,44,0,1085,2,8,65,708045692,2,0,0,0,1086,0,217,41,0,1,1,0,48,6,2437,0,0,0,20,evil_twin,evil_twin
1684019079,12392,296,0,1,1,0,0,44,0,1085,2,8,73,2959634721,2,0,0,0,1086,0,217,41,0,1,1,0,48,6,2437,0,0,0,20,evil_twin,evil_twin
1684019079,12447,297,0,1,1,0,0,44,0,1086,2,8,65,841768983,2,0,0,0,1087,0,218,41,0,1,1,0,48,6,2437,0,0,0,20,evil_twin,evil_twin
1684019079,12468,295,0,1,1,0,0,44,0,1087,2,8,65,438931092,2,0,0,0,1088,0,216,41,0,1,1,0,48,6,2437,0,0,0,20,evil_twin,evil_twin
1684019079,12473,294,0,1,1,0,0,44,0,1088,2,8,65,1168710436,2,0,0,0,1089,0,215,41,0,1,1,0,48,6,2437,0,0,0,20,evil_twin,evil_twin
1684019079,12484,296,0,1,1,0,0,44,0,1089,2,8,65,2769093254,2,0,0,0,1090,0,217,41,0,1,1,0,48,6,2437,0,0,0,20,evil_twin,evil_twin
1684019079,12525,294,0,1,1,0,0,44,0,1090,2,8,65,425266024,2,0,0,0,1091,0,215,41,0,1,1,0,48,6,2437,0,0,0,20,evil_twin,evil_twin
1684019079,12562,294,0,1,1,0,0,44,0,1091,2,8,65,1255523475,2,0,0,0,1092,0,215,41,0,1,1,0,48,6,2437,0,0,0,20,evil_twin,evil_twin
1684019079,12610,296,0,1,1,0,0,44,0,1092,2,8,65,2461606136,2,0,0,0,1093,0,217,41,0,1,1,0,48,6,2437,0,0,0,20,evil_twin,evil_twin
1684019079,12639,295,0,1,1,0,0,44,0,1093,2,8,65,2784775509,2,0,0,0,1094,0,216,41,0,1,1,0,48,6,2437,0,0,0,20,evil_twin,evil_twin
1684019079,12669,295,0,1,1,0,0,44,0,1094,2,8,65,1272767915,2,0,0,0,1095,0,216,41,0,1,1,0,48,6,2437,0,0,0,20,evil_twin,evil_twin
1684019080,12713,297,0,1,1,0,0,44,0,1095,2,8,65,3209091183,2,0,0,0,1096,0,218,41,0,1,1,0,48,6,2437,0,0,0,20,evil_twin,evil_twin
1684019080,12735,296,0,1,1,0,0,44,0,1096,2,8,65,1721297893,2,0,0,0,1097,0,217,41,0,1,1,0,48,6,2437,0,0,0,20,evil_twin,evil_twin
1684019080,12762,295,0,1,1,0,0,44,0,1097,2,8,65,1877575059,2,0,0,0,1098,0,216,41,0,1,1,0,48,6,2437,0,0,0,20,evil_twin,evil_twin
1684019080,12770,295,0,1,1,0,0,44,0,1098,2,8,65,2157701044,2,0,0,0,1099,0,216,41,0,1,1,0,48,6,2437,0,0,0,20,evil_twin,evil_twin
1684019080,12784,294,0,1,1,0,0,44,0,1099,2,8,65,1841818467,2,0,0,0,1100,0,215,41,0,1,1,0,48,6,2437,0,0,0,20,evil_twin,evil_twin
1684019080,12816,294,0,1,1,0,0,44,0,1100,2,8,65,3609321048,2,0,0,0,1101,0,215,41,0,1,1,0,48,6,2437,0,0,0,20,evil_twin,evil_twin
1684019080,12863,295,0,1,1,0,0,44,0,1101,2,8,65,3458627277,2,0,0,0,1102,0,216,41,0,1,1,0,48,6,2437,0,0,0,20,evil_twin,evil_twin
1684019080,12900,295,0,1,1,0,0,44,0,1102,2,8,65,3660035932,2,0,0,0,1103,0,216,41,0,1,1,0,48,6,2437,0,0,0,20,evil_twin,evil_twin
1684019080,12919,295,0,1,1,0,0,44,0,1103,2,8,65,2025837260,2,0,0,0,1104,0,216,41,0,1,1,0,48,6,2437,0,0,0,20,evil_twin,evil_twin
1684019080,12936,294,0,1,1,0,0,44,0,1104,2,8,65,761764666,2,0,0,0,1105,0,215,41,0,1,1,0,48,6,2437,0,0,0,20,evil_twin,evil_twin
1684019081,12979,295,0,1,1,0,0,44,0,1105,2,8,65,3653673961,2,0,0,0,1106,0,216,41,0,1,1,0,48,6,2437,0,0,0,20,evil_twin,evil_twin
1684019081,13028,296,0,1,1,0,0,44,0,1106,2,8,65,2453730445,2,0,0,0,1107,0,217,41,0,1,1,0,48,6,2437,0,0,0,20,evil_twin,evil_twin
1684019081,13048,296,0,1,1,0,0,44,0,1107,2,8,65,1609355647,2,0,0,0,1108,0,217,41,0,1,1,0,48,6,2437,0,0,0,20,evil_twin,evil_twin
1684019081,13070,296,0,1,1,0,0,44,0,1108,2,8,65,2470163515,2,0,0,0,1109,0,217,41,0,1,1,0,48,6,2437,0,0,0,20,evil_twin,evil_twin
1684019081,13155,298,0,1,1,0,0,44,0,1110,2,8,65,2160479753,2,0,0,0,1111,0,219,41,0,1,1,0,48,6,2437,0,0,0,20,evil_twin,evil_twin
1684019081,13162,297,0,1,1,0,0,44,0,1111,2,8,65,3531623824,2,0,0,0,1112,0,218,41,0,1,1,0,48,6,2437,0,0,0,20,evil_twin,evil_twin
1684019081,13170,296,0,1,1,0,0,44,0,1112,2,8,65,14174476,2,0,0,0,1113,0,217,41,0,1,1,0,48,6,2437,0,0,0,20,evil_twin,evil_twin
1684019081,13180,296,0,1,1,0,0,44,0,1113,2,8,65,3220138847,2,0,0,0,1114,0,217,41,0,1,1,0,48,6,2437,0,0,0,20,evil_twin,evil_twin
1684019082,13189,298,0,1,1,0,0,44,0,1114,2,8,65,2781616078,2,0,0,0,1115,0,219,41,0,1,1,0,48,6,2437,0,0,0,20,evil_twin,evil_twin
1684019082,13198,297,0,1,1,0,0,44,0,1115,2,8,65,1877299830,2,0,0,0,1116,0,218,41,0,1,1,0,48,6,2437,0,0,0,20,evil_twin,evil_twin
1684019082,13206,298,0,1,1,0,0,44,0,1116,2,8,65,629102534,2,0,0,0,1117,0,219,41,0,1,1,0,48,6,2437,0,0,0,20,evil_twin,evil_twin
1684019082,13231,297,0,1,1,0,0,44,0,1117,2,8,65,2463221819,2,0,0,0,1118,0,218,41,0,1,1,0,54,6,2437,0,0,0,20,evil_twin,evil_twin
1684019082,13243,297,0,1,1,0,0,44,0,1118,2,8,65,3225025870,2,0,0,0,1119,0,218,41,0,1,1,0,54,6,2437,0,0,0,20,evil_twin,evil_twin
1684019082,13251,297,0,1,1,0,0,44,0,1119,2,8,65,2105364695,2,0,0,0,1120,0,218,41,0,1,1,0,54,6,2437,0,0,0,20,evil_twin,evil_twin
1684019082,13259,297,0,1,1,0,0,44,0,1120,2,8,65,263805134,2,0,0,0,1121,0,218,41,0,1,1,0,54,6,2437,0,0,0,20,evil_twin,evil_twin
1684019082,13261,297,0,1,1,0,0,44,0,1120,2,8,73,452537885,2,0,0,0,1121,0,218,41,0,1,1,0,54,6,2437,0,0,0,20,evil_twin,evil_twin
1684019082,13270,297,0,1,1,0,0,44,0,1121,2,8,65,2237958338,2,0,0,0,1122,0,218,41,0,1,1,0,54,6,2437,0,0,0,20,evil_twin,evil_twin
1684019082,13278,298,0,1,1,0,0,44,0,1122,2,8,65,2468307880,2,0,0,0,1123,0,219,41,0,1,1,0,54,6,2437,0,0,0,20,evil_twin,evil_twin
1684019082,13287,297,0,1,1,0,0,44,0,1123,2,8,65,1425257578,2,0,0,0,1124,0,218,41,0,1,1,0,54,6,2437,0,0,0,20,evil_twin,evil_twin
1684019083,13298,297,0,1,1,0,0,44,0,1124,2,8,65,276203678,2,0,0,0,1125,0,218,41,0,1,1,0,54,6,2437,0,0,0,20,evil_twin,evil_twin
1684019083,13300,297,0,1,1,0,0,44,0,1124,2,8,73,87490125,2,0,0,0,1125,0,218,41,0,1,1,0,54,6,2437,0,0,0,20,evil_twin,evil_twin
1684019083,13308,296,0,1,1,0,0,44,0,1125,2,8,65,3116515218,2,0,0,0,1126,0,217,41,0,1,1,0,54,6,2437,0,0,0,20,evil_twin,evil_twin
1684019083,13314,296,0,1,1,0,0,44,0,1126,2,8,65,4242578208,2,0,0,0,1127,0,217,41,0,1,1,0,54,6,2437,0,0,0,20,evil_twin,evil_twin
1684019083,13323,297,0,1,1,0,0,44,0,1127,2,8,65,1935160174,2,0,0,0,1128,0,218,41,0,1,1,0,54,6,2437,0,0,0,20,evil_twin,evil_twin
1684019083,13325,297,0,1,1,0,0,44,0,1127,2,8,73,1712866749,2,0,0,0,1128,0,218,41,0,1,1,0,54,6,2437,0,0,0,20,evil_twin,evil_twin
1684019083,13335,296,0,1,1,0,0,44,0,1128,2,8,65,3280501254,2,0,0,0,1129,0,217,41,0,1,1,0,54,6,2437,0,0,0,20,evil_twin,evil_twin
1684019083,13356,296,0,1,1,0,0,44,0,1129,2,8,65,69766923,2,0,0,0,1130,0,217,41,0,1,1,0,54,6,2437,0,0,0,20,evil_twin,evil_twin
1684019083,13366,297,0,1,1,0,0,44,0,1130,2,8,65,1665213063,2,0,0,0,1131,0,218,41,0,1,1,0,54,6,2437,0,0,0,20,evil_twin,evil_twin
1684019083,13368,297,0,1,1,0,0,44,0,1130,2,8,73,1979798612,2,0,0,0,1131,0,218,41,0,1,1,0,54,6,2437,0,0,0,20,evil_twin,evil_twin
1684019083,13379,294,0,1,1,0,0,44,0,1131,2,8,65,1177377035,2,0,0,0,1132,0,215,41,0,1,1,0,54,6,2437,0,0,0,20,evil_twin,evil_twin
1684019083,13381,294,0,1,1,0,0,44,0,1131,2,8,73,1628033927,2,0,0,0,1132,0,215,41,0,1,1,0,54,6,2437,0,0,0,20,evil_twin,evil_twin
1684019083,13383,294,0,1,1,0,0,44,0,1131,2,8,73,1628033927,2,0,0,0,1132,0,215,41,0,1,1,0,48,6,2437,0,0,0,20,evil_twin,evil_twin
1684019083,13385,294,0,1,1,0,0,44,0,1131,2,8,73,1628033927,2,0,0,0,1132,0,215,41,0,1,1,0,48,6,2437,0,0,0,20,evil_twin,evil_twin
1684019083,13387,294,0,1,1,0,0,44,0,1131,2,8,73,1628033927,2,0,0,0,1132,0,215,41,0,1,1,0,36,6,2437,0,0,0,20,evil_twin,evil_twin
1684019083,13389,294,0,1,1,0,0,44,0,1131,2,8,73,1628033927,2,0,0,0,1132,0,215,41,0,1,1,0,36,6,2437,0,0,0,20,evil_twin,evil_twin
1684019083,13392,294,0,1,1,0,0,320,0,1131,2,8,73,3445199429,2,0,0,0,1132,0,215,41,0,1,0,1,1,6,2437,0,0,0,192,evil_twin,evil_twin
1684019083,13400,296,0,1,1,0,0,44,0,1132,2,8,65,883865652,2,0,0,0,1133,0,217,41,0,1,1,0,48,6,2437,0,0,0,20,evil_twin,evil_twin
1684019083,13402,296,0,1,1,0,0,44,0,1132,2,8,73,2935300713,2,0,0,0,1133,0,217,41,0,1,1,0,48,6,2437,0,0,0,20,evil_twin,evil_twin
1684019083,13404,296,0,1,1,0,0,44,0,1132,2,8,73,2935300713,2,0,0,0,1133,0,217,41,0,1,1,0,36,6,2437,0,0,0,20,evil_twin,evil_twin
1684019083,13406,296,0,1,1,0,0,44,0,1132,2,8,73,2935300713,2,0,0,0,1133,0,217,41,0,1,1,0,36,6,2437,0,0,0,20,evil_twin,evil_twin
1684019083,13408,296,0,1,1,0,0,44,0,1132,2,8,73,2935300713,2,0,0,0,1133,0,217,41,0,1,1,0,24,6,2437,0,0,0,20,evil_twin,evil_twin
1684019083,13414,296,0,1,1,0,0,44,0,1132,2,8,73,2935300713,2,0,0,0,1133,0,217,41,0,1,1,0,24,6,2437,0,0,0,20,evil_twin,evil_twin
1684019083,13441,296,0,1,1,0,0,320,0,1132,2,8,73,1457670899,2,0,0,0,1133,0,217,41,0,1,0,1,1,6,2437,0,0,0,192,evil_twin,evil_twin
1684019083,13453,296,0,1,1,0,0,44,0,1133,2,8,65,3144725974,2,0,0,0,1134,0,217,41,0,1,1,0,48,6,2437,0,0,0,20,evil_twin,evil_twin
1684019084,13463,296,0,1,1,0,0,44,0,1134,2,8,65,1608295896,2,0,0,0,1135,0,217,41,0,1,1,0,48,6,2437,0,0,0,20,evil_twin,evil_twin
1684019084,13469,296,0,1,1,0,0,44,0,1135,2,8,65,4157317402,2,0,0,0,1136,0,217,41,0,1,1,0,48,6,2437,0,0,0,20,evil_twin,evil_twin
1684019084,13477,296,0,1,1,0,0,44,0,1136,2,8,65,3037057484,2,0,0,0,1137,0,217,41,0,1,1,0,48,6,2437,0,0,0,20,evil_twin,evil_twin
1684019084,13483,295,0,1,1,0,0,44,0,1137,2,8,65,2844606945,2,0,0,0,1138,0,216,41,0,1,1,0,48,6,2437,0,0,0,20,evil_twin,evil_twin
1684019084,13498,296,0,1,1,0,0,44,0,1138,2,8,65,3521485125,2,0,0,0,1139,0,217,41,0,1,1,0,48,6,2437,0,0,0,20,evil_twin,evil_twin
1684019084,13507,295,0,1,1,0,0,44,0,1139,2,8,65,1812885932,2,0,0,0,1140,0,216,41,0,1,1,0,48,6,2437,0,0,0,20,evil_twin,evil_twin
1684019084,13518,296,0,1,1,0,0,44,0,1140,2,8,65,803236387,2,0,0,0,1141,0,217,41,0,1,1,0,48,6,2437,0,0,0,20,evil_twin,evil_twin
1684019084,13528,296,0,1,1,0,0,44,0,1141,2,8,65,2604975877,2,0,0,0,1142,0,217,41,0,1,1,0,48,6,2437,0,0,0,20,evil_twin,evil_twin
1684019084,13536,295,0,1,1,0,0,44,0,1142,2,8,65,3743780023,2,0,0,0,1143,0,216,41,0,1,1,0,48,6,2437,0,0,0,20,evil_twin,evil_twin
1684019084,13544,295,0,1,1,0,0,44,0,1143,2,8,65,834516828,2,0,0,0,1144,0,216,41,0,1,1,0,48,6,2437,0,0,0,20,evil_twin,evil_twin
1684019085,13551,297,0,1,1,0,0,44,0,1144,2,8,65,2091089348,2,0,0,0,1145,0,218,41,0,1,1,0,48,6,2437,0,0,0,20,evil_twin,evil_twin
1684019085,13577,296,0,1,1,0,0,44,0,1145,2,8,65,1591650252,2,0,0,0,1146,0,217,41,0,1,1,0,48,6,2437,0,0,0,20,evil_twin,evil_twin
1684019085,13586,297,0,1,1,0,0,44,0,1146,2,8,65,4099893528,2,0,0,0,1147,0,218,41,0,1,1,0,48,6,2437,0,0,0,20,evil_twin,evil_twin
1684019085,13595,296,0,1,1,0,0,44,0,1147,2,8,65,3727134115,2,0,0,0,1148,0,217,41,0,1,1,0,48,6,2437,0,0,0,20,evil_twin,evil_twin
1684019085,13605,295,0,1,1,0,0,44,0,1148,2,8,65,1666938828,2,0,0,0,1149,0,216,41,0,1,1,0,48,6,2437,0,0,0,20,evil_twin,evil_twin
1684019085,13611,295,0,1,1,0,0,44,0,1149,2,8,65,2887173838,2,0,0,0,1150,0,216,41,0,1,1,0,48,6,2437,0,0,0,20,evil_twin,evil_twin
1684019085,13639,296,0,1,1,0,0,44,0,1150,2,8,65,868080622,2,0,0,0,1151,0,217,41,0,1,1,0,48,6,2437,0,0,0,20,evil_twin,evil_twin
1684019085,13658,296,0,1,1,0,0,44,0,1151,2,8,65,4236981298,2,0,0,0,1152,0,217,41,0,1,1,0,54,6,2437,0,0,0,20,evil_twin,evil_twin
1684019085,13664,141,1,0,0,1,0,44,0,47,2,8,66,808388325,2,0,0,0,50,0,62,41,0,1,1,0,54,6,2437,0,0,0,20,evil_twin,evil_twin
1684019085,13678,296,0,1,1,0,0,44,0,1152,2,8,65,14321377,2,0,0,0,1153,0,217,41,0,1,1,0,54,6,2437,0,0,0,20,evil_twin,evil_twin
1684019085,13687,296,0,1,1,0,0,44,0,1153,2,8,65,2736914950,2,0,0,0,1154,0,217,41,0,1,1,0,54,6,2437,0,0,0,20,evil_twin,evil_twin
1684019086,13696,296,0,1,1,0,0,44,0,1154,2,8,65,2490125311,2,0,0,0,1155,0,217,41,0,1,1,0,54,6,2437,0,0,0,20,evil_twin,evil_twin
1684019086,13705,294,0,1,1,0,0,44,0,1155,2,8,65,3105576895,2,0,0,0,1156,0,215,41,0,1,1,0,54,6,2437,0,0,0,20,evil_twin,evil_twin
1684019086,13707,294,0,1,1,0,0,44,0,1155,2,8,73,2654985523,2,0,0,0,1156,0,215,41,0,1,1,0,54,6,2437,0,0,0,20,evil_twin,evil_twin
1684019086,13719,294,0,1,1,0,0,44,0,1156,2,8,65,479131527,2,0,0,0,1157,0,215,41,0,1,1,0,54,6,2437,0,0,0,20,evil_twin,evil_twin
1684019086,13727,294,0,1,1,0,0,44,0,1157,2,8,65,620389299,2,0,0,0,1158,0,215,41,0,1,1,0,54,6,2437,0,0,0,20,evil_twin,evil_twin
1684019086,13729,294,0,1,1,0,0,44,0,1157,2,8,73,64940351,2,0,0,0,1158,0,215,41,0,1,1,0,54,6,2437,0,0,0,20,evil_twin,evil_twin
1684019086,13731,294,0,1,1,0,0,44,0,1157,2,8,73,64940351,2,0,0,0,1158,0,215,41,0,1,1,0,48,6,2437,0,0,0,20,evil_twin,evil_twin
1684019086,13733,294,0,1,1,0,0,44,0,1157,2,8,73,64940351,2,0,0,0,1158,0,215,41,0,1,1,0,48,6,2437,0,0,0,20,evil_twin,evil_twin
1684019086,13735,294,0,1,1,0,0,44,0,1157,2,8,73,64940351,2,0,0,0,1158,0,215,41,0,1,1,0,36,6,2437,0,0,0,20,evil_twin,evil_twin
1684019086,13742,296,0,1,1,0,0,44,0,1158,2,8,65,592229641,2,0,0,0,1159,0,217,41,0,1,1,0,54,6,2437,0,0,0,20,evil_twin,evil_twin
1684019086,13751,295,0,1,1,0,0,44,0,1159,2,8,65,1833597458,2,0,0,0,1160,0,216,41,0,1,1,0,54,6,2437,0,0,0,20,evil_twin,evil_twin
1684019086,13758,296,0,1,1,0,0,44,0,1160,2,8,65,327803436,2,0,0,0,1161,0,217,41,0,1,1,0,54,6,2437,0,0,0,20,evil_twin,evil_twin
1684019086,13768,295,0,1,1,0,0,44,0,1161,2,8,65,1064776060,2,0,0,0,1162,0,216,41,0,1,1,0,54,6,2437,0,0,0,20,evil_twin,evil_twin
1684019086,13776,296,0,1,1,0,0,44,0,1162,2,8,65,159473688,2,0,0,0,1163,0,217,41,0,1,1,0,54,6,2437,0,0,0,20,evil_twin,evil_twin
1684019086,13778,296,0,1,1,0,0,44,0,1162,2,8,73,2480601669,2,0,0,0,1163,0,217,41,0,1,1,0,54,6,2437,0,0,0,20,evil_twin,evil_twin
1684019086,13794,297,0,1,1,0,0,44,0,1163,2,8,65,526527288,2,0,0,0,1164,0,218,41,0,1,1,0,54,6,2437,0,0,0,20,evil_twin,evil_twin
1684019087,13812,295,0,1,1,0,0,44,0,1164,2,8,65,1198081516,2,0,0,0,1165,0,216,41,0,1,1,0,54,6,2437,0,0,0,20,evil_twin,evil_twin
1684019087,13828,294,0,1,1,0,0,44,0,1165,2,8,65,2299925546,2,0,0,0,1166,0,215,41,0,1,1,0,54,6,2437,0,0,0,20,evil_twin,evil_twin
1684019087,13839,296,0,1,1,0,0,44,0,1166,2,8,65,930782065,2,0,0,0,1167,0,217,41,0,1,1,0,54,6,2437,0,0,0,20,evil_twin,evil_twin
1684019087,13841,296,0,1,1,0,0,44,0,1166,2,8,73,2904621356,2,0,0,0,1167,0,217,41,0,1,1,0,54,6,2437,0,0,0,20,evil_twin,evil_twin
1684019087,13843,296,0,1,1,0,0,44,0,1166,2,8,73,2904621356,2,0,0,0,1167,0,217,41,0,1,1,0,48,6,2437,0,0,0,20,evil_twin,evil_twin
1684019087,13845,296,0,1,1,0,0,44,0,1166,2,8,73,2904621356,2,0,0,0,1167,0,217,41,0,1,1,0,48,6,2437,0,0,0,20,evil_twin,evil_twin
1684019087,13859,296,0,1,1,0,0,44,0,1167,2,8,65,4147339126,2,0,0,0,1168,0,217,41,0,1,1,0,48,6,2437,0,0,0,20,evil_twin,evil_twin
1684019087,13861,296,0,1,1,0,0,44,0,1167,2,8,73,1835582763,2,0,0,0,1168,0,217,41,0,1,1,0,48,6,2437,0,0,0,20,evil_twin,evil_twin
1684019087,13863,296,0,1,1,0,0,44,0,1167,2,8,73,1835582763,2,0,0,0,1168,0,217,41,0,1,1,0,36,6,2437,0,0,0,20,evil_twin,evil_twin
1684019087,13873,296,0,1,1,0,0,44,0,1168,2,8,65,136962255,2,0,0,0,1169,0,217,41,0,1,1,0,48,6,2437,0,0,0,20,evil_twin,evil_twin
1684019087,13884,294,0,1,1,0,0,44,0,1169,2,8,65,983074651,2,0,0,0,1170,0,215,41,0,1,1,0,48,6,2437,0,0,0,20,evil_twin,evil_twin
1684019087,13895,294,0,1,1,0,0,44,0,1170,2,8,65,2668383767,2,0,0,0,1171,0,215,41,0,1,1,0,48,6,2437,0,0,0,20,evil_twin,evil_twin
1684019087,13913,297,0,1,1,0,0,44,0,1171,2,8,65,3834171009,2,0,0,0,1172,0,218,41,0,1,1,0,48,6,2437,0,0,0,20,evil_twin,evil_twin
1684019087,13926,297,0,1,1,0,0,44,0,1172,2,8,65,2505906426,2,0,0,0,1173,0,218,41,0,1,1,0,48,6,2437,0,0,0,20,evil_twin,evil_twin
1684019087,13951,296,0,1,1,0,0,44,0,1173,2,8,65,2069895939,2,0,0,0,1174,0,217,41,0,1,1,0,48,6,2437,0,0,0,20,evil_twin,evil_twin
1684019087,13954,125,0,1,1,0,0,44,0,1174,2,8,65,520648412,2,0,0,0,1175,0,46,41,0,1,1,0,48,6,2437,0,0,0,20,evil_twin,evil_twin
1684019088,13991,297,0,1,1,0,0,44,0,1175,2,8,65,1340390441,2,0,0,0,1176,0,218,41,0,1,1,0,48,6,2437,0,0,0,20,evil_twin,evil_twin
1684019088,14012,295,0,1,1,0,0,44,0,1176,2,8,65,235019338,2,0,0,0,1177,0,216,41,0,1,1,0,48,6,2437,0,0,0,20,evil_twin,evil_twin
1684019088,14044,295,0,1,1,0,0,44,0,1177,2,8,65,3662189277,2,0,0,0,1178,0,216,41,0,1,1,0,48,6,2437,0,0,0,20,evil_twin,evil_twin
1684019088,14058,296,0,1,1,0,0,44,0,1178,2,8,65,111997679,2,0,0,0,1179,0,217,41,0,1,1,0,48,6,2437,0,0,0,20,evil_twin,evil_twin
1684019088,14069,297,0,1,1,0,0,44,0,1179,2,8,65,2162382633,2,0,0,0,1180,0,218,41,0,1,1,0,48,6,2437,0,0,0,20,evil_twin,evil_twin
1684019088,14091,296,0,1,1,0,0,44,0,1180,2,8,65,2810487907,2,0,0,0,1181,0,217,41,0,1,1,0,48,6,2437,0,0,0,20,evil_twin,evil_twin
1684019088,14103,296,0,1,1,0,0,44,0,1181,2,8,65,91937617,2,0,0,0,1182,0,217,41,0,1,1,0,48,6,2437,0,0,0,20,evil_twin,evil_twin
1684019088,14137,295,0,1,1,0,0,44,0,1182,2,8,65,3808322968,2,0,0,0,1183,0,216,41,0,1,1,0,48,6,2437,0,0,0,20,evil_twin,evil_twin
1684019088,14166,296,0,1,1,0,0,44,0,1183,2,8,65,2493594215,2,0,0,0,1184,0,217,41,0,1,1,0,48,6,2437,0,0,0,20,evil_twin,evil_twin
1684019088,14198,297,0,1,1,0,0,44,0,1184,2,8,65,622615183,2,0,0,0,1185,0,218,41,0,1,1,0,48,6,2437,0,0,0,20,evil_twin,evil_twin
1684019089,14218,296,0,1,1,0,0,44,0,1185,2,8,65,339967200,2,0,0,0,1186,0,217,41,0,1,1,0,48,6,2437,0,0,0,20,evil_twin,evil_twin
1684019089,14233,297,0,1,1,0,0,44,0,1186,2,8,65,1120992720,2,0,0,0,1187,0,218,41,0,1,1,0,54,6,2437,0,0,0,20,evil_twin,evil_twin
1684019089,14249,294,0,1,1,0,0,44,0,1187,2,8,65,1711229497,2,0,0,0,1188,0,215,41,0,1,1,0,54,6,2437,0,0,0,20,evil_twin,evil_twin
1684019089,14260,297,0,1,1,0,0,44,0,1188,2,8,65,3582807080,2,0,0,0,1189,0,218,41,0,1,1,0,54,6,2437,0,0,0,20,evil_twin,evil_twin
1684019089,14272,297,0,1,1,0,0,44,0,1189,2,8,65,3171625275,2,0,0,0,1190,0,218,41,0,1,1,0,54,6,2437,0,0,0,20,evil_twin,evil_twin
1684019089,14277,295,0,1,1,0,0,44,0,1190,2,8,65,1065446628,2,0,0,0,1191,0,216,41,0,1,1,0,54,6,2437,0,0,0,20,evil_twin,evil_twin
1684019089,14290,298,0,1,1,0,0,44,0,1191,2,8,65,904471806,2,0,0,0,1192,0,219,41,0,1,1,0,54,6,2437,0,0,0,20,evil_twin,evil_twin
1684019089,14301,296,0,1,1,0,0,44,0,1192,2,8,65,1686264328,2,0,0,0,1193,0,217,41,0,1,1,0,54,6,2437,0,0,0,20,evil_twin,evil_twin
1684019089,14312,295,0,1,1,0,0,44,0,1193,2,8,65,2874076247,2,0,0,0,1194,0,216,41,0,1,1,0,54,6,2437,0,0,0,20,evil_twin,evil_twin
1684019089,14345,295,0,1,1,0,0,44,0,1194,2,8,65,1440421072,2,0,0,0,1195,0,216,41,0,1,1,0,54,6,2437,0,0,0,20,evil_twin,evil_twin
1684019090,14356,295,0,1,1,0,0,44,0,1195,2,8,65,710380137,2,0,0,0,1196,0,216,41,0,1,1,0,54,6,2437,0,0,0,20,evil_twin,evil_twin
1684019090,14359,295,0,1,1,0,0,44,0,1195,2,8,73,3464389096,2,0,0,0,1196,0,216,41,0,1,1,0,54,6,2437,0,0,0,20,evil_twin,evil_twin
1684019090,14379,295,0,1,1,0,0,44,0,1196,2,8,65,2896152938,2,0,0,0,1197,0,216,41,0,1,1,0,54,6,2437,0,0,0,20,evil_twin,evil_twin
1684019090,14393,295,0,1,1,0,0,44,0,1197,2,8,65,579446698,2,0,0,0,1198,0,216,41,0,1,1,0,54,6,2437,0,0,0,20,evil_twin,evil_twin
1684019090,14402,297,0,1,1,0,0,44,0,1198,2,8,65,3705256718,2,0,0,0,1199,0,218,41,0,1,1,0,54,6,2437,0,0,0,20,evil_twin,evil_twin
1684019090,14411,141,1,0,0,1,0,44,0,48,2,8,66,3541314375,2,0,0,0,51,0,62,41,0,1,1,0,54,6,2437,0,0,0,20,evil_twin,evil_twin
1684019090,14417,141,0,1,1,0,0,44,0,1199,2,8,65,678769930,2,0,0,0,1200,0,62,41,0,1,1,0,54,6,2437,0,0,0,20,evil_twin,evil_twin
1684019090,14422,296,0,1,1,0,0,44,0,1200,2,8,65,2310720911,2,0,0,0,1201,0,217,41,0,1,1,0,54,6,2437,0,0,0,20,evil_twin,evil_twin
1684019090,14436,294,0,1,1,0,0,44,0,1201,2,8,65,3184300250,2,0,0,0,1202,0,215,41,0,1,1,0,54,6,2437,0,0,0,20,evil_twin,evil_twin
1684019090,14451,296,0,1,1,0,0,44,0,1202,2,8,65,531201022,2,0,0,0,1203,0,217,41,0,1,1,0,54,6,2437,0,0,0,20,evil_twin,evil_twin
1684019090,14462,296,0,1,1,0,0,44,0,1203,2,8,65,2520523038,2,0,0,0,1204,0,217,41,0,1,1,0,54,6,2437,0,0,0,20,evil_twin,evil_twin
1684019090,14473,296,0,1,1,0,0,44,0,1204,2,8,65,3390931438,2,0,0,0,1205,0,217,41,0,1,1,0,54,6,2437,0,0,0,20,evil_twin,evil_twin
1684019090,14488,297,0,1,1,0,0,44,0,1205,2,8,65,2158268187,2,0,0,0,1206,0,218,41,0,1,1,0,54,6,2437,0,0,0,20,evil_twin,evil_twin
1684019091,14501,295,0,1,1,0,0,44,0,1206,2,8,65,3897258500,2,0,0,0,1207,0,216,41,0,1,1,0,54,6,2437,0,0,0,20,evil_twin,evil_twin
1684019091,14510,297,0,1,1,0,0,44,0,1207,2,8,65,4062123360,2,0,0,0,1208,0,218,41,0,1,1,0,54,6,2437,0,0,0,20,evil_twin,evil_twin
1684019091,14522,297,0,1,1,0,0,44,0,1208,2,8,65,1376245554,2,0,0,0,1209,0,218,41,0,1,1,0,54,6,2437,0,0,0,20,evil_twin,evil_twin
1684019091,14539,296,0,1,1,0,0,44,0,1209,2,8,65,3896246829,2,0,0,0,1210,0,217,41,0,1,1,0,54,6,2437,0,0,0,20,evil_twin,evil_twin
1684019091,14561,297,0,1,1,0,0,44,0,1210,2,8,65,3078478750,2,0,0,0,1211,0,218,41,0,1,1,0,54,6,2437,0,0,0,20,evil_twin,evil_twin
1684019091,14583,297,0,1,1,0,0,44,0,1211,2,8,65,3984012004,2,0,0,0,1212,0,218,41,0,1,1,0,54,6,2437,0,0,0,20,evil_twin,evil_twin
1684019091,14595,297,0,1,1,0,0,44,0,1212,2,8,65,696662892,2,0,0,0,1213,0,218,41,0,1,1,0,54,6,2437,0,0,0,20,evil_twin,evil_twin
1684019091,14605,298,0,1,1,0,0,44,0,1213,2,8,65,2046486447,2,0,0,0,1214,0,219,41,0,1,1,0,54,6,2437,0,0,0,20,evil_twin,evil_twin
1684019091,14617,294,0,1,1,0,0,44,0,1214,2,8,65,2917667588,2,0,0,0,1215,0,215,41,0,1,1,0,54,6,2437,0,0,0,20,evil_twin,evil_twin
1684019091,14640,298,0,1,1,0,0,44,0,1215,2,8,65,2984394604,2,0,0,0,1216,0,219,41,0,1,1,0,54,6,2437,0,0,0,20,evil_twin,evil_twin
1684019092,14653,298,0,1,1,0,0,44,0,1216,2,8,65,726935173,2,0,0,0,1217,0,219,41,0,1,1,0,54,6,2437,0,0,0,20,evil_twin,evil_twin
1684019092,14664,297,0,1,1,0,0,44,0,1217,2,8,65,2096980724,2,0,0,0,1218,0,218,41,0,1,1,0,54,6,2437,0,0,0,20,evil_twin,evil_twin
1684019092,14678,297,0,1,1,0,0,44,0,1218,2,8,65,911469818,2,0,0,0,1219,0,218,41,0,1,1,0,54,6,2437,0,0,0,20,evil_twin,evil_twin
1684019092,14691,298,0,1,1,0,0,44,0,1219,2,8,65,3502212805,2,0,0,0,1220,0,219,41,0,1,1,0,54,6,2437,0,0,0,20,evil_twin,evil_twin
1684019092,14702,295,0,1,1,0,0,44,0,1220,2,8,65,2081983003,2,0,0,0,1221,0,216,41,0,1,1,0,54,6,2437,0,0,0,20,evil_twin,evil_twin
1684019092,14715,297,0,1,1,0,0,44,0,1221,2,8,65,1353208685,2,0,0,0,1222,0,218,41,0,1,1,0,54,6,2437,0,0,0,20,evil_twin,evil_twin
1684019092,14728,297,0,1,1,0,0,44,0,1222,2,8,65,195096453,2,0,0,0,1223,0,218,41,0,1,1,0,54,6,2437,0,0,0,20,evil_twin,evil_twin
1684019092,14739,296,0,1,1,0,0,44,0,1223,2,8,65,298643157,2,0,0,0,1224,0,217,41,0,1,1,0,54,6,2437,0,0,0,20,evil_twin,evil_twin
1684019092,14751,298,0,1,1,0,0,44,0,1224,2,8,65,1814248946,2,0,0,0,1225,0,219,41,0,1,1,0,54,6,2437,0,0,0,20,evil_twin,evil_twin
1684019092,14756,297,0,1,1,0,0,44,0,1225,2,8,65,803981600,2,0,0,0,1226,0,218,41,0,1,1,0,54,6,2437,0,0,0,20,evil_twin,evil_twin
1684019093,14783,296,0,1,1,0,0,44,0,1226,2,8,65,1473618072,2,0,0,0,1227,0,217,41,0,1,1,0,54,6,2437,0,0,0,20,evil_twin,evil_twin
1684019093,14794,297,0,1,1,0,0,44,0,1227,2,8,65,4145687165,2,0,0,0,1228,0,218,41,0,1,1,0,54,6,2437,0,0,0,20,evil_twin,evil_twin
1684019093,14811,298,0,1,1,0,0,44,0,1228,2,8,65,1492362580,2,0,0,0,1229,0,219,41,0,1,1,0,54,6,2437,0,0,0,20,evil_twin,evil_twin
1684019093,14827,297,0,1,1,0,0,44,0,1229,2,8,65,337192848,2,0,0,0,1230,0,218,41,0,1,1,0,54,6,2437,0,0,0,20,evil_twin,evil_twin
1684019093,14838,298,0,1,1,0,0,44,0,1230,2,8,65,4007646533,2,0,0,0,1231,0,219,41,0,1,1,0,54,6,2437,0,0,0,20,evil_twin,evil_twin
1684019093,14854,298,0,1,1,0,0,44,0,1231,2,8,65,2043430160,2,0,0,0,1232,0,219,41,0,1,1,0,54,6,2437,0,0,0,20,evil_twin,evil_twin
1684019093,14867,296,0,1,1,0,0,44,0,1232,2,8,65,2285694505,2,0,0,0,1233,0,217,41,0,1,1,0,54,6,2437,0,0,0,20,evil_twin,evil_twin
1684019093,14886,298,0,1,1,0,0,44,0,1233,2,8,65,3013707915,2,0,0,0,1234,0,219,41,0,1,1,0,54,6,2437,0,0,0,20,evil_twin,evil_twin
1684019093,14921,298,0,1,1,0,0,44,0,1234,2,8,65,2565102197,2,0,0,0,1235,0,219,41,0,1,1,0,54,6,2437,0,0,0,20,evil_twin,evil_twin
1684019093,14952,298,0,1,1,0,0,44,0,1235,2,8,65,2987730220,2,0,0,0,1236,0,219,41,0,1,1,0,54,6,2437,0,0,0,20,evil_twin,evil_twin
1684019094,14968,299,0,1,1,0,0,44,0,1236,2,8,65,543705481,2,0,0,0,1237,0,220,41,0,1,1,0,54,6,2437,0,0,0,20,evil_twin,evil_twin
1684019094,14978,299,0,1,1,0,0,44,0,1237,2,8,65,2329903882,2,0,0,0,1238,0,220,41,0,1,1,0,54,6,2437,0,0,0,20,evil_twin,evil_twin
1684019094,14998,300,0,1,1,0,0,44,0,1238,2,8,65,504311406,2,0,0,0,1239,0,221,41,0,1,1,0,54,6,2437,0,0,0,20,evil_twin,evil_twin
1684019094,15012,300,0,1,1,0,0,44,0,1239,2,8,65,4271811290,2,0,0,0,1240,0,221,41,0,1,1,0,54,6,2437,0,0,0,20,evil_twin,evil_twin
1684019094,15026,299,0,1,1,0,0,44,0,1240,2,8,65,2804424424,2,0,0,0,1241,0,220,41,0,1,1,0,54,6,2437,0,0,0,20,evil_twin,evil_twin
1684019094,15037,297,0,1,1,0,0,44,0,1241,2,8,65,344671537,2,0,0,0,1242,0,218,41,0,1,1,0,54,6,2437,0,0,0,20,evil_twin,evil_twin
1684019094,15045,297,0,1,1,0,0,44,0,1242,2,8,65,2096459404,2,0,0,0,1243,0,218,41,0,1,1,0,54,6,2437,0,0,0,20,evil_twin,evil_twin
1684019094,15062,298,0,1,1,0,0,44,0,1243,2,8,65,3551879080,2,0,0,0,1244,0,219,41,0,1,1,0,54,6,2437,0,0,0,20,evil_twin,evil_twin
1684019094,15081,296,0,1,1,0,0,44,0,1244,2,8,65,1611030327,2,0,0,0,1245,0,217,41,0,1,1,0,54,6,2437,0,0,0,20,evil_twin,evil_twin
1684019094,15092,297,0,1,1,0,0,44,0,1245,2,8,65,952319711,2,0,0,0,1246,0,218,41,0,1,1,0,54,6,2437,0,0,0,20,evil_twin,evil_twin
1684019095,15105,296,0,1,1,0,0,44,0,1246,2,8,65,60942118,2,0,0,0,1247,0,217,41,0,1,1,0,54,6,2437,0,0,0,20,evil_twin,evil_twin
1684019095,15118,297,0,1,1,0,0,44,0,1247,2,8,65,2157074637,2,0,0,0,1248,0,218,41,0,1,1,0,54,6,2437,0,0,0,20,evil_twin,evil_twin
1684019095,15132,297,0,1,1,0,0,44,0,1248,2,8,65,676630328,2,0,0,0,1249,0,218,41,0,1,1,0,54,6,2437,0,0,0,20,evil_twin,evil_twin
1684019095,15142,297,0,1,1,0,0,44,0,1249,2,8,65,3656296733,2,0,0,0,1250,0,218,41,0,1,1,0,54,6,2437,0,0,0,20,evil_twin,evil_twin
1684019095,15153,299,0,1,1,0,0,44,0,1250,2,8,65,3016033159,2,0,0,0,1251,0,220,41,0,1,1,0,54,6,2437,0,0,0,20,evil_twin,evil_twin
1684019095,15164,298,0,1,1,0,0,44,0,1251,2,8,65,2727383192,2,0,0,0,1252,0,219,41,0,1,1,0,54,6,2437,0,0,0,20,evil_twin,evil_twin
1684019095,15187,299,0,1,1,0,0,44,0,1252,2,8,65,1236193370,2,0,0,0,1253,0,220,41,0,1,1,0,54,6,2437,0,0,0,20,evil_twin,evil_twin
1684019095,15201,298,0,1,1,0,0,44,0,1253,2,8,65,4040493004,2,0,0,0,1254,0,219,41,0,1,1,0,54,6,2437,0,0,0,20,evil_twin,evil_twin
1684019095,15208,141,1,0,0,1,0,44,0,49,2,8,66,2414065771,2,0,0,0,52,0,62,41,0,1,1,0,54,6,2437,0,0,0,20,evil_twin,evil_twin
1684019095,15222,296,0,1,1,0,0,44,0,1254,2,8,65,2436058271,2,0,0,0,1255,0,217,41,0,1,1,0,54,6,2437,0,0,0,20,evil_twin,evil_twin
1684019095,15233,297,0,1,1,0,0,44,0,1255,2,8,65,1222163571,2,0,0,0,1256,0,218,41,0,1,1,0,54,6,2437,0,0,0,20,evil_twin,evil_twin
1684019096,15244,295,0,1,1,0,0,44,0,1256,2,8,65,3172853065,2,0,0,0,1257,0,216,41,0,1,1,0,54,6,2437,0,0,0,20,evil_twin,evil_twin
1684019096,15254,299,0,1,1,0,0,44,0,1257,2,8,65,1040160598,2,0,0,0,1258,0,220,41,0,1,1,0,54,6,2437,0,0,0,20,evil_twin,evil_twin
1684019096,15272,299,0,1,1,0,0,44,0,1258,2,8,65,1151070559,2,0,0,0,1259,0,220,41,0,1,1,0,54,6,2437,0,0,0,20,evil_twin,evil_twin
1684019096,15283,298,0,1,1,0,0,44,0,1259,2,8,65,2488648949,2,0,0,0,1260,0,219,41,0,1,1,0,54,6,2437,0,0,0,20,evil_twin,evil_twin
1684019096,15294,300,0,1,1,0,0,44,0,1260,2,8,73,4007245191,2,0,0,0,1261,0,221,41,0,1,1,0,54,6,2437,0,0,0,20,evil_twin,evil_twin
1684019096,15298,299,0,1,1,0,0,44,0,1261,2,8,65,1383058500,2,0,0,0,1262,0,220,41,0,1,1,0,54,6,2437,0,0,0,20,evil_twin,evil_twin
1684019096,15309,299,0,1,1,0,0,44,0,1262,2,8,65,2424087328,2,0,0,0,1263,0,220,41,0,1,1,0,54,6,2437,0,0,0,20,evil_twin,evil_twin
1684019096,15322,299,0,1,1,0,0,44,0,1263,2,8,65,366720768,2,0,0,0,1264,0,220,41,0,1,1,0,54,6,2437,0,0,0,20,evil_twin,evil_twin
1684019096,15334,299,0,1,1,0,0,44,0,1264,2,8,65,1000208423,2,0,0,0,1265,0,220,41,0,1,1,0,54,6,2437,0,0,0,20,evil_twin,evil_twin
1684019096,15347,298,0,1,1,0,0,44,0,1265,2,8,65,43581191,2,0,0,0,1266,0,219,41,0,1,1,0,54,6,2437,0,0,0,20,evil_twin,evil_twin
1684019097,15360,298,0,1,1,0,0,44,0,1266,2,8,65,212787606,2,0,0,0,1267,0,219,41,0,1,1,0,54,6,2437,0,0,0,20,evil_twin,evil_twin
1684019097,15372,298,0,1,1,0,0,44,0,1267,2,8,65,3519153959,2,0,0,0,1268,0,219,41,0,1,1,0,54,6,2437,0,0,0,20,evil_twin,evil_twin
1684019097,15405,298,0,1,1,0,0,44,0,1268,2,8,65,1474451328,2,0,0,0,1269,0,219,41,0,1,1,0,54,6,2437,0,0,0,20,evil_twin,evil_twin
1684019097,15408,298,0,1,1,0,0,44,0,1268,2,8,73,1210946712,2,0,0,0,1269,0,219,41,0,1,1,0,54,6,2437,0,0,0,20,evil_twin,evil_twin
1684019097,15425,299,0,1,1,0,0,44,0,1269,2,8,65,608716982,2,0,0,0,1270,0,220,41,0,1,1,0,54,6,2437,0,0,0,20,evil_twin,evil_twin
1684019097,15440,299,0,1,1,0,0,44,0,1270,2,8,65,3395170591,2,0,0,0,1271,0,220,41,0,1,1,0,54,6,2437,0,0,0,20,evil_twin,evil_twin
1684019097,15461,301,0,1,1,0,0,44,0,1271,2,8,65,3837594656,2,0,0,0,1272,0,222,41,0,1,1,0,54,6,2437,0,0,0,20,evil_twin,evil_twin
1684019097,15473,298,0,1,1,0,0,44,0,1272,2,8,65,2374874095,2,0,0,0,1273,0,219,41,0,1,1,0,54,6,2437,0,0,0,20,evil_twin,evil_twin
1684019097,15486,300,0,1,1,0,0,44,0,1273,2,8,65,3779495515,2,0,0,0,1274,0,221,41,0,1,1,0,54,6,2437,0,0,0,20,evil_twin,evil_twin
1684019097,15499,295,0,1,1,0,0,44,0,1274,2,8,65,3850591714,2,0,0,0,1275,0,216,41,0,1,1,0,54,6,2437,0,0,0,20,evil_twin,evil_twin
1684019097,15508,297,0,1,1,0,0,44,0,1275,2,8,65,1066920749,2,0,0,0,1276,0,218,41,0,1,1,0,54,6,2437,0,0,0,20,evil_twin,evil_twin
1684019098,15513,125,0,1,1,0,0,44,0,1276,2,8,65,2156278418,2,0,0,0,1277,0,46,41,0,1,1,0,54,6,2437,0,0,0,20,evil_twin,evil_twin
1684019098,15521,297,0,1,1,0,0,44,0,1277,2,8,65,3343407406,2,0,0,0,1278,0,218,41,0,1,1,0,54,6,2437,0,0,0,20,evil_twin,evil_twin
1684019098,15526,141,1,0,0,1,0,44,0,50,2,8,66,2580068683,2,0,0,0,53,0,62,41,0,1,1,0,54,6,2437,0,0,0,20,evil_twin,evil_twin
1684019098,15539,297,0,1,1,0,0,44,0,1278,2,8,65,3562525611,2,0,0,0,1279,0,218,41,0,1,1,0,54,6,2437,0,0,0,20,evil_twin,evil_twin
1684019098,15549,298,0,1,1,0,0,44,0,1279,2,8,65,1454772283,2,0,0,0,1280,0,219,41,0,1,1,0,54,6,2437,0,0,0,20,evil_twin,evil_twin
1684019098,15560,296,0,1,1,0,0,44,0,1280,2,8,65,4182307188,2,0,0,0,1281,0,217,41,0,1,1,0,54,6,2437,0,0,0,20,evil_twin,evil_twin
1684019098,15570,297,0,1,1,0,0,44,0,1281,2,8,65,3953532432,2,0,0,0,1282,0,218,41,0,1,1,0,54,6,2437,0,0,0,20,evil_twin,evil_twin
1684019098,15582,297,0,1,1,0,0,44,0,1282,2,8,65,3654702331,2,0,0,0,1283,0,218,41,0,1,1,0,54,6,2437,0,0,0,20,evil_twin,evil_twin
1684019098,15593,298,0,1,1,0,0,44,0,1283,2,8,65,2674071790,2,0,0,0,1284,0,219,41,0,1,1,0,54,6,2437,0,0,0,20,evil_twin,evil_twin
1684019098,15603,297,0,1,1,0,0,44,0,1284,2,8,65,1440934549,2,0,0,0,1285,0,218,41,0,1,1,0,54,6,2437,0,0,0,20,evil_twin,evil_twin
1684019098,15618,297,0,1,1,0,0,44,0,1285,2,8,65,3599985216,2,0,0,0,1286,0,218,41,0,1,1,0,54,6,2437,0,0,0,20,evil_twin,evil_twin
1684019099,15642,298,0,1,1,0,0,44,0,1286,2,8,65,2934135013,2,0,0,0,1287,0,219,41,0,1,1,0,54,6,2437,0,0,0,20,evil_twin,evil_twin
1684019099,15679,298,0,1,1,0,0,44,0,1287,2,8,65,61913960,2,0,0,0,1288,0,219,41,0,1,1,0,54,6,2437,0,0,0,20,evil_twin,evil_twin
1684019099,15709,297,0,1,1,0,0,44,0,1288,2,8,65,258786951,2,0,0,0,1289,0,218,41,0,1,1,0,54,6,2437,0,0,0,20,evil_twin,evil_twin
1684019099,15724,296,0,1,1,0,0,44,0,1289,2,8,65,3854313738,2,0,0,0,1290,0,217,41,0,1,1,0,54,6,2437,0,0,0,20,evil_twin,evil_twin
1684019099,15742,297,0,1,1,0,0,44,0,1290,2,8,65,3871518953,2,0,0,0,1291,0,218,41,0,1,1,0,54,6,2437,0,0,0,20,evil_twin,evil_twin
1684019099,15753,295,0,1,1,0,0,44,0,1291,2,8,65,2048310105,2,0,0,0,1292,0,216,41,0,1,1,0,54,6,2437,0,0,0,20,evil_twin,evil_twin
1684019099,15765,295,0,1,1,0,0,44,0,1292,2,8,65,2757828147,2,0,0,0,1293,0,216,41,0,1,1,0,54,6,2437,0,0,0,20,evil_twin,evil_twin
1684019099,15775,297,0,1,1,0,0,44,0,1293,2,8,65,3003591486,2,0,0,0,1294,0,218,41,0,1,1,0,54,6,2437,0,0,0,20,evil_twin,evil_twin
1684019099,15779,296,0,1,1,0,0,44,0,1294,2,8,65,2716006411,2,0,0,0,1295,0,217,41,0,1,1,0,54,6,2437,0,0,0,20,evil_twin,evil_twin
1684019099,15792,296,0,1,1,0,0,44,0,1295,2,8,65,1863811951,2,0,0,0,1296,0,217,41,0,1,1,0,54,6,2437,0,0,0,20,evil_twin,evil_twin
1684019099,15803,297,0,1,1,0,0,44,0,1296,2,8,65,626941211,2,0,0,0,1297,0,218,41,0,1,1,0,54,6,2437,0,0,0,20,evil_twin,evil_twin
1684019100,15814,125,0,1,1,0,0,44,0,1297,2,8,65,119755945,2,0,0,0,1298,0,46,41,0,1,1,0,54,6,2437,0,0,0,20,evil_twin,evil_twin
1684019100,15820,141,1,0,0,1,0,44,0,51,2,8,66,3788752751,2,0,0,0,54,0,62,41,0,1,1,0,54,6,2437,0,0,0,20,evil_twin,evil_twin
1684019100,15830,295,0,1,1,0,0,44,0,1298,2,8,65,3201757696,2,0,0,0,1299,0,216,41,0,1,1,0,54,6,2437,0,0,0,20,evil_twin,evil_twin
1684019100,15838,297,0,1,1,0,0,44,0,1299,2,8,65,3507519437,2,0,0,0,1300,0,218,41,0,1,1,0,54,6,2437,0,0,0,20,evil_twin,evil_twin
1684019100,15851,297,0,1,1,0,0,44,0,1300,2,8,65,758264665,2,0,0,0,1301,0,218,41,0,1,1,0,54,6,2437,0,0,0,20,evil_twin,evil_twin
1684019100,15861,298,0,1,1,0,0,44,0,1301,2,8,65,2512216337,2,0,0,0,1302,0,219,41,0,1,1,0,54,6,2437,0,0,0,20,evil_twin,evil_twin
1684019100,15871,300,0,1,1,0,0,44,0,1302,2,8,65,3209279519,2,0,0,0,1303,0,221,41,0,1,1,0,54,6,2437,0,0,0,20,evil_twin,evil_twin
1684019100,15878,299,0,1,1,0,0,44,0,1303,2,8,65,1295059210,2,0,0,0,1304,0,220,41,0,1,1,0,54,6,2437,0,0,0,20,evil_twin,evil_twin
1684019100,15891,300,0,1,1,0,0,44,0,1304,2,8,65,1157978379,2,0,0,0,1305,0,221,41,0,1,1,0,54,6,2437,0,0,0,20,evil_twin,evil_twin
1684019100,15915,297,0,1,1,0,0,44,0,1305,2,8,65,21712063,2,0,0,0,1306,0,218,41,0,1,1,0,54,6,2437,0,0,0,20,evil_twin,evil_twin
1684019100,15917,297,0,1,1,0,0,44,0,1305,2,8,73,336280172,2,0,0,0,1306,0,218,41,0,1,1,0,54,6,2437,0,0,0,20,evil_twin,evil_twin
1684019100,15929,297,0,1,1,0,0,44,0,1306,2,8,65,2524890788,2,0,0,0,1307,0,218,41,0,1,1,0,54,6,2437,0,0,0,20,evil_twin,evil_twin
1684019100,15940,300,0,1,1,0,0,44,0,1307,2,8,65,1057455481,2,0,0,0,1308,0,221,41,0,1,1,0,54,6,2437,0,0,0,20,evil_twin,evil_twin
1684019101,15953,299,0,1,1,0,0,44,0,1308,2,8,65,2476691093,2,0,0,0,1309,0,220,41,0,1,1,0,54,6,2437,0,0,0,20,evil_twin,evil_twin
1684019101,15966,299,0,1,1,0,0,44,0,1309,2,8,65,1499496754,2,0,0,0,1310,0,220,41,0,1,1,0,54,6,2437,0,0,0,20,evil_twin,evil_twin
1684019101,15981,299,0,1,1,0,0,44,0,1310,2,8,65,2837528857,2,0,0,0,1311,0,220,41,0,1,1,0,54,6,2437,0,0,0,20,evil_twin,evil_twin
1684019101,15987,299,0,1,1,0,0,44,0,1311,2,8,65,2038590118,2,0,0,0,1312,0,220,41,0,1,1,0,54,6,2437,0,0,0,20,evil_twin,evil_twin
1684019101,15995,299,0,1,1,0,0,44,0,1312,2,8,65,1582386068,2,0,0,0,1313,0,220,41,0,1,1,0,54,6,2437,0,0,0,20,evil_twin,evil_twin
1684019101,16005,300,0,1,1,0,0,44,0,1313,2,8,65,3216529124,2,0,0,0,1314,0,221,41,0,1,1,0,54,6,2437,0,0,0,20,evil_twin,evil_twin
1684019101,16015,299,0,1,1,0,0,44,0,1314,2,8,65,1505340721,2,0,0,0,1315,0,220,41,0,1,1,0,54,6,2437,0,0,0,20,evil_twin,evil_twin
1684019101,16024,298,0,1,1,0,0,44,0,1315,2,8,65,1798461704,2,0,0,0,1316,0,219,41,0,1,1,0,54,6,2437,0,0,0,20,evil_twin,evil_twin
1684019101,16026,298,0,1,1,0,0,44,0,1315,2,8,73,1962777104,2,0,0,0,1316,0,219,41,0,1,1,0,54,6,2437,0,0,0,20,evil_twin,evil_twin
1684019101,16045,296,0,1,1,0,0,44,0,1316,2,8,65,1102596398,2,0,0,0,1317,0,217,41,0,1,1,0,54,6,2437,0,0,0,20,evil_twin,evil_twin
1684019102,16050,299,0,1,1,0,0,44,0,1317,2,8,65,2393974806,2,0,0,0,1318,0,220,41,0,1,1,0,54,6,2437,0,0,0,20,evil_twin,evil_twin
1684019102,16059,298,0,1,1,0,0,44,0,1318,2,8,65,3783823832,2,0,0,0,1319,0,219,41,0,1,1,0,54,6,2437,0,0,0,20,evil_twin,evil_twin
1684019102,16062,125,0,1,1,0,0,44,0,1319,2,8,65,2049442063,2,0,0,0,1320,0,46,41,0,1,1,0,54,6,2437,0,0,0,20,evil_twin,evil_twin
1684019102,16070,141,1,0,0,1,0,44,0,52,2,8,66,2133678461,2,0,0,0,55,0,62,41,0,1,1,0,54,6,2437,0,0,0,20,evil_twin,evil_twin
1684019102,16080,297,0,1,1,0,0,44,0,1320,2,8,65,1874080961,2,0,0,0,1321,0,218,41,0,1,1,0,54,6,2437,0,0,0,20,evil_twin,evil_twin
1684019102,16089,296,0,1,1,0,0,44,0,1321,2,8,65,4217966258,2,0,0,0,1322,0,217,41,0,1,1,0,54,6,2437,0,0,0,20,evil_twin,evil_twin
1684019102,16097,298,0,1,1,0,0,44,0,1322,2,8,65,3344835625,2,0,0,0,1323,0,219,41,0,1,1,0,54,6,2437,0,0,0,20,evil_twin,evil_twin
1684019102,16109,298,0,1,1,0,0,44,0,1323,2,8,65,1499237170,2,0,0,0,1324,0,219,41,0,1,1,0,54,6,2437,0,0,0,20,evil_twin,evil_twin
1684019102,16119,296,0,1,1,0,0,44,0,1324,2,8,65,3348995216,2,0,0,0,1325,0,217,41,0,1,1,0,54,6,2437,0,0,0,20,evil_twin,evil_twin
1684019102,16128,294,0,1,1,0,0,44,0,1325,2,8,65,3915466265,2,0,0,0,1326,0,215,41,0,1,1,0,54,6,2437,0,0,0,20,evil_twin,evil_twin
1684019102,16135,295,0,1,1,0,0,44,0,1326,2,8,65,4231280938,2,0,0,0,1327,0,216,41,0,1,1,0,54,6,2437,0,0,0,20,evil_twin,evil_twin
1684019102,16143,298,0,1,1,0,0,44,0,1327,2,8,65,1484504591,2,0,0,0,1328,0,219,41,0,1,1,0,54,6,2437,0,0,0,20,evil_twin,evil_twin
1684019102,16148,298,0,1,1,0,0,44,0,1327,2,8,73,1203010839,2,0,0,0,1328,0,219,41,0,1,1,0,54,6,2437,0,0,0,20,evil_twin,evil_twin
1684019103,16166,298,0,1,1,0,0,44,0,1328,2,8,65,1748003585,2,0,0,0,1329,0,219,41,0,1,1,0,54,6,2437,0,0,0,20,evil_twin,evil_twin
1684019103,16181,296,0,1,1,0,0,44,0,1329,2,8,65,911095305,2,0,0,0,1330,0,217,41,0,1,1,0,54,6,2437,0,0,0,20,evil_twin,evil_twin
1684019103,16191,296,0,1,1,0,0,44,0,1330,2,8,65,2639861624,2,0,0,0,1331,0,217,41,0,1,1,0,54,6,2437,0,0,0,20,evil_twin,evil_twin
1684019103,16207,296,0,1,1,0,0,44,0,1331,2,8,65,4154822463,2,0,0,0,1332,0,217,41,0,1,1,0,54,6,2437,0,0,0,20,evil_twin,evil_twin
1684019103,16227,297,0,1,1,0,0,44,0,1332,2,8,65,4113772154,2,0,0,0,1333,0,218,41,0,1,1,0,54,6,2437,0,0,0,20,evil_twin,evil_twin
1684019103,16237,296,0,1,1,0,0,44,0,1333,2,8,65,535746231,2,0,0,0,1334,0,217,41,0,1,1,0,54,6,2437,0,0,0,20,evil_twin,evil_twin
1684019103,16248,298,0,1,1,0,0,44,0,1334,2,8,65,1601557250,2,0,0,0,1335,0,219,41,0,1,1,0,54,6,2437,0,0,0,20,evil_twin,evil_twin
1684019103,16256,297,0,1,1,0,0,44,0,1335,2,8,65,2036029648,2,0,0,0,1336,0,218,41,0,1,1,0,54,6,2437,0,0,0,20,evil_twin,evil_twin
1684019103,16260,299,0,1,1,0,0,44,0,1336,2,8,65,65247918,2,0,0,0,1337,0,220,41,0,1,1,0,54,6,2437,0,0,0,20,evil_twin,evil_twin
1684019103,16269,297,0,1,1,0,0,44,0,1337,2,8,65,3621691555,2,0,0,0,1338,0,218,41,0,1,1,0,54,6,2437,0,0,0,20,evil_twin,evil_twin
1684019104,16278,298,0,1,1,0,0,44,0,1338,2,8,65,229119835,2,0,0,0,1339,0,219,41,0,1,1,0,54,6,2437,0,0,0,20,evil_twin,evil_twin
1684019104,16286,125,0,1,1,0,0,44,0,1339,2,8,65,4136886732,2,0,0,0,1340,0,46,41,0,1,1,0,54,6,2437,0,0,0,20,evil_twin,evil_twin
1684019104,16291,299,0,1,1,0,0,44,0,1340,2,8,65,1707585216,2,0,0,0,1341,0,220,41,0,1,1,0,54,6,2437,0,0,0,20,evil_twin,evil_twin
1684019104,16301,298,0,1,1,0,0,44,0,1341,2,8,65,2076477941,2,0,0,0,1342,0,219,41,0,1,1,0,54,6,2437,0,0,0,20,evil_twin,evil_twin
1684019104,16313,298,0,1,1,0,0,44,0,1342,2,8,65,598484547,2,0,0,0,1343,0,219,41,0,1,1,0,54,6,2437,0,0,0,20,evil_twin,evil_twin
1684019104,16323,298,0,1,1,0,0,44,0,1343,2,8,65,3006305206,2,0,0,0,1344,0,219,41,0,1,1,0,54,6,2437,0,0,0,20,evil_twin,evil_twin
1684019104,16353,297,0,1,1,0,0,44,0,1344,2,8,65,1418156272,2,0,0,0,1345,0,218,41,0,1,1,0,54,6,2437,0,0,0,20,evil_twin,evil_twin
1684019104,16368,298,0,1,1,0,0,44,0,1345,2,8,65,493869724,2,0,0,0,1346,0,219,41,0,1,1,0,54,6,2437,0,0,0,20,evil_twin,evil_twin
1684019104,16380,298,0,1,1,0,0,44,0,1346,2,8,65,3375201197,2,0,0,0,1347,0,219,41,0,1,1,0,54,6,2437,0,0,0,20,evil_twin,evil_twin
1684019104,16389,298,0,1,1,0,0,44,0,1347,2,8,65,3614819464,2,0,0,0,1348,0,219,41,0,1,1,0,54,6,2437,0,0,0,20,evil_twin,evil_twin
1684019105,16421,298,0,1,1,0,0,44,0,1349,2,8,65,1695246048,2,0,0,0,1350,0,219,41,0,1,1,0,54,6,2437,0,0,0,20,evil_twin,evil_twin
1684019105,16437,297,0,1,1,0,0,44,0,1351,2,8,65,183405658,2,0,0,0,1352,0,218,41,0,1,1,0,54,6,2437,0,0,0,20,evil_twin,evil_twin
1684019105,16456,297,0,1,1,0,0,44,0,1352,2,8,65,702035603,2,0,0,0,1353,0,218,41,0,1,1,0,54,6,2437,0,0,0,20,evil_twin,evil_twin
1684019105,16463,297,0,1,1,0,0,44,0,1353,2,8,65,94861781,2,0,0,0,1354,0,218,41,0,1,1,0,54,6,2437,0,0,0,20,evil_twin,evil_twin
1684019105,16486,297,0,1,1,0,0,44,0,1354,2,8,65,91725660,2,0,0,0,1355,0,218,41,0,1,1,0,54,6,2437,0,0,0,20,evil_twin,evil_twin
1684019105,16517,297,0,1,1,0,0,44,0,1355,2,8,65,3101192618,2,0,0,0,1356,0,218,41,0,1,1,0,54,6,2437,0,0,0,20,evil_twin,evil_twin
1684019105,16529,297,0,1,1,0,0,44,0,1356,2,8,65,2378168020,2,0,0,0,1357,0,218,41,0,1,1,0,54,6,2437,0,0,0,20,evil_twin,evil_twin
1684019105,16549,298,0,1,1,0,0,44,0,1357,2,8,65,2385726602,2,0,0,0,1358,0,219,41,0,1,1,0,54,6,2437,0,0,0,20,evil_twin,evil_twin
1684019106,16574,296,0,1,1,0,0,44,0,1359,2,8,65,3890747004,2,0,0,0,1360,0,217,41,0,1,1,0,54,6,2437,0,0,0,20,evil_twin,evil_twin
1684019106,16594,297,0,1,1,0,0,44,0,1360,2,8,65,4085223398,2,0,0,0,1361,0,218,41,0,1,1,0,54,6,2437,0,0,0,20,evil_twin,evil_twin
1684019106,16615,297,0,1,1,0,0,44,0,1361,2,8,65,1723386862,2,0,0,0,1362,0,218,41,0,1,1,0,54,6,2437,0,0,0,20,evil_twin,evil_twin
1684019106,16641,297,0,1,1,0,0,44,0,1362,2,8,65,2271257746,2,0,0,0,1363,0,218,41,0,1,1,0,54,6,2437,0,0,0,20,evil_twin,evil_twin
1684019106,16656,296,0,1,1,0,0,44,0,1363,2,8,65,2430789801,2,0,0,0,1364,0,217,41,0,1,1,0,54,6,2437,0,0,0,20,evil_twin,evil_twin
1684019106,16680,297,0,1,1,0,0,44,0,1364,2,8,65,3419258846,2,0,0,0,1365,0,218,41,0,1,1,0,54,6,2437,0,0,0,20,evil_twin,evil_twin
1684019106,16694,296,0,1,1,0,0,44,0,1365,2,8,65,316821915,2,0,0,0,1366,0,217,41,0,1,1,0,54,6,2437,0,0,0,20,evil_twin,evil_twin
1684019106,16726,296,0,1,1,0,0,44,0,1366,2,8,65,1760857603,2,0,0,0,1367,0,217,41,0,1,1,0,54,6,2437,0,0,0,20,evil_twin,evil_twin
1684019106,16740,297,0,1,1,0,0,44,0,1367,2,8,65,2429499769,2,0,0,0,1368,0,218,41,0,1,1,0,54,6,2437,0,0,0,20,evil_twin,evil_twin
1684019106,16760,297,0,1,1,0,0,44,0,1368,2,8,65,2869629381,2,0,0,0,1369,0,218,41,0,1,1,0,54,6,2437,0,0,0,20,evil_twin,evil_twin
1684019107,16850,297,0,1,1,0,0,44,0,1369,2,8,65,3325626197,2,0,0,0,1370,0,218,41,0,1,1,0,54,6,2437,0,0,0,20,evil_twin,evil_twin
1684019107,17136,296,0,1,1,0,0,44,0,1371,2,8,65,2151636940,2,0,0,0,1372,0,217,41,0,1,1,0,54,6,2437,0,0,0,20,evil_twin,evil_twin
1684019107,17160,296,0,1,1,0,0,44,0,1371,2,8,73,442811793,2,0,0,0,1372,0,217,41,0,1,1,0,54,6,2437,0,0,0,20,evil_twin,evil_twin
1684019107,17256,296,0,1,1,0,0,44,0,1372,2,8,65,2876084087,2,0,0,0,1373,0,217,41,0,1,1,0,54,6,2437,0,0,0,20,evil_twin,evil_twin
1684019107,17441,297,0,1,1,0,0,44,0,1373,2,8,65,2244997007,2,0,0,0,1374,0,218,41,0,1,1,0,54,6,2437,0,0,0,20,evil_twin,evil_twin
1684019107,17545,298,0,1,1,0,0,44,0,1374,2,8,65,1203514715,2,0,0,0,1375,0,219,41,0,1,1,0,54,6,2437,0,0,0,20,evil_twin,evil_twin
1684019107,17569,298,0,1,1,0,0,44,0,1375,2,8,65,1299712050,2,0,0,0,1376,0,219,41,0,1,1,0,54,6,2437,0,0,0,20,evil_twin,evil_twin
1684019107,17622,297,0,1,1,0,0,44,0,1376,2,8,65,504278016,2,0,0,0,1377,0,218,41,0,1,1,0,54,6,2437,0,0,0,20,evil_twin,evil_twin
1684019107,17673,297,0,1,1,0,0,44,0,1377,2,8,65,3959186314,2,0,0,0,1378,0,218,41,0,1,1,0,54,6,2437,0,0,0,20,evil_twin,evil_twin
1684019107,17702,297,0,1,1,0,0,44,0,1378,2,8,65,1700476393,2,0,0,0,1379,0,218,41,0,1,1,0,54,6,2437,0,0,0,20,evil_twin,evil_twin
1684019108,17726,297,0,1,1,0,0,44,0,1379,2,8,65,1997015721,2,0,0,0,1380,0,218,41,0,1,1,0,54,6,2437,0,0,0,20,evil_twin,evil_twin
1684019108,17763,295,0,1,1,0,0,44,0,1380,2,8,65,4125046402,2,0,0,0,1381,0,216,41,0,1,1,0,54,6,2437,0,0,0,20,evil_twin,evil_twin
1684019108,17790,296,0,1,1,0,0,44,0,1381,2,8,65,1957145839,2,0,0,0,1382,0,217,41,0,1,1,0,54,6,2437,0,0,0,20,evil_twin,evil_twin
1684019108,17859,296,0,1,1,0,0,44,0,1382,2,8,65,236024215,2,0,0,0,1383,0,217,41,0,1,1,0,54,6,2437,0,0,0,20,evil_twin,evil_twin
1684019108,17887,296,0,1,1,0,0,44,0,1383,2,8,65,1905447882,2,0,0,0,1384,0,217,41,0,1,1,0,54,6,2437,0,0,0,20,evil_twin,evil_twin
1684019108,17908,299,0,1,1,0,0,44,0,1384,2,8,65,968021646,2,0,0,0,1385,0,220,41,0,1,1,0,54,6,2437,0,0,0,20,evil_twin,evil_twin
1684019108,17933,297,0,1,1,0,0,44,0,1385,2,8,65,3940310377,2,0,0,0,1386,0,218,41,0,1,1,0,54,6,2437,0,0,0,20,evil_twin,evil_twin
