timestamp_p,mid,x,y,z,pitch,roll,yaw,vgx,vgy,vgz,templ,temph,tof,h,bat,baro,time,agx,agy,agz,class,class_raw
1683982117,-1,-100,-100,-100,0,0,-173,0,0,0,61,64,159,130,57,286.32,78,13,-6,-1001,evil_twin,evil_twin
1683982117,-1,-100,-100,-100,0,0,-173,0,0,0,61,65,159,130,57,286.34,78,4,-7,-993,evil_twin,evil_twin
1683982118,-1,-100,-100,-100,0,0,-173,0,0,0,61,65,159,130,57,286.34,78,4,-7,-993,evil_twin,evil_twin
1683982118,-1,-100,-100,-100,0,0,-173,0,0,0,61,65,159,130,57,286.34,78,15,-8,-1004,evil_twin,evil_twin
1683982118,-1,-100,-100,-100,0,0,-173,0,0,0,61,65,158,130,57,286.34,78,24,-12,-1003,evil_twin,evil_twin
1683982118,-1,-100,-100,-100,0,0,-173,0,0,0,61,65,160,130,57,286.31,78,17,-5,-1011,evil_twin,evil_twin
1683982118,-1,-100,-100,-100,0,0,-173,0,0,0,61,65,158,130,57,286.31,79,4,-8,-1013,evil_twin,evil_twin
1683982118,-1,-100,-100,-100,0,0,-173,0,0,0,61,65,159,130,57,286.25,79,8,-10,-999,evil_twin,evil_twin
1683982118,-1,-100,-100,-100,0,0,-173,0,0,0,61,65,159,130,57,286.3,79,4,-10,-992,evil_twin,evil_twin
1683982118,-1,-100,-100,-100,0,0,-173,0,0,0,61,65,159,130,57,286.35,79,10,-10,-997,evil_twin,evil_twin
1683982118,-1,-100,-100,-100,0,0,-173,0,0,0,61,65,159,130,57,286.36,79,3,-14,-1004,evil_twin,evil_twin
1683982118,-1,-100,-100,-100,0,0,-173,0,0,0,61,65,159,130,57,286.23,79,7,-11,-988,evil_twin,evil_twin
1683982118,-1,-100,-100,-100,0,0,-173,0,0,0,61,65,158,130,57,286.3,79,12,-7,-1005,evil_twin,evil_twin
1683982119,-1,-100,-100,-100,0,0,-173,0,0,0,61,65,158,130,57,286.3,79,12,-7,-1005,evil_twin,evil_twin
1683982119,-1,-100,-100,-100,0,0,-173,0,0,0,61,65,160,130,57,286.27,79,12,3,-998,evil_twin,evil_twin
1683982119,-1,-100,-100,-100,0,0,-173,0,0,0,61,65,159,130,57,286.26,79,9,0,-1000,evil_twin,evil_twin
1683982119,-1,-100,-100,-100,0,0,-173,0,0,0,61,65,159,130,57,286.31,79,23,0,-1003,evil_twin,evil_twin
1683982119,-1,-100,-100,-100,0,0,-173,0,0,0,61,65,158,130,57,286.27,80,23,-10,-992,evil_twin,evil_twin
1683982119,-1,-100,-100,-100,0,0,-173,0,0,0,61,65,158,130,57,286.27,80,0,-10,-996,evil_twin,evil_twin
1683982119,-1,-100,-100,-100,0,0,-173,0,0,0,61,65,159,130,57,286.3,80,0,-9,-1008,evil_twin,evil_twin
1683982119,-1,-100,-100,-100,0,0,-173,0,0,0,61,65,159,130,57,286.31,80,13,-6,-995,evil_twin,evil_twin
1683982119,-1,-100,-100,-100,0,0,-173,0,0,0,61,65,159,130,57,286.3,80,5,-10,-990,evil_twin,evil_twin
1683982119,-1,-100,-100,-100,0,0,-173,0,0,0,61,65,159,130,57,286.28,80,5,-4,-997,evil_twin,evil_twin
1683982120,-1,-100,-100,-100,0,0,-173,0,0,0,61,65,159,130,57,286.28,80,5,-4,-997,evil_twin,evil_twin
1683982120,-1,-100,-100,-100,0,0,-173,0,0,0,62,64,158,130,57,286.3,80,-8,-10,-1007,evil_twin,evil_twin
1683982120,-1,-100,-100,-100,0,0,-173,0,0,0,62,64,159,130,57,286.29,80,13,-6,-995,evil_twin,evil_twin
1683982120,-1,-100,-100,-100,0,0,-173,0,0,0,62,64,158,130,57,286.31,80,16,-2,-1002,evil_twin,evil_twin
1683982120,-1,-100,-100,-100,0,0,-173,0,0,0,62,64,158,130,57,286.28,80,8,-7,-999,evil_twin,evil_twin
1683982120,-1,-100,-100,-100,0,0,-173,0,0,0,62,64,158,130,57,286.3,81,7,-7,-1006,evil_twin,evil_twin
1683982120,-1,-100,-100,-100,0,0,-173,0,0,0,62,64,158,130,57,286.27,81,8,0,-996,evil_twin,evil_twin
1683982120,-1,-100,-100,-100,0,0,-173,0,0,0,62,64,159,130,57,286.35,81,7,5,-1009,evil_twin,evil_twin
1683982120,-1,-100,-100,-100,0,0,-173,0,0,0,62,64,158,130,57,286.33,81,0,-5,-1006,evil_twin,evil_twin
1683982120,-1,-100,-100,-100,0,0,-173,0,0,0,62,64,159,130,57,286.29,81,8,-5,-992,evil_twin,evil_twin
1683982120,-1,-100,-100,-100,0,0,-173,0,0,0,62,64,158,130,57,286.28,81,8,-4,-994,evil_twin,evil_twin
1683982120,-1,-100,-100,-100,0,0,-173,0,0,0,62,64,158,130,57,286.34,81,-5,-10,-1000,evil_twin,evil_twin
1683982121,-1,-100,-100,-100,0,0,-173,0,0,0,62,64,158,130,57,286.34,81,-5,-10,-1000,evil_twin,evil_twin
1683982121,-1,-100,-100,-100,0,0,-173,0,0,0,62,64,158,130,57,286.35,81,2,-7,-1001,evil_twin,evil_twin
1683982121,-1,-100,-100,-100,0,0,-173,0,0,0,62,64,159,130,57,286.3,81,3,-4,-1006,evil_twin,evil_twin
1683982121,-1,-100,-100,-100,0,0,-173,0,0,0,62,64,158,130,57,286.33,81,-1,4,-1017,evil_twin,evil_twin
1683982121,-1,-100,-100,-100,0,0,-173,0,0,0,62,64,158,130,57,286.33,82,11,-9,-998,evil_twin,evil_twin
1683982121,-1,-100,-100,-100,0,0,-173,0,0,0,62,64,158,130,57,286.3,82,7,-2,-1003,evil_twin,evil_twin
1683982121,-1,-100,-100,-100,0,0,-173,0,0,0,62,64,158,130,57,286.29,82,-4,1,-993,evil_twin,evil_twin
1683982121,-1,-100,-100,-100,0,0,-173,0,0,0,62,64,157,130,57,286.33,82,4,-7,-1003,evil_twin,evil_twin
1683982121,-1,-100,-100,-100,0,0,-173,0,0,0,62,64,157,130,57,286.23,82,2,1,-1007,evil_twin,evil_twin
1683982121,-1,-100,-100,-100,0,0,-173,0,0,0,62,64,158,130,57,286.38,82,4,-13,-984,evil_twin,evil_twin
1683982121,-1,-100,-100,-100,0,0,-173,0,0,0,61,64,157,130,57,286.36,82,0,2,-1008,evil_twin,evil_twin
1683982122,-1,-100,-100,-100,0,0,-173,0,0,0,61,64,157,130,57,286.36,82,0,2,-1008,evil_twin,evil_twin
1683982122,-1,-100,-100,-100,0,0,-173,0,0,0,61,64,157,130,57,286.35,82,11,3,-1015,evil_twin,evil_twin
1683982122,-1,-100,-100,-100,0,0,-173,0,0,0,61,64,158,130,57,286.33,82,-1,-1,-988,evil_twin,evil_twin
1683982122,-1,-100,-100,-100,0,0,-173,0,0,0,61,64,157,130,57,286.33,82,5,-11,-993,evil_twin,evil_twin
1683982122,-1,-100,-100,-100,0,0,-173,0,0,0,61,64,157,130,57,286.34,83,0,-12,-999,evil_twin,evil_twin
1683982122,-1,-100,-100,-100,0,0,-173,0,0,0,61,64,157,130,57,286.3,83,-4,-10,-992,evil_twin,evil_twin
1683982122,-1,-100,-100,-100,0,0,-173,0,0,0,61,64,157,130,57,286.29,83,8,-13,-988,evil_twin,evil_twin
1683982122,-1,-100,-100,-100,0,0,-173,0,0,0,61,64,158,130,57,286.26,83,11,-3,-993,evil_twin,evil_twin
1683982122,-1,-100,-100,-100,0,0,-173,0,0,0,61,64,158,130,57,286.26,83,2,0,-1007,evil_twin,evil_twin
1683982122,-1,-100,-100,-100,-2,0,-173,0,0,0,61,64,158,130,57,286.29,83,13,-8,-1028,evil_twin,evil_twin
1683982122,-1,-100,-100,-100,-7,0,-173,0,0,0,62,65,159,130,57,286.29,83,9,4,-998,evil_twin,evil_twin
1683982123,-1,-100,-100,-100,-7,0,-173,0,0,0,62,65,159,130,57,286.29,83,9,4,-998,evil_twin,evil_twin
1683982123,-1,-100,-100,-100,-5,0,-173,2,0,0,62,65,158,130,57,286.3,83,-5,4,-995,evil_twin,evil_twin
1683982123,-1,-100,-100,-100,-2,-1,-173,3,0,0,62,65,158,130,57,286.31,83,-25,-10,-997,evil_twin,evil_twin
1683982123,-1,-100,-100,-100,-1,0,-173,3,0,0,62,65,158,130,57,286.3,83,-12,3,-1015,evil_twin,evil_twin
1683982123,-1,-100,-100,-100,0,0,-173,3,0,0,62,65,158,130,57,286.31,84,-7,2,-1016,evil_twin,evil_twin
1683982123,-1,-100,-100,-100,0,0,-173,2,0,0,62,65,158,130,57,286.34,84,-3,-10,-974,evil_twin,evil_twin
1683982123,-1,-100,-100,-100,0,0,-173,2,0,0,62,65,158,130,57,286.3,84,-11,1,-1008,evil_twin,evil_twin
1683982123,-1,-100,-100,-100,0,0,-173,2,0,0,62,65,157,130,57,286.35,84,2,-5,-995,evil_twin,evil_twin
1683982123,-1,-100,-100,-100,0,0,-173,2,0,0,62,65,157,130,57,286.36,84,4,0,-1003,evil_twin,evil_twin
1683982123,-1,-100,-100,-100,0,0,-173,2,0,0,62,65,156,130,57,286.36,84,-1,3,-995,evil_twin,evil_twin
1683982123,-1,-100,-100,-100,0,0,-173,2,0,0,62,65,156,130,57,286.34,84,0,0,-1006,evil_twin,evil_twin
1683982124,-1,-100,-100,-100,0,0,-173,2,0,0,62,65,156,130,57,286.34,84,0,0,-1006,evil_twin,evil_twin
1683982124,-1,-100,-100,-100,0,0,-173,2,0,0,62,65,156,120,57,286.41,84,-5,3,-994,evil_twin,evil_twin
1683982124,-1,-100,-100,-100,0,0,-173,2,0,0,62,65,155,120,57,286.32,84,-5,0,-1002,evil_twin,evil_twin
1683982124,-1,-100,-100,-100,0,0,-173,2,0,0,62,65,156,120,57,286.32,84,-3,0,-1003,evil_twin,evil_twin
1683982124,-1,-100,-100,-100,1,0,-173,2,0,0,62,65,155,120,57,286.3,85,7,12,-1028,evil_twin,evil_twin
1683982124,-1,-100,-100,-100,4,0,-173,1,0,0,62,65,156,120,57,286.31,85,-4,8,-995,evil_twin,evil_twin
1683982124,-1,-100,-100,-100,3,0,-173,1,0,0,62,65,156,120,56,286.31,85,1,-5,-988,evil_twin,evil_twin
1683982124,-1,-100,-100,-100,2,0,-173,0,0,0,62,65,156,120,56,286.34,85,4,0,-1015,evil_twin,evil_twin
1683982124,-1,-100,-100,-100,1,0,-173,0,0,0,62,65,156,120,56,286.31,85,7,1,-1008,evil_twin,evil_twin
1683982124,-1,-100,-100,-100,6,0,-173,0,0,0,62,65,159,130,56,286.35,85,14,3,-1000,evil_twin,evil_twin
1683982125,-1,-100,-100,-100,6,0,-173,0,0,0,62,65,159,130,56,286.35,85,14,3,-1000,evil_twin,evil_twin
1683982125,-1,-100,-100,-100,8,0,-173,-1,0,0,61,65,160,130,56,286.33,85,13,6,-1035,evil_twin,evil_twin
1683982125,-1,-100,-100,-100,6,0,-173,-2,0,0,61,65,158,130,56,286.41,85,30,1,-1017,evil_twin,evil_twin
1683982125,-1,-100,-100,-100,3,0,-173,-3,0,0,61,65,157,130,56,286.35,85,31,0,-999,evil_twin,evil_twin
1683982125,-1,-100,-100,-100,1,0,-173,-3,0,0,61,65,157,130,56,286.33,85,40,-9,-984,evil_twin,evil_twin
1683982125,-1,-100,-100,-100,0,0,-173,-3,0,0,61,65,159,130,56,286.3,86,33,-8,-989,evil_twin,evil_twin
1683982125,-1,-100,-100,-100,0,0,-173,-3,0,0,61,65,160,130,56,286.3,86,27,-6,-1001,evil_twin,evil_twin
1683982125,-1,-100,-100,-100,0,0,-173,-2,0,0,61,65,159,130,56,286.33,86,14,-2,-985,evil_twin,evil_twin
1683982125,-1,-100,-100,-100,0,0,-173,-2,0,0,61,65,160,130,56,286.3,86,26,-18,-986,evil_twin,evil_twin
1683982125,-1,-100,-100,-100,0,0,-173,-2,0,0,61,65,159,130,56,286.34,86,18,-6,-988,evil_twin,evil_twin
1683982125,-1,-100,-100,-100,0,0,-173,-2,0,0,61,65,159,130,56,286.36,86,35,-15,-993,evil_twin,evil_twin
1683982125,-1,-100,-100,-100,0,0,-173,-2,0,0,62,65,160,130,56,286.27,86,28,-19,-994,evil_twin,evil_twin
1683982126,-1,-100,-100,-100,0,0,-173,-2,0,0,62,65,160,130,56,286.27,86,28,-19,-994,evil_twin,evil_twin
1683982126,-1,-100,-100,-100,0,0,-173,-2,0,0,62,65,160,130,56,286.36,86,22,-13,-991,evil_twin,evil_twin
1683982126,-1,-100,-100,-100,0,0,-173,-2,0,0,62,65,161,130,56,286.22,86,27,-7,-1008,evil_twin,evil_twin
1683982126,-1,-100,-100,-100,0,0,-173,-2,0,0,62,65,160,130,56,286.38,86,23,-11,-1004,evil_twin,evil_twin
1683982126,-1,-100,-100,-100,0,0,-173,-2,0,0,62,65,161,130,56,286.32,87,12,-9,-996,evil_twin,evil_twin
1683982126,-1,-100,-100,-100,-1,0,-173,-2,0,0,62,65,161,130,56,286.29,87,23,-4,-992,evil_twin,evil_twin
1683982126,-1,-100,-100,-100,-4,0,-173,-1,0,0,62,65,163,130,56,286.37,87,16,0,-993,evil_twin,evil_twin
1683982126,-1,-100,-100,-100,-2,0,-173,0,0,0,62,65,162,130,56,286.25,87,-1,-11,-989,evil_twin,evil_twin
1683982126,-1,-100,-100,-100,0,0,-173,0,0,0,62,65,161,130,56,286.33,87,5,-4,-996,evil_twin,evil_twin
1683982126,-1,-100,-100,-100,0,0,-173,0,0,0,62,65,161,130,56,286.25,87,-1,14,-1009,evil_twin,evil_twin
1683982127,-1,-100,-100,-100,0,0,-173,0,0,0,62,65,161,130,56,286.25,87,-1,14,-1009,evil_twin,evil_twin
1683982127,-1,-100,-100,-100,0,0,-178,0,0,0,61,65,161,130,56,286.31,87,8,1,-997,evil_twin,evil_twin
1683982127,-1,-100,-100,-100,0,0,175,0,0,0,61,65,161,130,56,286.31,87,11,-1,-998,evil_twin,evil_twin
1683982127,-1,-100,-100,-100,0,0,169,0,0,0,61,65,161,130,56,286.3,87,0,3,-969,evil_twin,evil_twin
1683982127,-1,-100,-100,-100,0,0,163,0,0,0,61,65,161,130,56,286.26,87,26,-6,-989,evil_twin,evil_twin
1683982127,-1,-100,-100,-100,0,0,157,0,0,0,61,65,160,130,56,286.26,88,1,-6,-1005,evil_twin,evil_twin
1683982127,-1,-100,-100,-100,0,0,151,0,0,0,61,65,160,130,56,286.29,88,4,-5,-999,evil_twin,evil_twin
1683982127,-1,-100,-100,-100,0,0,145,0,0,0,61,65,161,130,56,286.33,88,20,-7,-989,evil_twin,evil_twin
1683982127,-1,-100,-100,-100,0,0,139,0,0,0,61,65,160,130,56,286.31,88,7,0,-1006,evil_twin,evil_twin
1683982127,-1,-100,-100,-100,0,0,133,0,0,0,61,65,160,130,56,286.27,88,0,2,-993,evil_twin,evil_twin
1683982127,-1,-100,-100,-100,1,0,127,0,0,0,61,65,161,130,56,286.33,88,1,0,-989,evil_twin,evil_twin
1683982128,-1,-100,-100,-100,1,0,127,0,0,0,61,65,161,130,56,286.33,88,1,0,-989,evil_twin,evil_twin
1683982128,-1,-100,-100,-100,0,0,120,0,0,0,62,64,160,130,56,286.29,88,11,10,-1012,evil_twin,evil_twin
1683982128,-1,-100,-100,-100,0,0,115,0,0,0,62,64,160,130,56,286.26,88,2,2,-1000,evil_twin,evil_twin
1683982128,-1,-100,-100,-100,0,0,110,0,0,0,62,64,159,130,56,286.29,88,-2,4,-999,evil_twin,evil_twin
1683982128,-1,-100,-100,-100,0,0,106,0,0,0,62,64,160,130,56,286.31,88,10,7,-994,evil_twin,evil_twin
1683982128,-1,-100,-100,-100,0,0,104,0,0,0,62,64,160,130,56,286.27,89,-5,-1,-1002,evil_twin,evil_twin
1683982128,-1,-100,-100,-100,0,0,101,0,0,0,62,64,159,130,56,286.29,89,3,9,-996,evil_twin,evil_twin
1683982128,-1,-100,-100,-100,0,0,100,0,0,0,62,64,159,130,56,286.27,89,1,2,-993,evil_twin,evil_twin
1683982128,-1,-100,-100,-100,0,0,99,0,0,0,62,64,159,130,56,286.21,89,14,7,-992,evil_twin,evil_twin
1683982128,-1,-100,-100,-100,0,0,98,0,0,0,62,64,158,130,56,286.23,89,-11,2,-995,evil_twin,evil_twin
1683982128,-1,-100,-100,-100,0,0,97,0,0,0,62,64,158,130,56,286.23,89,-4,10,-1010,evil_twin,evil_twin
1683982128,-1,-100,-100,-100,0,0,97,0,0,0,62,65,158,130,56,286.27,89,9,2,-1006,evil_twin,evil_twin
1683982129,-1,-100,-100,-100,0,0,97,0,0,0,62,65,158,130,56,286.27,89,9,2,-1006,evil_twin,evil_twin
1683982129,-1,-100,-100,-100,0,0,97,0,0,0,62,65,157,130,56,286.25,89,7,0,-1006,evil_twin,evil_twin
1683982129,-1,-100,-100,-100,0,0,96,0,0,0,62,65,158,130,56,286.29,89,2,2,-1013,evil_twin,evil_twin
1683982129,-1,-100,-100,-100,0,1,96,0,0,0,62,65,157,120,56,286.27,89,9,14,-1005,evil_twin,evil_twin
1683982129,-1,-100,-100,-100,0,7,96,0,0,0,62,65,157,120,56,286.29,90,11,10,-1021,evil_twin,evil_twin
1683982129,-1,-100,-100,-100,-1,6,95,1,0,0,62,65,157,120,56,286.31,90,0,0,-1009,evil_twin,evil_twin
1683982129,-1,-100,-100,-100,0,4,96,2,0,0,62,65,156,120,55,286.3,90,-5,-7,-1006,evil_twin,evil_twin
1683982129,-1,-100,-100,-100,0,1,96,3,0,0,62,65,155,120,55,286.28,90,-12,-9,-1018,evil_twin,evil_twin
1683982129,-1,-100,-100,-100,0,0,96,3,0,0,62,65,156,120,55,286.36,90,5,-14,-1014,evil_twin,evil_twin
1683982129,-1,-100,-100,-100,0,-1,96,3,0,0,62,65,155,120,55,286.32,90,0,-8,-999,evil_twin,evil_twin
1683982130,-1,-100,-100,-100,0,-1,96,3,0,0,62,65,155,120,55,286.32,90,0,-8,-999,evil_twin,evil_twin
1683982130,-1,-100,-100,-100,0,0,96,2,0,0,62,64,155,120,55,286.3,90,-5,-10,-1001,evil_twin,evil_twin
1683982130,-1,-100,-100,-100,0,0,96,2,0,0,62,64,156,120,55,286.21,90,-11,-16,-1003,evil_twin,evil_twin
1683982130,-1,-100,-100,-100,0,0,96,2,0,0,62,64,156,120,55,286.25,90,6,-11,-999,evil_twin,evil_twin
1683982130,-1,-100,-100,-100,0,0,96,2,0,0,62,64,156,120,55,286.37,90,9,-17,-992,evil_twin,evil_twin
1683982130,-1,-100,-100,-100,0,0,96,2,0,0,62,64,155,120,55,286.31,91,-4,-7,-975,evil_twin,evil_twin
1683982130,-1,-100,-100,-100,0,0,96,2,0,0,62,64,155,120,55,286.31,91,-3,-5,-1011,evil_twin,evil_twin
1683982130,-1,-100,-100,-100,0,0,96,2,0,0,62,64,154,120,55,286.31,91,0,-8,-1010,evil_twin,evil_twin
1683982130,-1,-100,-100,-100,0,0,96,2,0,0,62,64,154,120,55,286.33,91,0,-6,-1000,evil_twin,evil_twin
1683982130,-1,-100,-100,-100,0,-1,96,2,0,0,62,64,153,120,55,286.23,91,-5,-8,-995,evil_twin,evil_twin
1683982130,-1,-100,-100,-100,2,-1,96,1,0,0,62,64,152,120,55,286.26,91,-2,3,-995,evil_twin,evil_twin
1683982131,-1,-100,-100,-100,2,-1,96,1,0,0,62,64,152,120,55,286.26,91,-2,3,-995,evil_twin,evil_twin
1683982131,-1,-100,-100,-100,4,-3,96,1,0,0,62,65,153,120,55,286.36,91,-13,-10,-1062,evil_twin,evil_twin
1683982131,-1,-100,-100,-100,0,-2,96,0,1,0,62,65,154,120,55,286.24,91,14,-3,-970,evil_twin,evil_twin
1683982131,-1,-100,-100,-100,-2,-1,96,0,0,0,62,65,154,120,55,286.33,91,13,0,-1016,evil_twin,evil_twin
1683982131,-1,-100,-100,-100,0,0,96,0,0,0,62,65,154,120,55,286.24,91,-1,2,-1002,evil_twin,evil_twin
1683982131,-1,-100,-100,-100,0,0,96,0,0,0,62,65,153,120,55,286.29,92,22,2,-990,evil_twin,evil_twin
1683982131,-1,-100,-100,-100,0,0,96,0,0,0,62,65,153,120,55,286.29,92,21,-4,-1008,evil_twin,evil_twin
1683982131,-1,-100,-100,-100,0,0,96,0,0,0,62,65,153,120,55,286.27,92,13,3,-995,evil_twin,evil_twin
1683982131,-1,-100,-100,-100,0,0,96,0,0,0,62,65,153,120,55,286.3,92,13,-5,-994,evil_twin,evil_twin
1683982131,-1,-100,-100,-100,0,0,96,0,0,0,62,65,154,120,55,286.34,92,15,0,-996,evil_twin,evil_twin
1683982131,-1,-100,-100,-100,0,0,96,0,0,0,62,65,154,120,55,286.28,92,13,8,-1010,evil_twin,evil_twin
1683982132,-1,-100,-100,-100,0,0,96,0,0,0,62,65,154,120,55,286.28,92,13,8,-1010,evil_twin,evil_twin
1683982132,-1,-100,-100,-100,0,0,96,0,0,0,62,65,155,120,55,286.26,92,12,8,-1015,evil_twin,evil_twin
1683982132,-1,-100,-100,-100,0,0,96,0,0,0,62,65,154,120,55,286.26,92,-4,3,-998,evil_twin,evil_twin
1683982132,-1,-100,-100,-100,0,0,96,0,0,0,62,65,155,120,55,286.29,92,-5,6,-987,evil_twin,evil_twin
1683982132,-1,-100,-100,-100,0,0,96,0,0,0,62,65,155,120,55,286.29,92,-4,5,-1004,evil_twin,evil_twin
1683982132,-1,-100,-100,-100,0,0,96,0,0,0,62,65,155,120,55,286.29,93,-11,14,-1004,evil_twin,evil_twin
1683982132,-1,-100,-100,-100,0,0,96,0,0,0,62,65,155,120,55,286.32,93,15,1,-999,evil_twin,evil_twin
1683982132,-1,-100,-100,-100,0,0,96,0,0,0,62,65,155,120,55,286.29,93,-5,3,-989,evil_twin,evil_twin
1683982132,-1,-100,-100,-100,0,0,96,0,0,0,62,65,154,120,55,286.24,93,12,1,-1003,evil_twin,evil_twin
1683982132,-1,-100,-100,-100,0,0,96,0,0,0,62,65,154,120,55,286.25,93,-20,6,-1006,evil_twin,evil_twin
1683982132,-1,-100,-100,-100,0,0,96,0,0,0,62,65,154,120,55,286.32,93,8,11,-1017,evil_twin,evil_twin
1683982133,-1,-100,-100,-100,0,0,96,0,0,0,62,65,154,120,55,286.32,93,8,11,-1017,evil_twin,evil_twin
1683982133,-1,-100,-100,-100,0,0,96,0,0,0,62,64,154,120,55,286.27,93,-2,-7,-989,evil_twin,evil_twin
1683982133,-1,-100,-100,-100,0,0,96,0,0,0,62,64,154,120,55,286.31,93,0,5,-1002,evil_twin,evil_twin
1683982133,-1,-100,-100,-100,0,0,96,0,0,0,62,64,154,120,55,286.24,93,0,10,-1022,evil_twin,evil_twin
1683982133,-1,-100,-100,-100,0,0,96,0,0,0,62,64,154,120,55,286.25,94,0,11,-1020,evil_twin,evil_twin
1683982133,-1,-100,-100,-100,0,0,96,0,0,0,62,64,154,120,55,286.32,94,4,5,-995,evil_twin,evil_twin
1683982133,-1,-100,-100,-100,0,0,96,0,0,0,62,64,155,120,55,286.29,94,2,4,-1001,evil_twin,evil_twin
1683982133,-1,-100,-100,-100,0,0,96,0,0,0,62,64,155,120,55,286.29,94,0,8,-1003,evil_twin,evil_twin
1683982133,-1,-100,-100,-100,0,0,96,0,0,0,62,64,155,120,55,286.26,94,-1,5,-985,evil_twin,evil_twin
1683982133,-1,-100,-100,-100,0,0,96,0,0,0,62,64,155,120,55,286.23,94,1,7,-990,evil_twin,evil_twin
1683982133,-1,-100,-100,-100,0,0,96,0,0,0,62,64,155,120,55,286.3,94,0,0,-1020,evil_twin,evil_twin
1683982134,-1,-100,-100,-100,0,0,96,0,0,0,62,64,155,120,55,286.3,94,0,0,-1020,evil_twin,evil_twin
1683982134,-1,-100,-100,-100,0,0,96,0,0,0,61,65,155,120,55,286.23,94,2,1,-1002,evil_twin,evil_twin
1683982134,-1,-100,-100,-100,0,0,96,0,0,0,61,65,155,120,55,286.2,94,-2,7,-1004,evil_twin,evil_twin
1683982134,-1,-100,-100,-100,0,0,96,0,0,0,61,65,155,120,55,286.29,94,-7,3,-982,evil_twin,evil_twin
1683982134,-1,-100,-100,-100,0,0,96,0,0,0,61,65,156,120,55,286.29,95,-8,2,-987,evil_twin,evil_twin
1683982134,-1,-100,-100,-100,0,0,96,0,0,0,61,65,156,120,55,286.33,95,2,-1,-997,evil_twin,evil_twin
1683982134,-1,-100,-100,-100,0,0,96,0,0,0,61,65,155,120,55,286.34,95,-17,8,-996,evil_twin,evil_twin
1683982134,-1,-100,-100,-100,0,0,96,0,0,0,61,65,156,120,55,286.34,95,-2,2,-1012,evil_twin,evil_twin
1683982134,-1,-100,-100,-100,0,0,96,0,0,0,61,65,156,120,55,286.29,95,11,-2,-990,evil_twin,evil_twin
1683982134,-1,-100,-100,-100,0,0,96,0,0,0,61,65,157,120,55,286.37,95,-5,12,-992,evil_twin,evil_twin
1683982134,-1,-100,-100,-100,0,0,96,0,0,0,61,65,157,120,55,286.36,95,0,11,-1006,evil_twin,evil_twin
1683982135,-1,-100,-100,-100,0,0,96,0,0,0,61,65,157,120,55,286.36,95,0,11,-1006,evil_twin,evil_twin
1683982135,-1,-100,-100,-100,0,0,96,0,0,0,62,65,157,130,55,286.32,95,-4,6,-1000,evil_twin,evil_twin
1683982135,-1,-100,-100,-100,0,0,96,0,0,0,62,65,157,130,55,286.31,95,12,3,-991,evil_twin,evil_twin
1683982135,-1,-100,-100,-100,0,0,96,0,0,0,62,65,158,130,55,286.3,95,0,0,-999,evil_twin,evil_twin
1683982135,-1,-100,-100,-100,0,0,96,0,0,0,62,65,158,130,55,286.28,96,0,7,-989,evil_twin,evil_twin
1683982135,-1,-100,-100,-100,0,0,96,0,0,0,62,65,158,130,55,286.29,96,0,1,-997,evil_twin,evil_twin
1683982135,-1,-100,-100,-100,0,0,96,0,0,0,62,65,158,130,55,286.31,96,0,6,-1010,evil_twin,evil_twin
1683982135,-1,-100,-100,-100,0,0,96,0,0,0,62,65,158,130,55,286.34,96,3,7,-999,evil_twin,evil_twin
1683982135,-1,-100,-100,-100,0,0,96,0,0,0,62,65,157,130,55,286.3,96,19,1,-1013,evil_twin,evil_twin
1683982135,-1,-100,-100,-100,0,0,96,0,0,0,62,65,158,130,55,286.37,96,5,-2,-998,evil_twin,evil_twin
1683982135,-1,-100,-100,-100,0,0,96,0,0,0,62,65,158,130,55,286.3,96,7,5,-1010,evil_twin,evil_twin
1683982136,-1,-100,-100,-100,0,0,96,0,0,0,62,65,158,130,55,286.3,96,7,5,-1010,evil_twin,evil_twin
1683982136,-1,-100,-100,-100,0,0,96,0,0,0,62,65,158,130,55,286.34,96,3,0,-998,evil_twin,evil_twin
1683982136,-1,-100,-100,-100,0,0,96,0,0,0,62,65,159,130,55,286.31,96,-1,0,-994,evil_twin,evil_twin
1683982136,-1,-100,-100,-100,0,0,96,0,0,0,62,65,158,130,55,286.29,96,1,-2,-996,evil_twin,evil_twin
1683982136,-1,-100,-100,-100,0,0,96,0,0,0,62,65,159,130,55,286.27,97,7,-2,-992,evil_twin,evil_twin
1683982136,-1,-100,-100,-100,0,0,96,0,0,0,62,65,159,130,55,286.31,97,4,0,-999,evil_twin,evil_twin
1683982136,-1,-100,-100,-100,0,0,96,0,0,0,62,65,160,130,55,286.27,97,14,6,-993,evil_twin,evil_twin
1683982136,-1,-100,-100,-100,0,0,96,0,0,0,62,65,159,130,55,286.34,97,2,0,-990,evil_twin,evil_twin
1683982136,-1,-100,-100,-100,0,0,96,0,0,0,62,65,159,130,55,286.35,97,-12,-7,-986,evil_twin,evil_twin
1683982136,-1,-100,-100,-100,0,0,96,0,0,0,62,65,158,130,55,286.32,97,17,-3,-994,evil_twin,evil_twin
1683982136,-1,-100,-100,-100,0,0,96,0,0,0,62,65,158,130,55,286.26,97,10,3,-1005,evil_twin,evil_twin
1683982137,-1,-100,-100,-100,0,0,96,0,0,0,62,65,158,130,55,286.26,97,10,3,-1005,evil_twin,evil_twin
1683982137,-1,-100,-100,-100,0,0,96,0,0,0,62,64,160,130,55,286.3,97,2,3,-995,evil_twin,evil_twin
1683982137,-1,-100,-100,-100,0,0,96,0,0,0,62,64,160,130,55,286.27,97,1,8,-1004,evil_twin,evil_twin
1683982137,-1,-100,-100,-100,0,0,96,0,0,0,62,64,160,130,55,286.32,97,3,1,-1000,evil_twin,evil_twin
1683982137,-1,-100,-100,-100,0,0,96,0,0,0,62,64,159,130,55,286.33,98,-5,-6,-1001,evil_twin,evil_twin
1683982137,-1,-100,-100,-100,0,0,96,0,0,0,62,64,160,130,55,286.25,98,19,8,-1011,evil_twin,evil_twin
1683982137,-1,-100,-100,-100,0,0,96,0,0,0,62,64,159,130,55,286.25,98,9,0,-1004,evil_twin,evil_twin
1683982137,-1,-100,-100,-100,0,0,96,0,0,0,62,64,159,130,54,286.29,98,7,0,-1029,evil_twin,evil_twin
1683982137,-1,-100,-100,-100,0,0,96,0,0,0,62,64,160,130,54,286.35,98,1,2,-998,evil_twin,evil_twin
1683982137,-1,-100,-100,-100,0,0,96,0,0,0,62,64,160,130,54,286.3,98,0,8,-999,evil_twin,evil_twin
1683982137,-1,-100,-100,-100,0,0,96,0,0,0,62,64,161,130,54,286.33,98,0,-1,-979,evil_twin,evil_twin
1683982138,-1,-100,-100,-100,0,0,96,0,0,0,62,64,161,130,54,286.33,98,0,-1,-979,evil_twin,evil_twin
1683982138,-1,-100,-100,-100,0,0,96,0,0,0,62,64,161,130,54,286.32,98,0,0,-992,evil_twin,evil_twin
1683982138,-1,-100,-100,-100,0,0,96,0,0,0,62,64,160,130,54,286.28,98,0,7,-996,evil_twin,evil_twin
1683982138,-1,-100,-100,-100,0,0,96,0,0,0,62,64,161,130,54,286.32,98,14,-6,-995,evil_twin,evil_twin
1683982138,-1,-100,-100,-100,0,0,96,0,0,0,62,64,161,130,54,286.34,99,-4,5,-1002,evil_twin,evil_twin
1683982138,-1,-100,-100,-100,0,0,96,0,0,0,62,64,161,130,54,286.3,99,7,7,-997,evil_twin,evil_twin
1683982138,-1,-100,-100,-100,0,0,96,0,0,0,62,64,160,130,54,286.28,99,0,-6,-994,evil_twin,evil_twin
1683982138,-1,-100,-100,-100,0,0,96,0,0,0,62,64,160,130,54,286.35,99,2,0,-996,evil_twin,evil_twin
1683982138,-1,-100,-100,-100,0,0,96,0,0,0,62,64,160,130,54,286.27,99,1,-1,-992,evil_twin,evil_twin
1683982138,-1,-100,-100,-100,0,0,96,0,0,0,62,64,159,130,54,286.29,99,-18,-12,-989,evil_twin,evil_twin
1683982138,-1,-100,-100,-100,0,0,96,0,0,0,62,64,160,130,54,286.27,99,0,-2,-1009,evil_twin,evil_twin
1683982139,-1,-100,-100,-100,0,0,96,0,0,0,62,64,160,130,54,286.27,99,0,-2,-1009,evil_twin,evil_twin
1683982139,-1,-100,-100,-100,0,0,96,0,0,0,62,64,159,130,54,286.32,99,5,-7,-988,evil_twin,evil_twin
1683982139,-1,-100,-100,-100,0,0,96,0,0,0,62,64,160,130,54,286.26,99,-12,0,-987,evil_twin,evil_twin
1683982139,-1,-100,-100,-100,0,0,96,0,0,0,62,64,159,130,54,286.24,99,-6,19,-978,evil_twin,evil_twin
1683982139,-1,-100,-100,-100,0,-6,96,0,0,0,62,64,161,130,54,286.36,100,2,-15,-1034,evil_twin,evil_twin
1683982139,-1,-100,-100,-100,0,-7,96,-1,0,0,62,64,160,130,54,286.27,100,-6,3,-1010,evil_twin,evil_twin
1683982139,-1,-100,-100,-100,0,-4,96,-2,0,0,62,64,159,130,54,286.25,100,6,9,-1009,evil_twin,evil_twin
1683982139,-1,-100,-100,-100,0,-2,96,-3,0,0,62,64,160,130,54,286.28,100,5,15,-994,evil_twin,evil_twin
1683982139,-1,-100,-100,-100,0,0,96,-3,0,0,62,64,160,130,54,286.31,100,5,7,-996,evil_twin,evil_twin
1683982139,-1,-100,-100,-100,0,0,96,-3,0,0,62,64,160,130,54,286.3,100,7,24,-1001,evil_twin,evil_twin
1683982139,-1,-100,-100,-100,0,0,96,-3,0,0,62,64,160,130,54,286.37,100,4,4,-988,evil_twin,evil_twin
1683982140,-1,-100,-100,-100,0,0,96,-3,0,0,62,64,160,130,54,286.37,100,4,4,-988,evil_twin,evil_twin
1683982140,-1,-100,-100,-100,0,0,96,-2,0,0,62,65,160,130,54,286.3,100,24,5,-980,evil_twin,evil_twin
1683982140,-1,-100,-100,-100,0,0,96,-2,0,0,62,65,160,130,54,286.28,100,8,11,-1011,evil_twin,evil_twin
1683982140,-1,-100,-100,-100,0,0,96,-2,0,0,62,65,161,130,54,286.29,100,13,8,-1002,evil_twin,evil_twin
1683982140,-1,-100,-100,-100,0,0,96,-2,0,0,62,65,161,130,54,286.31,101,12,3,-1013,evil_twin,evil_twin
1683982140,-1,-100,-100,-100,0,0,96,-2,0,0,62,65,160,130,54,286.3,101,1,11,-999,evil_twin,evil_twin
1683982140,-1,-100,-100,-100,0,0,96,-2,0,0,62,65,161,130,54,286.3,101,1,15,-996,evil_twin,evil_twin
1683982140,-1,-100,-100,-100,0,0,96,-2,0,0,62,65,162,130,54,286.25,101,0,14,-998,evil_twin,evil_twin
1683982140,-1,-100,-100,-100,0,0,96,-2,0,0,62,65,162,130,54,286.28,101,5,12,-982,evil_twin,evil_twin
1683982140,-1,-100,-100,-100,0,2,96,-1,0,0,62,65,162,130,54,286.32,101,5,5,-1008,evil_twin,evil_twin
1683982141,-1,-100,-100,-100,0,2,96,-1,0,0,62,65,162,130,54,286.32,101,5,5,-1008,evil_twin,evil_twin
1683982141,-1,-100,-100,-100,0,4,96,-1,0,0,62,65,162,130,54,286.29,101,11,17,-974,evil_twin,evil_twin
1683982141,-1,-100,-100,-100,0,2,96,0,0,0,62,65,162,130,54,286.32,101,18,2,-1019,evil_twin,evil_twin
1683982141,-1,-100,-100,-100,0,0,96,0,0,0,62,65,161,130,54,286.32,101,1,0,-996,evil_twin,evil_twin
1683982141,-1,-100,-100,-100,0,0,96,0,0,0,62,65,161,130,54,286.3,101,-8,0,-1002,evil_twin,evil_twin
1683982141,-1,-100,-100,-100,0,0,96,0,0,0,62,65,160,130,54,286.31,102,29,11,-1001,evil_twin,evil_twin
1683982141,-1,-100,-100,-100,0,0,96,0,0,0,62,65,160,130,54,286.3,102,-12,1,-1003,evil_twin,evil_twin
1683982141,-1,-100,-100,-100,0,0,96,0,0,0,62,65,160,130,54,286.34,102,4,0,-1000,evil_twin,evil_twin
1683982141,-1,-100,-100,-100,0,0,96,0,0,0,62,65,160,130,54,286.26,102,7,1,-997,evil_twin,evil_twin
1683982141,-1,-100,-100,-100,0,0,96,0,0,0,62,65,160,130,54,286.31,102,11,-7,-1007,evil_twin,evil_twin
1683982141,-1,-100,-100,-100,0,0,96,0,0,0,62,65,160,130,54,286.26,102,6,-1,-1006,evil_twin,evil_twin
1683982141,-1,-100,-100,-100,0,0,96,0,0,0,62,65,160,130,54,286.32,102,16,-1,-1008,evil_twin,evil_twin
1683982142,-1,-100,-100,-100,0,0,96,0,0,0,62,65,160,130,54,286.32,102,16,-1,-1008,evil_twin,evil_twin
1683982142,-1,-100,-100,-100,0,0,96,0,0,0,62,64,160,130,54,286.2,102,4,0,-1003,evil_twin,evil_twin
1683982142,-1,-100,-100,-100,0,0,96,0,0,0,62,64,160,130,54,286.27,102,-3,0,-1006,evil_twin,evil_twin
1683982142,-1,-100,-100,-100,0,0,96,0,0,0,62,64,160,130,54,286.28,102,5,1,-974,evil_twin,evil_twin
1683982142,-1,-100,-100,-100,0,0,96,0,0,0,62,64,159,130,54,286.34,103,10,-11,-999,evil_twin,evil_twin
1683982142,-1,-100,-100,-100,0,0,96,0,0,0,62,64,159,130,54,286.2,103,3,8,-1004,evil_twin,evil_twin
1683982142,-1,-100,-100,-100,0,0,96,0,0,0,62,64,158,130,53,286.26,103,1,1,-1000,evil_twin,evil_twin
1683982142,-1,-100,-100,-100,0,0,96,0,0,0,62,64,158,130,53,286.3,103,5,0,-998,evil_twin,evil_twin
1683982142,-1,-100,-100,-100,0,0,96,0,0,0,62,64,159,130,53,286.27,103,3,1,-993,evil_twin,evil_twin
1683982142,-1,-100,-100,-100,0,0,96,0,0,0,62,64,158,130,53,286.26,103,7,1,-1011,evil_twin,evil_twin
1683982142,-1,-100,-100,-100,0,0,96,0,0,0,62,64,158,130,53,286.24,103,2,0,-1002,evil_twin,evil_twin
1683982143,-1,-100,-100,-100,0,0,96,0,0,0,62,64,158,130,53,286.24,103,2,0,-1002,evil_twin,evil_twin
1683982143,-1,-100,-100,-100,0,0,96,0,0,0,62,65,158,130,53,286.29,103,-5,-3,-992,evil_twin,evil_twin
1683982143,-1,-100,-100,-100,0,0,96,0,0,0,62,65,158,130,53,286.3,103,27,0,-1011,evil_twin,evil_twin
1683982143,-1,-100,-100,-100,0,0,96,0,0,0,62,65,157,130,53,286.29,103,-15,0,-992,evil_twin,evil_twin
1683982143,-1,-100,-100,-100,0,0,96,0,0,0,62,65,157,120,53,286.22,104,2,0,-1001,evil_twin,evil_twin
1683982143,-1,-100,-100,-100,0,0,96,0,0,0,62,65,157,120,53,286.26,104,17,6,-1013,evil_twin,evil_twin
1683982143,-1,-100,-100,-100,0,0,96,0,0,0,62,65,158,120,53,286.31,104,4,1,-1004,evil_twin,evil_twin
1683982143,-1,-100,-100,-100,0,0,96,0,0,0,62,65,157,120,53,286.27,104,4,0,-995,evil_twin,evil_twin
1683982143,-1,-100,-100,-100,0,0,96,0,0,0,62,65,158,120,53,286.29,104,12,2,-1004,evil_twin,evil_twin
1683982143,-1,-100,-100,-100,0,0,96,0,0,0,62,65,157,120,53,286.23,104,21,5,-1009,evil_twin,evil_twin
1683982143,-1,-100,-100,-100,0,0,96,0,0,0,62,65,158,120,53,286.21,104,15,3,-1012,evil_twin,evil_twin
1683982144,-1,-100,-100,-100,0,0,96,0,0,0,62,65,158,120,53,286.21,104,15,3,-1012,evil_twin,evil_twin
1683982144,-1,-100,-100,-100,0,0,96,0,0,0,62,65,158,120,53,286.22,104,19,16,-997,evil_twin,evil_twin
1683982144,-1,-100,-100,-100,0,0,96,0,0,0,62,65,158,120,53,286.29,104,33,2,-1001,evil_twin,evil_twin
1683982144,-1,-100,-100,-100,0,0,96,0,0,0,62,65,157,130,53,286.23,104,5,7,-1000,evil_twin,evil_twin
1683982144,-1,-100,-100,-100,0,0,96,0,0,0,62,65,157,130,53,286.26,105,7,0,-988,evil_twin,evil_twin
1683982144,-1,-100,-100,-100,0,0,96,0,0,0,62,65,157,130,53,286.23,105,3,13,-1004,evil_twin,evil_twin
1683982144,-1,-100,-100,-100,0,0,96,0,0,0,62,65,157,130,53,286.19,105,2,7,-1003,evil_twin,evil_twin
1683982144,-1,-100,-100,-100,0,0,96,0,0,0,62,65,157,120,53,286.22,105,13,3,-1004,evil_twin,evil_twin
1683982144,-1,-100,-100,-100,0,0,96,0,0,0,62,65,157,120,53,286.27,105,-3,11,-995,evil_twin,evil_twin
1683982144,-1,-100,-100,-100,0,0,96,0,0,0,62,65,157,120,53,286.24,105,11,3,-1014,evil_twin,evil_twin
1683982145,-1,-100,-100,-100,0,0,96,0,0,0,62,65,157,120,53,286.24,105,11,3,-1014,evil_twin,evil_twin
1683982145,-1,-100,-100,-100,0,0,96,0,0,0,62,65,157,120,53,286.26,105,9,3,-1006,evil_twin,evil_twin
1683982145,-1,-100,-100,-100,0,0,96,0,0,0,62,65,157,120,53,286.22,105,5,3,-1000,evil_twin,evil_twin
1683982145,-1,-100,-100,-100,0,0,96,0,0,0,62,65,157,120,53,286.19,105,1,5,-1009,evil_twin,evil_twin
1683982145,-1,-100,-100,-100,0,0,96,0,0,0,62,65,156,120,53,286.22,105,24,3,-1003,evil_twin,evil_twin
1683982145,-1,-100,-100,-100,0,0,96,0,0,0,62,65,157,120,53,286.2,106,8,11,-1000,evil_twin,evil_twin
1683982145,-1,-100,-100,-100,0,0,96,0,0,0,62,65,156,120,53,286.27,106,17,-1,-997,evil_twin,evil_twin
1683982145,-1,-100,-100,-100,0,0,96,0,0,0,62,65,157,120,53,286.26,106,6,17,-1009,evil_twin,evil_twin
1683982145,-1,-100,-100,-100,0,0,96,0,0,0,62,65,156,120,53,286.22,106,25,1,-994,evil_twin,evil_twin
1683982145,-1,-100,-100,-100,0,0,96,0,0,0,62,65,157,120,53,286.3,106,9,7,-1017,evil_twin,evil_twin
1683982145,-1,-100,-100,-100,0,0,96,0,0,0,62,65,157,120,53,286.2,106,24,1,-989,evil_twin,evil_twin
1683982145,-1,-100,-100,-100,0,0,96,0,0,0,62,65,156,120,53,286.26,106,0,6,-990,evil_twin,evil_twin
1683982146,-1,-100,-100,-100,0,0,96,0,0,0,62,65,156,120,53,286.26,106,0,6,-990,evil_twin,evil_twin
1683982146,-1,-100,-100,-100,0,0,96,0,0,0,62,65,156,120,53,286.27,106,10,4,-1013,evil_twin,evil_twin
1683982146,-1,-100,-100,-100,0,0,96,0,0,0,62,65,157,120,53,286.24,106,19,12,-1009,evil_twin,evil_twin
1683982146,-1,-100,-100,-100,0,0,96,0,0,0,62,65,157,120,53,286.26,106,16,9,-1010,evil_twin,evil_twin
1683982146,-1,-100,-100,-100,0,0,96,0,0,0,62,65,157,120,53,286.26,107,3,12,-1002,evil_twin,evil_twin
1683982146,-1,-100,-100,-100,0,0,96,0,0,0,62,65,157,120,53,286.26,107,-5,5,-1004,evil_twin,evil_twin
1683982146,-1,-100,-100,-100,0,0,96,0,0,0,62,65,158,120,53,286.27,107,11,12,-1017,evil_twin,evil_twin
1683982146,-1,-100,-100,-100,0,0,96,0,0,0,62,65,158,120,53,286.25,107,7,4,-994,evil_twin,evil_twin
1683982146,-1,-100,-100,-100,0,0,96,0,0,0,62,65,157,120,53,286.27,107,10,11,-1009,evil_twin,evil_twin
1683982146,-1,-100,-100,-100,0,0,96,0,0,0,62,65,157,130,53,286.21,107,5,8,-986,evil_twin,evil_twin
1683982146,-1,-100,-100,-100,0,0,96,0,0,0,62,65,158,130,53,286.28,107,21,4,-1002,evil_twin,evil_twin
1683982147,-1,-100,-100,-100,0,0,96,0,0,0,62,65,158,130,53,286.28,107,21,4,-1002,evil_twin,evil_twin
1683982147,-1,-100,-100,-100,0,0,96,0,0,0,62,65,158,130,53,286.28,107,11,-3,-1003,evil_twin,evil_twin
1683982147,-1,-100,-100,-100,0,0,96,0,0,0,62,65,159,130,53,286.23,107,5,0,-995,evil_twin,evil_twin
1683982147,-1,-100,-100,-100,0,0,96,0,0,0,62,65,159,130,53,286.24,107,2,7,-1002,evil_twin,evil_twin
1683982147,-1,-100,-100,-100,0,0,96,0,0,0,62,65,159,130,53,286.25,108,19,7,-1009,evil_twin,evil_twin
1683982147,-1,-100,-100,-100,0,0,96,0,0,0,62,65,160,130,53,286.25,108,15,-6,-986,evil_twin,evil_twin
1683982147,-1,-100,-100,-100,0,0,96,0,0,0,62,65,160,130,53,286.31,108,18,-1,-1009,evil_twin,evil_twin
1683982147,-1,-100,-100,-100,0,0,96,0,0,0,62,65,161,130,53,286.34,108,0,4,-972,evil_twin,evil_twin
1683982147,-1,-100,-100,-100,0,0,96,0,0,0,62,65,161,130,53,286.32,108,7,2,-1010,evil_twin,evil_twin
1683982147,-1,-100,-100,-100,0,0,96,0,0,0,62,65,161,130,53,286.27,108,14,1,-994,evil_twin,evil_twin
1683982148,-1,-100,-100,-100,0,0,96,0,0,0,62,65,161,130,53,286.27,108,14,1,-994,evil_twin,evil_twin
1683982148,-1,-100,-100,-100,0,0,96,0,0,0,62,65,161,130,53,286.33,108,-5,7,-1000,evil_twin,evil_twin
1683982148,-1,-100,-100,-100,0,0,96,0,0,0,62,65,160,130,53,286.32,108,0,2,-996,evil_twin,evil_twin
1683982148,-1,-100,-100,-100,0,0,96,0,0,0,62,65,161,130,53,286.23,108,23,0,-996,evil_twin,evil_twin
1683982148,-1,-100,-100,-100,0,0,96,0,0,0,62,65,160,130,53,286.36,108,7,-1,-973,evil_twin,evil_twin
1683982148,-1,-100,-100,-100,0,0,96,0,0,0,62,65,160,130,53,286.33,109,0,-4,-1006,evil_twin,evil_twin
1683982148,-1,-100,-100,-100,0,0,96,0,0,0,62,65,160,130,53,286.28,109,6,4,-1005,evil_twin,evil_twin
1683982148,-1,-100,-100,-100,0,0,96,0,0,0,62,65,160,130,52,286.39,109,5,2,-985,evil_twin,evil_twin
1683982148,-1,-100,-100,-100,0,0,96,0,0,0,62,65,160,130,52,286.32,109,-2,8,-1001,evil_twin,evil_twin
1683982148,-1,-100,-100,-100,0,0,96,0,0,0,62,65,158,130,52,286.24,109,28,0,-1026,evil_twin,evil_twin
1683982148,-1,-100,-100,-100,0,0,96,0,0,0,62,65,160,130,52,286.24,109,0,5,-1012,evil_twin,evil_twin
1683982149,-1,-100,-100,-100,0,0,96,0,0,0,62,65,160,130,52,286.24,109,0,5,-1012,evil_twin,evil_twin
1683982149,-1,-100,-100,-100,0,0,96,0,0,0,62,65,160,130,52,286.3,109,11,-9,-987,evil_twin,evil_twin
1683982149,-1,-100,-100,-100,0,0,96,0,0,0,62,65,160,130,52,286.29,109,5,2,-996,evil_twin,evil_twin
1683982149,-1,-100,-100,-100,0,0,96,0,0,0,62,65,160,130,52,286.25,109,0,9,-1010,evil_twin,evil_twin
1683982149,-1,-100,-100,-100,0,0,96,0,0,0,62,65,160,130,52,286.34,109,4,3,-1022,evil_twin,evil_twin
1683982149,-1,-100,-100,-100,-3,0,96,0,0,0,62,65,160,130,52,286.21,110,15,-5,-980,evil_twin,evil_twin
1683982149,-1,-100,-100,-100,-7,0,96,0,-1,0,62,65,160,130,52,286.31,110,-7,11,-1000,evil_twin,evil_twin
1683982149,-1,-100,-100,-100,-5,0,96,0,-2,0,62,65,160,130,52,286.31,110,-10,12,-1022,evil_twin,evil_twin
1683982149,-1,-100,-100,-100,-2,0,96,0,-3,0,62,65,161,130,52,286.26,110,-5,2,-1006,evil_twin,evil_twin
1683982149,-1,-100,-100,-100,-1,0,96,0,-3,0,62,65,160,130,52,286.29,110,-22,11,-999,evil_twin,evil_twin
1683982149,-1,-100,-100,-100,0,0,96,0,-3,0,62,65,161,130,52,286.24,110,-16,2,-992,evil_twin,evil_twin
1683982149,-1,-100,-100,-100,0,0,96,0,-2,0,62,65,161,130,52,286.26,110,-31,5,-986,evil_twin,evil_twin
1683982150,-1,-100,-100,-100,0,0,96,0,-2,0,62,65,161,130,52,286.26,110,-31,5,-986,evil_twin,evil_twin
1683982150,-1,-100,-100,-100,0,0,96,0,-2,0,62,65,159,130,52,286.28,110,-29,6,-998,evil_twin,evil_twin
1683982150,-1,-100,-100,-100,0,0,96,0,-2,0,62,65,160,130,52,286.31,110,-2,3,-988,evil_twin,evil_twin
1683982150,-1,-100,-100,-100,0,0,96,0,-2,0,62,65,159,130,52,286.26,110,-2,8,-998,evil_twin,evil_twin
1683982150,-1,-100,-100,-100,0,0,95,0,-2,0,62,65,159,130,52,286.26,111,7,15,-1000,evil_twin,evil_twin
1683982150,-1,-100,-100,-100,0,0,96,0,-2,0,62,65,160,130,52,286.25,111,0,10,-992,evil_twin,evil_twin
1683982150,-1,-100,-100,-100,0,0,96,0,-2,0,62,65,159,130,52,286.31,111,-8,6,-996,evil_twin,evil_twin
1683982150,-1,-100,-100,-100,0,0,96,0,-2,0,62,65,158,130,52,286.25,111,-11,2,-996,evil_twin,evil_twin
1683982150,-1,-100,-100,-100,0,0,96,0,-2,0,62,65,155,130,52,286.29,111,-13,6,-1000,evil_twin,evil_twin
1683982150,-1,-100,-100,-100,0,0,96,0,-2,0,62,65,150,130,52,286.29,111,-15,5,-1007,evil_twin,evil_twin
1683982151,-1,-100,-100,-100,0,0,96,0,-2,0,62,65,150,130,52,286.29,111,-15,5,-1007,evil_twin,evil_twin
1683982151,-1,-100,-100,-100,2,0,96,0,-1,0,62,65,144,130,52,286.31,111,-13,11,-1030,evil_twin,evil_twin
1683982151,-1,-100,-100,-100,3,0,96,0,0,0,62,65,146,130,52,286.24,111,-13,2,-1014,evil_twin,evil_twin
1683982151,-1,-100,-100,-100,1,0,96,0,0,0,62,65,149,120,52,286.33,111,12,7,-1000,evil_twin,evil_twin
1683982151,-1,-100,-100,-100,0,0,96,0,0,0,62,65,150,120,52,286.26,111,7,3,-1002,evil_twin,evil_twin
1683982151,-1,-100,-100,-100,0,0,96,0,0,0,62,65,150,120,52,286.26,112,11,7,-1017,evil_twin,evil_twin
1683982151,-1,-100,-100,-100,0,0,96,0,0,0,62,65,150,120,52,286.24,112,12,0,-1014,evil_twin,evil_twin
1683982151,-1,-100,-100,-100,0,0,96,0,0,0,62,65,150,120,52,286.25,112,-8,4,-1003,evil_twin,evil_twin
1683982151,-1,-100,-100,-100,0,0,96,0,0,0,62,65,150,120,52,286.27,112,3,-3,-1013,evil_twin,evil_twin
1683982151,-1,-100,-100,-100,0,0,96,0,0,0,62,65,152,120,52,286.31,112,3,0,-999,evil_twin,evil_twin
1683982151,-1,-100,-100,-100,0,0,96,0,0,0,62,65,152,120,52,286.19,112,19,20,-1009,evil_twin,evil_twin
1683982152,-1,-100,-100,-100,0,0,96,0,0,0,62,65,152,120,52,286.19,112,19,20,-1009,evil_twin,evil_twin
1683982152,-1,-100,-100,-100,0,0,96,0,0,0,62,65,153,120,52,286.33,112,-10,5,-985,evil_twin,evil_twin
1683982152,-1,-100,-100,-100,0,0,96,0,0,0,62,65,154,120,52,286.28,112,8,3,-1012,evil_twin,evil_twin
1683982152,-1,-100,-100,-100,0,0,96,0,0,0,62,65,154,120,52,286.29,112,12,6,-991,evil_twin,evil_twin
1683982152,-1,-100,-100,-100,0,0,96,0,0,0,62,65,155,120,52,286.3,113,14,7,-1002,evil_twin,evil_twin
1683982152,-1,-100,-100,-100,0,0,96,0,0,0,62,65,155,120,52,286.27,113,20,-5,-1002,evil_twin,evil_twin
1683982152,-1,-100,-100,-100,0,0,96,0,0,0,62,65,156,120,52,286.29,113,-3,6,-995,evil_twin,evil_twin
1683982152,-1,-100,-100,-100,0,0,96,0,0,0,62,65,157,120,52,286.33,113,9,8,-1005,evil_twin,evil_twin
1683982152,-1,-100,-100,-100,0,0,96,0,0,0,62,65,158,120,52,286.36,113,27,7,-995,evil_twin,evil_twin
1683982152,-1,-100,-100,-100,0,0,96,0,0,0,62,65,158,120,52,286.31,113,12,5,-997,evil_twin,evil_twin
1683982153,-1,-100,-100,-100,0,0,96,0,0,0,62,65,158,120,52,286.31,113,12,5,-997,evil_twin,evil_twin
1683982153,-1,-100,-100,-100,0,0,96,0,0,0,62,65,157,120,52,286.35,113,9,2,-1004,evil_twin,evil_twin
1683982153,-1,-100,-100,-100,0,0,96,0,0,0,62,65,156,120,52,286.28,113,-16,1,-987,evil_twin,evil_twin
1683982153,-1,-100,-100,-100,0,0,96,0,0,0,62,65,157,120,52,286.32,113,0,0,-991,evil_twin,evil_twin
1683982153,-1,-100,-100,-100,0,0,96,0,0,0,62,65,157,120,52,286.32,114,12,8,-999,evil_twin,evil_twin
1683982153,-1,-100,-100,-100,0,0,96,0,0,0,62,65,157,120,52,286.26,114,7,-1,-1003,evil_twin,evil_twin
1683982153,-1,-100,-100,-100,0,0,96,0,0,0,62,65,157,120,52,286.27,114,-2,5,-1001,evil_twin,evil_twin
1683982153,-1,-100,-100,-100,0,0,96,0,0,0,62,65,156,120,52,286.38,114,4,4,-999,evil_twin,evil_twin
1683982153,-1,-100,-100,-100,0,0,96,0,0,0,62,65,157,120,52,286.35,114,7,1,-1010,evil_twin,evil_twin
1683982153,-1,-100,-100,-100,0,0,96,0,0,0,62,65,156,120,52,286.29,114,9,9,-997,evil_twin,evil_twin
1683982153,-1,-100,-100,-100,0,0,96,0,0,0,62,65,156,120,52,286.33,114,6,3,-1001,evil_twin,evil_twin
1683982154,-1,-100,-100,-100,0,0,96,0,0,0,62,65,156,120,52,286.33,114,6,3,-1001,evil_twin,evil_twin
1683982154,-1,-100,-100,-100,0,0,96,0,0,0,62,65,155,120,52,286.25,114,12,4,-994,evil_twin,evil_twin
1683982154,-1,-100,-100,-100,0,0,96,0,0,0,63,65,156,120,52,286.32,114,-4,9,-993,evil_twin,evil_twin
1683982154,-1,-100,-100,-100,0,0,96,0,0,0,63,65,156,120,52,286.25,114,-4,15,-995,evil_twin,evil_twin
1683982154,-1,-100,-100,-100,0,0,96,0,0,0,63,65,157,120,52,286.34,115,-12,8,-988,evil_twin,evil_twin
1683982154,-1,-100,-100,-100,0,0,96,0,0,0,63,65,157,120,52,286.32,115,2,4,-1001,evil_twin,evil_twin
1683982154,-1,-100,-100,-100,0,0,96,0,0,0,63,65,158,120,52,286.32,115,16,8,-1004,evil_twin,evil_twin
1683982154,-1,-100,-100,-100,0,0,96,0,0,0,63,65,156,120,52,286.28,115,16,6,-1004,evil_twin,evil_twin
1683982154,-1,-100,-100,-100,0,0,96,0,0,0,63,65,156,120,52,286.32,115,-9,0,-1000,evil_twin,evil_twin
1683982154,-1,-100,-100,-100,0,0,96,0,0,0,63,65,155,120,52,286.34,115,13,7,-1005,evil_twin,evil_twin
1683982154,-1,-100,-100,-100,0,0,96,0,0,0,63,65,154,120,52,286.34,115,2,7,-1011,evil_twin,evil_twin
1683982155,-1,-100,-100,-100,0,0,96,0,0,0,63,65,154,120,52,286.34,115,2,7,-1011,evil_twin,evil_twin
1683982155,-1,-100,-100,-100,0,0,96,0,0,0,62,65,155,120,52,286.28,115,-4,4,-1006,evil_twin,evil_twin
1683982155,-1,-100,-100,-100,0,0,96,0,0,0,62,65,154,120,52,286.27,115,6,5,-1003,evil_twin,evil_twin
1683982155,-1,-100,-100,-100,0,0,96,0,0,0,62,65,155,120,52,286.35,116,-6,3,-1002,evil_twin,evil_twin
1683982155,-1,-100,-100,-100,0,0,96,0,0,0,62,65,154,120,52,286.34,116,5,7,-991,evil_twin,evil_twin
1683982155,-1,-100,-100,-100,0,0,96,0,0,0,62,65,156,120,52,286.39,116,-7,6,-998,evil_twin,evil_twin
1683982155,-1,-100,-100,-100,0,0,96,0,0,0,62,65,154,120,52,286.3,116,0,10,-1006,evil_twin,evil_twin
1683982155,-1,-100,-100,-100,0,0,96,0,0,0,62,65,155,120,52,286.28,116,12,11,-1015,evil_twin,evil_twin
1683982155,-1,-100,-100,-100,0,0,96,0,0,0,62,65,154,120,52,286.26,116,18,6,-1016,evil_twin,evil_twin
1683982155,-1,-100,-100,-100,0,0,96,0,0,0,62,65,154,120,52,286.32,116,-4,4,-999,evil_twin,evil_twin
1683982156,-1,-100,-100,-100,0,0,96,0,0,0,62,65,154,120,52,286.32,116,-4,4,-999,evil_twin,evil_twin
1683982156,-1,-100,-100,-100,0,0,96,0,0,0,62,65,155,120,52,286.35,116,-3,8,-1005,evil_twin,evil_twin
1683982156,-1,-100,-100,-100,0,0,96,0,0,0,62,65,155,120,52,286.33,116,14,13,-1007,evil_twin,evil_twin
1683982156,-1,-100,-100,-100,0,0,96,0,0,0,62,65,156,120,52,286.39,116,0,3,-998,evil_twin,evil_twin
1683982156,-1,-100,-100,-100,0,0,96,0,0,0,62,65,155,120,52,286.25,117,8,12,-1002,evil_twin,evil_twin
1683982156,-1,-100,-100,-100,0,0,96,0,0,0,62,65,156,120,52,286.3,117,-7,0,-993,evil_twin,evil_twin
1683982156,-1,-100,-100,-100,0,0,96,0,0,0,62,65,156,120,52,286.32,117,-6,8,-1000,evil_twin,evil_twin
1683982156,-1,-100,-100,-100,0,0,96,0,0,0,62,65,156,120,52,286.34,117,-3,-4,-994,evil_twin,evil_twin
1683982156,-1,-100,-100,-100,0,0,96,0,0,0,62,65,155,120,52,286.32,117,4,2,-999,evil_twin,evil_twin
1683982156,-1,-100,-100,-100,0,0,96,0,0,0,62,65,155,120,52,286.35,117,17,12,-1008,evil_twin,evil_twin
1683982156,-1,-100,-100,-100,0,0,96,0,0,0,62,65,155,120,52,286.32,117,-13,2,-991,evil_twin,evil_twin
1683982157,-1,-100,-100,-100,0,0,96,0,0,0,62,65,155,120,52,286.32,117,-13,2,-991,evil_twin,evil_twin
1683982157,-1,-100,-100,-100,0,0,96,0,0,0,62,65,155,120,52,286.37,117,-2,14,-1005,evil_twin,evil_twin
1683982157,-1,-100,-100,-100,0,0,96,0,0,0,62,65,155,120,52,286.3,117,0,11,-1003,evil_twin,evil_twin
1683982157,-1,-100,-100,-100,0,0,96,0,0,0,62,65,155,120,52,286.34,117,7,10,-1004,evil_twin,evil_twin
1683982157,-1,-100,-100,-100,0,0,96,0,0,0,62,65,155,120,52,286.39,118,0,-1,-996,evil_twin,evil_twin
1683982157,-1,-100,-100,-100,0,0,96,0,0,0,62,65,156,120,52,286.46,118,10,14,-1007,evil_twin,evil_twin
1683982157,-1,-100,-100,-100,0,0,96,0,0,0,62,65,155,120,52,286.39,118,-5,1,-1005,evil_twin,evil_twin
1683982157,-1,-100,-100,-100,0,0,96,0,0,0,62,65,157,120,51,286.31,118,8,11,-997,evil_twin,evil_twin
1683982157,-1,-100,-100,-100,0,0,96,0,0,0,62,65,155,120,51,286.32,118,-14,-2,-990,evil_twin,evil_twin
1683982157,-1,-100,-100,-100,0,0,96,0,0,0,62,65,156,120,51,286.32,118,-16,3,-1005,evil_twin,evil_twin
1683982157,-1,-100,-100,-100,0,0,96,0,0,0,62,65,156,120,51,286.32,118,-14,2,-999,evil_twin,evil_twin
1683982158,-1,-100,-100,-100,0,0,96,0,0,0,62,65,156,120,51,286.32,118,-14,2,-999,evil_twin,evil_twin
1683982158,-1,-100,-100,-100,0,0,96,0,0,0,62,65,156,120,51,286.3,118,11,-6,-992,evil_twin,evil_twin
1683982158,-1,-100,-100,-100,0,0,96,0,0,0,63,65,157,120,51,286.33,118,-8,0,-1003,evil_twin,evil_twin
1683982158,-1,-100,-100,-100,0,0,96,0,0,0,63,65,157,120,51,286.28,118,0,-3,-990,evil_twin,evil_twin
1683982158,-1,-100,-100,-100,0,0,96,0,0,0,63,65,156,120,51,286.34,119,-3,7,-1002,evil_twin,evil_twin
1683982158,-1,-100,-100,-100,0,0,96,0,0,0,63,65,158,120,51,286.41,119,10,5,-1000,evil_twin,evil_twin
1683982158,-1,-100,-100,-100,0,0,96,0,0,0,63,65,157,120,51,286.38,119,6,-1,-1007,evil_twin,evil_twin
1683982158,-1,-100,-100,-100,0,0,96,0,0,0,63,65,156,120,51,286.36,119,2,0,-1009,evil_twin,evil_twin
1683982158,-1,-100,-100,-100,0,0,96,0,0,0,63,65,156,120,51,286.34,119,-6,0,-1004,evil_twin,evil_twin
1683982158,-1,-100,-100,-100,0,0,96,0,0,0,63,65,156,120,51,286.38,119,-4,0,-996,evil_twin,evil_twin
1683982158,-1,-100,-100,-100,0,0,96,0,0,0,63,65,157,120,51,286.3,119,25,-7,-1012,evil_twin,evil_twin
1683982159,-1,-100,-100,-100,0,0,96,0,0,0,63,65,157,120,51,286.3,119,25,-7,-1012,evil_twin,evil_twin
1683982159,-1,-100,-100,-100,0,0,96,0,0,0,63,65,157,120,51,286.3,119,10,-9,-997,evil_twin,evil_twin
1683982159,-1,-100,-100,-100,0,0,96,0,0,0,62,65,156,120,51,286.34,119,-7,3,-1005,evil_twin,evil_twin
1683982159,-1,-100,-100,-100,0,0,96,0,0,0,62,65,158,130,51,286.32,119,-9,-2,-1000,evil_twin,evil_twin
1683982159,-1,-100,-100,-100,0,0,96,0,0,0,62,65,154,130,51,286.34,120,8,4,-981,evil_twin,evil_twin
1683982159,-1,-100,-100,-100,6,0,96,0,0,0,62,65,149,130,51,286.32,120,-2,0,-1026,evil_twin,evil_twin
1683982159,-1,-100,-100,-100,6,0,96,0,1,0,62,65,149,120,51,286.43,120,18,3,-1011,evil_twin,evil_twin
1683982159,-1,-100,-100,-100,4,0,96,0,2,0,62,65,153,120,51,286.32,120,3,-4,-1006,evil_twin,evil_twin
1683982159,-1,-100,-100,-100,2,0,96,0,3,0,62,65,160,120,51,286.37,120,5,-2,-1002,evil_twin,evil_twin
1683982159,-1,-100,-100,-100,0,0,96,0,3,0,62,65,162,120,51,286.43,120,8,-8,-993,evil_twin,evil_twin
1683982159,-1,-100,-100,-100,0,0,96,0,3,0,62,65,162,120,51,286.35,120,17,-1,-991,evil_twin,evil_twin
1683982160,-1,-100,-100,-100,0,0,96,0,3,0,62,65,162,120,51,286.35,120,17,-1,-991,evil_twin,evil_twin
1683982160,-1,-100,-100,-100,0,0,96,0,2,0,62,65,162,120,51,286.34,120,21,-2,-1006,evil_twin,evil_twin
1683982160,-1,-100,-100,-100,0,0,96,0,2,0,62,65,162,120,51,286.33,120,19,4,-1004,evil_twin,evil_twin
1683982160,-1,-100,-100,-100,0,0,96,0,2,0,62,65,162,120,51,286.34,120,14,9,-1008,evil_twin,evil_twin
1683982160,-1,-100,-100,-100,0,0,96,0,2,0,62,65,162,120,51,286.45,121,17,1,-1002,evil_twin,evil_twin
1683982160,-1,-100,-100,-100,0,0,96,0,2,0,62,65,161,120,51,286.4,121,9,-10,-994,evil_twin,evil_twin
1683982160,-1,-100,-100,-100,0,0,96,0,2,0,62,65,162,120,51,286.4,121,20,1,-1004,evil_twin,evil_twin
1683982160,-1,-100,-100,-100,0,0,96,0,2,0,62,65,162,120,51,286.32,121,18,2,-1006,evil_twin,evil_twin
1683982160,-1,-100,-100,-100,0,0,96,0,2,0,62,65,162,130,51,286.33,121,18,0,-999,evil_twin,evil_twin
1683982160,-1,-100,-100,-100,0,0,96,0,2,0,62,65,163,130,51,286.36,121,13,1,-994,evil_twin,evil_twin
1683982160,-1,-100,-100,-100,-1,0,96,0,1,0,62,65,163,130,51,286.38,121,12,3,-1015,evil_twin,evil_twin
1683982161,-1,-100,-100,-100,-1,0,96,0,1,0,62,65,163,130,51,286.38,121,12,3,-1015,evil_twin,evil_twin
1683982161,-1,-100,-100,-100,-3,0,96,0,1,0,62,65,163,130,51,286.38,121,1,-3,-991,evil_twin,evil_twin
1683982161,-1,-100,-100,-100,-1,0,96,0,0,0,62,65,163,130,51,286.34,121,5,7,-1006,evil_twin,evil_twin
1683982161,-1,-100,-100,-100,0,0,96,0,0,0,62,65,162,130,51,286.39,121,3,0,-995,evil_twin,evil_twin
1683982161,-1,-100,-100,-100,0,0,96,0,0,0,62,65,162,130,51,286.39,122,11,8,-996,evil_twin,evil_twin
1683982161,-1,-100,-100,-100,0,0,96,0,0,0,62,65,162,130,51,286.34,122,12,12,-1008,evil_twin,evil_twin
1683982161,-1,-100,-100,-100,0,0,96,0,0,0,62,65,162,130,51,286.31,122,13,1,-1002,evil_twin,evil_twin
1683982161,-1,-100,-100,-100,0,0,96,0,0,0,62,65,162,130,51,286.37,122,-15,7,-992,evil_twin,evil_twin
1683982161,-1,-100,-100,-100,0,0,96,0,0,0,62,65,163,130,51,286.35,122,10,6,-993,evil_twin,evil_twin
1683982161,-1,-100,-100,-100,0,0,96,0,0,0,62,65,162,130,51,286.38,122,3,2,-996,evil_twin,evil_twin
1683982161,-1,-100,-100,-100,0,0,96,0,0,0,62,65,161,130,51,286.36,122,-4,4,-982,evil_twin,evil_twin
1683982162,-1,-100,-100,-100,0,0,96,0,0,0,62,65,161,130,51,286.36,122,-4,4,-982,evil_twin,evil_twin
1683982162,-1,-100,-100,-100,0,0,96,0,0,0,62,65,161,130,51,286.33,122,5,1,-1016,evil_twin,evil_twin
1683982162,-1,-100,-100,-100,0,0,96,0,0,0,63,65,161,130,51,286.3,122,-6,0,-1001,evil_twin,evil_twin
1683982162,-1,-100,-100,-100,0,0,96,0,0,0,63,65,161,130,51,286.37,122,17,5,-1016,evil_twin,evil_twin
1683982162,-1,-100,-100,-100,0,0,96,0,0,0,63,65,162,130,51,286.36,123,2,-4,-989,evil_twin,evil_twin
1683982162,-1,-100,-100,-100,0,0,96,0,0,0,63,65,161,130,51,286.34,123,1,11,-1004,evil_twin,evil_twin
1683982162,-1,-100,-100,-100,0,0,96,0,0,0,63,65,162,130,50,286.39,123,4,-7,-995,evil_twin,evil_twin
1683982162,-1,-100,-100,-100,0,0,96,0,0,0,63,65,162,130,50,286.37,123,16,2,-998,evil_twin,evil_twin
1683982162,-1,-100,-100,-100,0,0,96,0,0,0,63,65,161,130,50,286.4,123,4,0,-994,evil_twin,evil_twin
1683982162,-1,-100,-100,-100,0,0,96,0,0,0,63,65,161,130,50,286.39,123,15,-1,-1000,evil_twin,evil_twin
1683982162,-1,-100,-100,-100,0,0,96,0,0,0,63,65,163,130,50,286.39,123,-13,1,-991,evil_twin,evil_twin
1683982163,-1,-100,-100,-100,0,0,96,0,0,0,63,65,163,130,50,286.39,123,-13,1,-991,evil_twin,evil_twin
1683982163,-1,-100,-100,-100,0,0,96,0,0,0,63,65,161,130,50,286.38,123,24,-1,-1020,evil_twin,evil_twin
1683982163,-1,-100,-100,-100,0,0,96,0,0,0,62,65,162,130,50,286.36,123,17,0,-973,evil_twin,evil_twin
1683982163,-1,-100,-100,-100,0,0,96,0,0,0,62,65,161,130,50,286.41,123,-12,-4,-993,evil_twin,evil_twin
1683982163,-1,-100,-100,-100,0,0,96,0,0,0,62,65,161,130,50,286.35,124,7,-4,-992,evil_twin,evil_twin
1683982163,-1,-100,-100,-100,0,0,96,0,0,0,62,65,162,130,50,286.39,124,3,8,-1014,evil_twin,evil_twin
1683982163,-1,-100,-100,-100,0,0,96,0,0,0,62,65,162,130,50,286.35,124,14,5,-1008,evil_twin,evil_twin
1683982163,-1,-100,-100,-100,0,0,96,0,0,0,62,65,162,130,50,286.35,124,10,-3,-994,evil_twin,evil_twin
1683982163,-1,-100,-100,-100,0,0,96,0,0,0,62,65,162,130,50,286.41,124,11,0,-997,evil_twin,evil_twin
1683982163,-1,-100,-100,-100,0,0,96,0,0,0,62,65,163,130,50,286.38,124,1,1,-996,evil_twin,evil_twin
1683982163,-1,-100,-100,-100,0,0,96,0,0,0,62,65,162,130,50,286.39,124,10,-3,-985,evil_twin,evil_twin
1683982164,-1,-100,-100,-100,0,0,96,0,0,0,62,65,162,130,50,286.39,124,10,-3,-985,evil_twin,evil_twin
1683982164,-1,-100,-100,-100,0,0,96,0,0,0,62,65,161,130,50,286.44,124,-2,6,-987,evil_twin,evil_twin
1683982164,-1,-100,-100,-100,0,0,96,0,0,0,62,65,162,130,50,286.4,124,0,-2,-1006,evil_twin,evil_twin
1683982164,-1,-100,-100,-100,0,0,96,0,0,0,62,65,161,130,50,286.4,124,0,8,-998,evil_twin,evil_twin
1683982164,-1,-100,-100,-100,0,0,96,0,0,0,62,65,162,130,50,286.37,125,4,4,-1019,evil_twin,evil_twin
1683982164,-1,-100,-100,-100,0,0,96,0,0,0,62,65,160,130,50,286.37,125,14,1,-997,evil_twin,evil_twin
1683982164,-1,-100,-100,-100,0,0,96,0,0,0,62,65,161,130,50,286.32,125,-2,-2,-1001,evil_twin,evil_twin
1683982164,-1,-100,-100,-100,0,0,96,0,0,0,62,65,160,130,50,286.35,125,0,0,-999,evil_twin,evil_twin
1683982164,-1,-100,-100,-100,0,0,96,0,0,0,62,65,159,130,50,286.37,125,-7,-1,-991,evil_twin,evil_twin
1683982164,-1,-100,-100,-100,0,0,96,0,0,0,62,65,160,130,50,286.35,125,11,0,-1002,evil_twin,evil_twin
1683982164,-1,-100,-100,-100,0,0,96,0,0,0,62,65,161,130,50,286.38,125,-4,11,-1006,evil_twin,evil_twin
1683982165,-1,-100,-100,-100,0,0,96,0,0,0,62,65,161,130,50,286.38,125,-4,11,-1006,evil_twin,evil_twin
1683982165,-1,-100,-100,-100,0,0,96,0,0,0,62,65,161,130,50,286.37,125,16,-1,-1009,evil_twin,evil_twin
1683982165,-1,-100,-100,-100,0,0,96,0,0,0,62,66,160,130,50,286.37,125,12,-2,-1011,evil_twin,evil_twin
1683982165,-1,-100,-100,-100,0,0,96,0,0,0,62,66,160,130,50,286.4,125,7,7,-1008,evil_twin,evil_twin
1683982165,-1,-100,-100,-100,0,0,96,0,0,0,62,66,161,130,50,286.38,126,8,5,-993,evil_twin,evil_twin
1683982165,-1,-100,-100,-100,0,0,96,0,0,0,62,66,161,130,50,286.35,126,20,-3,-999,evil_twin,evil_twin
1683982165,-1,-100,-100,-100,0,0,96,0,0,0,62,66,161,130,50,286.36,126,-4,0,-993,evil_twin,evil_twin
1683982165,-1,-100,-100,-100,0,0,96,0,0,0,62,66,160,130,50,286.36,126,6,1,-1001,evil_twin,evil_twin
1683982165,-1,-100,-100,-100,0,0,96,0,0,0,62,66,161,130,50,286.4,126,21,1,-993,evil_twin,evil_twin
1683982165,-1,-100,-100,-100,0,0,96,0,0,0,62,66,160,130,50,286.41,126,4,0,-993,evil_twin,evil_twin
1683982166,-1,-100,-100,-100,0,0,96,0,0,0,62,66,160,130,50,286.41,126,4,0,-993,evil_twin,evil_twin
1683982166,-1,-100,-100,-100,0,0,96,0,0,0,62,66,160,130,50,286.32,126,1,0,-999,evil_twin,evil_twin
1683982166,-1,-100,-100,-100,0,0,96,0,0,0,62,66,160,130,50,286.4,126,3,2,-1005,evil_twin,evil_twin
1683982166,-1,-100,-100,-100,0,0,96,0,0,0,63,65,160,130,50,286.35,126,3,1,-1010,evil_twin,evil_twin
1683982166,-1,-100,-100,-100,0,0,96,0,0,0,63,65,160,130,50,286.36,126,-3,11,-1001,evil_twin,evil_twin
1683982166,-1,-100,-100,-100,0,0,96,0,0,0,63,65,159,130,50,286.41,127,0,3,-996,evil_twin,evil_twin
1683982166,-1,-100,-100,-100,0,0,96,0,0,0,63,65,159,130,50,286.34,127,12,2,-1000,evil_twin,evil_twin
1683982166,-1,-100,-100,-100,0,0,96,0,0,0,63,65,161,130,50,286.36,127,6,7,-1002,evil_twin,evil_twin
1683982166,-1,-100,-100,-100,0,0,96,0,0,0,63,65,160,130,50,286.38,127,18,0,-1004,evil_twin,evil_twin
1683982166,-1,-100,-100,-100,0,0,96,0,0,0,63,65,160,130,50,286.38,127,5,0,-1001,evil_twin,evil_twin
1683982166,-1,-100,-100,-100,0,0,96,0,0,0,63,65,160,130,50,286.35,127,10,15,-1000,evil_twin,evil_twin
1683982166,-1,-100,-100,-100,0,0,96,0,0,0,63,65,159,130,50,286.35,127,5,-2,-984,evil_twin,evil_twin
1683982167,-1,-100,-100,-100,0,0,96,0,0,0,63,65,159,130,50,286.35,127,5,-2,-984,evil_twin,evil_twin
1683982167,-1,-100,-100,-100,0,0,96,0,0,0,63,65,161,130,50,286.29,127,20,5,-1005,evil_twin,evil_twin
1683982167,-1,-100,-100,-100,0,0,96,0,0,0,62,65,158,130,50,286.35,127,16,-5,-985,evil_twin,evil_twin
1683982167,-1,-100,-100,-100,0,0,96,0,0,0,62,65,160,130,50,286.35,127,6,10,-997,evil_twin,evil_twin
1683982167,-1,-100,-100,-100,0,0,96,0,0,0,62,65,159,130,50,286.37,128,9,0,-992,evil_twin,evil_twin
1683982167,-1,-100,-100,-100,0,0,96,0,0,0,62,65,159,130,50,286.37,128,6,-1,-999,evil_twin,evil_twin
1683982167,-1,-100,-100,-100,0,0,96,0,0,0,62,65,158,130,50,286.39,128,0,10,-1006,evil_twin,evil_twin
1683982167,-1,-100,-100,-100,0,0,96,0,0,0,62,65,160,130,50,286.35,128,0,12,-1012,evil_twin,evil_twin
1683982167,-1,-100,-100,-100,0,0,96,0,0,0,62,65,159,130,50,286.33,128,7,2,-991,evil_twin,evil_twin
1683982167,-1,-100,-100,-100,0,0,96,0,0,0,62,65,161,130,50,286.35,128,5,2,-993,evil_twin,evil_twin
1683982168,-1,-100,-100,-100,0,0,96,0,0,0,62,65,161,130,50,286.35,128,5,2,-993,evil_twin,evil_twin
1683982168,-1,-100,-100,-100,0,0,96,0,0,0,62,65,160,130,50,286.34,128,7,0,-977,evil_twin,evil_twin
1683982168,-1,-100,-100,-100,0,0,96,0,0,0,62,65,159,130,50,286.4,128,16,3,-1004,evil_twin,evil_twin
1683982168,-1,-100,-100,-100,0,0,96,0,0,0,63,65,159,130,50,286.41,128,7,0,-1004,evil_twin,evil_twin
1683982168,-1,-100,-100,-100,0,0,96,0,0,0,63,65,160,130,50,286.37,128,11,-3,-990,evil_twin,evil_twin
1683982168,-1,-100,-100,-100,0,0,96,0,0,0,63,65,159,130,50,286.36,129,2,0,-1007,evil_twin,evil_twin
1683982168,-1,-100,-100,-100,0,0,96,0,0,0,63,65,159,130,50,286.38,129,18,8,-1002,evil_twin,evil_twin
1683982168,-1,-100,-100,-100,0,0,96,0,0,0,63,65,160,130,49,286.32,129,3,0,-984,evil_twin,evil_twin
1683982168,-1,-100,-100,-100,0,0,96,0,0,0,63,65,160,130,49,286.31,129,2,3,-998,evil_twin,evil_twin
1683982168,-1,-100,-100,-100,0,0,96,0,0,0,63,65,159,130,49,286.35,129,-1,12,-1027,evil_twin,evil_twin
1683982168,-1,-100,-100,-100,0,0,96,0,0,0,63,65,160,130,49,286.38,129,14,-6,-996,evil_twin,evil_twin
1683982169,-1,-100,-100,-100,0,0,96,0,0,0,63,65,160,130,49,286.38,129,14,-6,-996,evil_twin,evil_twin
1683982169,-1,-100,-100,-100,0,0,96,0,0,0,63,65,158,130,49,286.36,129,-1,9,-1021,evil_twin,evil_twin
1683982169,-1,-100,-100,-100,0,0,96,0,0,0,63,65,160,130,49,286.41,129,0,4,-1003,evil_twin,evil_twin
1683982169,-1,-100,-100,-100,0,0,96,0,0,0,62,65,158,130,49,286.37,129,-3,0,-987,evil_twin,evil_twin
1683982169,-1,-100,-100,-100,0,0,96,0,0,0,62,65,158,130,49,286.32,129,-3,-1,-983,evil_twin,evil_twin
1683982169,-1,-100,-100,-100,0,0,95,0,0,0,62,65,158,130,49,286.32,130,2,6,-1024,evil_twin,evil_twin
1683982169,-1,-100,-100,-100,0,0,90,0,0,0,62,65,158,130,49,286.27,130,0,3,-991,evil_twin,evil_twin
1683982169,-1,-100,-100,-100,0,0,84,0,0,0,62,65,157,130,49,286.36,130,-1,17,-1008,evil_twin,evil_twin
1683982169,-1,-100,-100,-100,0,0,78,0,0,0,62,65,157,120,49,286.38,130,5,3,-1001,evil_twin,evil_twin
1683982169,-1,-100,-100,-100,0,0,72,0,0,0,62,65,157,120,49,286.45,130,-4,4,-998,evil_twin,evil_twin
1683982169,-1,-100,-100,-100,0,0,66,0,0,0,62,65,158,120,49,286.36,130,2,-2,-1014,evil_twin,evil_twin
1683982169,-1,-100,-100,-100,0,0,59,0,0,0,62,65,157,120,49,286.29,130,6,-1,-1005,evil_twin,evil_twin
1683982170,-1,-100,-100,-100,0,0,59,0,0,0,62,65,157,120,49,286.29,130,6,-1,-1005,evil_twin,evil_twin
1683982170,-1,-100,-100,-100,0,0,53,0,0,0,62,65,157,120,49,286.33,130,-9,6,-991,evil_twin,evil_twin
1683982170,-1,-100,-100,-100,0,0,47,0,0,0,62,65,158,120,49,286.25,130,-7,3,-1005,evil_twin,evil_twin
1683982170,-1,-100,-100,-100,0,0,41,0,0,0,62,65,159,120,49,286.3,130,2,3,-1008,evil_twin,evil_twin
1683982170,-1,-100,-100,-100,0,0,34,0,0,0,62,65,159,130,49,286.35,131,11,0,-979,evil_twin,evil_twin
1683982170,-1,-100,-100,-100,0,0,28,0,0,0,62,65,159,130,49,286.29,131,-5,3,-1007,evil_twin,evil_twin
1683982170,-1,-100,-100,-100,0,0,23,0,0,0,62,65,159,130,49,286.33,131,9,3,-1001,evil_twin,evil_twin
1684000742,-1,-100,-100,-100,0,0,0,0,0,0,54,57,86,70,100,294.27,3,-6,0,-1000,evil_twin,evil_twin
1684000742,-1,-100,-100,-100,0,0,0,0,0,0,54,57,86,70,100,294.22,3,-4,0,-998,evil_twin,evil_twin
1684000743,-1,-100,-100,-100,0,0,0,0,0,0,54,57,86,70,100,294.22,3,-4,0,-998,evil_twin,evil_twin
1684000743,-1,-100,-100,-100,0,0,0,0,0,0,54,57,85,70,100,294.26,3,0,0,-1005,evil_twin,evil_twin
1684000743,-1,-100,-100,-100,0,0,0,0,0,0,55,58,85,70,100,294.18,3,-3,-2,-996,evil_twin,evil_twin
1684000743,-1,-100,-100,-100,0,0,0,0,0,0,55,58,84,70,100,294.19,3,1,2,-1006,evil_twin,evil_twin
1684000743,-1,-100,-100,-100,0,0,0,0,0,0,55,58,84,70,100,294.18,4,-1,0,-1006,evil_twin,evil_twin
1684000743,-1,-100,-100,-100,0,0,0,0,0,0,55,58,83,70,100,294.14,4,-5,1,-1003,evil_twin,evil_twin
1684000743,-1,-100,-100,-100,0,0,0,0,0,0,55,58,82,60,100,294.17,4,12,5,-994,evil_twin,evil_twin
1684000743,-1,-100,-100,-100,0,0,0,0,0,0,55,58,82,60,100,294.12,4,-5,-1,-1002,evil_twin,evil_twin
1684000743,-1,-100,-100,-100,0,0,0,0,0,0,55,58,81,60,100,294.14,4,-11,7,-1008,evil_twin,evil_twin
1684000743,-1,-100,-100,-100,0,0,0,0,0,0,55,58,81,60,100,294.14,4,-6,3,-992,evil_twin,evil_twin
1684000743,-1,-100,-100,-100,0,0,0,0,0,0,55,58,80,60,100,294.16,4,-7,3,-998,evil_twin,evil_twin
1684000744,-1,-100,-100,-100,0,0,0,0,0,0,55,58,80,60,100,294.16,4,-7,3,-998,evil_twin,evil_twin
1684000744,-1,-100,-100,-100,0,0,0,0,0,0,55,58,80,60,100,294.18,4,14,6,-1009,evil_twin,evil_twin
1684000744,-1,-100,-100,-100,0,0,0,0,0,0,55,58,80,60,100,294.19,4,-6,3,-1008,evil_twin,evil_twin
1684000744,-1,-100,-100,-100,0,0,0,0,0,0,55,58,80,60,100,294.18,4,-9,-3,-996,evil_twin,evil_twin
1684000744,-1,-100,-100,-100,0,0,0,0,0,0,55,58,79,60,100,294.17,5,0,1,-1009,evil_twin,evil_twin
1684000744,-1,-100,-100,-100,0,0,0,0,0,0,55,58,79,60,100,294.15,5,-20,-6,-997,evil_twin,evil_twin
1684000744,-1,-100,-100,-100,0,0,0,0,0,0,55,58,80,60,100,294.12,5,3,8,-997,evil_twin,evil_twin
1684000744,-1,-100,-100,-100,0,0,0,0,0,0,55,58,79,60,100,294.13,5,-4,-1,-1003,evil_twin,evil_twin
1684000744,-1,-100,-100,-100,0,0,0,0,0,0,55,58,79,60,100,294.15,5,-9,3,-994,evil_twin,evil_twin
1684000744,-1,-100,-100,-100,0,0,0,0,0,0,55,58,79,60,100,294.15,5,-1,5,-1000,evil_twin,evil_twin
1684000744,-1,-100,-100,-100,0,0,0,0,0,0,55,58,79,60,100,294.17,5,-21,3,-997,evil_twin,evil_twin
1684000745,-1,-100,-100,-100,0,0,0,0,0,0,55,58,79,60,100,294.17,5,-21,3,-997,evil_twin,evil_twin
1684000745,-1,-100,-100,-100,0,0,0,0,0,0,55,58,79,60,100,294.16,5,0,2,-997,evil_twin,evil_twin
1684000745,-1,-100,-100,-100,0,0,0,0,0,0,55,58,79,60,100,294.17,5,3,-2,-985,evil_twin,evil_twin
1684000745,-1,-100,-100,-100,0,0,0,0,0,0,55,58,80,60,100,294.18,5,-3,6,-993,evil_twin,evil_twin
1684000745,-1,-100,-100,-100,0,0,0,0,0,0,55,58,80,60,100,294.17,6,-5,2,-1000,evil_twin,evil_twin
1684000745,-1,-100,-100,-100,0,0,0,0,0,0,55,58,80,60,100,294.19,6,13,7,-998,evil_twin,evil_twin
1684000745,-1,-100,-100,-100,0,0,0,0,0,0,55,58,80,60,100,294.14,6,-3,4,-991,evil_twin,evil_twin
1684000745,-1,-100,-100,-100,0,0,0,0,0,0,55,58,80,60,100,294.17,6,4,6,-989,evil_twin,evil_twin
1684000745,-1,-100,-100,-100,0,0,0,0,0,0,55,58,80,60,100,294.22,6,5,2,-987,evil_twin,evil_twin
1684000745,-1,-100,-100,-100,0,0,0,0,0,0,55,58,80,60,100,294.18,6,10,7,-1000,evil_twin,evil_twin
1684000745,-1,-100,-100,-100,0,0,0,0,0,0,55,58,81,60,100,294.15,6,-3,5,-997,evil_twin,evil_twin
1684000746,-1,-100,-100,-100,0,0,0,0,0,0,55,58,81,60,100,294.15,6,-3,5,-997,evil_twin,evil_twin
1684000746,-1,-100,-100,-100,0,0,0,0,0,0,55,58,81,60,100,294.14,6,-2,-3,-987,evil_twin,evil_twin
1684000746,-1,-100,-100,-100,0,0,0,0,0,0,55,58,81,60,100,294.14,6,9,0,-1008,evil_twin,evil_twin
1684000746,-1,-100,-100,-100,0,0,0,0,0,0,55,58,81,60,100,294.11,6,-3,3,-1003,evil_twin,evil_twin
1684000746,-1,-100,-100,-100,0,0,0,0,0,0,55,58,81,60,100,294.19,7,-12,0,-995,evil_twin,evil_twin
1684000746,-1,-100,-100,-100,0,0,0,0,0,0,55,58,81,60,100,294.24,7,-2,1,-1003,evil_twin,evil_twin
1684000746,-1,-100,-100,-100,0,0,0,0,0,0,55,58,81,60,100,294.14,7,7,4,-1087,evil_twin,evil_twin
1684000746,-1,-100,-100,-100,0,0,0,0,0,1,55,58,82,60,100,294.18,7,-1,1,-1095,evil_twin,evil_twin
1684000746,-1,-100,-100,-100,0,0,0,0,0,2,55,58,84,70,100,294.26,7,4,3,-1079,evil_twin,evil_twin
1684000746,-1,-100,-100,-100,0,0,0,0,0,2,55,58,87,70,100,294.24,7,-7,-2,-1065,evil_twin,evil_twin
1684000746,-1,-100,-100,-100,0,0,0,0,0,3,55,58,91,70,100,294.28,7,7,1,-1038,evil_twin,evil_twin
1684000747,-1,-100,-100,-100,0,0,0,0,0,3,55,58,91,70,100,294.28,7,7,1,-1038,evil_twin,evil_twin
1684000747,-1,-100,-100,-100,0,0,0,0,0,3,55,58,95,70,100,294.3,7,0,-1,-1033,evil_twin,evil_twin
1684000747,-1,-100,-100,-100,0,0,0,0,0,4,55,59,100,80,100,294.31,7,11,-4,-1025,evil_twin,evil_twin
1684000747,-1,-100,-100,-100,0,0,0,0,0,4,55,59,105,80,100,294.41,7,4,-2,-1004,evil_twin,evil_twin
1684000747,-1,-100,-100,-100,0,0,0,0,0,4,55,59,109,90,100,294.45,8,-13,-3,-989,evil_twin,evil_twin
1684000747,-1,-100,-100,-100,0,0,0,0,0,4,55,59,113,90,100,294.45,8,1,7,-1002,evil_twin,evil_twin
1684000747,-1,-100,-100,-100,0,0,0,0,0,4,55,59,118,100,100,294.61,8,6,3,-984,evil_twin,evil_twin
1684000747,-1,-100,-100,-100,0,0,0,0,0,4,55,59,123,100,100,294.61,8,0,1,-986,evil_twin,evil_twin
1684000747,-1,-100,-100,-100,0,0,0,0,0,4,55,59,127,110,100,294.64,8,8,-3,-979,evil_twin,evil_twin
1684000747,-1,-100,-100,-100,0,0,0,0,0,3,55,59,132,110,100,294.64,8,-3,-1,-976,evil_twin,evil_twin
1684000747,-1,-100,-100,-100,0,0,0,0,0,3,55,59,135,110,100,294.65,8,-9,0,-973,evil_twin,evil_twin
1684000748,-1,-100,-100,-100,0,0,0,0,0,3,55,59,135,110,100,294.65,8,-9,0,-973,evil_twin,evil_twin
1684000748,-1,-100,-100,-100,0,0,0,0,0,3,55,59,139,120,100,294.72,8,1,1,-977,evil_twin,evil_twin
1684000748,-1,-100,-100,-100,0,0,0,0,0,3,55,59,143,120,100,294.73,8,1,1,-967,evil_twin,evil_twin
1684000748,-1,-100,-100,-100,0,0,0,0,0,2,55,59,145,120,100,294.68,8,15,3,-969,evil_twin,evil_twin
1684000748,-1,-100,-100,-100,0,0,0,0,0,2,55,59,148,130,100,294.75,9,-5,-1,-974,evil_twin,evil_twin
1684000748,-1,-100,-100,-100,0,0,0,0,0,2,55,59,150,130,100,294.77,9,0,3,-973,evil_twin,evil_twin
1684000748,-1,-100,-100,-100,0,0,0,0,0,1,55,59,152,130,100,294.77,9,0,0,-977,evil_twin,evil_twin
1684000748,-1,-100,-100,-100,0,0,0,0,0,1,55,59,154,130,100,294.82,9,-2,-1,-973,evil_twin,evil_twin
1684000748,-1,-100,-100,-100,0,0,0,0,0,1,55,59,155,130,100,294.82,9,11,-1,-974,evil_twin,evil_twin
1684000748,-1,-100,-100,-100,0,0,0,0,0,1,55,59,156,140,100,294.86,9,-1,3,-978,evil_twin,evil_twin
1684000748,-1,-100,-100,-100,0,0,0,0,0,1,55,59,158,140,100,294.78,9,9,0,-989,evil_twin,evil_twin
1684000749,-1,-100,-100,-100,0,0,0,0,0,1,55,59,158,140,100,294.78,9,9,0,-989,evil_twin,evil_twin
1684000749,-1,-100,-100,-100,0,0,0,0,0,0,55,59,159,140,100,294.83,9,4,4,-965,evil_twin,evil_twin
1684000749,-1,-100,-100,-100,0,0,0,0,0,0,56,58,159,140,100,294.88,9,9,3,-978,evil_twin,evil_twin
1684000749,-1,-100,-100,-100,0,0,0,0,0,0,56,58,160,140,100,294.92,9,-9,-2,-983,evil_twin,evil_twin
1684000749,-1,-100,-100,-100,0,0,0,0,0,0,56,58,160,140,100,294.92,10,-3,2,-979,evil_twin,evil_twin
1684000749,-1,-100,-100,-100,-2,0,0,0,0,0,56,58,160,140,100,294.87,10,9,4,-1000,evil_twin,evil_twin
1684000749,-1,-100,-100,-100,-6,0,0,0,0,0,56,58,161,140,100,294.86,10,-1,-1,-989,evil_twin,evil_twin
1684000749,-1,-100,-100,-100,-6,0,0,-2,0,0,56,58,160,140,100,294.84,10,-4,-3,-997,evil_twin,evil_twin
1684000749,-1,-100,-100,-100,-4,0,0,-2,0,0,56,58,160,140,100,294.89,10,-20,-5,-1003,evil_twin,evil_twin
1684000749,-1,-100,-100,-100,-2,0,0,-3,0,0,56,58,159,140,100,294.88,10,-6,-1,-1006,evil_twin,evil_twin
1684000749,-1,-100,-100,-100,0,0,0,-3,0,0,56,58,160,140,100,294.89,10,-15,-3,-1003,evil_twin,evil_twin
1684000750,-1,-100,-100,-100,0,0,0,-3,0,0,56,58,160,140,100,294.89,10,-15,-3,-1003,evil_twin,evil_twin
1684000750,-1,-100,-100,-100,0,0,0,-2,0,0,56,58,160,140,100,294.82,10,-12,-6,-1012,evil_twin,evil_twin
1684000750,-1,-100,-100,-100,0,0,0,-2,0,0,56,59,160,140,100,294.86,10,-13,-8,-995,evil_twin,evil_twin
1684000750,-1,-100,-100,-100,0,0,0,-2,0,0,56,59,160,140,100,294.89,10,1,-2,-1007,evil_twin,evil_twin
1684000750,-1,-100,-100,-100,-1,0,0,-2,0,0,56,59,159,140,100,294.86,11,-19,-11,-991,evil_twin,evil_twin
1684000750,-1,-100,-100,-100,-1,0,0,-2,0,0,56,59,159,140,100,294.85,11,-31,-7,-986,evil_twin,evil_twin
1684000750,-1,-100,-100,-100,-1,-1,0,-2,0,0,56,59,160,140,100,294.87,11,0,0,-1011,evil_twin,evil_twin
1684000750,-1,-100,-100,-100,0,-2,0,-2,0,0,56,59,161,140,100,294.93,11,0,-1,-1008,evil_twin,evil_twin
1684000750,-1,-100,-100,-100,0,-2,0,-2,0,0,56,59,160,140,100,294.91,11,-4,-3,-995,evil_twin,evil_twin
1684000750,-1,-100,-100,-100,0,-2,0,-2,0,0,56,59,160,140,100,294.92,11,-21,-7,-990,evil_twin,evil_twin
1684000750,-1,-100,-100,-100,0,-1,0,-2,0,0,56,59,160,140,100,294.88,11,-26,-2,-987,evil_twin,evil_twin
1684000751,-1,-100,-100,-100,0,-1,0,-2,0,0,56,59,160,140,100,294.88,11,-26,-2,-987,evil_twin,evil_twin
1684000751,-1,-100,-100,-100,-1,-1,0,-1,0,0,56,59,160,140,100,294.89,11,-17,2,-988,evil_twin,evil_twin
1684000751,-1,-100,-100,-100,-1,-1,0,-1,0,0,56,59,160,140,100,294.87,11,-1,1,-994,evil_twin,evil_twin
1684000751,-1,-100,-100,-100,-1,-1,0,-1,0,0,56,59,160,140,100,294.77,11,-7,1,-1005,evil_twin,evil_twin
1684000751,-1,-100,-100,-100,-1,-1,0,-1,1,0,56,59,159,140,100,294.91,12,-7,0,-1002,evil_twin,evil_twin
1684000751,-1,-100,-100,-100,0,0,0,-1,1,0,56,59,160,140,100,294.79,12,-11,-1,-1001,evil_twin,evil_twin
1684000751,-1,-100,-100,-100,0,2,0,-1,0,0,56,59,159,140,100,294.82,12,6,16,-1001,evil_twin,evil_twin
1684000751,-1,-100,-100,-100,2,1,0,-1,0,0,56,59,160,140,100,294.81,12,-17,-3,-1010,evil_twin,evil_twin
1684000751,-1,-100,-100,-100,3,0,0,0,0,0,56,59,161,140,100,294.89,12,-21,0,-1005,evil_twin,evil_twin
1684000751,-1,-100,-100,-100,1,0,0,0,0,0,56,59,160,140,100,294.89,12,1,0,-1007,evil_twin,evil_twin
1684000751,-1,-100,-100,-100,0,0,0,0,0,0,56,59,160,140,100,294.9,12,-5,-8,-993,evil_twin,evil_twin
1684000752,-1,-100,-100,-100,0,0,0,0,0,0,56,59,160,140,100,294.9,12,-5,-8,-993,evil_twin,evil_twin
1684000752,-1,-100,-100,-100,0,0,0,0,0,0,56,59,160,140,100,294.89,12,-15,-8,-985,evil_twin,evil_twin
1684000752,-1,-100,-100,-100,0,0,0,0,0,0,56,58,160,140,100,294.93,12,2,-2,-999,evil_twin,evil_twin
1684000752,-1,-100,-100,-100,0,0,0,0,0,0,56,58,159,140,100,294.89,12,-3,0,-1005,evil_twin,evil_twin
1684000752,-1,-100,-100,-100,0,0,0,0,0,0,56,58,160,140,100,294.88,13,-3,-4,-1004,evil_twin,evil_twin
1684000752,-1,-100,-100,-100,0,0,0,0,0,0,56,58,160,140,100,294.9,13,-1,-4,-1000,evil_twin,evil_twin
1684000752,-1,-100,-100,-100,0,0,0,0,0,0,56,58,159,140,100,294.94,13,0,-3,-1003,evil_twin,evil_twin
1684000752,-1,-100,-100,-100,0,0,0,0,0,0,56,58,160,140,100,294.85,13,-2,-4,-999,evil_twin,evil_twin
1684000752,-1,-100,-100,-100,0,0,0,0,0,0,56,58,160,140,100,294.93,13,14,-3,-992,evil_twin,evil_twin
1684000752,-1,-100,-100,-100,0,0,0,0,0,0,56,58,160,140,100,294.9,13,0,-3,-992,evil_twin,evil_twin
1684000753,-1,-100,-100,-100,0,0,0,0,0,0,56,58,160,140,100,294.9,13,0,-3,-992,evil_twin,evil_twin
1684000753,-1,-100,-100,-100,0,0,0,0,0,0,56,58,161,140,100,294.92,13,0,-5,-999,evil_twin,evil_twin
1684000753,-1,-100,-100,-100,0,0,0,0,0,0,56,58,161,140,100,294.91,13,-4,-5,-1002,evil_twin,evil_twin
1684000753,-1,-100,-100,-100,0,0,0,0,0,0,56,59,161,140,100,294.88,13,0,-1,-997,evil_twin,evil_twin
1684000753,-1,-100,-100,-100,0,0,0,0,0,0,56,59,161,140,100,294.86,13,-1,6,-996,evil_twin,evil_twin
1684000753,-1,-100,-100,-100,0,0,0,0,0,0,56,59,161,140,100,294.89,14,1,-1,-987,evil_twin,evil_twin
1684000753,-1,-100,-100,-100,5,0,0,0,0,0,56,59,162,140,100,294.98,14,-11,2,-1004,evil_twin,evil_twin
1684000753,-1,-100,-100,-100,7,0,0,1,0,0,56,59,162,140,100,294.93,14,0,-2,-1008,evil_twin,evil_twin
1684000753,-1,-100,-100,-100,5,0,0,2,0,0,56,59,161,140,100,294.88,14,14,-5,-1010,evil_twin,evil_twin
1684000753,-1,-100,-100,-100,2,0,0,3,0,0,56,59,161,140,100,294.96,14,15,-6,-998,evil_twin,evil_twin
1684000753,-1,-100,-100,-100,0,0,0,3,0,0,56,59,160,140,100,294.89,14,23,-1,-999,evil_twin,evil_twin
1684000753,-1,-100,-100,-100,0,0,0,3,0,0,56,59,160,140,100,294.86,14,22,-5,-989,evil_twin,evil_twin
1684000754,-1,-100,-100,-100,0,0,0,3,0,0,56,59,160,140,100,294.86,14,22,-5,-989,evil_twin,evil_twin
1684000754,-1,-100,-100,-100,0,0,0,2,0,0,56,59,160,140,100,294.87,14,22,-4,-1002,evil_twin,evil_twin
1684000754,-1,-100,-100,-100,0,0,0,2,0,0,56,59,160,140,100,294.92,14,9,-5,-993,evil_twin,evil_twin
1684000754,-1,-100,-100,-100,0,0,0,2,0,0,56,59,160,140,100,294.83,14,21,-1,-997,evil_twin,evil_twin
1684000754,-1,-100,-100,-100,0,0,0,2,0,0,56,59,160,140,100,294.84,15,17,-2,-1000,evil_twin,evil_twin
1684000754,-1,-100,-100,-100,0,0,0,2,0,0,56,59,160,140,100,294.93,15,0,0,-997,evil_twin,evil_twin
1684000754,-1,-100,-100,-100,0,-2,0,2,0,0,56,59,160,140,100,294.85,15,15,6,-989,evil_twin,evil_twin
1684000754,-1,-100,-100,-100,-1,-3,0,2,0,0,56,59,160,140,100,294.87,15,12,-8,-1004,evil_twin,evil_twin
1684000754,-1,-100,-100,-100,-2,-4,0,2,0,0,56,59,161,140,100,294.89,15,0,2,-991,evil_twin,evil_twin
1684000754,-1,-100,-100,-100,-3,-3,0,1,1,0,56,59,161,140,100,294.84,15,14,3,-986,evil_twin,evil_twin
1684000755,-1,-100,-100,-100,-3,-3,0,1,1,0,56,59,161,140,100,294.84,15,14,3,-986,evil_twin,evil_twin
1684000755,-1,-100,-100,-100,-3,-1,0,1,1,0,56,59,160,140,100,294.87,15,-10,-13,-1045,evil_twin,evil_twin
1684000755,-1,-100,-100,-100,-2,3,0,0,1,0,56,59,160,140,100,294.82,15,1,25,-975,evil_twin,evil_twin
1684000755,-1,-100,-100,-100,-1,2,0,0,0,0,56,60,160,140,100,294.91,15,-9,1,-1004,evil_twin,evil_twin
1684000755,-1,-100,-100,-100,-1,0,0,0,0,0,56,60,160,140,100,294.89,15,-7,5,-995,evil_twin,evil_twin
1684000755,-1,-100,-100,-100,0,0,0,0,0,0,56,60,160,140,100,294.85,16,-52,40,-1001,evil_twin,evil_twin
1684000755,-1,-100,-100,-100,0,0,-6,0,0,0,56,60,160,140,100,294.88,16,6,0,-1003,evil_twin,evil_twin
1684000755,-1,-100,-100,-100,0,0,-12,0,0,0,56,60,160,140,100,294.86,16,2,5,-1006,evil_twin,evil_twin
1684000755,-1,-100,-100,-100,0,0,-18,0,0,0,56,60,160,140,100,294.91,16,5,5,-1004,evil_twin,evil_twin
1684000755,-1,-100,-100,-100,0,0,-24,0,0,0,56,60,161,140,100,294.95,16,11,4,-1009,evil_twin,evil_twin
1684000755,-1,-100,-100,-100,0,0,-30,0,0,0,56,60,161,140,100,294.89,16,9,0,-1000,evil_twin,evil_twin
1684000755,-1,-100,-100,-100,0,0,-36,0,0,0,56,60,161,140,100,294.91,16,0,0,-992,evil_twin,evil_twin
1684000756,-1,-100,-100,-100,0,0,-36,0,0,0,56,60,161,140,100,294.91,16,0,0,-992,evil_twin,evil_twin
1684000756,-1,-100,-100,-100,0,0,-42,0,0,0,56,60,161,140,100,294.92,16,11,2,-994,evil_twin,evil_twin
1684000756,-1,-100,-100,-100,0,0,-48,0,0,0,57,60,161,140,100,294.92,16,9,3,-1000,evil_twin,evil_twin
1684000756,-1,-100,-100,-100,0,0,-54,0,0,0,57,60,161,140,100,294.89,16,3,2,-996,evil_twin,evil_twin
1684000756,-1,-100,-100,-100,-1,0,-60,0,0,0,57,60,161,140,100,294.85,17,-4,0,-995,evil_twin,evil_twin
1684000756,-1,-100,-100,-100,-1,0,-66,0,0,0,57,60,162,140,100,294.91,17,-8,0,-998,evil_twin,evil_twin
1684000756,-1,-100,-100,-100,-1,0,-72,0,0,0,57,60,161,140,100,294.87,17,3,-5,-1002,evil_twin,evil_twin
1684000756,-1,-100,-100,-100,-1,0,-76,0,0,0,57,60,161,140,100,294.91,17,-11,-9,-1000,evil_twin,evil_twin
1684000756,-1,-100,-100,-100,-1,0,-79,0,0,0,57,60,161,140,100,294.85,17,-7,-8,-1006,evil_twin,evil_twin
1684000756,-1,-100,-100,-100,-1,1,-82,0,0,0,57,60,161,140,100,294.92,17,6,-4,-1002,evil_twin,evil_twin
1684000756,-1,-100,-100,-100,-1,1,-83,0,0,0,57,60,161,140,100,294.91,17,-9,-7,-1000,evil_twin,evil_twin
1684000757,-1,-100,-100,-100,-1,1,-83,0,0,0,57,60,161,140,100,294.91,17,-9,-7,-1000,evil_twin,evil_twin
1684000757,-1,-100,-100,-100,-1,1,-85,0,0,0,57,60,162,140,100,294.93,17,-3,-8,-1003,evil_twin,evil_twin
1684000757,-1,-100,-100,-100,-1,1,-86,0,0,0,57,60,161,140,100,294.95,17,3,-8,-1008,evil_twin,evil_twin
1684000757,-1,-100,-100,-100,-1,1,-87,0,0,0,57,60,162,140,100,294.92,17,2,-11,-1003,evil_twin,evil_twin
1684000757,-1,-100,-100,-100,-1,1,-87,0,0,0,57,60,161,140,100,294.91,18,-6,-13,-1006,evil_twin,evil_twin
1684000757,-1,-100,-100,-100,-1,1,-88,0,0,0,57,60,162,140,100,294.91,18,-2,-11,-1003,evil_twin,evil_twin
1684000757,-1,-100,-100,-100,-1,1,-88,0,0,0,57,60,161,140,100,294.9,18,-9,-10,-997,evil_twin,evil_twin
1684000757,-1,-100,-100,-100,-1,1,-88,0,0,0,57,60,162,140,100,294.82,18,-13,-12,-1001,evil_twin,evil_twin
1684000757,-1,-100,-100,-100,0,4,-88,0,0,0,57,60,162,140,100,294.89,18,-18,-17,-996,evil_twin,evil_twin
1684000757,-1,-100,-100,-100,0,7,-88,-1,0,0,57,60,162,140,100,294.89,18,11,-4,-1004,evil_twin,evil_twin
1684000757,-1,-100,-100,-100,0,6,-88,-2,0,0,57,60,161,140,100,294.93,18,-3,-15,-999,evil_twin,evil_twin
1684000758,-1,-100,-100,-100,0,6,-88,-2,0,0,57,60,161,140,100,294.93,18,-3,-15,-999,evil_twin,evil_twin
1684000758,-1,-100,-100,-100,-1,4,-88,-3,0,0,57,60,161,140,100,294.89,18,3,-26,-998,evil_twin,evil_twin
1684000758,-1,-100,-100,-100,0,0,-88,-3,0,0,57,60,160,140,100,294.89,18,1,-31,-1003,evil_twin,evil_twin
1684000758,-1,-100,-100,-100,0,0,-88,-3,0,0,57,60,161,140,100,294.82,19,0,-27,-1002,evil_twin,evil_twin
1684000758,-1,-100,-100,-100,0,0,-88,-2,0,0,57,60,161,140,100,294.81,19,6,-26,-1009,evil_twin,evil_twin
1684000758,-1,-100,-100,-100,0,0,-88,-2,0,0,57,60,160,140,100,294.84,19,-7,-30,-1003,evil_twin,evil_twin
1684000758,-1,-100,-100,-100,0,1,-88,-2,0,0,57,60,161,140,100,294.86,19,1,-26,-1002,evil_twin,evil_twin
1684000758,-1,-100,-100,-100,0,1,-88,-2,0,0,57,60,161,140,100,294.84,19,4,-31,-1000,evil_twin,evil_twin
1684000758,-1,-100,-100,-100,0,1,-88,-2,0,0,57,60,161,140,100,294.83,19,7,-26,-987,evil_twin,evil_twin
1684000758,-1,-100,-100,-100,0,0,-88,-2,0,0,57,60,161,140,100,294.86,19,5,-20,-996,evil_twin,evil_twin
1684000759,-1,-100,-100,-100,0,0,-88,-2,0,0,57,60,161,140,100,294.86,19,5,-20,-996,evil_twin,evil_twin
1684000759,-1,-100,-100,-100,-2,0,-88,-2,0,0,57,60,162,140,100,294.87,19,4,-25,-993,evil_twin,evil_twin
1684000759,-1,-100,-100,-100,-3,0,-88,-2,0,0,57,60,162,140,100,294.86,19,9,-26,-990,evil_twin,evil_twin
1684000759,-1,-100,-100,-100,-3,0,-88,-2,1,0,57,60,162,140,100,294.89,19,6,-32,-1009,evil_twin,evil_twin
1684000759,-1,-100,-100,-100,0,0,-88,-1,1,0,57,60,162,140,100,294.87,20,-2,-14,-973,evil_twin,evil_twin
1684000759,-1,-100,-100,-100,3,-2,-88,-1,1,0,57,60,162,140,100,294.91,20,-10,-25,-1046,evil_twin,evil_twin
1684000759,-1,-100,-100,-100,1,-1,-88,0,0,0,57,60,162,140,100,294.87,20,5,-8,-1016,evil_twin,evil_twin
1684000759,-1,-100,-100,-100,0,0,-88,0,0,0,57,60,162,140,100,294.89,20,-2,-15,-1005,evil_twin,evil_twin
1684000759,-1,-100,-100,-100,0,0,-87,0,0,0,57,60,161,140,100,294.89,20,-6,-20,-984,evil_twin,evil_twin
1684000759,-1,-100,-100,-100,0,0,-87,0,0,0,57,60,161,140,100,294.87,20,7,-19,-990,evil_twin,evil_twin
1684000759,-1,-100,-100,-100,0,0,-87,0,0,0,57,60,161,140,100,294.91,20,1,-11,-1006,evil_twin,evil_twin
1684000760,-1,-100,-100,-100,0,0,-87,0,0,0,57,60,161,140,100,294.91,20,1,-11,-1006,evil_twin,evil_twin
1684000760,-1,-100,-100,-100,0,0,-87,0,0,0,57,60,161,140,100,294.86,20,10,-10,-1005,evil_twin,evil_twin
1684000760,-1,-100,-100,-100,0,0,-87,0,0,0,57,60,161,140,100,294.86,20,2,-9,-1009,evil_twin,evil_twin
1684000760,-1,-100,-100,-100,0,0,-87,0,0,0,57,60,162,140,100,294.9,20,5,-13,-1008,evil_twin,evil_twin
1684000760,-1,-100,-100,-100,0,0,-87,0,0,0,57,60,161,140,100,294.83,21,3,-10,-1006,evil_twin,evil_twin
1684000760,-1,-100,-100,-100,0,0,-87,0,0,0,57,60,161,140,100,294.88,21,6,-10,-996,evil_twin,evil_twin
1684000760,-1,-100,-100,-100,0,0,-87,0,0,0,57,60,161,140,100,294.85,21,-5,-7,-989,evil_twin,evil_twin
1684000760,-1,-100,-100,-100,0,0,-87,0,0,0,57,60,162,140,100,294.92,21,5,-8,-998,evil_twin,evil_twin
1684000760,-1,-100,-100,-100,0,0,-88,0,0,0,57,60,162,140,100,294.9,21,12,-9,-1009,evil_twin,evil_twin
1684000760,-1,-100,-100,-100,0,0,-88,0,0,0,57,60,161,140,100,294.96,21,-11,7,-1035,evil_twin,evil_twin
1684000760,-1,-100,-100,-100,0,0,-88,0,0,0,57,60,161,140,100,294.88,21,9,-10,-996,evil_twin,evil_twin
1684000761,-1,-100,-100,-100,0,0,-88,0,0,0,57,60,161,140,100,294.88,21,9,-10,-996,evil_twin,evil_twin
1684000761,-1,-100,-100,-100,0,0,-87,0,0,0,57,60,161,140,100,294.93,21,3,-9,-991,evil_twin,evil_twin
1684000761,-1,-100,-100,-100,0,0,-88,0,0,0,58,60,161,140,100,294.92,21,1,-7,-998,evil_twin,evil_twin
1684000761,-1,-100,-100,-100,0,0,-88,0,0,0,58,60,161,140,100,294.9,21,16,8,-974,evil_twin,evil_twin
1684000761,-1,-100,-100,-100,0,-5,-88,0,0,0,58,60,161,140,100,294.91,22,-5,-13,-1034,evil_twin,evil_twin
1684000761,-1,-100,-100,-100,0,-6,-88,1,0,0,58,60,162,140,100,294.9,22,7,-9,-1009,evil_twin,evil_twin
1684000761,-1,-100,-100,-100,0,-4,-88,2,0,0,58,60,162,140,100,294.96,22,6,4,-1006,evil_twin,evil_twin
1684000761,-1,-100,-100,-100,0,-2,-88,3,0,0,58,60,161,140,100,294.88,22,0,2,-1018,evil_twin,evil_twin
1684000761,-1,-100,-100,-100,0,0,-88,3,0,0,58,60,160,140,100,294.97,22,12,7,-1006,evil_twin,evil_twin
1684000761,-1,-100,-100,-100,0,1,-88,3,0,0,58,60,161,140,100,294.92,22,7,0,-977,evil_twin,evil_twin
1684000761,-1,-100,-100,-100,0,0,-88,2,0,0,58,60,160,140,100,294.87,22,13,5,-1016,evil_twin,evil_twin
1684000762,-1,-100,-100,-100,0,0,-88,2,0,0,58,60,160,140,100,294.87,22,13,5,-1016,evil_twin,evil_twin
1684000762,-1,-100,-100,-100,-1,0,-88,2,0,0,58,60,160,140,100,294.87,22,6,5,-1007,evil_twin,evil_twin
1684000762,-1,-100,-100,-100,-1,0,-88,2,0,0,58,61,160,140,100,294.98,22,6,3,-997,evil_twin,evil_twin
1684000762,-1,-100,-100,-100,-1,0,-88,2,0,0,58,61,160,140,100,294.9,22,18,-2,-1012,evil_twin,evil_twin
1684000762,-1,-100,-100,-100,0,0,-88,2,0,0,58,61,160,140,100,294.93,23,0,11,-1014,evil_twin,evil_twin
1684000762,-1,-100,-100,-100,0,0,-88,2,0,0,58,61,160,140,100,294.94,23,15,1,-989,evil_twin,evil_twin
1684000762,-1,-100,-100,-100,0,0,-88,2,0,0,58,61,160,140,100,294.99,23,1,0,-1000,evil_twin,evil_twin
1684000762,-1,-100,-100,-100,0,0,-88,2,0,0,58,61,160,140,100,294.97,23,4,5,-1001,evil_twin,evil_twin
1684000762,-1,-100,-100,-100,-1,0,-88,2,0,0,58,61,160,140,100,294.95,23,9,1,-995,evil_twin,evil_twin
1684000762,-1,-100,-100,-100,-1,0,-88,2,0,0,58,61,160,140,100,294.98,23,3,3,-990,evil_twin,evil_twin
1684000762,-1,-100,-100,-100,0,0,-88,2,1,0,58,61,161,140,100,294.99,23,8,0,-1016,evil_twin,evil_twin
1684000763,-1,-100,-100,-100,0,0,-88,2,1,0,58,61,161,140,100,294.99,23,8,0,-1016,evil_twin,evil_twin
1684000763,-1,-100,-100,-100,0,0,-88,2,1,0,58,61,160,140,100,294.94,23,12,6,-978,evil_twin,evil_twin
1684000763,-1,-100,-100,-100,2,0,-88,2,0,0,58,61,160,140,100,294.99,23,1,1,-1024,evil_twin,evil_twin
1684000763,-1,-100,-100,-100,1,1,-88,1,0,0,58,61,161,140,100,294.95,23,9,-4,-1026,evil_twin,evil_twin
1684000763,-1,-100,-100,-100,0,4,-88,1,0,0,58,61,161,140,100,294.91,24,20,9,-983,evil_twin,evil_twin
1684000763,-1,-100,-100,-100,0,2,-88,0,0,0,58,61,159,140,100,294.94,24,8,-16,-995,evil_twin,evil_twin
1684000763,-1,-100,-100,-100,0,1,-88,0,0,0,58,61,159,140,100,294.9,24,10,-12,-994,evil_twin,evil_twin
1684000763,-1,-100,-100,-100,-5,0,-88,0,0,0,58,61,160,140,100,294.95,24,23,-6,-999,evil_twin,evil_twin
1684000763,-1,-100,-100,-100,-7,0,-88,0,1,0,58,61,160,140,100,294.96,24,0,-12,-1007,evil_twin,evil_twin
1684000763,-1,-100,-100,-100,-5,0,-88,0,2,0,58,61,160,140,100,294.95,24,-11,-9,-1006,evil_twin,evil_twin
1684000763,-1,-100,-100,-100,-3,0,-88,0,3,0,58,61,158,140,100,294.83,24,-19,-16,-1015,evil_twin,evil_twin
1684000764,-1,-100,-100,-100,-3,0,-88,0,3,0,58,61,158,140,100,294.83,24,-19,-16,-1015,evil_twin,evil_twin
1684000764,-1,-100,-100,-100,-1,0,-88,0,3,0,58,61,158,140,100,294.82,24,-11,-8,-991,evil_twin,evil_twin
1684000764,-1,-100,-100,-100,0,0,-88,0,3,0,58,60,160,140,100,294.86,24,-17,-11,-991,evil_twin,evil_twin
1684000764,-1,-100,-100,-100,0,0,-88,0,2,0,58,60,159,140,100,294.94,24,-29,2,-1004,evil_twin,evil_twin
1684000764,-1,-100,-100,-100,0,0,-88,0,2,0,58,60,159,140,100,294.91,25,-23,0,-997,evil_twin,evil_twin
1684000764,-1,-100,-100,-100,-1,0,-88,0,2,0,58,60,159,140,100,294.91,25,-21,-2,-1008,evil_twin,evil_twin
1684000764,-1,-100,-100,-100,-1,0,-88,0,2,0,58,60,159,140,100,294.96,25,-18,-1,-993,evil_twin,evil_twin
1684000764,-1,-100,-100,-100,-1,-1,-88,0,2,0,58,60,159,140,100,294.93,25,-25,1,-993,evil_twin,evil_twin
1684000764,-1,-100,-100,-100,-1,-2,-88,0,2,0,58,60,159,140,100,294.87,25,-9,0,-984,evil_twin,evil_twin
1684000764,-1,-100,-100,-100,-1,-2,-88,0,2,0,58,60,158,140,100,294.91,25,-20,-10,-1000,evil_twin,evil_twin
1684000764,-1,-100,-100,-100,-1,-1,-88,0,2,0,58,60,159,140,100,294.89,25,-15,-12,-1003,evil_twin,evil_twin
1684000765,-1,-100,-100,-100,-1,-1,-88,0,2,0,58,60,159,140,100,294.89,25,-15,-12,-1003,evil_twin,evil_twin
1684000765,-1,-100,-100,-100,-1,-1,-88,0,2,0,58,60,159,140,100,294.81,25,-16,-7,-991,evil_twin,evil_twin
1684000765,-1,-100,-100,-100,-1,-1,-88,0,2,0,58,61,159,140,100,294.85,25,0,5,-1010,evil_twin,evil_twin
1684000765,-1,-100,-100,-100,-1,-1,-88,0,1,0,58,61,159,140,100,294.93,25,-7,0,-991,evil_twin,evil_twin
1684000765,-1,-100,-100,-100,-1,-1,-88,0,2,0,58,61,159,140,100,294.84,26,-1,0,-1015,evil_twin,evil_twin
1684000765,-1,-100,-100,-100,-1,-1,-88,0,2,0,58,61,158,140,100,294.94,26,-2,1,-1015,evil_twin,evil_twin
1684000765,-1,-100,-100,-100,-1,-1,-88,0,1,0,58,61,159,140,100,294.95,26,-17,2,-1016,evil_twin,evil_twin
1684000765,-1,-100,-100,-100,-1,-1,-88,1,1,0,58,61,158,140,100,294.92,26,-12,0,-1008,evil_twin,evil_twin
1684000765,-1,-100,-100,-100,-1,0,-88,1,1,0,58,61,158,140,100,294.93,26,-10,10,-994,evil_twin,evil_twin
1684000765,-1,-100,-100,-100,-1,2,-88,0,1,0,58,61,158,140,100,294.96,26,-1,4,-1008,evil_twin,evil_twin
1684000765,-1,-100,-100,-100,0,1,-88,0,1,0,58,61,158,140,100,294.86,26,13,-6,-970,evil_twin,evil_twin
1684000766,-1,-100,-100,-100,0,1,-88,0,1,0,58,61,158,140,100,294.86,26,13,-6,-970,evil_twin,evil_twin
1684000766,-1,-100,-100,-100,2,0,-88,0,1,0,58,61,158,140,100,294.89,26,-22,-6,-1021,evil_twin,evil_twin
1684000766,-1,-100,-100,-100,3,0,-88,0,0,0,58,61,159,140,100,294.91,26,6,-5,-1007,evil_twin,evil_twin
1684000766,-1,-100,-100,-100,1,-3,-88,0,0,0,58,61,158,140,100,294.91,26,8,-11,-1020,evil_twin,evil_twin
1684000766,-1,-100,-100,-100,0,-3,-88,0,0,0,58,61,158,140,100,294.96,27,11,-10,-1008,evil_twin,evil_twin
1684000766,-1,-100,-100,-100,0,-1,-88,1,0,0,58,61,158,140,100,294.93,27,11,-4,-1008,evil_twin,evil_twin
1684000766,-1,-100,-100,-100,0,3,-88,1,0,0,58,61,158,140,100,294.89,27,2,-1,-1001,evil_twin,evil_twin
1684000766,-1,-100,-100,-100,0,2,-88,0,0,0,58,61,159,140,100,294.97,27,7,-14,-1010,evil_twin,evil_twin
1684000766,-1,-100,-100,-100,0,1,-88,0,0,0,58,61,159,140,100,295.01,27,5,-15,-1007,evil_twin,evil_twin
1684000766,-1,-100,-100,-100,0,0,-88,0,0,0,58,61,158,140,100,294.86,27,14,-14,-994,evil_twin,evil_twin
1684000766,-1,-100,-100,-100,4,0,-88,0,0,0,58,61,160,140,100,294.81,27,16,-24,-1026,evil_twin,evil_twin
1684000767,-1,-100,-100,-100,4,0,-88,0,0,0,58,61,160,140,100,294.81,27,16,-24,-1026,evil_twin,evil_twin
1684000767,-1,-100,-100,-100,6,0,-88,0,-1,0,58,61,160,140,100,294.88,27,22,-25,-1019,evil_twin,evil_twin
1684000767,-1,-100,-100,-100,4,0,-88,0,-2,0,58,62,159,140,100,294.96,27,35,-23,-996,evil_twin,evil_twin
1684000767,-1,-100,-100,-100,2,0,-88,0,-3,0,58,62,159,140,100,294.99,27,8,-18,-993,evil_twin,evil_twin
1684000767,-1,-100,-100,-100,1,0,-88,0,-3,0,58,62,159,140,100,294.93,28,28,-18,-987,evil_twin,evil_twin
1684000767,-1,-100,-100,-100,0,0,-88,0,-3,0,58,62,159,140,100,294.89,28,31,-18,-988,evil_twin,evil_twin
1684000767,-1,-100,-100,-100,0,0,-88,0,-3,0,58,62,158,140,100,294.95,28,24,-27,-994,evil_twin,evil_twin
1684000767,-1,-100,-100,-100,0,-1,-88,0,-2,0,58,62,159,140,100,294.9,28,21,-20,-1011,evil_twin,evil_twin
1684000767,-1,-100,-100,-100,0,-1,-88,0,-2,0,58,62,158,140,100,294.88,28,22,-20,-994,evil_twin,evil_twin
1684000767,-1,-100,-100,-100,0,-1,-88,0,-2,0,58,62,158,140,100,294.92,28,30,-19,-996,evil_twin,evil_twin
1684000768,-1,-100,-100,-100,0,-1,-88,0,-2,0,58,62,158,140,100,294.92,28,30,-19,-996,evil_twin,evil_twin
1684000768,-1,-100,-100,-100,0,-1,-88,0,-2,0,58,62,157,140,100,294.93,28,16,-11,-999,evil_twin,evil_twin
1684000768,-1,-100,-100,-100,-1,-1,-88,1,-2,0,58,62,158,140,100,295,28,10,-11,-1014,evil_twin,evil_twin
1684000768,-1,-100,-100,-100,-3,-2,-88,1,-2,0,58,62,159,140,100,294.94,28,21,-6,-1005,evil_twin,evil_twin
1684000768,-1,-100,-100,-100,-4,0,-88,1,-1,0,58,62,159,140,100,294.94,28,10,5,-987,evil_twin,evil_twin
1684000768,-1,-100,-100,-100,-2,4,-88,1,0,0,58,62,158,140,100,294.89,29,-3,5,-1006,evil_twin,evil_twin
1684000768,-1,-100,-100,-100,-1,2,-88,0,0,0,58,62,158,140,100,294.93,29,8,-13,-1003,evil_twin,evil_twin
1684000768,-1,-100,-100,-100,-1,1,-88,0,0,0,58,62,158,140,100,294.9,29,-9,-12,-997,evil_twin,evil_twin
1684000768,-1,-100,-100,-100,-1,0,-88,0,0,0,58,62,159,140,100,294.98,29,-3,9,-1027,evil_twin,evil_twin
1684000768,-1,-100,-100,-100,-1,0,-94,0,0,0,58,62,159,140,100,294.95,29,3,1,-984,evil_twin,evil_twin
1684000768,-1,-100,-100,-100,-1,0,-100,0,0,0,58,62,159,140,100,294.99,29,11,-2,-999,evil_twin,evil_twin
1684000769,-1,-100,-100,-100,-1,0,-100,0,0,0,58,62,159,140,100,294.99,29,11,-2,-999,evil_twin,evil_twin
1684000769,-1,-100,-100,-100,-1,0,-107,0,0,0,58,62,158,140,100,294.97,29,0,-8,-994,evil_twin,evil_twin
1684000769,-1,-100,-100,-100,0,0,-113,0,0,0,58,62,159,140,100,294.95,29,9,0,-1004,evil_twin,evil_twin
1684000769,-1,-100,-100,-100,0,0,-120,0,0,0,58,62,158,140,100,294.92,29,11,1,-1002,evil_twin,evil_twin
1684000769,-1,-100,-100,-100,0,0,-126,0,0,0,58,62,158,140,100,294.92,29,3,-2,-994,evil_twin,evil_twin
1684000769,-1,-100,-100,-100,0,0,-132,0,0,0,58,62,159,140,100,294.94,30,11,-7,-992,evil_twin,evil_twin
1684000769,-1,-100,-100,-100,0,0,-138,0,0,0,58,62,159,140,100,294.97,30,-4,3,-986,evil_twin,evil_twin
1684000769,-1,-100,-100,-100,-1,0,-144,0,0,0,58,62,159,140,100,294.98,30,10,0,-998,evil_twin,evil_twin
1684000769,-1,-100,-100,-100,-1,0,-150,0,0,0,58,62,159,140,100,294.96,30,5,6,-999,evil_twin,evil_twin
1684000769,-1,-100,-100,-100,-1,0,-156,0,0,0,58,62,160,140,100,294.92,30,-3,4,-994,evil_twin,evil_twin
1684000769,-1,-100,-100,-100,-1,0,-161,0,0,0,58,62,158,140,100,294.98,30,7,-1,-1004,evil_twin,evil_twin
1684000770,-1,-100,-100,-100,-1,0,-161,0,0,0,58,62,158,140,100,294.98,30,7,-1,-1004,evil_twin,evil_twin
1684000770,-1,-100,-100,-100,-1,0,-165,0,0,0,58,62,159,140,100,294.9,30,0,0,-1001,evil_twin,evil_twin
1684000770,-1,-100,-100,-100,-1,1,-168,0,0,0,58,62,159,140,100,294.98,30,-15,-3,-992,evil_twin,evil_twin
1684000770,-1,-100,-100,-100,0,1,-171,0,0,0,58,61,158,140,100,294.99,30,-21,-9,-998,evil_twin,evil_twin
1684000770,-1,-100,-100,-100,0,1,-173,0,0,0,58,61,158,140,100,294.99,30,-5,-12,-996,evil_twin,evil_twin
1684000770,-1,-100,-100,-100,-1,1,-174,0,0,0,58,61,158,140,100,295.01,31,-5,-4,-992,evil_twin,evil_twin
1684000770,-1,-100,-100,-100,-1,1,-175,0,0,0,58,61,158,140,100,294.97,31,9,-6,-1002,evil_twin,evil_twin
1684000770,-1,-100,-100,-100,-1,1,-176,0,0,0,58,61,158,140,100,294.95,31,5,-4,-1001,evil_twin,evil_twin
1684000770,-1,-100,-100,-100,-1,1,-176,0,0,0,58,61,158,140,100,294.93,31,-3,-3,-1008,evil_twin,evil_twin
1684000770,-1,-100,-100,-100,-1,1,-176,0,0,0,58,61,158,140,100,294.98,31,0,-15,-1023,evil_twin,evil_twin
1684000770,-1,-100,-100,-100,0,4,-176,0,0,0,58,61,160,140,100,295.02,31,-9,-6,-984,evil_twin,evil_twin
1684000771,-1,-100,-100,-100,0,4,-176,0,0,0,58,61,160,140,100,295.02,31,-9,-6,-984,evil_twin,evil_twin
1684000771,-1,-100,-100,-100,0,6,-176,0,1,0,58,61,159,140,100,295,31,-5,-16,-1001,evil_twin,evil_twin
1684000771,-1,-100,-100,-100,0,5,-176,0,2,0,58,61,159,140,100,295.01,31,0,-28,-1023,evil_twin,evil_twin
1684000771,-1,-100,-100,-100,-1,3,-176,0,3,0,59,61,159,140,100,294.98,31,21,-15,-991,evil_twin,evil_twin
1684000771,-1,-100,-100,-100,-1,1,-176,0,3,0,59,61,160,140,100,294.93,31,12,-29,-1000,evil_twin,evil_twin
1684000771,-1,-100,-100,-100,0,0,-176,0,3,0,59,61,160,140,100,294.99,32,17,-23,-997,evil_twin,evil_twin
1684000771,-1,-100,-100,-100,0,0,-176,0,3,0,59,61,160,140,100,294.95,32,23,-22,-1010,evil_twin,evil_twin
1684000771,-1,-100,-100,-100,0,0,-176,0,2,0,59,61,160,140,100,294.97,32,16,-22,-993,evil_twin,evil_twin
1684000771,-1,-100,-100,-100,0,1,-176,0,2,0,59,61,161,140,100,294.99,32,11,-25,-1007,evil_twin,evil_twin
1684000771,-1,-100,-100,-100,0,1,-176,0,2,0,59,61,160,140,100,294.92,32,14,-29,-993,evil_twin,evil_twin
1684000771,-1,-100,-100,-100,0,1,-176,0,2,0,59,61,160,140,100,294.98,32,19,-27,-983,evil_twin,evil_twin
1684000772,-1,-100,-100,-100,0,1,-176,0,2,0,59,61,160,140,100,294.98,32,19,-27,-983,evil_twin,evil_twin
1684000772,-1,-100,-100,-100,0,1,-176,0,2,0,59,61,160,140,100,295,32,18,-37,-991,evil_twin,evil_twin
1684000772,-1,-100,-100,-100,0,1,-176,0,2,0,59,61,160,140,100,294.97,32,18,-21,-987,evil_twin,evil_twin
1684000772,-1,-100,-100,-100,0,1,-176,0,2,0,59,61,161,140,100,294.98,32,8,-21,-1002,evil_twin,evil_twin
1684000772,-1,-100,-100,-100,0,1,-176,0,2,0,59,61,160,140,100,294.91,32,12,-24,-1003,evil_twin,evil_twin
1684000772,-1,-100,-100,-100,-1,0,-176,0,2,0,59,61,161,140,100,294.9,33,14,-22,-987,evil_twin,evil_twin
1684000772,-1,-100,-100,-100,-2,0,-176,0,2,0,59,61,160,140,100,294.98,33,9,-19,-1000,evil_twin,evil_twin
1684000772,-1,-100,-100,-100,-2,0,-176,1,1,0,59,61,160,140,100,294.98,33,25,-13,-966,evil_twin,evil_twin
1684000772,-1,-100,-100,-100,1,0,-176,1,1,0,59,61,162,140,100,294.93,33,-4,-33,-1017,evil_twin,evil_twin
1684000772,-1,-100,-100,-100,3,-2,-176,0,1,0,59,61,161,140,100,294.92,33,14,-16,-991,evil_twin,evil_twin
1684000772,-1,-100,-100,-100,1,-1,-176,0,0,0,59,61,161,140,100,294.96,33,21,-13,-998,evil_twin,evil_twin
1684000773,-1,-100,-100,-100,1,-1,-176,0,0,0,59,61,161,140,100,294.96,33,21,-13,-998,evil_twin,evil_twin
1684000773,-1,-100,-100,-100,1,0,-176,0,0,0,59,61,161,140,100,294.9,33,17,-5,-991,evil_twin,evil_twin
1684000773,-1,-100,-100,-100,0,0,-176,0,0,0,59,61,161,140,100,294.94,33,19,-10,-984,evil_twin,evil_twin
1684000773,-1,-100,-100,-100,0,0,-176,0,0,0,59,62,159,140,100,295.01,33,7,-7,-1013,evil_twin,evil_twin
1684000773,-1,-100,-100,-100,0,0,-176,0,0,0,59,62,160,140,100,294.94,34,18,-11,-988,evil_twin,evil_twin
1684000773,-1,-100,-100,-100,0,0,-176,0,0,0,59,62,159,140,100,294.96,34,12,-8,-990,evil_twin,evil_twin
1684000773,-1,-100,-100,-100,0,-4,-176,0,0,0,59,62,159,140,100,294.97,34,22,-16,-1001,evil_twin,evil_twin
1684000773,-1,-100,-100,-100,0,-7,-176,0,-1,0,59,62,160,140,100,294.91,34,5,-7,-987,evil_twin,evil_twin
1684000773,-1,-100,-100,-100,0,-5,-176,0,-2,0,59,62,160,140,100,294.95,34,13,-5,-1016,evil_twin,evil_twin
1684000773,-1,-100,-100,-100,0,-2,-176,0,-3,0,59,62,160,140,100,295,34,26,-20,-1015,evil_twin,evil_twin
1684000773,-1,-100,-100,-100,0,0,-176,0,-3,0,59,62,158,140,100,294.94,34,23,-1,-1016,evil_twin,evil_twin
1684000774,-1,-100,-100,-100,0,0,-176,0,-3,0,59,62,158,140,100,294.94,34,23,-1,-1016,evil_twin,evil_twin
1684000774,-1,-100,-100,-100,0,0,-176,0,-3,0,59,62,159,140,100,294.93,34,29,13,-998,evil_twin,evil_twin
1684000774,-1,-100,-100,-100,0,1,-176,0,-2,0,59,62,159,140,100,294.99,34,19,6,-1000,evil_twin,evil_twin
1684000774,-1,-100,-100,-100,0,0,-176,0,-2,0,59,62,159,140,100,294.99,34,19,2,-994,evil_twin,evil_twin
1684000774,-1,-100,-100,-100,0,0,-176,0,-2,0,59,62,159,140,100,294.96,35,24,6,-999,evil_twin,evil_twin
1684000774,-1,-100,-100,-100,0,0,-176,0,-2,0,59,62,158,140,100,294.93,35,3,4,-1012,evil_twin,evil_twin
1684000774,-1,-100,-100,-100,0,0,-176,0,-2,0,59,62,159,140,100,294.92,35,9,13,-999,evil_twin,evil_twin
1684000774,-1,-100,-100,-100,0,0,-176,0,-2,0,59,62,158,140,100,294.9,35,0,6,-998,evil_twin,evil_twin
1684000774,-1,-100,-100,-100,0,0,-176,0,-2,0,59,62,159,140,100,294.9,35,-3,5,-1002,evil_twin,evil_twin
1684000774,-1,-100,-100,-100,-1,0,-176,0,-2,0,59,62,159,140,100,294.98,35,-4,6,-998,evil_twin,evil_twin
1684000774,-1,-100,-100,-100,-1,0,-176,0,-2,0,59,62,159,140,100,294.92,35,-12,1,-989,evil_twin,evil_twin
1684000775,-1,-100,-100,-100,-1,0,-176,0,-2,0,59,62,159,140,100,294.92,35,-12,1,-989,evil_twin,evil_twin
1684000775,-1,-100,-100,-100,-1,0,-176,0,-2,0,59,62,158,140,100,294.97,35,-2,12,-1012,evil_twin,evil_twin
1684000775,-1,-100,-100,-100,-1,0,-176,1,-1,0,59,62,158,140,100,294.93,35,-8,0,-996,evil_twin,evil_twin
1684000775,-1,-100,-100,-100,0,0,-176,1,-1,0,60,62,159,140,100,294.93,35,-2,10,-988,evil_twin,evil_twin
1684000775,-1,-100,-100,-100,3,3,-176,0,-1,0,60,62,159,140,100,294.89,36,-8,17,-990,evil_twin,evil_twin
1684000775,-1,-100,-100,-100,1,3,-176,0,0,0,60,62,159,140,100,294.91,36,-3,0,-991,evil_twin,evil_twin
1684000775,-1,-100,-100,-100,0,1,-176,0,0,0,60,62,159,140,100,294.96,36,14,-5,-1001,evil_twin,evil_twin
1684000775,-1,-100,-100,-100,0,0,-176,0,0,0,60,62,159,140,100,294.95,36,2,-2,-1010,evil_twin,evil_twin
1684000775,-1,-100,-100,-100,-5,0,-176,0,0,0,60,62,159,140,100,294.9,36,5,-3,-992,evil_twin,evil_twin
1684000775,-1,-100,-100,-100,-7,0,-176,1,0,0,60,62,161,140,100,294.91,36,17,-6,-996,evil_twin,evil_twin
1684000776,-1,-100,-100,-100,-7,0,-176,1,0,0,60,62,161,140,100,294.91,36,17,-6,-996,evil_twin,evil_twin
1684000776,-1,-100,-100,-100,-5,0,-176,2,0,0,60,62,160,140,100,294.96,36,-3,-4,-1001,evil_twin,evil_twin
1684000776,-1,-100,-100,-100,-3,0,-176,3,0,0,60,62,159,140,100,294.95,36,-20,-6,-990,evil_twin,evil_twin
1684000776,-1,-100,-100,-100,-1,0,-176,3,0,0,60,62,160,140,100,294.97,36,-24,-6,-995,evil_twin,evil_twin
1684000776,-1,-100,-100,-100,0,0,-176,3,0,0,60,62,159,140,100,294.98,36,-21,1,-1005,evil_twin,evil_twin
1684000776,-1,-100,-100,-100,0,0,-176,2,0,0,60,62,159,140,100,294.93,37,-2,-1,-999,evil_twin,evil_twin
1684000776,-1,-100,-100,-100,0,0,-176,2,0,0,60,62,159,140,100,295,37,-6,-3,-1004,evil_twin,evil_twin
1684000776,-1,-100,-100,-100,-1,0,-176,2,0,0,60,62,159,140,100,294.95,37,-7,-5,-998,evil_twin,evil_twin
1684000776,-1,-100,-100,-100,-1,0,-176,2,0,0,60,62,159,140,100,294.96,37,-7,-12,-992,evil_twin,evil_twin
1684000776,-1,-100,-100,-100,-1,0,-176,2,0,0,60,62,158,140,100,294.95,37,-12,-9,-1004,evil_twin,evil_twin
1684000776,-1,-100,-100,-100,0,0,-176,2,0,0,60,62,159,140,100,294.96,37,-5,-3,-1004,evil_twin,evil_twin
1684000776,-1,-100,-100,-100,0,0,-176,2,0,0,60,62,159,140,100,294.88,37,-1,-10,-995,evil_twin,evil_twin
1684000777,-1,-100,-100,-100,0,0,-176,2,0,0,60,62,159,140,100,294.88,37,-1,-10,-995,evil_twin,evil_twin
1684000777,-1,-100,-100,-100,0,0,-176,2,0,0,60,62,159,140,100,294.95,37,-11,-15,-995,evil_twin,evil_twin
1684000777,-1,-100,-100,-100,0,-1,-176,2,0,0,60,62,158,140,100,295.02,37,-8,-7,-997,evil_twin,evil_twin
1684000777,-1,-100,-100,-100,0,-2,-176,2,0,0,59,62,159,140,100,294.98,37,-3,-10,-997,evil_twin,evil_twin
1684000777,-1,-100,-100,-100,0,-2,-176,2,0,0,59,62,159,140,100,294.95,38,-12,-7,-987,evil_twin,evil_twin
1684000777,-1,-100,-100,-100,0,-1,-176,2,0,0,59,62,159,140,100,294.93,38,8,4,-1010,evil_twin,evil_twin
1684000777,-1,-100,-100,-100,0,-1,-176,1,0,0,59,62,159,140,100,294.99,38,-6,5,-1004,evil_twin,evil_twin
1684000777,-1,-100,-100,-100,0,-1,-176,1,0,0,59,62,158,140,100,294.91,38,0,-2,-992,evil_twin,evil_twin
1684000777,-1,-100,-100,-100,0,0,-176,1,-1,0,59,62,159,140,100,294.97,38,-4,1,-1009,evil_twin,evil_twin
1684000777,-1,-100,-100,-100,-1,2,-176,1,0,0,59,62,159,140,100,294.97,38,5,8,-981,evil_twin,evil_twin
1684000777,-1,-100,-100,-100,0,1,-176,1,0,0,59,62,159,140,100,294.96,38,-11,3,-1012,evil_twin,evil_twin
1684000778,-1,-100,-100,-100,0,1,-176,1,0,0,59,62,159,140,100,294.96,38,-11,3,-1012,evil_twin,evil_twin
1684000778,-1,-100,-100,-100,3,0,-176,1,0,0,59,62,160,140,100,295.02,38,0,-7,-1025,evil_twin,evil_twin
1684000778,-1,-100,-100,-100,2,0,-176,0,0,0,59,62,160,140,100,294.89,38,-1,-2,-1009,evil_twin,evil_twin
1684000778,-1,-100,-100,-100,1,-2,-176,0,0,0,59,63,159,140,100,294.93,38,0,-11,-1008,evil_twin,evil_twin
1684000778,-1,-100,-100,-100,0,-3,-176,0,0,0,59,63,160,140,100,294.95,39,8,-20,-993,evil_twin,evil_twin
1684000778,-1,-100,-100,-100,0,-2,-176,0,-1,0,59,63,160,140,100,294.98,39,20,-6,-998,evil_twin,evil_twin
1684000778,-1,-100,-100,-100,0,1,-176,0,-1,0,59,63,160,140,100,295.02,39,2,-2,-983,evil_twin,evil_twin
1684000778,-1,-100,-100,-100,0,2,-176,0,0,0,59,63,160,140,100,295,39,1,-7,-988,evil_twin,evil_twin
1684000778,-1,-100,-100,-100,0,1,-176,0,0,0,59,63,160,140,100,294.99,39,16,-2,-1008,evil_twin,evil_twin
1684000778,-1,-100,-100,-100,0,0,-176,0,0,0,59,63,161,140,100,294.94,39,7,-8,-986,evil_twin,evil_twin
1684000778,-1,-100,-100,-100,0,0,-176,0,0,0,59,63,161,140,100,294.94,39,3,-13,-991,evil_twin,evil_twin
1684000779,-1,-100,-100,-100,0,0,-176,0,0,0,59,63,161,140,100,294.94,39,3,-13,-991,evil_twin,evil_twin
1684000779,-1,-100,-100,-100,0,0,-176,0,0,0,59,63,161,140,100,294.9,39,12,-11,-1010,evil_twin,evil_twin
1684000779,-1,-100,-100,-100,0,0,-176,0,0,0,59,63,161,140,100,294.98,39,31,-13,-974,evil_twin,evil_twin
1684000779,-1,-100,-100,-100,0,0,-176,0,0,0,60,62,161,140,100,294.9,39,12,-9,-988,evil_twin,evil_twin
1684000779,-1,-100,-100,-100,0,0,-176,0,0,0,60,62,162,140,100,294.88,40,6,-9,-1005,evil_twin,evil_twin
1684000779,-1,-100,-100,-100,3,0,-176,0,0,0,60,62,161,140,100,294.95,40,0,-2,-1012,evil_twin,evil_twin
1684000779,-1,-100,-100,-100,7,0,-176,-1,0,0,60,62,162,140,100,294.86,40,19,-4,-1005,evil_twin,evil_twin
1684000779,-1,-100,-100,-100,5,0,-176,-2,0,0,60,62,162,140,100,294.94,40,32,-9,-988,evil_twin,evil_twin
1684000779,-1,-100,-100,-100,2,0,-176,-3,0,0,60,62,161,140,100,294.96,40,36,-13,-975,evil_twin,evil_twin
1684000779,-1,-100,-100,-100,1,-1,-176,-3,0,0,60,62,161,140,100,294.92,40,20,-9,-991,evil_twin,evil_twin
1684000779,-1,-100,-100,-100,0,-1,-176,-3,0,0,60,62,161,140,100,294.93,40,37,-11,-999,evil_twin,evil_twin
1684000780,-1,-100,-100,-100,0,-1,-176,-3,0,0,60,62,161,140,100,294.93,40,37,-11,-999,evil_twin,evil_twin
1684000780,-1,-100,-100,-100,0,-1,-176,-3,0,0,60,62,160,140,100,294.91,40,42,-10,-993,evil_twin,evil_twin
1684000780,-1,-100,-100,-100,0,-1,-176,-2,0,0,60,62,160,140,100,294.95,40,24,-9,-988,evil_twin,evil_twin
1684000780,-1,-100,-100,-100,0,-1,-176,-2,0,0,59,62,160,140,100,294.97,40,21,-15,-1002,evil_twin,evil_twin
1684000780,-1,-100,-100,-100,0,-1,-176,-2,0,0,59,62,160,140,100,295.01,41,31,-12,-983,evil_twin,evil_twin
1684000780,-1,-100,-100,-100,0,-1,-176,-2,0,0,59,62,160,140,100,295,41,41,-2,-1002,evil_twin,evil_twin
1684000780,-1,-100,-100,-100,0,-1,-176,-2,0,0,59,62,160,140,100,294.96,41,23,-11,-990,evil_twin,evil_twin
1684000780,-1,-100,-100,-100,-1,-2,-176,-2,0,0,59,62,160,140,100,294.97,41,21,-4,-1003,evil_twin,evil_twin
1684000780,-1,-100,-100,-100,-3,-2,-176,-2,-1,0,59,62,160,140,100,295.03,41,19,-7,-988,evil_twin,evil_twin
1684000780,-1,-100,-100,-100,-3,1,-176,-1,-1,0,59,62,161,140,100,295.05,41,10,2,-996,evil_twin,evil_twin
1684000780,-1,-100,-100,-100,-2,3,-176,0,0,0,59,62,160,140,100,295.06,41,10,3,-997,evil_twin,evil_twin
1684000781,-1,-100,-100,-100,-2,3,-176,0,0,0,59,62,160,140,100,295.06,41,10,3,-997,evil_twin,evil_twin
1684000781,-1,-100,-100,-100,-1,1,-176,0,0,0,59,62,160,140,100,295.01,41,-3,-4,-1013,evil_twin,evil_twin
1684000781,-1,-100,-100,-100,-1,0,-176,0,0,0,59,62,159,140,100,294.99,41,-6,-6,-1009,evil_twin,evil_twin
1684000781,-1,-100,-100,-100,-1,0,-178,0,0,0,59,62,160,140,100,294.93,41,-20,21,-1009,evil_twin,evil_twin
1684000781,-1,-100,-100,-100,-1,0,176,0,0,0,59,62,161,140,100,295.05,42,11,-5,-1030,evil_twin,evil_twin
1684000781,-1,-100,-100,-100,-1,0,170,0,0,0,59,62,160,140,100,294.96,42,0,-12,-997,evil_twin,evil_twin
1684000781,-1,-100,-100,-100,-1,0,164,0,0,0,59,62,161,140,100,294.98,42,5,-17,-987,evil_twin,evil_twin
1684000781,-1,-100,-100,-100,-1,0,158,0,0,0,59,62,161,140,100,294.96,42,2,-17,-979,evil_twin,evil_twin
1684000781,-1,-100,-100,-100,-1,0,152,0,0,0,59,62,160,140,100,295.06,42,-5,-10,-984,evil_twin,evil_twin
1684000781,-1,-100,-100,-100,-1,0,146,0,0,0,59,62,161,140,100,295.04,42,-9,-8,-1007,evil_twin,evil_twin
1684000781,-1,-100,-100,-100,-1,0,140,0,0,0,59,62,161,140,100,294.98,42,8,-8,-1010,evil_twin,evil_twin
1684000782,-1,-100,-100,-100,-1,0,140,0,0,0,59,62,161,140,100,294.98,42,8,-8,-1010,evil_twin,evil_twin
1684000782,-1,-100,-100,-100,-1,0,134,0,0,0,59,62,161,140,100,294.97,42,2,-4,-1007,evil_twin,evil_twin
1684000782,-1,-100,-100,-100,0,0,128,0,0,0,59,62,161,140,100,294.97,42,25,-15,-996,evil_twin,evil_twin
1684000782,-1,-100,-100,-100,0,1,122,0,0,0,60,62,161,140,100,294.97,42,8,-6,-1007,evil_twin,evil_twin
1684000782,-1,-100,-100,-100,0,1,117,0,0,0,60,62,161,140,100,294.95,43,16,-18,-1004,evil_twin,evil_twin
1684000782,-1,-100,-100,-100,0,1,111,0,0,0,60,62,160,140,100,295.07,43,28,-15,-987,evil_twin,evil_twin
1684000782,-1,-100,-100,-100,0,1,107,0,0,0,60,62,160,140,100,295.03,43,21,-17,-992,evil_twin,evil_twin
1684000782,-1,-100,-100,-100,0,1,104,0,0,0,60,62,161,140,100,295.04,43,16,-8,-989,evil_twin,evil_twin
1684000782,-1,-100,-100,-100,0,1,101,0,0,0,60,62,160,140,100,294.97,43,5,-14,-986,evil_twin,evil_twin
1684000782,-1,-100,-100,-100,0,1,99,0,0,0,60,62,160,140,100,294.99,43,4,-15,-999,evil_twin,evil_twin
1684000783,-1,-100,-100,-100,0,1,99,0,0,0,60,62,160,140,100,294.99,43,4,-15,-999,evil_twin,evil_twin
1684000783,-1,-100,-100,-100,0,1,98,0,0,0,60,62,160,140,100,294.94,43,2,-10,-1004,evil_twin,evil_twin
1684000783,-1,-100,-100,-100,0,1,97,0,0,0,60,62,161,140,100,294.93,43,16,-21,-1005,evil_twin,evil_twin
1684000783,-1,-100,-100,-100,0,1,96,0,0,0,60,62,160,140,100,294.98,43,24,-15,-1007,evil_twin,evil_twin
1684000783,-1,-100,-100,-100,0,1,95,0,0,0,59,62,159,140,100,294.95,43,7,-16,-982,evil_twin,evil_twin
1684000783,-1,-100,-100,-100,0,2,95,0,0,0,59,62,160,140,100,295.02,44,11,-28,-982,evil_twin,evil_twin
1684000783,-1,-100,-100,-100,0,2,95,0,0,0,59,62,160,140,100,294.99,44,6,-20,-1009,evil_twin,evil_twin
1684000783,-1,-100,-100,-100,0,1,95,0,0,0,59,62,160,140,100,295,44,18,-24,-997,evil_twin,evil_twin
1684000783,-1,-100,-100,-100,-1,1,95,0,0,0,59,62,160,140,100,295,44,1,-18,-1005,evil_twin,evil_twin
1684000783,-1,-100,-100,-100,-1,1,95,0,0,0,59,62,160,140,100,295.04,44,2,-18,-986,evil_twin,evil_twin
1684000783,-1,-100,-100,-100,0,2,95,0,0,0,59,62,159,140,100,295.02,44,9,-28,-1003,evil_twin,evil_twin
1684000783,-1,-100,-100,-100,0,5,95,0,0,0,59,62,161,140,100,295.03,44,8,-15,-999,evil_twin,evil_twin
1684000784,-1,-100,-100,-100,0,5,95,0,0,0,59,62,161,140,100,295.03,44,8,-15,-999,evil_twin,evil_twin
1684000784,-1,-100,-100,-100,0,7,95,1,0,0,59,62,160,140,100,295,44,14,-33,-1014,evil_twin,evil_twin
1684000784,-1,-100,-100,-100,0,6,95,2,0,0,59,62,161,140,100,295.01,44,4,-20,-999,evil_twin,evil_twin
1684000784,-1,-100,-100,-100,0,4,95,2,0,0,60,63,160,140,100,294.9,44,4,-28,-999,evil_twin,evil_twin
1684000784,-1,-100,-100,-100,0,2,95,3,0,0,60,63,160,140,100,294.95,45,-14,-36,-1015,evil_twin,evil_twin
1684000784,-1,-100,-100,-100,0,1,95,3,0,0,60,63,160,140,100,295.02,45,-10,-32,-985,evil_twin,evil_twin
1684000784,-1,-100,-100,-100,0,0,95,2,0,0,60,63,159,140,100,295.04,45,-14,-36,-996,evil_twin,evil_twin
1684000784,-1,-100,-100,-100,0,1,95,2,0,0,60,63,159,140,100,295.01,45,-14,-33,-1009,evil_twin,evil_twin
1684000784,-1,-100,-100,-100,0,1,95,2,0,0,60,63,160,140,100,295,45,-29,-26,-1018,evil_twin,evil_twin
1684000784,-1,-100,-100,-100,0,1,95,2,0,0,60,63,160,140,100,295,45,-12,-21,-997,evil_twin,evil_twin
1684000785,-1,-100,-100,-100,0,1,95,2,0,0,60,63,160,140,100,295,45,-12,-21,-997,evil_twin,evil_twin
1684000785,-1,-100,-100,-100,-1,1,95,2,0,0,60,63,159,140,100,295.04,45,-29,-8,-1009,evil_twin,evil_twin
1684000785,-1,-100,-100,-100,-2,0,95,2,0,0,60,63,160,140,100,294.98,45,-4,-22,-990,evil_twin,evil_twin
1684000785,-1,-100,-100,-100,-3,0,95,2,0,0,60,63,160,140,100,295.01,45,-22,-14,-1005,evil_twin,evil_twin
1684000785,-1,-100,-100,-100,-4,0,95,2,0,0,61,63,160,140,100,294.95,45,-19,-9,-1002,evil_twin,evil_twin
1684000785,-1,-100,-100,-100,-3,0,95,2,0,0,61,63,160,140,100,294.9,46,-33,-12,-1000,evil_twin,evil_twin
1684000785,-1,-100,-100,-100,-3,0,95,2,0,0,61,63,160,140,100,294.97,46,-19,-15,-992,evil_twin,evil_twin
1684000785,-1,-100,-100,-100,-3,0,95,1,-1,0,61,63,159,140,100,294.96,46,-24,-13,-987,evil_twin,evil_twin
1684000785,-1,-100,-100,-100,-3,-1,95,1,-1,0,61,63,159,140,100,294.85,46,-35,-10,-1028,evil_twin,evil_twin
1684000785,-1,-100,-100,-100,-2,-3,95,1,-1,0,61,63,159,140,100,294.92,46,-21,-21,-1000,evil_twin,evil_twin
1684000785,-1,-100,-100,-100,0,-1,95,0,-1,0,61,63,159,140,100,294.95,46,-53,-7,-1024,evil_twin,evil_twin
1684000785,-1,-100,-100,-100,2,0,95,0,0,0,61,63,159,140,100,294.98,46,-8,-13,-985,evil_twin,evil_twin
1684000786,-1,-100,-100,-100,2,0,95,0,0,0,61,63,159,140,100,294.98,46,-8,-13,-985,evil_twin,evil_twin
1684000786,-1,-100,-100,-100,0,0,95,0,0,0,61,63,159,140,100,294.96,46,5,-10,-998,evil_twin,evil_twin
1684000786,-1,-100,-100,-100,0,0,95,0,0,0,61,63,158,140,100,294.99,46,-6,-2,-984,evil_twin,evil_twin
1684000786,-1,-100,-100,-100,0,-5,95,0,0,0,60,64,160,140,100,294.9,46,-9,-20,-1013,evil_twin,evil_twin
1684000786,-1,-100,-100,-100,-1,-6,95,-1,0,0,60,64,159,140,100,294.92,47,-1,-11,-1005,evil_twin,evil_twin
1684000786,-1,-100,-100,-100,-1,-4,95,-2,0,0,60,64,159,140,100,294.94,47,-3,3,-1006,evil_twin,evil_twin
1684000786,-1,-100,-100,-100,-1,-2,95,-3,0,0,60,64,159,140,100,294.91,47,6,0,-990,evil_twin,evil_twin
1684000786,-1,-100,-100,-100,-1,0,95,-3,0,0,60,64,158,140,100,294.93,47,0,5,-999,evil_twin,evil_twin
1684000786,-1,-100,-100,-100,-1,1,95,-3,0,0,60,64,158,140,100,295,47,1,5,-995,evil_twin,evil_twin
1684000786,-1,-100,-100,-100,-1,1,95,-2,0,0,60,64,158,140,100,294.99,47,-10,3,-1001,evil_twin,evil_twin
1684000787,-1,-100,-100,-100,-1,1,95,-2,0,0,60,64,158,140,100,294.99,47,-10,3,-1001,evil_twin,evil_twin
1684000787,-1,-100,-100,-100,-1,0,95,-2,0,0,60,64,158,140,100,294.97,47,-8,1,-988,evil_twin,evil_twin
1684000787,-1,-100,-100,-100,-1,0,95,-2,0,0,60,64,158,140,100,295,47,-22,10,-1011,evil_twin,evil_twin
1684000787,-1,-100,-100,-100,-2,0,95,-2,0,0,60,64,158,140,100,294.91,47,3,6,-998,evil_twin,evil_twin
1684000787,-1,-100,-100,-100,-2,0,95,-2,0,0,60,63,158,140,100,294.95,47,6,1,-982,evil_twin,evil_twin
1684000787,-1,-100,-100,-100,-2,0,95,-2,0,0,60,63,158,140,100,294.97,48,4,3,-994,evil_twin,evil_twin
1684000787,-1,-100,-100,-100,-2,0,95,-2,0,0,60,63,158,140,100,294.99,48,-2,1,-993,evil_twin,evil_twin
1684000787,-1,-100,-100,-100,-2,0,95,-2,-1,0,60,63,159,140,100,295.02,48,-13,3,-1021,evil_twin,evil_twin
1684000787,-1,-100,-100,-100,-2,0,95,-2,-1,0,60,63,159,140,100,295,48,0,1,-1002,evil_twin,evil_twin
1684000787,-1,-100,-100,-100,-1,0,95,-1,-1,0,60,63,160,140,100,294.99,48,0,-1,-977,evil_twin,evil_twin
1684000787,-1,-100,-100,-100,-1,0,95,-1,-1,0,60,63,159,140,100,294.98,48,2,0,-1006,evil_twin,evil_twin
1684000788,-1,-100,-100,-100,-1,0,95,-1,-1,0,60,63,159,140,100,294.98,48,2,0,-1006,evil_twin,evil_twin
1684000788,-1,-100,-100,-100,-1,0,95,-1,-1,0,60,63,159,140,100,294.99,48,-9,17,-963,evil_twin,evil_twin
1684000788,-1,-100,-100,-100,2,4,95,-1,-1,0,60,63,160,140,100,295.02,48,-10,9,-1015,evil_twin,evil_twin
1684000788,-1,-100,-100,-100,2,2,95,0,0,0,60,63,159,140,100,295.04,48,10,-14,-998,evil_twin,evil_twin
1684000788,-1,-100,-100,-100,0,1,95,0,0,0,61,63,160,140,100,295.07,48,11,-5,-993,evil_twin,evil_twin
1684000788,-1,-100,-100,-100,0,0,95,0,0,0,61,63,159,140,100,295.05,49,-12,-4,-1025,evil_twin,evil_twin
1684000788,-1,-100,-100,-100,-3,0,95,0,0,0,61,63,160,140,100,294.96,49,13,-5,-975,evil_twin,evil_twin
1684000788,-1,-100,-100,-100,-7,0,95,0,0,0,61,63,160,140,100,294.96,49,-5,-6,-1025,evil_twin,evil_twin
1684000788,-1,-100,-100,-100,-6,0,95,0,-2,0,61,63,161,140,100,294.92,49,-22,-2,-1011,evil_twin,evil_twin
1684000788,-1,-100,-100,-100,-4,0,95,0,-2,0,61,63,160,140,100,294.97,49,-16,-6,-996,evil_twin,evil_twin
1684000788,-1,-100,-100,-100,-2,0,95,0,-3,0,61,63,159,140,100,294.92,49,-22,3,-1003,evil_twin,evil_twin
1684000789,-1,-100,-100,-100,-2,0,95,0,-3,0,61,63,159,140,100,294.92,49,-22,3,-1003,evil_twin,evil_twin
1684000789,-1,-100,-100,-100,0,0,95,0,-3,0,61,63,160,140,100,294.98,49,-22,-5,-1003,evil_twin,evil_twin
1684000789,-1,-100,-100,-100,0,0,95,0,-2,0,61,63,160,140,100,295,49,-17,-3,-1001,evil_twin,evil_twin
1684000789,-1,-100,-100,-100,0,0,95,0,-2,0,61,63,160,140,100,294.92,49,-25,4,-1015,evil_twin,evil_twin
1684000789,-1,-100,-100,-100,-1,0,95,0,-2,0,61,62,159,140,100,294.98,49,-6,-3,-990,evil_twin,evil_twin
1684000789,-1,-100,-100,-100,-1,0,95,0,-2,0,61,62,159,140,100,295,50,-25,7,-1009,evil_twin,evil_twin
1684000789,-1,-100,-100,-100,-1,0,95,0,-2,0,61,62,159,140,100,294.9,50,-23,5,-1004,evil_twin,evil_twin
1684000789,-1,-100,-100,-100,-1,0,95,0,-2,0,61,62,159,140,100,294.95,50,-16,14,-1011,evil_twin,evil_twin
1684000789,-1,-100,-100,-100,-1,-1,95,0,-2,0,61,62,159,140,100,294.92,50,-24,13,-1007,evil_twin,evil_twin
1684000789,-1,-100,-100,-100,-1,-2,95,0,-2,0,61,62,158,140,100,294.96,50,-23,-7,-986,evil_twin,evil_twin
1684000789,-1,-100,-100,-100,-1,-2,95,0,-2,0,61,62,158,140,100,294.95,50,-15,-1,-984,evil_twin,evil_twin
1684000790,-1,-100,-100,-100,-1,-2,95,0,-2,0,61,62,158,140,100,294.95,50,-15,-1,-984,evil_twin,evil_twin
1684000790,-1,-100,-100,-100,-1,-2,95,0,-1,0,61,62,159,140,100,295.02,50,-17,8,-1004,evil_twin,evil_twin
1684000790,-1,-100,-100,-100,-1,-2,95,0,-1,0,61,62,158,140,100,294.95,50,-18,18,-1001,evil_twin,evil_twin
1684000790,-1,-100,-100,-100,-1,-1,95,0,-1,0,61,62,158,140,100,294.93,50,-4,3,-1001,evil_twin,evil_twin
1684000790,-1,-100,-100,-100,-1,-1,95,0,-1,0,60,63,158,140,100,294.98,50,-18,13,-1000,evil_twin,evil_twin
1684000790,-1,-100,-100,-100,-1,-1,95,0,-1,0,60,63,157,140,100,295,51,-22,4,-987,evil_twin,evil_twin
1684000790,-1,-100,-100,-100,-1,-1,95,0,-1,0,60,63,158,140,100,294.91,51,-28,14,-1011,evil_twin,evil_twin
1684000790,-1,-100,-100,-100,-1,-1,95,0,-1,0,60,63,158,140,100,294.9,51,-12,10,-998,evil_twin,evil_twin
1684000790,-1,-100,-100,-100,-1,-1,95,0,-1,0,60,63,159,140,100,294.92,51,-14,11,-991,evil_twin,evil_twin
1684000790,-1,-100,-100,-100,-1,0,95,-1,-1,0,60,63,159,140,100,295.01,51,-5,21,-969,evil_twin,evil_twin
1684000790,-1,-100,-100,-100,-2,2,95,0,-1,0,60,63,158,140,100,294.97,51,-3,2,-960,evil_twin,evil_twin
1684000791,-1,-100,-100,-100,-2,2,95,0,-1,0,60,63,158,140,100,294.97,51,-3,2,-960,evil_twin,evil_twin
1684000791,-1,-100,-100,-100,2,1,95,0,-1,0,60,63,158,140,100,294.93,51,-32,0,-1008,evil_twin,evil_twin
1684000791,-1,-100,-100,-100,2,0,95,0,0,0,60,63,159,140,100,294.93,51,-4,-2,-1006,evil_twin,evil_twin
1684000791,-1,-100,-100,-100,0,0,95,0,0,0,60,63,158,140,100,294.97,51,-7,2,-1001,evil_twin,evil_twin
1684000791,-1,-100,-100,-100,0,0,95,0,0,0,60,62,158,140,100,295.07,51,-5,1,-1000,evil_twin,evil_twin
1684000791,-1,-100,-100,-100,0,0,95,0,0,0,60,62,158,140,100,294.97,52,8,0,-989,evil_twin,evil_twin
1684000791,-1,-100,-100,-100,4,0,95,0,0,0,60,62,160,140,100,295.03,52,-7,-2,-1020,evil_twin,evil_twin
1684000791,-1,-100,-100,-100,5,0,95,0,1,0,60,62,159,140,100,294.96,52,6,-10,-1000,evil_twin,evil_twin
1684000791,-1,-100,-100,-100,4,0,95,0,2,0,60,62,160,140,100,294.94,52,11,-15,-997,evil_twin,evil_twin
1684000791,-1,-100,-100,-100,2,-1,95,0,3,0,60,62,159,140,100,295.05,52,5,-16,-1001,evil_twin,evil_twin
1684000791,-1,-100,-100,-100,0,0,95,0,3,0,60,62,159,140,100,295.05,52,22,-18,-976,evil_twin,evil_twin
1684000792,-1,-100,-100,-100,0,0,95,0,3,0,60,62,159,140,100,295.05,52,22,-18,-976,evil_twin,evil_twin
1684000792,-1,-100,-100,-100,-1,0,95,0,3,0,60,62,158,140,100,294.99,52,31,-8,-1006,evil_twin,evil_twin
1684000792,-1,-100,-100,-100,-1,0,95,0,3,0,60,62,159,140,100,295.01,52,26,-7,-994,evil_twin,evil_twin
1684000792,-1,-100,-100,-100,0,0,95,0,2,0,60,62,158,140,100,294.98,52,13,-20,-983,evil_twin,evil_twin
1684000792,-1,-100,-100,-100,0,-1,95,0,2,0,60,63,158,140,100,294.96,53,25,-14,-1004,evil_twin,evil_twin
1684000792,-1,-100,-100,-100,0,-1,95,0,2,0,60,63,157,140,100,294.95,53,15,-17,-992,evil_twin,evil_twin
1684000792,-1,-100,-100,-100,0,-1,95,-1,2,0,60,63,156,140,100,295,53,28,-13,-991,evil_twin,evil_twin
1684000792,-1,-100,-100,-100,-1,-1,95,-1,2,0,60,63,157,140,100,295.01,53,24,-13,-1006,evil_twin,evil_twin
1684000792,-1,-100,-100,-100,-4,3,95,-1,1,0,60,63,155,140,100,294.98,53,11,-1,-993,evil_twin,evil_twin
1684000792,-1,-100,-100,-100,-3,1,95,0,0,0,60,63,155,140,100,294.87,53,21,-6,-994,evil_twin,evil_twin
1684000792,-1,-100,-100,-100,-2,1,95,0,0,0,60,63,154,140,100,294.98,53,17,-11,-1007,evil_twin,evil_twin
1684000793,-1,-100,-100,-100,-2,1,95,0,0,0,60,63,154,140,100,294.98,53,17,-11,-1007,evil_twin,evil_twin
1684000793,-1,-100,-100,-100,-1,0,95,0,0,0,60,63,154,140,100,294.94,53,-3,-9,-1017,evil_twin,evil_twin
1684000793,-1,-100,-100,-100,0,0,90,0,0,0,60,63,154,140,100,294.97,53,-15,6,-1022,evil_twin,evil_twin
1684000793,-1,-100,-100,-100,0,0,84,0,0,0,60,63,153,140,100,295.01,53,6,-2,-1012,evil_twin,evil_twin
1684000793,-1,-100,-100,-100,0,0,78,0,0,0,60,63,154,140,100,295,54,5,-9,-997,evil_twin,evil_twin
1684000793,-1,-100,-100,-100,0,0,71,0,0,0,60,63,153,140,100,294.98,54,10,-7,-990,evil_twin,evil_twin
1684000793,-1,-100,-100,-100,0,0,65,0,0,0,60,63,155,140,100,294.93,54,-4,-10,-986,evil_twin,evil_twin
1684000793,-1,-100,-100,-100,0,0,59,0,0,0,60,63,154,140,100,295,54,5,-17,-974,evil_twin,evil_twin
1684000793,-1,-100,-100,-100,0,0,53,0,0,0,60,63,154,140,100,295,54,-3,-3,-1011,evil_twin,evil_twin
1684000793,-1,-100,-100,-100,0,0,47,0,0,0,60,63,154,140,100,294.95,54,3,-11,-993,evil_twin,evil_twin
1684000794,-1,-100,-100,-100,0,0,47,0,0,0,60,63,154,140,100,294.95,54,3,-11,-993,evil_twin,evil_twin
1684000794,-1,-100,-100,-100,0,0,41,0,0,0,60,63,155,140,100,294.97,54,7,-12,-1013,evil_twin,evil_twin
1684000794,-1,-100,-100,-100,0,0,35,0,0,0,60,63,154,140,100,294.97,54,21,-12,-1020,evil_twin,evil_twin
1684000794,-1,-100,-100,-100,0,0,29,0,0,0,60,63,155,140,100,294.98,54,7,-12,-1013,evil_twin,evil_twin
1684000794,-1,-100,-100,-100,0,0,23,0,0,0,60,63,155,140,100,294.9,54,15,-7,-994,evil_twin,evil_twin
1684000794,-1,-100,-100,-100,0,0,19,0,0,0,60,63,155,140,100,294.9,55,-6,-5,-1007,evil_twin,evil_twin
1684000794,-1,-100,-100,-100,0,0,15,0,0,0,60,63,155,140,100,294.94,55,5,-9,-973,evil_twin,evil_twin
1684000794,-1,-100,-100,-100,-1,1,13,0,0,0,60,63,156,140,100,294.92,55,26,-8,-1002,evil_twin,evil_twin
1684000794,-1,-100,-100,-100,0,1,11,0,0,0,60,63,155,140,100,294.95,55,8,-12,-995,evil_twin,evil_twin
1684000794,-1,-100,-100,-100,0,1,9,0,0,0,60,63,156,140,100,294.88,55,15,-5,-993,evil_twin,evil_twin
1684000794,-1,-100,-100,-100,0,1,8,0,0,0,60,63,156,140,100,294.96,55,-5,-15,-998,evil_twin,evil_twin
1684000794,-1,-100,-100,-100,0,1,7,0,0,0,60,63,157,140,100,294.98,55,6,6,-1019,evil_twin,evil_twin
1684000795,-1,-100,-100,-100,0,1,7,0,0,0,60,63,157,140,100,294.98,55,6,6,-1019,evil_twin,evil_twin
1684000795,-1,-100,-100,-100,0,1,7,0,0,0,60,63,156,140,100,295,55,-6,-13,-1010,evil_twin,evil_twin
1684000795,-1,-100,-100,-100,0,1,7,0,0,0,60,63,156,140,100,295.01,55,0,-8,-981,evil_twin,evil_twin
1684000795,-1,-100,-100,-100,0,1,7,0,0,0,60,63,157,140,100,294.93,55,-5,-6,-1002,evil_twin,evil_twin
1684000795,-1,-100,-100,-100,0,0,7,0,0,0,61,63,157,140,100,294.97,56,-1,-16,-990,evil_twin,evil_twin
1684000795,-1,-100,-100,-100,0,1,7,0,0,0,61,63,158,140,100,294.89,56,-13,-13,-1016,evil_twin,evil_twin
1684000795,-1,-100,-100,-100,0,6,7,0,0,0,61,63,158,140,100,295.04,56,0,-5,-1010,evil_twin,evil_twin
1684000795,-1,-100,-100,-100,-1,6,7,0,-1,0,61,63,158,140,100,295.01,56,9,-18,-983,evil_twin,evil_twin
1684000795,-1,-100,-100,-100,-1,4,7,0,-2,0,61,63,157,140,100,295.02,56,8,-24,-1011,evil_twin,evil_twin
1684000795,-1,-100,-100,-100,0,3,7,0,-3,0,61,63,157,140,100,294.98,56,0,-17,-1014,evil_twin,evil_twin
1684000795,-1,-100,-100,-100,0,0,7,0,-3,0,61,63,158,140,100,294.99,56,16,-28,-999,evil_twin,evil_twin
1684000796,-1,-100,-100,-100,0,0,7,0,-3,0,61,63,158,140,100,294.99,56,16,-28,-999,evil_twin,evil_twin
1684000796,-1,-100,-100,-100,0,0,7,0,-3,0,61,63,157,140,100,294.96,56,8,-27,-1001,evil_twin,evil_twin
1684000796,-1,-100,-100,-100,0,0,7,0,-2,0,61,63,157,140,100,294.98,56,7,-25,-1016,evil_twin,evil_twin
1684000796,-1,-100,-100,-100,0,0,7,0,-2,0,61,63,158,140,100,294.98,56,5,-22,-994,evil_twin,evil_twin
1684000796,-1,-100,-100,-100,0,1,7,0,-2,0,61,64,158,140,100,294.94,57,-7,-21,-1007,evil_twin,evil_twin
1684000796,-1,-100,-100,-100,-1,1,7,0,-2,0,61,64,158,140,100,294.99,57,4,-30,-978,evil_twin,evil_twin
1684000796,-1,-100,-100,-100,-1,0,7,0,-2,0,61,64,158,140,100,295.04,57,-16,-26,-1021,evil_twin,evil_twin
1684000796,-1,-100,-100,-100,-1,0,6,0,-2,0,61,64,157,140,100,294.98,57,0,-20,-1004,evil_twin,evil_twin
1684000796,-1,-100,-100,-100,-1,0,6,0,-2,0,61,64,157,140,100,294.96,57,-8,-22,-1001,evil_twin,evil_twin
1684000796,-1,-100,-100,-100,-3,0,6,0,-2,0,61,64,159,140,100,295.01,57,13,-18,-996,evil_twin,evil_twin
1684000796,-1,-100,-100,-100,-4,0,6,0,-2,0,61,64,159,140,100,294.99,57,-8,-30,-986,evil_twin,evil_twin
1684000797,-1,-100,-100,-100,-4,0,6,0,-2,0,61,64,159,140,100,294.99,57,-8,-30,-986,evil_twin,evil_twin
1684000797,-1,-100,-100,-100,-3,0,6,0,-1,0,61,64,158,140,100,294.98,57,4,-18,-1005,evil_twin,evil_twin
1684000797,-1,-100,-100,-100,-2,0,6,-1,-1,0,61,64,158,140,100,294.94,57,-21,-13,-986,evil_twin,evil_twin
1684000797,-1,-100,-100,-100,-1,-2,6,-1,-1,0,61,64,158,140,100,294.96,57,-25,-28,-1012,evil_twin,evil_twin
1684000797,-1,-100,-100,-100,1,-1,6,-1,0,0,60,64,157,140,100,294.94,58,4,-7,-1008,evil_twin,evil_twin
1684000797,-1,-100,-100,-100,3,0,6,0,0,0,60,64,157,140,100,294.95,58,2,-11,-999,evil_twin,evil_twin
1684000797,-1,-100,-100,-100,1,0,6,0,0,0,60,64,157,140,100,295.02,58,0,-15,-1007,evil_twin,evil_twin
1684000797,-1,-100,-100,-100,0,0,6,0,0,0,60,64,157,140,100,294.96,58,2,-8,-989,evil_twin,evil_twin
1684000797,-1,-100,-100,-100,0,0,6,0,0,0,60,64,156,140,100,295.01,58,11,-7,-999,evil_twin,evil_twin
1684000797,-1,-100,-100,-100,0,0,6,0,0,0,60,64,156,140,100,294.92,58,-11,-15,-995,evil_twin,evil_twin
1684000798,-1,-100,-100,-100,0,0,6,0,0,0,60,64,156,140,100,294.92,58,-11,-15,-995,evil_twin,evil_twin
1684000798,-1,-100,-100,-100,0,-2,7,0,0,0,60,64,157,140,100,294.97,58,8,-1,-1001,evil_twin,evil_twin
1684000798,-1,-100,-100,-100,0,-7,7,0,0,0,60,64,158,140,100,294.95,58,6,-17,-1033,evil_twin,evil_twin
1684000798,-1,-100,-100,-100,0,-5,7,0,2,0,60,64,158,140,100,294.93,58,3,0,-1011,evil_twin,evil_twin
1684000798,-1,-100,-100,-100,0,-3,7,0,3,0,60,64,156,140,100,295.01,58,-13,4,-1004,evil_twin,evil_twin
1684000798,-1,-100,-100,-100,-1,-1,7,0,3,0,61,64,157,140,100,294.97,59,15,13,-1008,evil_twin,evil_twin
1684000798,-1,-100,-100,-100,-1,0,7,0,3,0,61,64,156,140,100,294.98,59,-4,19,-1018,evil_twin,evil_twin
1684000798,-1,-100,-100,-100,-1,0,7,0,2,0,61,64,158,140,100,295,59,8,4,-976,evil_twin,evil_twin
1684000798,-1,-100,-100,-100,-1,0,7,0,2,0,61,64,157,140,100,294.94,59,3,9,-1005,evil_twin,evil_twin
1684000798,-1,-100,-100,-100,-1,0,7,0,2,0,61,64,157,140,100,295.02,59,6,12,-1005,evil_twin,evil_twin
1684000798,-1,-100,-100,-100,-1,0,7,0,2,0,61,64,157,140,100,295.06,59,18,3,-982,evil_twin,evil_twin
1684000799,-1,-100,-100,-100,-1,0,7,0,2,0,61,64,157,140,100,295.06,59,18,3,-982,evil_twin,evil_twin
1684000799,-1,-100,-100,-100,-1,0,7,0,2,0,61,64,157,140,100,295.05,59,1,6,-1004,evil_twin,evil_twin
1684000799,-1,-100,-100,-100,-1,0,7,0,2,0,61,64,157,140,100,295.01,59,6,-2,-1004,evil_twin,evil_twin
1684000799,-1,-100,-100,-100,-1,0,7,0,2,0,61,64,156,140,100,294.98,59,-5,15,-996,evil_twin,evil_twin
1684000799,-1,-100,-100,-100,-1,0,7,-1,2,0,61,64,156,140,100,295.02,60,1,8,-967,evil_twin,evil_twin
1684000799,-1,-100,-100,-100,-1,0,7,-1,1,0,61,64,157,140,100,295.01,60,-14,6,-1013,evil_twin,evil_twin
1684000799,-1,-100,-100,-100,-2,0,7,-1,1,0,61,64,157,140,100,294.99,60,-6,10,-1016,evil_twin,evil_twin
1684000799,-1,-100,-100,-100,-2,0,7,-1,1,0,61,64,157,140,100,294.97,60,-5,3,-1006,evil_twin,evil_twin
1684000799,-1,-100,-100,-100,0,3,7,-1,1,0,61,64,157,140,100,294.92,60,-3,17,-963,evil_twin,evil_twin
1684000799,-1,-100,-100,-100,2,2,7,-1,0,0,61,64,156,140,100,294.96,60,-17,-1,-1016,evil_twin,evil_twin
1684000800,-1,-100,-100,-100,2,2,7,-1,0,0,61,64,156,140,100,294.96,60,-17,-1,-1016,evil_twin,evil_twin
1684000800,-1,-100,-100,-100,1,1,7,0,0,0,61,64,156,140,100,295.02,60,-10,-2,-1000,evil_twin,evil_twin
1684000800,-1,-100,-100,-100,0,0,7,0,0,0,61,64,156,140,100,294.96,60,-4,-1,-997,evil_twin,evil_twin
1684000800,-1,-100,-100,-100,0,0,7,0,0,0,61,64,156,140,100,295,60,10,-4,-1025,evil_twin,evil_twin
1684000800,-1,-100,-100,-100,-4,0,7,0,0,0,61,64,157,140,100,294.97,60,5,2,-1014,evil_twin,evil_twin
1684000800,-1,-100,-100,-100,-7,0,7,-1,0,0,61,64,158,140,100,294.99,61,6,-14,-992,evil_twin,evil_twin
1684000800,-1,-100,-100,-100,-5,0,7,-2,0,0,61,64,157,140,100,295.01,61,-17,-2,-1014,evil_twin,evil_twin
1684000800,-1,-100,-100,-100,-3,0,7,-2,0,0,61,64,157,140,100,294.99,61,-16,-9,-993,evil_twin,evil_twin
1684000800,-1,-100,-100,-100,-2,0,7,-3,0,0,61,64,158,140,100,295.02,61,-21,-12,-1003,evil_twin,evil_twin
1684000800,-1,-100,-100,-100,0,0,7,-3,0,0,61,64,157,140,100,295,61,-26,-11,-1011,evil_twin,evil_twin
1684000800,-1,-100,-100,-100,0,0,7,-2,0,0,61,64,157,140,100,295,61,-6,0,-997,evil_twin,evil_twin
1684000801,-1,-100,-100,-100,0,0,7,-2,0,0,61,64,157,140,100,295,61,-6,0,-997,evil_twin,evil_twin
1684000801,-1,-100,-100,-100,0,0,7,-2,0,0,61,64,158,140,100,295.03,61,-9,3,-1008,evil_twin,evil_twin
1684000801,-1,-100,-100,-100,-1,0,7,-2,0,0,61,64,159,140,100,294.99,61,-11,-10,-974,evil_twin,evil_twin
1684000801,-1,-100,-100,-100,-1,0,7,-2,0,0,61,64,159,140,100,295,61,-9,-4,-987,evil_twin,evil_twin
1684000801,-1,-100,-100,-100,-1,0,7,-2,0,0,61,64,159,140,100,295,61,-5,1,-1011,evil_twin,evil_twin
1684000801,-1,-100,-100,-100,-1,0,7,-2,0,0,61,63,158,140,100,295.02,62,-17,5,-989,evil_twin,evil_twin
1684000801,-1,-100,-100,-100,-1,0,7,-2,0,0,61,63,158,140,100,294.92,62,-10,-5,-988,evil_twin,evil_twin
1684000801,-1,-100,-100,-100,-1,0,7,-2,0,0,61,63,158,140,100,294.94,62,-1,0,-991,evil_twin,evil_twin
1684000801,-1,-100,-100,-100,-1,0,7,-2,0,0,61,63,158,140,100,295,62,-18,-6,-998,evil_twin,evil_twin
1684000801,-1,-100,-100,-100,-1,0,7,-2,0,0,61,63,159,140,100,295.02,62,-5,0,-1000,evil_twin,evil_twin
1684000801,-1,-100,-100,-100,0,0,7,-2,0,0,61,63,159,140,100,295.03,62,-1,-10,-974,evil_twin,evil_twin
1684000802,-1,-100,-100,-100,0,0,7,-2,0,0,61,63,159,140,100,295.03,62,-1,-10,-974,evil_twin,evil_twin
1684000802,-1,-100,-100,-100,0,0,7,-2,0,0,61,63,159,140,100,294.99,62,0,6,-1006,evil_twin,evil_twin
1684000802,-1,-100,-100,-100,0,0,7,-1,0,0,61,63,160,140,100,295.02,62,-12,2,-1010,evil_twin,evil_twin
1684000802,-1,-100,-100,-100,0,0,7,-1,0,0,61,63,159,140,100,294.97,62,-5,5,-965,evil_twin,evil_twin
1684000802,-1,-100,-100,-100,0,-3,7,-1,0,0,61,64,159,140,100,294.98,63,-10,-6,-1004,evil_twin,evil_twin
1684000802,-1,-100,-100,-100,0,-4,7,-1,0,0,61,64,160,140,100,295.04,63,-4,7,-1018,evil_twin,evil_twin
1684000802,-1,-100,-100,-100,2,-3,7,-1,0,0,61,64,159,140,100,295.09,63,10,8,-994,evil_twin,evil_twin
1684000802,-1,-100,-100,-100,2,-2,7,0,1,0,61,64,158,140,100,295.12,63,7,6,-987,evil_twin,evil_twin
1684000802,-1,-100,-100,-100,0,2,7,0,1,0,61,64,159,140,100,295.12,63,13,24,-970,evil_twin,evil_twin
1684000802,-1,-100,-100,-100,0,2,7,0,0,0,61,64,158,140,100,295.04,63,10,0,-1001,evil_twin,evil_twin
1684000802,-1,-100,-100,-100,0,0,7,0,0,0,61,64,158,140,100,295.07,63,9,4,-981,evil_twin,evil_twin
1684000803,-1,-100,-100,-100,0,0,7,0,0,0,61,64,158,140,100,295.07,63,9,4,-981,evil_twin,evil_twin
1684000803,-1,-100,-100,-100,0,0,7,0,0,0,61,64,157,140,100,295.02,63,5,6,-1012,evil_twin,evil_twin
1684000803,-1,-100,-100,-100,0,0,7,0,0,0,61,64,158,140,100,295.04,63,2,5,-994,evil_twin,evil_twin
1684000803,-1,-100,-100,-100,0,0,7,0,0,0,61,64,158,140,100,295.03,63,1,-1,-985,evil_twin,evil_twin
1684000803,-1,-100,-100,-100,0,0,7,0,0,0,61,64,158,140,100,295.01,64,9,-9,-978,evil_twin,evil_twin
1684000803,-1,-100,-100,-100,0,0,7,0,0,0,61,64,157,140,100,295.05,64,12,-5,-988,evil_twin,evil_twin
1684000803,-1,-100,-100,-100,0,0,7,0,0,0,61,64,157,140,100,295.04,64,10,-16,-985,evil_twin,evil_twin
1684000803,-1,-100,-100,-100,0,0,7,0,0,0,61,64,158,140,100,295.01,64,6,-16,-997,evil_twin,evil_twin
1684000803,-1,-100,-100,-100,0,0,7,0,0,0,61,64,157,140,100,295.01,64,11,-6,-992,evil_twin,evil_twin
1684000803,-1,-100,-100,-100,-1,0,7,0,0,0,61,64,159,140,100,295,64,13,-5,-1012,evil_twin,evil_twin
1684000803,-1,-100,-100,-100,-1,0,7,0,0,0,61,64,158,140,100,295.04,64,2,-6,-1000,evil_twin,evil_twin
1684000804,-1,-100,-100,-100,-1,0,7,0,0,0,61,64,158,140,100,295.04,64,2,-6,-1000,evil_twin,evil_twin
1684000804,-1,-100,-100,-100,-1,0,7,0,0,0,61,64,158,140,100,295.07,64,-10,0,-1022,evil_twin,evil_twin
1684000804,-1,-100,-100,-100,-1,0,7,0,0,0,61,64,158,140,100,295.15,64,-2,-8,-994,evil_twin,evil_twin
1684000804,-1,-100,-100,-100,-1,0,7,0,0,0,61,64,158,140,99,295.01,64,8,1,-1025,evil_twin,evil_twin
1684000804,-1,-100,-100,-100,-1,0,7,0,0,0,62,64,158,140,99,295.01,65,7,-11,-1008,evil_twin,evil_twin
1684000804,-1,-100,-100,-100,0,0,7,0,0,0,62,64,159,140,99,294.99,65,10,-4,-990,evil_twin,evil_twin
1684000804,-1,-100,-100,-100,0,0,7,0,0,0,62,64,158,140,99,294.98,65,0,-5,-977,evil_twin,evil_twin
1684000804,-1,-100,-100,-100,0,0,7,0,0,0,62,64,158,140,99,294.99,65,0,0,-1014,evil_twin,evil_twin
1684000804,-1,-100,-100,-100,0,0,7,0,0,0,62,64,157,140,99,295.07,65,9,-11,-998,evil_twin,evil_twin
1684000804,-1,-100,-100,-100,0,0,7,0,0,0,62,64,158,140,99,295.03,65,14,-9,-1000,evil_twin,evil_twin
1684000804,-1,-100,-100,-100,0,0,7,0,0,0,62,64,157,140,99,295.02,65,-14,2,-1034,evil_twin,evil_twin
1684000805,-1,-100,-100,-100,0,0,7,0,0,0,62,64,157,140,99,295.02,65,-14,2,-1034,evil_twin,evil_twin
1684000805,-1,-100,-100,-100,0,0,6,0,0,0,62,64,158,140,99,295.05,65,8,-6,-1000,evil_twin,evil_twin
1684000805,-1,-100,-100,-100,0,0,6,0,0,0,62,64,158,140,99,295.02,65,-13,-3,-1008,evil_twin,evil_twin
1684000805,-1,-100,-100,-100,0,0,6,0,0,0,62,64,157,140,99,295.02,65,6,-4,-995,evil_twin,evil_twin
1684000805,-1,-100,-100,-100,0,0,6,0,0,0,61,64,157,140,99,294.93,66,0,-13,-998,evil_twin,evil_twin
1684000805,-1,-100,-100,-100,0,0,6,0,0,0,61,64,157,140,99,294.99,66,-3,-12,-978,evil_twin,evil_twin
1684000805,-1,-100,-100,-100,0,0,6,0,0,0,61,64,158,140,99,295.01,66,-6,-3,-990,evil_twin,evil_twin
1684000805,-1,-100,-100,-100,0,0,6,0,0,0,61,64,157,140,99,295.01,66,3,-8,-994,evil_twin,evil_twin
1684000805,-1,-100,-100,-100,0,0,6,0,0,0,61,64,156,140,99,295.03,66,-5,-10,-998,evil_twin,evil_twin
1684000805,-1,-100,-100,-100,0,0,6,0,0,0,61,64,158,140,99,295.01,66,15,-2,-1006,evil_twin,evil_twin
1684000806,-1,-100,-100,-100,0,0,6,0,0,0,61,64,158,140,99,295.01,66,15,-2,-1006,evil_twin,evil_twin
1684000806,-1,-100,-100,-100,0,0,6,0,0,0,61,64,157,140,99,294.94,66,-1,0,-1011,evil_twin,evil_twin
1684000806,-1,-100,-100,-100,0,0,6,0,0,0,61,64,157,140,99,295.07,66,26,0,-1012,evil_twin,evil_twin
1684000806,-1,-100,-100,-100,0,0,6,0,0,0,61,64,158,140,99,294.96,66,-4,-12,-993,evil_twin,evil_twin
1684000806,-1,-100,-100,-100,0,0,6,0,0,0,61,64,158,140,98,294.95,66,7,-15,-988,evil_twin,evil_twin
1684000806,-1,-100,-100,-100,0,0,6,0,0,0,61,65,158,140,98,295.04,67,13,-9,-991,evil_twin,evil_twin
1684000806,-1,-100,-100,-100,0,0,7,0,0,0,61,65,158,140,98,295.01,67,-12,-8,-983,evil_twin,evil_twin
1684000806,-1,-100,-100,-100,0,0,7,0,0,0,61,65,159,140,98,295.06,67,10,-16,-999,evil_twin,evil_twin
1684000806,-1,-100,-100,-100,-1,0,7,0,0,0,61,65,159,140,98,295.04,67,8,-14,-986,evil_twin,evil_twin
1684000806,-1,-100,-100,-100,0,0,7,0,0,0,61,65,159,140,98,295.01,67,12,-12,-984,evil_twin,evil_twin
1684000806,-1,-100,-100,-100,0,0,7,0,0,0,61,65,159,140,98,295.02,67,-5,-9,-984,evil_twin,evil_twin
1684000806,-1,-100,-100,-100,0,0,7,0,0,0,61,65,158,140,98,295.03,67,11,-17,-991,evil_twin,evil_twin
1684000807,-1,-100,-100,-100,0,0,7,0,0,0,61,65,158,140,98,295.03,67,11,-17,-991,evil_twin,evil_twin
1684000807,-1,-100,-100,-100,0,0,7,0,0,0,61,65,158,140,98,295.01,67,2,-12,-1000,evil_twin,evil_twin
1684000807,-1,-100,-100,-100,0,0,7,0,0,0,61,65,158,140,98,295,67,-3,-19,-999,evil_twin,evil_twin
1684000807,-1,-100,-100,-100,0,0,7,0,0,0,61,65,158,140,98,294.98,67,-5,-6,-1013,evil_twin,evil_twin
1684000807,-1,-100,-100,-100,0,0,7,0,0,0,62,64,157,140,98,295.03,68,-12,-13,-1009,evil_twin,evil_twin
1684000807,-1,-100,-100,-100,0,0,7,0,0,0,62,64,158,140,98,295.04,68,-5,-15,-994,evil_twin,evil_twin
1684000807,-1,-100,-100,-100,0,0,7,0,0,0,62,64,158,140,98,295.03,68,-7,-9,-997,evil_twin,evil_twin
1684000807,-1,-100,-100,-100,-1,0,7,0,0,0,62,64,157,140,98,295.05,68,-12,-7,-994,evil_twin,evil_twin
1684000807,-1,-100,-100,-100,-1,0,7,0,0,0,62,64,158,140,98,295.08,68,-4,-17,-999,evil_twin,evil_twin
1684000807,-1,-100,-100,-100,0,0,7,0,0,0,62,64,158,140,98,295,68,0,-11,-1005,evil_twin,evil_twin
1684000808,-1,-100,-100,-100,0,0,7,0,0,0,62,64,158,140,98,295,68,0,-11,-1005,evil_twin,evil_twin
1684000808,-1,-100,-100,-100,0,0,7,0,0,0,62,64,158,140,98,295.05,68,-15,-10,-1000,evil_twin,evil_twin
1684000808,-1,-100,-100,-100,0,0,7,0,0,0,62,64,158,140,98,295.07,68,-8,-14,-991,evil_twin,evil_twin
1684000808,-1,-100,-100,-100,0,0,6,0,0,0,62,64,158,140,98,295.07,68,0,-4,-994,evil_twin,evil_twin
1684000808,-1,-100,-100,-100,0,0,6,0,0,0,62,64,159,140,97,295.09,68,3,-3,-1018,evil_twin,evil_twin
1684000808,-1,-100,-100,-100,0,0,6,0,0,0,62,63,159,140,97,295.12,69,12,-11,-999,evil_twin,evil_twin
1684000808,-1,-100,-100,-100,0,0,6,0,0,0,62,63,159,140,97,295.14,69,10,-4,-1007,evil_twin,evil_twin
1684000808,-1,-100,-100,-100,0,0,6,0,0,0,62,63,160,140,97,295.12,69,-5,-7,-1000,evil_twin,evil_twin
1684000808,-1,-100,-100,-100,0,0,6,0,0,0,62,63,160,140,97,295.06,69,-16,-11,-983,evil_twin,evil_twin
1684000808,-1,-100,-100,-100,0,0,6,0,0,0,62,63,160,140,97,295.03,69,-4,-9,-988,evil_twin,evil_twin
1684000808,-1,-100,-100,-100,0,0,7,0,0,0,62,63,159,140,97,295.01,69,-13,-9,-996,evil_twin,evil_twin
1684000809,-1,-100,-100,-100,0,0,7,0,0,0,62,63,159,140,97,295.01,69,-13,-9,-996,evil_twin,evil_twin
1684000809,-1,-100,-100,-100,0,0,7,0,0,0,62,63,160,140,97,295.07,69,-4,-6,-988,evil_twin,evil_twin
1684000809,-1,-100,-100,-100,0,0,7,0,0,0,62,63,160,140,97,295.05,69,8,-4,-1004,evil_twin,evil_twin
1684000809,-1,-100,-100,-100,0,0,7,0,0,0,62,63,160,140,97,295.04,69,-2,1,-1003,evil_twin,evil_twin
1684000809,-1,-100,-100,-100,0,0,7,0,0,0,62,63,159,140,97,295.02,69,-5,1,-992,evil_twin,evil_twin
1684000809,-1,-100,-100,-100,0,0,7,0,0,0,62,64,160,140,97,295.05,70,8,-4,-1001,evil_twin,evil_twin
1684000809,-1,-100,-100,-100,0,0,7,0,0,0,62,64,159,140,97,295.05,70,-4,-15,-986,evil_twin,evil_twin
1684000809,-1,-100,-100,-100,0,0,7,0,0,0,62,64,159,140,97,295.02,70,0,-3,-998,evil_twin,evil_twin
1684000809,-1,-100,-100,-100,0,0,7,0,0,0,62,64,159,140,97,295.03,70,3,2,-1009,evil_twin,evil_twin
1684000809,-1,-100,-100,-100,0,0,7,0,0,0,62,64,159,140,97,295.06,70,4,-15,-1000,evil_twin,evil_twin
1684000809,-1,-100,-100,-100,0,0,7,0,0,0,62,64,158,140,97,295.02,70,-7,0,-1014,evil_twin,evil_twin
1684000809,-1,-100,-100,-100,0,0,7,0,0,0,62,64,158,140,97,295.05,70,12,-4,-1011,evil_twin,evil_twin
1684000810,-1,-100,-100,-100,0,0,7,0,0,0,62,64,158,140,97,295.05,70,12,-4,-1011,evil_twin,evil_twin
1684000810,-1,-100,-100,-100,0,0,7,0,0,0,62,64,159,140,97,295.02,70,-12,-8,-1008,evil_twin,evil_twin
1684000810,-1,-100,-100,-100,0,0,7,0,0,0,62,64,158,140,97,295.03,70,-6,-1,-996,evil_twin,evil_twin
1684000810,-1,-100,-100,-100,1,0,7,0,0,0,62,64,159,140,96,295.01,70,-3,1,-1000,evil_twin,evil_twin
1684000810,-1,-100,-100,-100,7,0,7,0,0,0,62,65,159,140,96,295.06,71,-2,-4,-1038,evil_twin,evil_twin
1684000810,-1,-100,-100,-100,6,0,7,1,0,0,62,65,158,140,96,295.05,71,13,-9,-1011,evil_twin,evil_twin
1684000810,-1,-100,-100,-100,3,1,7,2,0,0,62,65,156,140,96,295.05,71,16,-7,-997,evil_twin,evil_twin
1684000810,-1,-100,-100,-100,2,1,7,3,0,0,62,65,156,140,96,295.04,71,17,-12,-988,evil_twin,evil_twin
1684000810,-1,-100,-100,-100,0,0,7,3,0,0,62,65,155,140,96,295.05,71,12,-23,-993,evil_twin,evil_twin
1684000810,-1,-100,-100,-100,0,0,7,3,0,0,62,65,155,140,96,294.98,71,18,-18,-1009,evil_twin,evil_twin
1684000811,-1,-100,-100,-100,0,0,7,3,0,0,62,65,155,140,96,294.98,71,18,-18,-1009,evil_twin,evil_twin
1684000811,-1,-100,-100,-100,0,0,7,2,0,0,62,65,156,140,96,295.01,71,28,-16,-996,evil_twin,evil_twin
1684000811,-1,-100,-100,-100,0,0,7,2,0,0,62,65,155,140,96,295.02,71,9,-23,-1007,evil_twin,evil_twin
1684000811,-1,-100,-100,-100,0,0,6,2,0,0,62,65,156,140,96,295.09,71,15,-24,-1004,evil_twin,evil_twin
1684000811,-1,-100,-100,-100,0,0,6,2,0,0,62,65,156,140,96,295.15,71,11,-6,-997,evil_twin,evil_twin
1684000811,-1,-100,-100,-100,0,1,6,2,0,0,62,65,155,140,96,295.08,72,2,-5,-997,evil_twin,evil_twin
1684000811,-1,-100,-100,-100,0,1,6,2,0,0,62,65,155,140,96,295.01,72,6,-4,-1008,evil_twin,evil_twin
1684000811,-1,-100,-100,-100,-1,0,7,3,0,0,62,65,155,140,96,294.96,72,-17,-15,-1001,evil_twin,evil_twin
1684000811,-1,-100,-100,-100,-1,-2,9,2,0,-2,62,65,157,140,96,294.71,72,-885,1084,4929,evil_twin,evil_twin
1684000811,-1,-100,-100,-100,5,-4,-13,3,-4,-19,62,65,197,130,96,294.73,72,-22,-12,-196,evil_twin,evil_twin
1684000811,-1,-100,-100,-100,67,31,-47,4,-5,-19,62,65,259,120,96,294.61,72,-34,58,71,evil_twin,evil_twin
1684000812,-1,-100,-100,-100,67,31,-47,4,-5,-19,62,65,259,120,96,294.61,72,-34,58,71,evil_twin,evil_twin
1684000812,-1,-100,-100,-100,58,65,-8,1,-5,-24,62,65,163,110,96,294.46,72,-2,88,284,evil_twin,evil_twin
1684000812,-1,-100,-100,-100,30,79,-9,1,-5,-31,62,65,186,90,96,294.2,72,149,99,186,evil_twin,evil_twin
1684000812,-1,-100,-100,-100,0,99,-6,1,-5,-41,62,65,142,60,96,293.95,72,55,2,-27,evil_twin,evil_twin
1684000812,-1,-100,-100,-100,-31,113,-15,1,-6,-50,62,65,243,10,95,293.43,72,-4783,-4510,-985,evil_twin,evil_twin
1684000812,-1,-100,-100,-100,-19,-169,-64,2,-19,-17,62,64,305,-30,95,293.5,72,141,155,-10,evil_twin,evil_twin
1684000812,-1,-100,-100,-100,-30,-122,-134,0,-21,-32,62,64,282,-60,95,293.53,72,148,187,-44,evil_twin,evil_twin
1684000812,-1,-100,-100,-100,-9,-120,165,-1,-22,-31,62,64,249,-70,95,293.44,72,-132,233,-282,evil_twin,evil_twin
1684000812,-1,-100,-100,-100,14,166,136,0,-20,-19,62,64,283,-90,95,293.43,72,139,75,2,evil_twin,evil_twin
1684000812,-1,-100,-100,-100,20,169,106,0,-20,-19,62,64,252,-100,95,293.43,72,-1634,-809,1921,evil_twin,evil_twin
1684000812,-1,-100,-100,-100,4,170,98,3,-13,-9,62,64,254,-100,95,293.44,72,129,9,968,evil_twin,evil_twin
1684000812,-1,-100,-100,-100,1,175,99,3,-12,-12,62,64,253,-110,95,293.43,72,24,32,405,evil_twin,evil_twin
1684000813,-1,-100,-100,-100,1,175,99,3,-12,-12,62,64,253,-110,95,293.43,72,24,32,405,evil_twin,evil_twin
1684000813,-1,-100,-100,-100,4,172,98,4,-11,-9,62,64,253,-110,95,293.42,72,-53,-302,1046,evil_twin,evil_twin
1684000813,-1,-100,-100,-100,5,172,98,4,-10,-7,62,64,252,-110,95,293.41,72,-32,-161,1037,evil_twin,evil_twin
1684000813,-1,-100,-100,-100,4,172,98,4,-8,-6,62,64,254,-110,95,293.46,72,-32,-197,977,evil_twin,evil_twin
1684000813,-1,-100,-100,-100,4,172,98,5,-6,-5,62,64,253,-110,95,293.41,72,-39,-179,945,evil_twin,evil_twin
1684000813,-1,-100,-100,-100,4,172,98,5,-4,-5,62,64,253,-120,95,293.43,72,-41,-172,997,evil_twin,evil_twin
1684000813,-1,-100,-100,-100,4,172,98,5,-3,-4,62,64,253,-110,95,293.5,72,-40,-182,981,evil_twin,evil_twin
1684000813,-1,-100,-100,-100,4,172,98,6,-2,-4,62,64,254,-120,95,293.36,72,-42,-182,986,evil_twin,evil_twin
1684000813,-1,-100,-100,-100,4,172,98,6,-1,-4,62,64,252,-120,95,293.43,72,-41,-179,992,evil_twin,evil_twin
1684000813,-1,-100,-100,-100,4,172,98,6,0,-4,62,64,253,-130,95,293.42,72,-41,-180,985,evil_twin,evil_twin
1684000814,-1,-100,-100,-100,4,172,98,6,0,-4,62,64,253,-130,95,293.42,72,-41,-180,985,evil_twin,evil_twin
1684000814,-1,-100,-100,-100,4,172,98,6,1,-4,62,64,253,-130,95,293.39,72,-41,-180,987,evil_twin,evil_twin
1684000814,-1,-100,-100,-100,4,172,98,0,0,-4,62,64,254,-130,95,293.41,72,-43,-180,989,evil_twin,evil_twin
1684000814,-1,-100,-100,-100,3,172,98,0,0,0,62,64,254,0,95,293.4,72,-40,-180,987,evil_twin,evil_twin
1684000814,-1,-100,-100,-100,-1,170,99,0,0,0,62,64,253,0,94,293.43,72,-40,-180,986,evil_twin,evil_twin
1684000814,-1,-100,-100,-100,-2,169,99,0,0,0,62,65,253,0,94,293.43,72,-41,-181,987,evil_twin,evil_twin
1684000814,-1,-100,-100,-100,-2,169,100,0,0,0,62,65,253,0,94,293.44,72,-42,-182,985,evil_twin,evil_twin
1684000814,-1,-100,-100,-100,-2,169,100,0,0,0,62,65,253,0,94,293.42,72,-40,-180,987,evil_twin,evil_twin
1684000814,-1,-100,-100,-100,-2,169,101,0,0,0,62,65,253,0,94,293.4,72,-42,-181,985,evil_twin,evil_twin
1684000814,-1,-100,-100,-100,-2,169,101,0,0,0,62,65,254,0,94,293.4,72,-40,-180,986,evil_twin,evil_twin
1684000814,-1,-100,-100,-100,-2,169,102,0,0,0,62,65,253,0,94,293.43,72,-40,-180,985,evil_twin,evil_twin
1684000815,-1,-100,-100,-100,-2,169,102,0,0,0,62,65,253,0,94,293.43,72,-40,-180,985,evil_twin,evil_twin
1684000815,-1,-100,-100,-100,-2,169,102,0,0,0,62,65,253,0,94,293.39,72,-42,-179,985,evil_twin,evil_twin
1684000815,-1,-100,-100,-100,-2,169,103,0,0,0,62,65,253,0,94,293.43,72,-41,-179,985,evil_twin,evil_twin
1684000815,-1,-100,-100,-100,-2,169,104,0,0,0,62,65,254,0,94,293.46,72,-41,-178,984,evil_twin,evil_twin
1684000815,-1,-100,-100,-100,-2,169,104,0,0,0,62,65,253,0,94,293.41,72,-42,-177,985,evil_twin,evil_twin
1684000815,-1,-100,-100,-100,-2,169,104,0,0,0,62,65,253,0,94,293.38,72,-42,-179,984,evil_twin,evil_twin
1684000815,-1,-100,-100,-100,-2,169,105,0,0,0,62,65,253,0,94,293.44,72,-42,-180,983,evil_twin,evil_twin
1684000815,-1,-100,-100,-100,-2,169,105,0,0,0,62,65,254,0,94,293.39,72,-40,-180,982,evil_twin,evil_twin
1684000815,-1,-100,-100,-100,-2,169,105,0,0,0,62,65,252,0,94,293.45,72,-42,-180,984,evil_twin,evil_twin
1684000815,-1,-100,-100,-100,-2,169,106,0,0,0,62,65,253,0,94,293.47,72,-41,-179,983,evil_twin,evil_twin
1684000816,-1,-100,-100,-100,-2,169,106,0,0,0,62,65,253,0,94,293.47,72,-41,-179,983,evil_twin,evil_twin
1684000816,-1,-100,-100,-100,-2,169,106,0,0,0,62,65,254,0,94,293.45,72,-42,-179,983,evil_twin,evil_twin
1684000816,-1,-100,-100,-100,-2,169,106,0,0,0,62,65,254,0,94,293.43,72,-43,-178,982,evil_twin,evil_twin
1684000816,-1,-100,-100,-100,-2,169,107,0,0,0,62,65,253,0,94,293.48,72,-47,-179,982,evil_twin,evil_twin
1684000816,-1,-100,-100,-100,-2,169,107,0,0,0,62,65,254,0,94,293.45,72,-41,-179,981,evil_twin,evil_twin
1684000816,-1,-100,-100,-100,-2,169,107,0,0,0,62,65,253,0,94,293.49,72,-43,-180,982,evil_twin,evil_twin
1684000816,-1,-100,-100,-100,-2,169,107,0,0,0,62,65,254,0,94,293.48,72,-43,-179,981,evil_twin,evil_twin
1684000816,-1,-100,-100,-100,-2,169,108,0,0,0,62,65,254,0,94,293.44,72,-43,-180,985,evil_twin,evil_twin
1684000816,-1,-100,-100,-100,-2,169,108,0,0,0,62,65,255,0,94,293.46,72,-42,-178,981,evil_twin,evil_twin
1684000816,-1,-100,-100,-100,-2,169,108,0,0,0,62,65,254,0,94,293.42,72,-43,-180,982,evil_twin,evil_twin
1684000816,-1,-100,-100,-100,-2,169,108,0,0,0,62,65,255,0,94,293.41,72,-44,-180,983,evil_twin,evil_twin
1684000817,-1,-100,-100,-100,-2,169,108,0,0,0,62,65,255,0,94,293.41,72,-44,-180,983,evil_twin,evil_twin
1684000817,-1,-100,-100,-100,-2,169,108,0,0,0,62,65,255,0,94,293.45,72,-42,-180,981,evil_twin,evil_twin
1684000817,-1,-100,-100,-100,-2,169,108,0,0,0,62,65,253,0,94,293.43,72,-43,-177,980,evil_twin,evil_twin
1684000817,-1,-100,-100,-100,-2,169,109,0,0,0,62,65,253,0,94,293.45,72,-42,-178,980,evil_twin,evil_twin
1684000817,-1,-100,-100,-100,-2,169,109,0,0,0,62,65,254,0,94,293.41,72,-43,-179,979,evil_twin,evil_twin
1684000817,-1,-100,-100,-100,-2,169,109,0,0,0,62,66,254,0,94,293.42,72,-41,-180,981,evil_twin,evil_twin
1684000817,-1,-100,-100,-100,-2,169,109,0,0,0,62,66,254,0,94,293.42,72,-42,-179,978,evil_twin,evil_twin
1684000817,-1,-100,-100,-100,-2,169,109,0,0,0,62,66,253,0,94,293.49,72,-43,-179,983,evil_twin,evil_twin
1684000817,-1,-100,-100,-100,-2,169,109,0,0,0,62,66,254,0,94,293.48,72,-41,-179,983,evil_twin,evil_twin
1684000817,-1,-100,-100,-100,-2,169,109,0,0,0,62,66,253,0,94,293.42,72,-43,-180,983,evil_twin,evil_twin
1684000817,-1,-100,-100,-100,-2,169,109,0,0,0,62,66,254,0,94,293.39,72,-42,-180,983,evil_twin,evil_twin
1684000818,-1,-100,-100,-100,-2,169,109,0,0,0,62,66,254,0,94,293.39,72,-42,-180,983,evil_twin,evil_twin
1684000818,-1,-100,-100,-100,-2,169,110,0,0,0,62,66,254,0,94,293.4,72,-42,-180,981,evil_twin,evil_twin
1684000818,-1,-100,-100,-100,-2,169,110,0,0,0,62,66,254,0,94,293.43,72,-42,-180,982,evil_twin,evil_twin
1684000818,-1,-100,-100,-100,-2,169,110,0,0,0,62,66,255,0,94,293.45,72,-42,-178,983,evil_twin,evil_twin
1684000818,-1,-100,-100,-100,-2,169,110,0,0,0,62,66,254,0,94,293.4,72,-43,-179,981,evil_twin,evil_twin
1684000818,-1,-100,-100,-100,-2,169,110,0,0,0,62,65,253,0,94,293.45,72,-42,-180,980,evil_twin,evil_twin
1684000818,-1,-100,-100,-100,-2,169,110,0,0,0,62,65,253,0,94,293.46,72,-42,-180,984,evil_twin,evil_twin
1684000818,-1,-100,-100,-100,-2,169,110,0,0,0,62,65,254,0,94,293.43,72,-42,-180,984,evil_twin,evil_twin
1684000818,-1,-100,-100,-100,-2,169,110,0,0,0,62,65,254,0,94,293.46,72,-41,-180,983,evil_twin,evil_twin
1684000818,-1,-100,-100,-100,-2,169,110,0,0,0,62,65,254,0,94,293.44,72,-43,-178,983,evil_twin,evil_twin
1684000818,-1,-100,-100,-100,-2,169,110,0,0,0,62,65,254,0,94,293.44,72,-43,-179,983,evil_twin,evil_twin
1684000819,-1,-100,-100,-100,-2,169,110,0,0,0,62,65,254,0,94,293.44,72,-43,-179,983,evil_twin,evil_twin
1684000819,-1,-100,-100,-100,-2,169,110,0,0,0,62,65,254,0,94,293.42,72,-43,-180,981,evil_twin,evil_twin
1684000819,-1,-100,-100,-100,-2,169,111,0,0,0,62,65,253,0,94,293.44,72,-43,-178,985,evil_twin,evil_twin
1684000819,-1,-100,-100,-100,-2,169,111,0,0,0,62,65,254,0,94,293.43,72,-42,-178,982,evil_twin,evil_twin
1684000819,-1,-100,-100,-100,-2,169,111,0,0,0,62,65,253,0,94,293.41,72,-40,-181,983,evil_twin,evil_twin
1684000819,-1,-100,-100,-100,-2,169,111,0,0,0,62,65,254,0,94,293.48,72,-42,-179,982,evil_twin,evil_twin
1684000819,-1,-100,-100,-100,-2,169,111,0,0,0,62,65,254,0,94,293.47,72,-44,-180,983,evil_twin,evil_twin
1684000819,-1,-100,-100,-100,-2,169,111,0,0,0,62,65,252,0,94,293.46,72,-41,-179,984,evil_twin,evil_twin
1684000819,-1,-100,-100,-100,-2,169,111,0,0,0,62,65,253,0,94,293.45,72,-43,-178,983,evil_twin,evil_twin
1684000819,-1,-100,-100,-100,-2,169,111,0,0,0,62,65,254,0,94,293.49,72,-44,-178,983,evil_twin,evil_twin
1684000819,-1,-100,-100,-100,-2,169,111,0,0,0,62,65,253,0,94,293.51,72,-43,-180,984,evil_twin,evil_twin
1684000820,-1,-100,-100,-100,-2,169,111,0,0,0,62,65,253,0,94,293.51,72,-43,-180,984,evil_twin,evil_twin
1684000820,-1,-100,-100,-100,-2,169,111,0,0,0,62,65,253,0,94,293.5,72,-40,-179,986,evil_twin,evil_twin
1684000820,-1,-100,-100,-100,-2,170,111,0,0,0,62,65,254,0,94,293.46,72,-41,-183,993,evil_twin,evil_twin
1684000985,-1,-100,-100,-100,0,0,0,0,0,0,55,58,81,80,88,294.43,3,0,-8,-991,evil_twin,evil_twin
1684000985,-1,-100,-100,-100,0,0,0,0,0,0,55,58,81,80,88,294.52,3,5,-6,-998,evil_twin,evil_twin
1684000985,-1,-100,-100,-100,0,0,0,0,0,0,55,58,82,80,88,294.5,3,-2,-11,-984,evil_twin,evil_twin
1684000985,-1,-100,-100,-100,0,0,0,0,0,0,55,58,82,80,88,294.55,3,-12,-10,-987,evil_twin,evil_twin
1684000985,-1,-100,-100,-100,0,0,0,0,0,0,55,58,82,80,88,294.54,3,2,-6,-997,evil_twin,evil_twin
1684000985,-1,-100,-100,-100,0,0,0,0,0,0,55,58,82,80,88,294.54,3,15,-4,-997,evil_twin,evil_twin
1684000985,-1,-100,-100,-100,0,0,0,0,0,0,55,58,82,80,88,294.53,3,0,-9,-994,evil_twin,evil_twin
1684000985,-1,-100,-100,-100,0,0,0,0,0,0,55,58,82,80,88,294.55,3,2,-6,-1003,evil_twin,evil_twin
1684000986,-1,-100,-100,-100,0,0,0,0,0,0,55,58,82,80,88,294.55,3,2,-6,-1003,evil_twin,evil_twin
1684000986,-1,-100,-100,-100,0,0,0,0,0,0,55,58,82,80,88,294.51,4,0,-7,-1002,evil_twin,evil_twin
1684000986,-1,-100,-100,-100,0,0,0,0,0,0,55,58,82,80,88,294.49,4,-11,-16,-997,evil_twin,evil_twin
1684000986,-1,-100,-100,-100,0,0,0,0,0,0,55,58,82,80,88,294.5,4,0,-4,-1002,evil_twin,evil_twin
1684000986,-1,-100,-100,-100,0,0,0,0,0,0,55,58,82,80,88,294.53,4,3,-6,-1000,evil_twin,evil_twin
1684000986,-1,-100,-100,-100,0,0,0,0,0,0,55,58,82,80,88,294.53,4,1,-7,-1004,evil_twin,evil_twin
1684000986,-1,-100,-100,-100,0,0,0,0,0,0,55,58,82,80,88,294.51,4,11,-3,-1013,evil_twin,evil_twin
1684000986,-1,-100,-100,-100,0,0,0,0,0,0,55,58,82,80,88,294.51,4,2,-2,-1003,evil_twin,evil_twin
1684000986,-1,-100,-100,-100,0,0,0,0,0,0,55,58,83,80,88,294.55,4,-2,-13,-995,evil_twin,evil_twin
1684000986,-1,-100,-100,-100,0,0,0,0,0,0,55,58,82,80,88,294.46,4,3,-14,-999,evil_twin,evil_twin
1684000986,-1,-100,-100,-100,0,0,0,0,0,0,55,58,83,80,88,294.47,4,-23,-1,-1002,evil_twin,evil_twin
1684000987,-1,-100,-100,-100,0,0,0,0,0,0,55,58,83,80,88,294.47,4,-23,-1,-1002,evil_twin,evil_twin
1684000987,-1,-100,-100,-100,0,0,0,0,0,0,55,58,83,80,88,294.55,5,-9,-12,-997,evil_twin,evil_twin
1684000987,-1,-100,-100,-100,0,0,0,0,0,0,56,58,83,80,88,294.49,5,-10,-8,-995,evil_twin,evil_twin
1684000987,-1,-100,-100,-100,0,0,0,0,0,0,56,58,83,80,88,294.54,5,-7,-10,-995,evil_twin,evil_twin
1684000987,-1,-100,-100,-100,0,0,0,0,0,0,56,58,83,80,88,294.57,5,-12,-6,-988,evil_twin,evil_twin
1684000987,-1,-100,-100,-100,0,0,0,0,0,0,56,58,83,80,88,294.52,5,8,-7,-1002,evil_twin,evil_twin
1684000987,-1,-100,-100,-100,0,0,0,0,0,0,56,58,83,80,88,294.56,5,-1,-1,-1011,evil_twin,evil_twin
1684000987,-1,-100,-100,-100,0,0,0,0,0,0,56,58,83,80,88,294.52,5,0,-14,-997,evil_twin,evil_twin
1684000987,-1,-100,-100,-100,0,0,0,0,0,0,56,58,83,80,88,294.47,5,0,-8,-1001,evil_twin,evil_twin
1684000987,-1,-100,-100,-100,0,0,0,0,0,0,56,58,83,80,88,294.53,5,-6,-8,-993,evil_twin,evil_twin
1684000987,-1,-100,-100,-100,0,0,0,0,0,0,56,58,83,80,88,294.52,5,-1,-1,-994,evil_twin,evil_twin
1684000988,-1,-100,-100,-100,0,0,0,0,0,0,56,58,83,80,88,294.52,5,-1,-1,-994,evil_twin,evil_twin
1684000988,-1,-100,-100,-100,0,0,0,0,0,0,56,58,83,80,88,294.53,6,0,-5,-1001,evil_twin,evil_twin
1684000988,-1,-100,-100,-100,0,0,0,0,0,0,56,59,83,80,88,294.51,6,-20,-12,-990,evil_twin,evil_twin
1684000988,-1,-100,-100,-100,0,0,0,0,0,0,56,59,83,80,88,294.59,6,6,-6,-993,evil_twin,evil_twin
1684000988,-1,-100,-100,-100,0,0,0,0,0,0,56,59,83,80,88,294.58,6,2,-7,-1002,evil_twin,evil_twin
1684000988,-1,-100,-100,-100,0,0,0,0,0,0,56,59,83,80,88,294.54,6,-4,-11,-999,evil_twin,evil_twin
1684000988,-1,-100,-100,-100,0,0,0,0,0,0,56,59,83,80,88,294.48,6,13,-3,-997,evil_twin,evil_twin
1684000988,-1,-100,-100,-100,0,0,0,0,0,0,56,59,84,80,88,294.5,6,-2,-4,-999,evil_twin,evil_twin
1684000988,-1,-100,-100,-100,0,0,0,0,0,0,56,59,84,80,88,294.56,6,-15,-8,-999,evil_twin,evil_twin
1684000988,-1,-100,-100,-100,0,0,0,0,0,0,56,59,83,80,88,294.6,6,-4,-9,-1004,evil_twin,evil_twin
1684000989,-1,-100,-100,-100,0,0,0,0,0,0,56,59,83,80,88,294.6,6,-4,-9,-1004,evil_twin,evil_twin
1684000989,-1,-100,-100,-100,0,0,0,0,0,0,56,59,84,80,88,294.53,7,-2,-9,-995,evil_twin,evil_twin
1684000989,-1,-100,-100,-100,0,0,0,0,0,0,56,59,84,80,88,294.56,7,0,-7,-1002,evil_twin,evil_twin
1684000989,-1,-100,-100,-100,0,0,0,0,0,0,56,59,84,80,88,294.56,7,-16,-7,-1005,evil_twin,evil_twin
1684000989,-1,-100,-100,-100,0,0,0,0,0,0,56,59,84,80,88,294.54,7,29,-8,-998,evil_twin,evil_twin
1684000989,-1,-100,-100,-100,0,0,0,0,0,0,56,59,84,80,88,294.59,7,0,-13,-994,evil_twin,evil_twin
1684000989,-1,-100,-100,-100,0,0,0,0,0,0,56,59,84,80,88,294.55,7,-3,-6,-1004,evil_twin,evil_twin
1684000989,-1,-100,-100,-100,0,0,0,0,0,0,56,59,84,80,88,294.51,7,-7,-10,-996,evil_twin,evil_twin
1684000989,-1,-100,-100,-100,0,0,0,0,0,0,56,59,84,80,88,294.59,7,-6,-2,-1004,evil_twin,evil_twin
1684000989,-1,-100,-100,-100,0,0,0,0,0,0,56,59,84,80,88,294.57,7,-7,-5,-1004,evil_twin,evil_twin
1684000989,-1,-100,-100,-100,0,0,0,0,0,0,56,59,84,80,88,294.53,7,13,-3,-1003,evil_twin,evil_twin
1684000990,-1,-100,-100,-100,0,0,0,0,0,0,56,59,84,80,88,294.53,7,13,-3,-1003,evil_twin,evil_twin
1684000990,-1,-100,-100,-100,0,0,0,0,0,0,56,59,84,80,88,294.63,8,0,-7,-1003,evil_twin,evil_twin
1684000990,-1,-100,-100,-100,0,0,0,0,0,0,56,59,84,80,88,294.56,8,10,-5,-1001,evil_twin,evil_twin
1684000990,-1,-100,-100,-100,0,0,0,0,0,0,56,59,84,80,88,294.56,8,15,-3,-1003,evil_twin,evil_twin
1684000990,-1,-100,-100,-100,0,0,0,0,0,0,56,59,84,80,88,294.59,8,-7,-10,-1002,evil_twin,evil_twin
1684000990,-1,-100,-100,-100,0,0,0,0,0,0,56,59,84,80,88,294.67,8,9,-9,-1000,evil_twin,evil_twin
1684000990,-1,-100,-100,-100,0,0,0,0,0,0,56,59,84,80,88,294.58,8,9,-11,-995,evil_twin,evil_twin
1684000990,-1,-100,-100,-100,0,0,0,0,0,0,56,59,84,80,88,294.56,8,3,-4,-1000,evil_twin,evil_twin
1684000990,-1,-100,-100,-100,0,0,0,0,0,0,56,59,84,80,88,294.58,8,-9,-7,-997,evil_twin,evil_twin
1684000990,-1,-100,-100,-100,0,0,0,0,0,0,56,59,84,80,88,294.56,8,8,0,-1007,evil_twin,evil_twin
1684000990,-1,-100,-100,-100,0,0,0,0,0,0,56,59,84,80,88,294.59,8,-2,-7,-1067,evil_twin,evil_twin
1684000991,-1,-100,-100,-100,0,0,0,0,0,0,56,59,84,80,88,294.59,8,-2,-7,-1067,evil_twin,evil_twin
1684000991,-1,-100,-100,-100,0,0,0,0,0,1,56,59,85,80,88,294.59,9,-1,-3,-1088,evil_twin,evil_twin
1684000991,-1,-100,-100,-100,0,0,0,0,0,1,56,59,87,80,88,294.58,9,8,-5,-1073,evil_twin,evil_twin
1684000991,-1,-100,-100,-100,0,0,0,0,0,2,56,59,89,90,88,294.6,9,9,0,-1072,evil_twin,evil_twin
1684000991,-1,-100,-100,-100,0,0,0,0,0,3,56,59,93,90,88,294.65,9,-2,-5,-1046,evil_twin,evil_twin
1684000991,-1,-100,-100,-100,0,0,0,0,0,3,56,59,97,90,88,294.67,9,4,-4,-1042,evil_twin,evil_twin
1684000991,-1,-100,-100,-100,0,0,0,0,0,4,56,59,101,100,88,294.81,9,-1,-1,-1022,evil_twin,evil_twin
1684000991,-1,-100,-100,-100,0,0,0,0,0,4,56,59,105,100,88,294.74,9,-11,-3,-1011,evil_twin,evil_twin
1684000991,-1,-100,-100,-100,0,0,0,0,0,4,56,59,110,110,88,294.84,9,-9,3,-1001,evil_twin,evil_twin
1684000991,-1,-100,-100,-100,0,0,0,0,0,4,56,59,114,110,88,294.83,9,0,-2,-1005,evil_twin,evil_twin
1684000991,-1,-100,-100,-100,0,0,0,0,0,4,56,59,119,120,88,294.93,9,-2,-1,-993,evil_twin,evil_twin
1684000992,-1,-100,-100,-100,0,0,0,0,0,4,56,59,119,120,88,294.93,9,-2,-1,-993,evil_twin,evil_twin
1684000992,-1,-100,-100,-100,0,0,0,0,0,4,56,59,124,120,88,294.93,10,-3,-3,-982,evil_twin,evil_twin
1684000992,-1,-100,-100,-100,0,0,0,0,0,4,56,59,128,120,88,295,10,0,0,-978,evil_twin,evil_twin
1684000992,-1,-100,-100,-100,0,0,0,0,0,3,56,59,133,130,88,295.02,10,-3,-6,-981,evil_twin,evil_twin
1684000992,-1,-100,-100,-100,0,0,0,0,0,3,56,59,137,130,88,295.12,10,-7,0,-969,evil_twin,evil_twin
1684000992,-1,-100,-100,-100,0,0,0,0,0,3,56,59,140,140,88,295.1,10,-7,-4,-970,evil_twin,evil_twin
1684000992,-1,-100,-100,-100,0,0,0,0,0,3,56,59,144,140,88,295.08,10,17,-11,-969,evil_twin,evil_twin
1684000992,-1,-100,-100,-100,0,0,0,0,0,2,56,59,146,140,88,295.11,10,2,-1,-978,evil_twin,evil_twin
1684000992,-1,-100,-100,-100,0,0,0,0,0,2,56,59,149,150,88,295.1,10,-5,-9,-968,evil_twin,evil_twin
1684000992,-1,-100,-100,-100,0,0,0,0,0,2,56,59,151,150,88,295.17,10,11,-9,-969,evil_twin,evil_twin
1684000992,-1,-100,-100,-100,0,0,0,0,0,2,56,59,153,150,88,295.2,10,-4,-8,-980,evil_twin,evil_twin
1684000993,-1,-100,-100,-100,0,0,0,0,0,2,56,59,153,150,88,295.2,10,-4,-8,-980,evil_twin,evil_twin
1684000993,-1,-100,-100,-100,0,0,0,0,0,1,56,59,156,150,88,295.29,11,7,-6,-982,evil_twin,evil_twin
1684000993,-1,-100,-100,-100,0,0,0,0,0,1,56,59,156,150,88,295.27,11,9,0,-977,evil_twin,evil_twin
1684000993,-1,-100,-100,-100,0,0,0,0,0,1,56,59,159,160,88,295.2,11,4,-4,-980,evil_twin,evil_twin
1684000993,-1,-100,-100,-100,0,0,0,0,0,1,56,59,160,160,88,295.28,11,4,3,-992,evil_twin,evil_twin
1684000993,-1,-100,-100,-100,0,0,0,0,0,0,56,59,160,160,88,295.19,11,-2,-10,-954,evil_twin,evil_twin
1684000993,-1,-100,-100,-100,-1,0,0,0,0,0,56,59,163,160,88,295.27,11,6,-12,-994,evil_twin,evil_twin
1684000993,-1,-100,-100,-100,-5,1,0,0,0,0,56,59,164,160,88,295.21,11,8,-5,-968,evil_twin,evil_twin
1684000993,-1,-100,-100,-100,-6,0,0,-1,0,0,56,59,163,160,88,295.25,11,1,-18,-981,evil_twin,evil_twin
1684000993,-1,-100,-100,-100,-5,0,0,-2,0,0,56,59,164,160,88,295.29,11,-13,-5,-990,evil_twin,evil_twin
1684000993,-1,-100,-100,-100,-3,0,0,-3,0,0,56,59,163,160,88,295.3,11,-25,0,-992,evil_twin,evil_twin
1684000994,-1,-100,-100,-100,-3,0,0,-3,0,0,56,59,163,160,88,295.3,11,-25,0,-992,evil_twin,evil_twin
1684000994,-1,-100,-100,-100,-1,0,0,-3,0,0,56,59,164,160,88,295.31,12,-19,-9,-992,evil_twin,evil_twin
1684000994,-1,-100,-100,-100,0,0,0,-2,0,0,56,59,163,160,88,295.25,12,-5,-4,-1013,evil_twin,evil_twin
1684000994,-1,-100,-100,-100,0,0,0,-2,0,0,56,59,164,160,88,295.31,12,-15,-8,-1001,evil_twin,evil_twin
1684000994,-1,-100,-100,-100,0,0,0,-2,0,0,56,59,164,160,88,295.27,12,-9,-9,-996,evil_twin,evil_twin
1684000994,-1,-100,-100,-100,-1,0,0,-2,0,0,56,59,164,160,88,295.26,12,-6,-4,-1008,evil_twin,evil_twin
1684000994,-1,-100,-100,-100,-1,0,0,-2,0,0,56,59,164,160,88,295.27,12,-3,-11,-987,evil_twin,evil_twin
1684000994,-1,-100,-100,-100,0,0,0,-2,0,0,56,59,164,160,88,295.22,12,-8,-1,-1005,evil_twin,evil_twin
1684000994,-1,-100,-100,-100,0,-1,0,-2,0,0,56,59,164,160,88,295.31,12,-14,-8,-999,evil_twin,evil_twin
1684000994,-1,-100,-100,-100,0,-1,0,-2,0,0,56,59,164,160,88,295.26,12,-13,-8,-992,evil_twin,evil_twin
1684000994,-1,-100,-100,-100,-1,-1,0,-2,0,0,56,59,164,160,88,295.28,12,-19,-4,-996,evil_twin,evil_twin
1684000995,-1,-100,-100,-100,-1,-1,0,-2,0,0,56,59,164,160,88,295.28,12,-19,-4,-996,evil_twin,evil_twin
1684000995,-1,-100,-100,-100,-1,-1,0,-1,0,0,56,59,163,160,88,295.27,13,3,-7,-990,evil_twin,evil_twin
1684000995,-1,-100,-100,-100,-1,-1,0,-1,0,0,57,59,164,160,88,295.24,13,-15,-7,-996,evil_twin,evil_twin
1684000995,-1,-100,-100,-100,-1,0,0,-1,0,0,57,59,163,160,88,295.22,13,-12,-5,-999,evil_twin,evil_twin
1684000995,-1,-100,-100,-100,-1,0,0,-1,0,0,57,59,164,160,88,295.27,13,-12,-5,-1003,evil_twin,evil_twin
1684000995,-1,-100,-100,-100,-1,-1,0,-1,0,0,57,59,163,160,88,295.25,13,-18,-5,-987,evil_twin,evil_twin
1684000995,-1,-100,-100,-100,-1,-1,0,-1,0,0,57,59,163,160,88,295.22,13,-6,-3,-996,evil_twin,evil_twin
1684000995,-1,-100,-100,-100,-1,-1,0,-1,1,0,57,59,164,160,88,295.21,13,-2,-4,-1005,evil_twin,evil_twin
1684000995,-1,-100,-100,-100,-1,0,0,-1,1,0,57,59,163,160,88,295.3,13,-24,-6,-1002,evil_twin,evil_twin
1684000995,-1,-100,-100,-100,-1,2,0,-1,0,0,57,59,163,160,88,295.21,13,-10,-1,-1003,evil_twin,evil_twin
1684000995,-1,-100,-100,-100,-1,1,0,-1,0,0,57,59,163,160,88,295.26,13,-11,-3,-984,evil_twin,evil_twin
1684000996,-1,-100,-100,-100,-1,1,0,-1,0,0,57,59,163,160,88,295.26,13,-11,-3,-984,evil_twin,evil_twin
1684000996,-1,-100,-100,-100,0,0,0,-1,0,0,57,59,163,160,88,295.32,14,-13,-5,-998,evil_twin,evil_twin
1684000996,-1,-100,-100,-100,3,0,0,-1,0,0,57,59,163,160,88,295.3,14,-23,-7,-1005,evil_twin,evil_twin
1684000996,-1,-100,-100,-100,1,0,0,0,0,0,57,59,163,160,88,295.29,14,0,-9,-1004,evil_twin,evil_twin
1684000996,-1,-100,-100,-100,0,0,0,0,0,0,57,59,162,160,88,295.3,14,-6,-8,-999,evil_twin,evil_twin
1684000996,-1,-100,-100,-100,0,0,0,0,0,0,57,59,163,160,88,295.24,14,18,-6,-995,evil_twin,evil_twin
1684000996,-1,-100,-100,-100,4,0,0,0,0,0,57,59,164,160,88,295.33,14,11,1,-1017,evil_twin,evil_twin
1684000996,-1,-100,-100,-100,6,0,0,1,0,0,57,59,165,160,88,295.28,14,9,-1,-1020,evil_twin,evil_twin
1684000996,-1,-100,-100,-100,5,0,0,2,0,0,57,59,165,160,88,295.27,14,13,-13,-985,evil_twin,evil_twin
1684000996,-1,-100,-100,-100,2,0,0,3,0,0,57,59,164,160,88,295.31,14,26,-9,-991,evil_twin,evil_twin
1684000996,-1,-100,-100,-100,0,0,0,3,0,0,57,59,163,160,88,295.3,14,29,-4,-1002,evil_twin,evil_twin
1684000997,-1,-100,-100,-100,0,0,0,3,0,0,57,59,163,160,88,295.3,14,29,-4,-1002,evil_twin,evil_twin
1684000997,-1,-100,-100,-100,0,0,0,3,0,0,57,59,162,160,88,295.35,15,48,-2,-986,evil_twin,evil_twin
1684000997,-1,-100,-100,-100,0,0,0,3,0,0,57,60,163,160,88,295.3,15,16,-8,-996,evil_twin,evil_twin
1684000997,-1,-100,-100,-100,0,0,0,2,0,0,57,60,163,160,88,295.28,15,29,-8,-999,evil_twin,evil_twin
1684000997,-1,-100,-100,-100,0,0,0,2,0,0,57,60,163,160,88,295.32,15,21,-9,-987,evil_twin,evil_twin
1684000997,-1,-100,-100,-100,0,0,0,2,0,0,57,60,162,160,88,295.35,15,5,-1,-1003,evil_twin,evil_twin
1684000997,-1,-100,-100,-100,0,-2,0,2,0,0,57,60,162,160,88,295.34,15,18,-4,-1002,evil_twin,evil_twin
1684000997,-1,-100,-100,-100,-1,-3,0,2,0,0,57,60,162,160,88,295.33,15,10,2,-1005,evil_twin,evil_twin
1684000997,-1,-100,-100,-100,-2,-3,0,2,1,0,57,60,161,160,88,295.32,15,3,3,-997,evil_twin,evil_twin
1684000997,-1,-100,-100,-100,-4,-1,0,1,1,0,57,60,162,160,88,295.29,15,-1,16,-976,evil_twin,evil_twin
1684000997,-1,-100,-100,-100,-3,3,0,1,1,0,57,60,162,160,88,295.26,15,5,0,-997,evil_twin,evil_twin
1684000998,-1,-100,-100,-100,-3,3,0,1,1,0,57,60,162,160,88,295.26,15,5,0,-997,evil_twin,evil_twin
1684000998,-1,-100,-100,-100,-2,2,0,0,0,0,57,60,161,160,88,295.36,16,-9,-5,-1000,evil_twin,evil_twin
1684000998,-1,-100,-100,-100,-1,0,0,0,0,0,57,60,160,160,88,295.28,16,-12,0,-1003,evil_twin,evil_twin
1684000998,-1,-100,-100,-100,-1,0,0,0,0,0,57,60,160,160,88,295.25,16,-46,41,-1024,evil_twin,evil_twin
1684000998,-1,-100,-100,-100,-1,0,-4,0,0,0,57,60,161,160,88,295.28,16,7,-4,-1006,evil_twin,evil_twin
1684000998,-1,-100,-100,-100,-1,0,-10,0,0,0,57,60,161,160,88,295.29,16,-16,9,-1001,evil_twin,evil_twin
1684000998,-1,-100,-100,-100,-1,0,-15,0,0,0,57,60,160,160,88,295.3,16,-8,4,-998,evil_twin,evil_twin
1684000998,-1,-100,-100,-100,-1,0,-21,0,0,0,57,60,160,160,88,295.32,16,0,1,-997,evil_twin,evil_twin
1684000998,-1,-100,-100,-100,-1,0,-27,0,0,0,57,60,162,160,88,295.3,16,-14,-4,-991,evil_twin,evil_twin
1684000998,-1,-100,-100,-100,-1,0,-33,0,0,0,57,60,161,160,88,295.29,16,-2,-6,-996,evil_twin,evil_twin
1684000998,-1,-100,-100,-100,-1,0,-39,0,0,0,57,60,161,160,88,295.28,16,-1,-1,-997,evil_twin,evil_twin
1684000999,-1,-100,-100,-100,-1,0,-39,0,0,0,57,60,161,160,88,295.28,16,-1,-1,-997,evil_twin,evil_twin
1684000999,-1,-100,-100,-100,-1,0,-45,0,0,0,57,60,161,160,88,295.23,17,-10,5,-999,evil_twin,evil_twin
1684000999,-1,-100,-100,-100,-1,0,-51,0,0,0,58,60,161,160,88,295.34,17,-2,1,-998,evil_twin,evil_twin
1684000999,-1,-100,-100,-100,0,0,-57,0,0,0,58,60,161,160,88,295.27,17,-3,-14,-986,evil_twin,evil_twin
1684000999,-1,-100,-100,-100,-1,0,-63,0,0,0,58,60,160,160,88,295.29,17,-3,7,-991,evil_twin,evil_twin
1684000999,-1,-100,-100,-100,0,0,-69,0,0,0,58,60,161,160,88,295.28,17,-3,-10,-998,evil_twin,evil_twin
1684000999,-1,-100,-100,-100,0,0,-73,0,0,0,58,60,160,160,88,295.28,17,0,-2,-995,evil_twin,evil_twin
1684000999,-1,-100,-100,-100,0,0,-77,0,0,0,58,60,160,160,88,295.23,17,0,-7,-999,evil_twin,evil_twin
1684000999,-1,-100,-100,-100,0,0,-80,0,0,0,58,60,161,160,88,295.32,17,-5,-3,-1000,evil_twin,evil_twin
1684000999,-1,-100,-100,-100,0,1,-82,0,0,0,58,60,160,160,88,295.21,17,-9,-8,-994,evil_twin,evil_twin
1684000999,-1,-100,-100,-100,0,1,-84,0,0,0,58,60,160,160,88,295.24,17,12,-12,-990,evil_twin,evil_twin
1684001000,-1,-100,-100,-100,0,1,-84,0,0,0,58,60,160,160,88,295.24,17,12,-12,-990,evil_twin,evil_twin
1684001000,-1,-100,-100,-100,-1,1,-85,0,0,0,58,60,160,160,88,295.3,18,-12,-14,-1004,evil_twin,evil_twin
1684001000,-1,-100,-100,-100,-1,1,-86,0,0,0,57,60,160,160,88,295.25,18,-2,-2,-1001,evil_twin,evil_twin
1684001000,-1,-100,-100,-100,-1,1,-87,0,0,0,57,60,161,160,88,295.25,18,-2,-3,-988,evil_twin,evil_twin
1684001000,-1,-100,-100,-100,-1,1,-88,0,0,0,57,60,160,160,88,295.28,18,-8,1,-1000,evil_twin,evil_twin
1684001000,-1,-100,-100,-100,-1,1,-88,0,0,0,57,60,160,160,88,295.25,18,-14,-3,-1005,evil_twin,evil_twin
1684001000,-1,-100,-100,-100,-1,1,-88,0,0,0,57,60,160,160,88,295.24,18,-2,-1,-1004,evil_twin,evil_twin
1684001000,-1,-100,-100,-100,-1,0,-88,0,0,0,57,60,160,160,88,295.27,18,-5,-1,-1000,evil_twin,evil_twin
1684001000,-1,-100,-100,-100,0,1,-88,0,0,0,57,60,160,160,88,295.26,18,-6,-6,-1001,evil_twin,evil_twin
1684001000,-1,-100,-100,-100,0,6,-88,-1,0,0,57,60,160,160,88,295.37,18,1,2,-997,evil_twin,evil_twin
1684001000,-1,-100,-100,-100,0,6,-88,-2,0,0,57,60,161,160,88,295.31,18,4,-14,-1008,evil_twin,evil_twin
1684001001,-1,-100,-100,-100,0,6,-88,-2,0,0,57,60,161,160,88,295.31,18,4,-14,-1008,evil_twin,evil_twin
1684001001,-1,-100,-100,-100,0,4,-88,-2,0,0,57,60,161,160,88,295.41,19,2,-25,-990,evil_twin,evil_twin
1684001001,-1,-100,-100,-100,0,2,-88,-3,0,0,58,61,161,160,88,295.3,19,5,-25,-988,evil_twin,evil_twin
1684001001,-1,-100,-100,-100,0,0,-88,-3,0,0,58,61,160,160,88,295.38,19,3,-25,-1001,evil_twin,evil_twin
1684001001,-1,-100,-100,-100,0,0,-88,-3,0,0,58,61,161,160,88,295.33,19,-5,-18,-1006,evil_twin,evil_twin
1684001001,-1,-100,-100,-100,0,0,-88,-2,0,0,58,61,160,160,88,295.36,19,-11,-21,-996,evil_twin,evil_twin
1684001001,-1,-100,-100,-100,0,0,-88,-2,0,0,58,61,161,160,88,295.27,19,1,-15,-1002,evil_twin,evil_twin
1684001001,-1,-100,-100,-100,0,0,-88,-2,0,0,58,61,161,160,88,295.29,19,11,-21,-992,evil_twin,evil_twin
1684001001,-1,-100,-100,-100,0,0,-88,-2,0,0,58,61,161,160,88,295.37,19,-2,-28,-991,evil_twin,evil_twin
1684001001,-1,-100,-100,-100,0,0,-88,-2,0,0,58,61,160,160,88,295.32,19,-4,-22,-995,evil_twin,evil_twin
1684001002,-1,-100,-100,-100,0,0,-88,-2,0,0,58,61,160,160,88,295.32,19,-4,-22,-995,evil_twin,evil_twin
1684001002,-1,-100,-100,-100,0,0,-88,-2,0,0,58,61,161,160,88,295.33,19,7,-19,-999,evil_twin,evil_twin
1684001002,-1,-100,-100,-100,0,0,-88,-2,0,0,58,61,161,160,88,295.39,20,2,-10,-997,evil_twin,evil_twin
1684001002,-1,-100,-100,-100,0,0,-88,-2,0,0,58,61,161,160,88,295.3,20,-1,-10,-1003,evil_twin,evil_twin
1684001002,-1,-100,-100,-100,0,0,-88,-2,0,0,58,61,161,160,88,295.26,20,0,-20,-1003,evil_twin,evil_twin
1684001002,-1,-100,-100,-100,0,-2,-88,-1,0,0,58,61,161,160,88,295.24,20,-10,-16,-1018,evil_twin,evil_twin
1684001002,-1,-100,-100,-100,-2,-3,-88,-1,0,0,58,61,162,160,88,295.29,20,6,-7,-998,evil_twin,evil_twin
1684001002,-1,-100,-100,-100,-4,-1,-88,0,0,0,58,61,162,160,88,295.26,20,8,-7,-988,evil_twin,evil_twin
1684001002,-1,-100,-100,-100,-3,0,-88,0,1,0,58,61,161,160,88,295.34,20,16,-3,-946,evil_twin,evil_twin
1684001002,-1,-100,-100,-100,0,0,-88,0,1,0,58,61,160,160,88,295.34,20,-30,-1,-1024,evil_twin,evil_twin
1684001002,-1,-100,-100,-100,3,0,-88,0,0,0,58,61,161,160,88,295.38,20,-5,-8,-991,evil_twin,evil_twin
1684001003,-1,-100,-100,-100,3,0,-88,0,0,0,58,61,161,160,88,295.38,20,-5,-8,-991,evil_twin,evil_twin
1684001003,-1,-100,-100,-100,1,0,-88,0,0,0,58,61,160,160,88,295.3,20,-11,-1,-998,evil_twin,evil_twin
1684001003,-1,-100,-100,-100,0,0,-88,0,0,0,58,61,162,160,88,295.37,21,-3,4,-994,evil_twin,evil_twin
1684001003,-1,-100,-100,-100,0,-7,-88,1,0,0,58,60,163,160,88,295.32,21,-1,21,-971,evil_twin,evil_twin
1684001003,-1,-100,-100,-100,0,-4,-88,2,0,0,58,60,162,160,88,295.36,21,-7,-9,-1025,evil_twin,evil_twin
1684001003,-1,-100,-100,-100,0,-2,-88,3,0,0,58,60,162,160,88,295.38,21,-1,6,-1021,evil_twin,evil_twin
1684001003,-1,-100,-100,-100,0,0,-88,3,0,0,58,60,162,160,88,295.35,21,3,10,-1007,evil_twin,evil_twin
1684001003,-1,-100,-100,-100,0,0,-88,3,0,0,58,60,162,160,88,295.36,21,-14,14,-990,evil_twin,evil_twin
1684001003,-1,-100,-100,-100,0,0,-88,2,0,0,58,60,162,160,88,295.35,21,1,15,-997,evil_twin,evil_twin
1684001003,-1,-100,-100,-100,-1,0,-88,2,0,0,58,60,162,160,88,295.32,21,-8,14,-989,evil_twin,evil_twin
1684001003,-1,-100,-100,-100,-2,0,-88,2,0,0,58,60,162,160,88,295.28,21,6,12,-993,evil_twin,evil_twin
1684001003,-1,-100,-100,-100,-2,0,-88,2,0,0,58,60,161,160,88,295.28,22,-13,7,-990,evil_twin,evil_twin
1684001004,-1,-100,-100,-100,-2,0,-88,2,0,0,58,60,161,160,88,295.28,22,-13,7,-990,evil_twin,evil_twin
1684001004,-1,-100,-100,-100,-2,0,-88,2,0,0,58,60,162,160,88,295.3,22,14,9,-982,evil_twin,evil_twin
1684001004,-1,-100,-100,-100,-2,0,-88,2,0,0,58,61,162,160,88,295.29,22,4,11,-1016,evil_twin,evil_twin
1684001004,-1,-100,-100,-100,-2,0,-88,2,0,0,58,61,161,160,88,295.35,22,-9,13,-1002,evil_twin,evil_twin
1684001004,-1,-100,-100,-100,-2,0,-88,2,0,0,58,61,162,160,88,295.42,22,0,2,-991,evil_twin,evil_twin
1684001004,-1,-100,-100,-100,-2,0,-88,2,1,0,58,61,161,160,88,295.33,22,-1,12,-1003,evil_twin,evil_twin
1684001004,-1,-100,-100,-100,0,0,-88,1,1,0,58,61,161,160,88,295.33,22,-1,12,-996,evil_twin,evil_twin
1684001004,-1,-100,-100,-100,2,0,-88,1,0,0,58,61,162,160,88,295.31,22,-8,-7,-1060,evil_twin,evil_twin
1684001004,-1,-100,-100,-100,0,4,-88,1,0,0,58,61,161,160,88,295.34,22,2,18,-988,evil_twin,evil_twin
1684001004,-1,-100,-100,-100,0,2,-88,0,0,0,58,61,161,160,88,295.35,22,0,5,-1009,evil_twin,evil_twin
1684001005,-1,-100,-100,-100,0,2,-88,0,0,0,58,61,161,160,88,295.35,22,0,5,-1009,evil_twin,evil_twin
1684001005,-1,-100,-100,-100,0,1,-88,0,0,0,58,61,161,160,88,295.31,23,3,-4,-993,evil_twin,evil_twin
1684001005,-1,-100,-100,-100,0,0,-88,0,0,0,58,61,162,160,88,295.31,23,5,-4,-998,evil_twin,evil_twin
1684001005,-1,-100,-100,-100,-4,0,-88,0,0,0,58,62,162,160,88,295.36,23,0,1,-1008,evil_twin,evil_twin
1684001005,-1,-100,-100,-100,-7,0,-88,0,1,0,58,62,164,160,88,295.35,23,-5,-7,-994,evil_twin,evil_twin
1684001005,-1,-100,-100,-100,-6,0,-88,0,2,0,58,62,163,160,88,295.34,23,-31,2,-1011,evil_twin,evil_twin
1684001005,-1,-100,-100,-100,-4,0,-88,0,2,0,58,62,163,160,88,295.36,23,-43,0,-993,evil_twin,evil_twin
1684001005,-1,-100,-100,-100,-2,0,-88,0,3,0,58,62,163,160,88,295.35,23,-25,-7,-998,evil_twin,evil_twin
1684001005,-1,-100,-100,-100,0,0,-88,0,3,0,58,62,162,160,88,295.32,23,-35,-1,-1001,evil_twin,evil_twin
1684001005,-1,-100,-100,-100,0,0,-88,0,2,0,58,62,162,160,88,295.33,23,-32,3,-998,evil_twin,evil_twin
1684001005,-1,-100,-100,-100,0,0,-88,0,2,0,58,62,162,160,88,295.37,23,-29,-6,-994,evil_twin,evil_twin
1684001006,-1,-100,-100,-100,0,0,-88,0,2,0,58,62,162,160,88,295.37,23,-29,-6,-994,evil_twin,evil_twin
1684001006,-1,-100,-100,-100,-1,0,-88,0,2,0,58,62,163,160,88,295.33,24,-15,-5,-990,evil_twin,evil_twin
1684001006,-1,-100,-100,-100,-1,0,-88,0,2,0,58,62,162,160,88,295.3,24,-17,-1,-989,evil_twin,evil_twin
1684001006,-1,-100,-100,-100,-1,0,-88,0,2,0,58,61,162,160,88,295.39,24,-24,0,-992,evil_twin,evil_twin
1684001006,-1,-100,-100,-100,-1,0,-88,0,2,0,58,61,163,160,88,295.38,24,-15,-5,-996,evil_twin,evil_twin
1684001006,-1,-100,-100,-100,0,0,-88,0,2,0,58,61,162,160,88,295.35,24,-11,3,-996,evil_twin,evil_twin
1684001006,-1,-100,-100,-100,0,0,-88,0,2,0,58,61,163,160,88,295.38,24,-17,1,-1013,evil_twin,evil_twin
1684001006,-1,-100,-100,-100,0,0,-88,0,2,0,58,61,163,160,88,295.35,24,-21,6,-978,evil_twin,evil_twin
1684001006,-1,-100,-100,-100,0,-2,-88,0,2,0,58,61,163,160,88,295.35,24,-5,-1,-1007,evil_twin,evil_twin
1684001006,-1,-100,-100,-100,0,-3,-88,0,2,0,58,61,164,160,88,295.37,24,-10,2,-1000,evil_twin,evil_twin
1684001006,-1,-100,-100,-100,0,-2,-88,0,1,0,58,61,164,160,88,295.35,24,-5,6,-998,evil_twin,evil_twin
1684001007,-1,-100,-100,-100,0,-2,-88,0,1,0,58,61,164,160,88,295.35,24,-5,6,-998,evil_twin,evil_twin
1684001007,-1,-100,-100,-100,-1,-2,-88,0,1,0,58,61,164,160,88,295.33,25,4,17,-1007,evil_twin,evil_twin
1684001007,-1,-100,-100,-100,-1,0,-88,0,1,0,58,61,163,160,88,295.3,25,-9,1,-1002,evil_twin,evil_twin
1684001007,-1,-100,-100,-100,-1,2,-88,0,1,0,58,62,164,160,88,295.36,25,2,21,-977,evil_twin,evil_twin
1684001007,-1,-100,-100,-100,0,0,-88,0,1,0,58,62,164,160,88,295.34,25,-7,4,-995,evil_twin,evil_twin
1684001007,-1,-100,-100,-100,3,0,-88,0,1,0,58,62,163,160,88,295.31,25,-38,-2,-1003,evil_twin,evil_twin
1684001007,-1,-100,-100,-100,2,-2,-88,0,0,0,58,62,163,160,88,295.33,25,-3,2,-1008,evil_twin,evil_twin
1684001007,-1,-100,-100,-100,0,-4,-88,0,0,0,58,62,164,160,88,295.39,25,-16,-3,-1002,evil_twin,evil_twin
1684001007,-1,-100,-100,-100,0,-2,-88,1,0,0,58,62,163,160,88,295.42,25,-3,0,-1034,evil_twin,evil_twin
1684001007,-1,-100,-100,-100,0,2,-88,0,0,0,58,62,164,160,88,295.38,25,6,33,-985,evil_twin,evil_twin
1684001007,-1,-100,-100,-100,0,1,-88,0,0,0,58,62,163,160,88,295.36,25,-7,5,-995,evil_twin,evil_twin
1684001008,-1,-100,-100,-100,0,1,-88,0,0,0,58,62,163,160,88,295.36,25,-7,5,-995,evil_twin,evil_twin
1684001008,-1,-100,-100,-100,0,0,-88,0,0,0,58,62,163,160,88,295.37,26,8,3,-975,evil_twin,evil_twin
1684001008,-1,-100,-100,-100,6,0,-88,0,0,0,58,62,164,160,88,295.41,26,-17,-1,-1017,evil_twin,evil_twin
1684001008,-1,-100,-100,-100,6,0,-88,0,-1,0,58,61,164,160,88,295.39,26,11,-5,-994,evil_twin,evil_twin
1684001008,-1,-100,-100,-100,4,0,-88,0,-2,0,58,61,163,160,88,295.37,26,11,-4,-1006,evil_twin,evil_twin
1684001008,-1,-100,-100,-100,2,0,-88,0,-3,0,58,61,163,160,88,295.42,26,23,-5,-995,evil_twin,evil_twin
1684001008,-1,-100,-100,-100,0,0,-88,0,-3,0,58,61,163,160,88,295.38,26,24,-8,-974,evil_twin,evil_twin
1684001008,-1,-100,-100,-100,0,0,-88,0,-3,0,58,61,162,160,88,295.34,26,30,-18,-982,evil_twin,evil_twin
1684001008,-1,-100,-100,-100,0,0,-88,0,-3,0,58,61,163,160,88,295.36,26,14,-7,-1002,evil_twin,evil_twin
1684001008,-1,-100,-100,-100,0,0,-88,0,-2,0,58,61,163,160,88,295.38,26,13,-14,-987,evil_twin,evil_twin
1684001008,-1,-100,-100,-100,0,-1,-88,0,-2,0,58,61,163,160,88,295.34,26,28,-14,-1010,evil_twin,evil_twin
1684001009,-1,-100,-100,-100,0,-1,-88,0,-2,0,58,61,163,160,88,295.34,26,28,-14,-1010,evil_twin,evil_twin
1684001009,-1,-100,-100,-100,0,-1,-88,0,-2,0,58,61,162,160,88,295.35,27,8,-16,-999,evil_twin,evil_twin
1684001009,-1,-100,-100,-100,0,-1,-88,0,-2,0,58,61,161,160,88,295.35,27,12,-16,-999,evil_twin,evil_twin
1684001009,-1,-100,-100,-100,-1,-1,-88,1,-2,0,59,62,163,160,88,295.35,27,21,-24,-993,evil_twin,evil_twin
1684001009,-1,-100,-100,-100,-2,1,-88,1,-2,0,59,62,163,160,88,295.4,27,18,-17,-1019,evil_twin,evil_twin
1684001009,-1,-100,-100,-100,-4,3,-88,0,-1,0,59,62,163,160,88,295.37,27,23,-7,-989,evil_twin,evil_twin
1684001009,-1,-100,-100,-100,-3,1,-88,0,0,0,59,62,163,160,88,295.4,27,15,-21,-999,evil_twin,evil_twin
1684001009,-1,-100,-100,-100,-1,1,-88,0,0,0,59,62,162,160,88,295.39,27,13,-18,-1009,evil_twin,evil_twin
1684001009,-1,-100,-100,-100,-1,0,-88,0,0,0,59,62,162,160,88,295.31,27,0,-22,-984,evil_twin,evil_twin
1684001009,-1,-100,-100,-100,-1,0,-93,0,0,0,59,62,162,160,88,295.38,27,12,-15,-987,evil_twin,evil_twin
1684001009,-1,-100,-100,-100,-1,0,-99,0,0,0,59,62,161,160,88,295.38,27,6,-9,-996,evil_twin,evil_twin
1684001010,-1,-100,-100,-100,-1,0,-99,0,0,0,59,62,161,160,88,295.38,27,6,-9,-996,evil_twin,evil_twin
1684001010,-1,-100,-100,-100,0,1,-105,0,0,0,59,62,162,160,88,295.38,28,13,-14,-996,evil_twin,evil_twin
1684001010,-1,-100,-100,-100,0,1,-111,0,0,0,59,62,161,160,88,295.34,28,32,-19,-994,evil_twin,evil_twin
1684001010,-1,-100,-100,-100,0,1,-118,0,0,0,59,62,161,160,88,295.36,28,19,-20,-1003,evil_twin,evil_twin
1684001010,-1,-100,-100,-100,0,0,-124,0,0,0,59,62,161,160,88,295.35,28,25,-19,-989,evil_twin,evil_twin
1684001010,-1,-100,-100,-100,0,0,-131,0,0,0,59,62,161,160,88,295.36,28,6,-16,-993,evil_twin,evil_twin
1684001010,-1,-100,-100,-100,0,0,-137,0,0,0,59,62,161,160,88,295.36,28,15,-16,-1002,evil_twin,evil_twin
1684001010,-1,-100,-100,-100,0,0,-144,0,0,0,59,62,160,160,88,295.39,28,10,-15,-1010,evil_twin,evil_twin
1684001010,-1,-100,-100,-100,0,0,-150,0,0,0,59,62,160,160,88,295.38,28,7,-11,-992,evil_twin,evil_twin
1684001010,-1,-100,-100,-100,0,0,-157,0,0,0,59,62,160,160,88,295.35,28,37,2,-1006,evil_twin,evil_twin
1684001010,-1,-100,-100,-100,0,0,-162,0,0,0,59,62,161,160,88,295.37,28,15,-5,-1002,evil_twin,evil_twin
1684001011,-1,-100,-100,-100,0,0,-162,0,0,0,59,62,161,160,88,295.37,28,15,-5,-1002,evil_twin,evil_twin
1684001011,-1,-100,-100,-100,0,0,-166,0,0,0,59,62,160,160,88,295.35,29,21,0,-1008,evil_twin,evil_twin
1684001011,-1,-100,-100,-100,0,0,-169,0,0,0,59,62,161,160,88,295.32,29,32,-3,-1002,evil_twin,evil_twin
1684001011,-1,-100,-100,-100,0,0,-171,0,0,0,59,62,160,160,88,295.32,29,17,0,-996,evil_twin,evil_twin
1684001011,-1,-100,-100,-100,0,0,-173,0,0,0,59,62,160,160,88,295.36,29,22,0,-995,evil_twin,evil_twin
1684001011,-1,-100,-100,-100,0,0,-174,0,0,0,59,62,160,160,88,295.39,29,27,-6,-997,evil_twin,evil_twin
1684001011,-1,-100,-100,-100,0,1,-174,0,0,0,59,62,160,160,88,295.36,29,9,0,-998,evil_twin,evil_twin
1684001011,-1,-100,-100,-100,0,1,-175,0,0,0,59,62,159,160,88,295.32,29,19,-1,-1009,evil_twin,evil_twin
1684001011,-1,-100,-100,-100,0,0,-175,0,0,0,59,62,160,160,88,295.35,29,11,-8,-1000,evil_twin,evil_twin
1684001011,-1,-100,-100,-100,0,0,-176,0,0,0,59,62,160,160,88,295.4,29,5,-2,-991,evil_twin,evil_twin
1684001011,-1,-100,-100,-100,0,0,-176,0,0,0,59,62,160,160,88,295.37,29,4,0,-984,evil_twin,evil_twin
1684001012,-1,-100,-100,-100,0,0,-176,0,0,0,59,62,160,160,88,295.37,29,4,0,-984,evil_twin,evil_twin
1684001012,-1,-100,-100,-100,0,0,-176,0,0,0,59,62,160,160,88,295.35,30,-1,-7,-1004,evil_twin,evil_twin
1684001012,-1,-100,-100,-100,0,4,-176,0,0,0,59,62,160,160,88,295.39,30,11,-6,-999,evil_twin,evil_twin
1684001012,-1,-100,-100,-100,0,7,-176,0,1,0,59,62,159,160,88,295.38,30,14,-12,-992,evil_twin,evil_twin
1684001012,-1,-100,-100,-100,0,5,-176,0,2,0,59,62,160,160,88,295.36,30,9,-5,-1029,evil_twin,evil_twin
1684001012,-1,-100,-100,-100,0,3,-176,0,3,0,59,62,161,160,88,295.37,30,-4,-16,-1004,evil_twin,evil_twin
1684001012,-1,-100,-100,-100,0,1,-176,0,3,0,59,62,160,160,88,295.31,30,8,-25,-996,evil_twin,evil_twin
1684001012,-1,-100,-100,-100,0,0,-176,0,3,0,59,62,159,160,88,295.29,30,14,-24,-1009,evil_twin,evil_twin
1684001012,-1,-100,-100,-100,0,0,-176,0,3,0,59,62,159,160,88,295.34,30,-3,-15,-1011,evil_twin,evil_twin
1684001012,-1,-100,-100,-100,0,0,-176,0,2,0,59,62,159,160,88,295.39,30,15,-24,-995,evil_twin,evil_twin
1684001012,-1,-100,-100,-100,0,0,-176,0,2,0,59,62,160,160,88,295.29,30,2,-23,-992,evil_twin,evil_twin
1684001013,-1,-100,-100,-100,0,0,-176,0,2,0,59,62,160,160,88,295.29,30,2,-23,-992,evil_twin,evil_twin
1684001013,-1,-100,-100,-100,0,0,-176,0,2,0,59,62,159,160,88,295.34,31,17,-25,-1012,evil_twin,evil_twin
1684001013,-1,-100,-100,-100,0,0,-176,0,2,0,59,62,159,160,88,295.37,31,11,-25,-1006,evil_twin,evil_twin
1684001013,-1,-100,-100,-100,0,0,-176,0,2,0,59,62,159,160,88,295.37,31,-3,-26,-1001,evil_twin,evil_twin
1684001013,-1,-100,-100,-100,0,0,-176,0,2,0,59,62,159,160,88,295.38,31,6,-23,-994,evil_twin,evil_twin
1684001013,-1,-100,-100,-100,-1,0,-176,0,2,0,59,62,159,160,88,295.37,31,7,-23,-1012,evil_twin,evil_twin
1684001013,-1,-100,-100,-100,-3,0,-176,0,2,0,59,62,160,160,88,295.33,31,6,-27,-998,evil_twin,evil_twin
1684001013,-1,-100,-100,-100,-3,0,-176,0,2,0,59,62,160,160,88,295.37,31,12,-25,-1002,evil_twin,evil_twin
1684001013,-1,-100,-100,-100,-3,0,-176,1,1,0,59,62,159,160,88,295.39,31,4,-16,-1019,evil_twin,evil_twin
1684001013,-1,-100,-100,-100,-2,-2,-176,1,1,0,59,62,160,160,88,295.32,31,6,-16,-990,evil_twin,evil_twin
1684001013,-1,-100,-100,-100,0,-2,-176,1,0,0,59,62,160,160,88,295.31,31,-11,-5,-977,evil_twin,evil_twin
1684001014,-1,-100,-100,-100,0,-2,-176,1,0,0,59,62,160,160,88,295.31,31,-11,-5,-977,evil_twin,evil_twin
1684001014,-1,-100,-100,-100,3,0,-176,0,0,0,59,62,160,160,88,295.35,32,-3,-21,-1019,evil_twin,evil_twin
1684001014,-1,-100,-100,-100,1,0,-176,0,0,0,59,62,161,160,88,295.44,32,-30,-9,-1023,evil_twin,evil_twin
1684001014,-1,-100,-100,-100,0,0,-176,0,0,0,59,62,159,160,88,295.35,32,-5,10,-954,evil_twin,evil_twin
1684001014,-1,-100,-100,-100,0,-2,-176,0,0,0,59,62,162,160,88,295.45,32,1,-7,-1027,evil_twin,evil_twin
1684001014,-1,-100,-100,-100,0,-6,-176,0,0,0,59,62,162,160,88,295.44,32,5,-5,-1016,evil_twin,evil_twin
1684001014,-1,-100,-100,-100,0,-5,-176,0,-2,0,59,62,162,160,88,295.34,32,3,-1,-1007,evil_twin,evil_twin
1684001014,-1,-100,-100,-100,0,-3,-176,0,-3,0,59,62,161,160,88,295.33,32,9,4,-993,evil_twin,evil_twin
1684001014,-1,-100,-100,-100,0,-1,-176,0,-3,0,59,62,161,160,88,295.34,32,13,9,-1009,evil_twin,evil_twin
1684001014,-1,-100,-100,-100,0,0,-176,0,-3,0,59,62,160,160,88,295.32,32,19,17,-1016,evil_twin,evil_twin
1684001014,-1,-100,-100,-100,0,1,-176,0,-3,0,59,62,160,160,88,295.4,32,26,3,-1006,evil_twin,evil_twin
1684001015,-1,-100,-100,-100,0,1,-176,0,-3,0,59,62,160,160,88,295.4,32,26,3,-1006,evil_twin,evil_twin
1684001015,-1,-100,-100,-100,-1,0,-176,0,-2,0,59,62,160,160,88,295.37,33,2,3,-1013,evil_twin,evil_twin
1684001015,-1,-100,-100,-100,-1,0,-176,0,-2,0,59,62,161,160,88,295.38,33,0,1,-1007,evil_twin,evil_twin
1684001015,-1,-100,-100,-100,0,0,-176,0,-2,0,59,63,161,160,88,295.3,33,12,10,-1007,evil_twin,evil_twin
1684001015,-1,-100,-100,-100,0,0,-176,0,-2,0,59,63,161,160,88,295.35,33,18,5,-997,evil_twin,evil_twin
1684001015,-1,-100,-100,-100,0,0,-176,0,-2,0,59,63,161,160,88,295.31,33,16,7,-997,evil_twin,evil_twin
1684001015,-1,-100,-100,-100,0,0,-176,0,-2,0,59,63,161,160,88,295.33,33,9,-3,-997,evil_twin,evil_twin
1684001015,-1,-100,-100,-100,-1,0,-176,0,-2,0,59,63,162,160,88,295.33,33,4,0,-996,evil_twin,evil_twin
1684001015,-1,-100,-100,-100,-1,0,-176,1,-2,0,59,63,162,160,88,295.34,33,11,1,-949,evil_twin,evil_twin
1684001015,-1,-100,-100,-100,1,1,-176,1,-2,0,59,63,162,160,88,295.41,33,-14,-7,-1009,evil_twin,evil_twin
1684001015,-1,-100,-100,-100,2,3,-176,0,-2,0,59,63,162,160,88,295.46,33,14,-1,-966,evil_twin,evil_twin
1684001016,-1,-100,-100,-100,2,3,-176,0,-2,0,59,63,162,160,88,295.46,33,14,-1,-966,evil_twin,evil_twin
1684001016,-1,-100,-100,-100,1,5,-176,0,-1,0,59,63,163,160,88,295.43,34,13,-11,-1003,evil_twin,evil_twin
1684001016,-1,-100,-100,-100,0,2,-176,0,0,0,59,63,162,160,88,295.48,34,9,-12,-998,evil_twin,evil_twin
1684001016,-1,-100,-100,-100,0,1,-176,0,0,0,60,62,162,160,88,295.43,34,7,-9,-995,evil_twin,evil_twin
1684001016,-1,-100,-100,-100,0,1,-176,0,0,0,60,62,162,160,88,295.38,34,5,0,-1012,evil_twin,evil_twin
1684001016,-1,-100,-100,-100,-5,0,-176,0,0,0,60,62,164,160,88,295.39,34,13,-7,-997,evil_twin,evil_twin
1684001016,-1,-100,-100,-100,-6,0,-176,1,0,0,60,62,163,160,88,295.4,34,6,-10,-1000,evil_twin,evil_twin
1684001016,-1,-100,-100,-100,-5,0,-176,2,0,0,60,62,163,160,88,295.45,34,-16,-19,-990,evil_twin,evil_twin
1684001016,-1,-100,-100,-100,-2,0,-176,3,0,0,60,62,163,160,88,295.47,34,9,-9,-999,evil_twin,evil_twin
1684001016,-1,-100,-100,-100,0,0,-176,3,0,0,60,62,162,160,88,295.41,34,0,-9,-994,evil_twin,evil_twin
1684001016,-1,-100,-100,-100,0,0,-176,3,0,0,60,62,163,160,88,295.44,34,0,-8,-988,evil_twin,evil_twin
1684001017,-1,-100,-100,-100,0,0,-176,3,0,0,60,62,163,160,88,295.44,34,0,-8,-988,evil_twin,evil_twin
1684001017,-1,-100,-100,-100,0,0,-176,3,0,0,60,62,162,160,88,295.41,35,1,-11,-995,evil_twin,evil_twin
1684001017,-1,-100,-100,-100,0,0,-176,2,0,0,60,62,162,160,88,295.37,35,6,-7,-994,evil_twin,evil_twin
1684001017,-1,-100,-100,-100,0,0,-176,2,0,0,60,62,162,160,88,295.44,35,5,0,-1004,evil_twin,evil_twin
1684001017,-1,-100,-100,-100,0,0,-176,2,0,0,60,62,161,160,88,295.4,35,0,-13,-997,evil_twin,evil_twin
1684001017,-1,-100,-100,-100,0,0,-176,2,0,0,60,62,162,160,88,295.44,35,11,-7,-993,evil_twin,evil_twin
1684001017,-1,-100,-100,-100,0,0,-176,2,0,0,60,62,161,160,88,295.46,35,1,-13,-988,evil_twin,evil_twin
1684001017,-1,-100,-100,-100,0,0,-176,2,0,0,60,62,161,160,88,295.39,35,1,-6,-1003,evil_twin,evil_twin
1684001017,-1,-100,-100,-100,0,0,-176,2,0,0,60,62,161,160,88,295.4,35,3,-6,-1014,evil_twin,evil_twin
1684001017,-1,-100,-100,-100,0,0,-176,2,0,0,60,62,161,160,88,295.43,35,3,-5,-1005,evil_twin,evil_twin
1684001017,-1,-100,-100,-100,0,0,-176,2,0,0,60,62,161,160,88,295.41,35,3,-9,-998,evil_twin,evil_twin
1684001018,-1,-100,-100,-100,0,0,-176,2,0,0,60,62,161,160,88,295.41,35,3,-9,-998,evil_twin,evil_twin
1684001018,-1,-100,-100,-100,0,0,-176,2,0,0,60,62,161,160,88,295.37,36,7,-12,-1001,evil_twin,evil_twin
1684001018,-1,-100,-100,-100,0,0,-176,2,0,0,60,62,160,160,88,295.33,36,22,-1,-1007,evil_twin,evil_twin
1684001018,-1,-100,-100,-100,1,0,-176,1,0,0,60,63,161,160,88,295.4,36,4,-9,-999,evil_twin,evil_twin
1684001018,-1,-100,-100,-100,1,0,-176,1,0,0,60,63,162,160,88,295.39,36,11,-2,-984,evil_twin,evil_twin
1684001018,-1,-100,-100,-100,3,-2,-176,1,0,0,60,63,162,160,88,295.35,36,9,-16,-1024,evil_twin,evil_twin
1684001018,-1,-100,-100,-100,3,-3,-176,0,0,0,60,63,161,160,88,295.39,36,17,-7,-1002,evil_twin,evil_twin
1684001018,-1,-100,-100,-100,1,-2,-176,0,-1,0,60,63,161,160,88,295.3,36,31,-2,-996,evil_twin,evil_twin
1684001018,-1,-100,-100,-100,1,0,-176,0,-1,0,60,63,161,160,88,295.3,36,29,11,-976,evil_twin,evil_twin
1684001018,-1,-100,-100,-100,0,3,-176,0,0,0,60,63,162,160,88,295.28,36,14,0,-997,evil_twin,evil_twin
1684001018,-1,-100,-100,-100,0,2,-176,0,0,0,60,63,162,160,88,295.33,36,13,-7,-989,evil_twin,evil_twin
1684001019,-1,-100,-100,-100,0,2,-176,0,0,0,60,63,162,160,88,295.33,36,13,-7,-989,evil_twin,evil_twin
1684001019,-1,-100,-100,-100,0,1,-176,0,0,0,60,63,161,160,88,295.37,37,30,-9,-998,evil_twin,evil_twin
1684001019,-1,-100,-100,-100,0,0,-176,0,0,0,60,63,161,160,88,295.29,37,20,-7,-999,evil_twin,evil_twin
1684001019,-1,-100,-100,-100,0,0,-176,0,0,0,60,62,162,160,88,295.38,37,24,-8,-992,evil_twin,evil_twin
1684001019,-1,-100,-100,-100,0,0,-176,0,0,0,60,62,162,160,88,295.37,37,23,-17,-992,evil_twin,evil_twin
1684001019,-1,-100,-100,-100,0,0,-176,0,0,0,60,62,161,160,88,295.34,37,16,-11,-997,evil_twin,evil_twin
1684001019,-1,-100,-100,-100,0,0,-176,0,0,0,60,62,161,160,88,295.32,37,34,-9,-954,evil_twin,evil_twin
1684001019,-1,-100,-100,-100,3,0,-176,0,0,0,60,62,163,160,88,295.38,37,-1,-11,-1007,evil_twin,evil_twin
1684001019,-1,-100,-100,-100,7,0,-176,-1,0,0,60,62,162,160,88,295.38,37,26,-7,-1022,evil_twin,evil_twin
1684001019,-1,-100,-100,-100,6,0,-176,-2,0,0,60,62,162,160,88,295.32,37,32,-10,-1000,evil_twin,evil_twin
1684001020,-1,-100,-100,-100,6,0,-176,-2,0,0,60,62,162,160,88,295.32,37,32,-10,-1000,evil_twin,evil_twin
1684001020,-1,-100,-100,-100,3,0,-176,-3,0,0,60,62,162,160,88,295.37,37,50,-16,-976,evil_twin,evil_twin
1684001020,-1,-100,-100,-100,2,0,-176,-3,0,0,60,62,161,160,88,295.43,38,39,-24,-989,evil_twin,evil_twin
1684001020,-1,-100,-100,-100,0,-1,-176,-3,0,0,60,62,162,160,88,295.39,38,35,-11,-991,evil_twin,evil_twin
1684001020,-1,-100,-100,-100,0,0,-176,-3,0,0,60,62,161,160,88,295.37,38,24,-11,-1006,evil_twin,evil_twin
1684001020,-1,-100,-100,-100,0,0,-176,-2,0,0,60,62,161,160,88,295.37,38,39,-20,-1005,evil_twin,evil_twin
1684001020,-1,-100,-100,-100,0,0,-176,-2,0,0,60,62,161,160,88,295.36,38,32,-7,-999,evil_twin,evil_twin
1684001020,-1,-100,-100,-100,0,0,-176,-2,0,0,60,62,161,160,88,295.31,38,30,-9,-984,evil_twin,evil_twin
1684001020,-1,-100,-100,-100,0,-1,-176,-2,0,0,60,62,161,160,88,295.32,38,52,-12,-996,evil_twin,evil_twin
1684001020,-1,-100,-100,-100,0,-1,-176,-2,0,0,60,62,161,160,88,295.3,38,22,-11,-1002,evil_twin,evil_twin
1684001020,-1,-100,-100,-100,0,-2,-176,-2,-1,0,60,62,161,160,88,295.36,38,37,-1,-1004,evil_twin,evil_twin
1684001020,-1,-100,-100,-100,-2,0,-176,-2,-1,0,60,62,162,160,88,295.35,38,33,6,-967,evil_twin,evil_twin
1684001021,-1,-100,-100,-100,-2,0,-176,-2,-1,0,60,62,162,160,88,295.35,38,33,6,-967,evil_twin,evil_twin
1684001021,-1,-100,-100,-100,-3,3,-176,-1,0,0,60,62,161,160,88,295.3,39,27,-13,-1011,evil_twin,evil_twin
1684001021,-1,-100,-100,-100,-2,2,-176,0,0,0,60,62,161,160,88,295.34,39,15,-11,-1000,evil_twin,evil_twin
1684001021,-1,-100,-100,-100,0,0,178,0,0,0,60,63,161,160,88,295.38,39,-3,9,-1016,evil_twin,evil_twin
1684001021,-1,-100,-100,-100,0,0,173,0,0,0,60,63,161,160,88,295.37,39,1,2,-971,evil_twin,evil_twin
1684001021,-1,-100,-100,-100,0,0,167,0,0,0,60,63,162,160,88,295.33,39,14,-11,-989,evil_twin,evil_twin
1684001021,-1,-100,-100,-100,0,0,161,0,0,0,60,63,160,160,88,295.4,39,30,-4,-1006,evil_twin,evil_twin
1684001021,-1,-100,-100,-100,0,0,155,0,0,0,60,63,162,160,88,295.43,39,0,1,-995,evil_twin,evil_twin
1684001021,-1,-100,-100,-100,0,0,143,0,0,0,60,63,160,160,88,295.41,39,18,16,-1002,evil_twin,evil_twin
1684001021,-1,-100,-100,-100,0,0,136,0,0,0,60,63,161,160,88,295.47,40,20,7,-1006,evil_twin,evil_twin
1684001022,-1,-100,-100,-100,0,0,136,0,0,0,60,63,161,160,88,295.47,40,20,7,-1006,evil_twin,evil_twin
1684001022,-1,-100,-100,-100,0,0,130,0,0,0,60,63,161,160,88,295.35,40,28,7,-990,evil_twin,evil_twin
1684001022,-1,-100,-100,-100,0,0,124,0,0,0,60,63,161,160,88,295.41,40,5,3,-994,evil_twin,evil_twin
1684001022,-1,-100,-100,-100,0,0,118,0,0,0,60,63,162,160,88,295.41,40,5,7,-1017,evil_twin,evil_twin
1684001022,-1,-100,-100,-100,0,0,112,0,0,0,60,63,161,160,88,295.38,40,5,5,-997,evil_twin,evil_twin
1684001022,-1,-100,-100,-100,0,0,107,0,0,0,60,63,161,160,88,295.4,40,15,10,-999,evil_twin,evil_twin
1684001022,-1,-100,-100,-100,0,0,104,0,0,0,60,63,161,160,88,295.44,40,21,8,-1006,evil_twin,evil_twin
1684001022,-1,-100,-100,-100,0,0,101,0,0,0,60,63,161,160,88,295.38,40,-7,10,-1003,evil_twin,evil_twin
1684001022,-1,-100,-100,-100,0,0,99,0,0,0,60,63,161,160,88,295.38,40,-1,7,-1000,evil_twin,evil_twin
1684001022,-1,-100,-100,-100,-1,0,98,0,0,0,60,63,161,160,88,295.37,40,-13,8,-1001,evil_twin,evil_twin
1684001023,-1,-100,-100,-100,-1,0,98,0,0,0,60,63,161,160,88,295.37,40,-13,8,-1001,evil_twin,evil_twin
1684001023,-1,-100,-100,-100,-1,0,96,0,0,0,60,63,161,160,88,295.38,41,-5,3,-999,evil_twin,evil_twin
1684001023,-1,-100,-100,-100,-1,0,95,0,0,0,60,63,161,160,88,295.4,41,-6,11,-1008,evil_twin,evil_twin
1684001023,-1,-100,-100,-100,-1,0,95,0,0,0,60,63,161,160,88,295.37,41,-6,5,-992,evil_twin,evil_twin
1684001023,-1,-100,-100,-100,-1,0,95,0,0,0,60,62,161,160,88,295.4,41,13,0,-1008,evil_twin,evil_twin
1684001023,-1,-100,-100,-100,-1,0,95,0,0,0,60,62,162,160,88,295.38,41,3,9,-989,evil_twin,evil_twin
1684001023,-1,-100,-100,-100,-1,0,95,0,0,0,60,62,162,160,88,295.32,41,-3,5,-997,evil_twin,evil_twin
1684001023,-1,-100,-100,-100,-1,0,95,0,0,0,60,62,162,160,88,295.43,41,-9,0,-991,evil_twin,evil_twin
1684001023,-1,-100,-100,-100,0,0,95,0,0,0,60,62,161,160,88,295.44,41,-15,13,-997,evil_twin,evil_twin
1684001023,-1,-100,-100,-100,0,6,95,1,0,0,60,62,162,160,88,295.35,41,7,9,-982,evil_twin,evil_twin
1684001024,-1,-100,-100,-100,0,6,95,1,0,0,60,62,162,160,88,295.35,41,7,9,-982,evil_twin,evil_twin
1684001024,-1,-100,-100,-100,0,4,95,2,0,0,60,62,162,160,88,295.41,42,-5,-1,-1008,evil_twin,evil_twin
1684001024,-1,-100,-100,-100,0,0,95,3,0,0,60,62,160,160,88,295.37,42,-1,-5,-1002,evil_twin,evil_twin
1684001024,-1,-100,-100,-100,0,0,94,3,0,0,60,63,161,160,88,295.46,42,-5,-7,-999,evil_twin,evil_twin
1684001024,-1,-100,-100,-100,0,-1,94,3,0,0,60,63,162,160,88,295.39,42,0,-7,-995,evil_twin,evil_twin
1684001024,-1,-100,-100,-100,0,0,95,2,0,0,60,63,163,160,88,295.46,42,9,-8,-998,evil_twin,evil_twin
1684001024,-1,-100,-100,-100,0,0,95,2,0,0,60,63,162,160,88,295.37,42,0,-6,-995,evil_twin,evil_twin
1684001024,-1,-100,-100,-100,0,0,95,2,0,0,60,63,162,160,88,295.43,42,7,0,-993,evil_twin,evil_twin
1684001025,-1,-100,-100,-100,0,0,95,2,0,0,60,63,162,160,88,295.43,42,7,0,-993,evil_twin,evil_twin
1684001025,-1,-100,-100,-100,0,0,95,2,0,0,60,63,163,160,88,295.33,43,-1,-3,-993,evil_twin,evil_twin
1684001025,-1,-100,-100,-100,0,-1,95,2,0,0,60,63,162,160,88,295.34,43,6,0,-1008,evil_twin,evil_twin
1684001025,-1,-100,-100,-100,0,-2,95,2,0,0,60,63,163,160,88,295.46,43,6,4,-998,evil_twin,evil_twin
1684001025,-1,-100,-100,-100,0,-3,95,1,0,0,60,63,163,160,88,295.45,43,9,1,-993,evil_twin,evil_twin
1684001025,-1,-100,-100,-100,0,-4,95,1,0,0,60,63,163,160,88,295.48,43,1,7,-1021,evil_twin,evil_twin
1684001025,-1,-100,-100,-100,-4,-1,95,0,0,0,60,63,162,160,88,295.47,43,7,4,-980,evil_twin,evil_twin
1684001025,-1,-100,-100,-100,-3,-1,95,0,-1,0,60,63,163,160,88,295.38,43,-22,15,-990,evil_twin,evil_twin
1684001025,-1,-100,-100,-100,3,0,95,0,-1,0,60,63,162,160,88,295.37,43,-25,13,-1030,evil_twin,evil_twin
1684001026,-1,-100,-100,-100,3,0,95,0,-1,0,60,63,162,160,88,295.37,43,-25,13,-1030,evil_twin,evil_twin
1684001026,-1,-100,-100,-100,1,0,95,0,0,0,60,63,161,160,88,295.43,44,1,18,-1013,evil_twin,evil_twin
1684001026,-1,-100,-100,-100,0,-7,95,0,0,0,60,63,163,160,88,295.4,44,16,-6,-1018,evil_twin,evil_twin
1684001026,-1,-100,-100,-100,0,-7,95,-1,0,0,61,63,165,160,88,295.39,44,14,11,-1024,evil_twin,evil_twin
1684001026,-1,-100,-100,-100,0,-3,95,-3,0,0,61,63,163,160,88,295.39,44,10,19,-993,evil_twin,evil_twin
1684001026,-1,-100,-100,-100,0,0,95,-3,0,0,61,63,164,160,88,295.41,44,16,28,-1010,evil_twin,evil_twin
1684001026,-1,-100,-100,-100,0,0,95,-3,0,0,61,63,163,160,88,295.46,44,-11,16,-999,evil_twin,evil_twin
1684001027,-1,-100,-100,-100,0,0,95,-2,0,0,61,63,163,160,88,295.38,44,-1,8,-980,evil_twin,evil_twin
1684001027,-1,-100,-100,-100,-1,0,95,-2,0,0,61,63,163,160,88,295.36,45,-10,12,-997,evil_twin,evil_twin
1684001027,-1,-100,-100,-100,-1,0,95,-2,0,0,61,63,163,160,88,295.37,45,-18,14,-1005,evil_twin,evil_twin
1684001027,-1,-100,-100,-100,-1,0,95,-2,0,0,61,63,162,160,88,295.45,45,11,2,-991,evil_twin,evil_twin
1684001027,-1,-100,-100,-100,-1,0,95,-2,0,0,61,63,164,160,88,295.45,45,19,12,-999,evil_twin,evil_twin
1684001027,-1,-100,-100,-100,-1,0,95,-2,0,0,61,63,163,160,88,295.4,45,-15,7,-979,evil_twin,evil_twin
1684001027,-1,-100,-100,-100,-1,0,95,-2,-1,0,61,63,164,160,88,295.41,45,-12,7,-999,evil_twin,evil_twin
1684001027,-1,-100,-100,-100,2,2,95,-2,0,0,61,63,163,160,88,295.43,45,-18,-1,-1016,evil_twin,evil_twin
1684001027,-1,-100,-100,-100,1,4,95,-1,0,0,61,63,164,160,88,295.48,45,9,8,-987,evil_twin,evil_twin
1684001028,-1,-100,-100,-100,0,1,95,0,0,0,61,63,163,160,88,295.47,46,-12,3,-995,evil_twin,evil_twin
1684001028,-1,-100,-100,-100,0,0,95,0,0,0,61,63,163,160,88,295.43,46,-11,-4,-996,evil_twin,evil_twin
1684001028,-1,-100,-100,-100,-6,0,95,0,-2,0,61,64,164,160,88,295.41,46,-17,2,-1014,evil_twin,evil_twin
1684001028,-1,-100,-100,-100,-4,0,95,0,-2,0,61,64,164,160,88,295.36,46,-20,-3,-999,evil_twin,evil_twin
1684001028,-1,-100,-100,-100,-2,0,95,0,-3,0,61,64,164,160,88,295.41,46,-32,-7,-984,evil_twin,evil_twin
1684001028,-1,-100,-100,-100,0,0,95,0,-2,0,61,64,164,160,88,295.45,46,-24,-7,-1001,evil_twin,evil_twin
1684001028,-1,-100,-100,-100,0,0,95,0,-2,0,61,64,163,160,88,295.36,46,-28,-5,-1000,evil_twin,evil_twin
1684001029,-1,-100,-100,-100,0,0,95,0,-2,0,61,64,163,160,88,295.36,46,-28,-5,-1000,evil_twin,evil_twin
1684001029,-1,-100,-100,-100,-1,0,95,0,-2,0,61,64,163,160,88,295.38,47,-40,-17,-994,evil_twin,evil_twin
1684001029,-1,-100,-100,-100,-2,0,95,0,-2,0,61,64,165,160,88,295.35,47,-24,-13,-1001,evil_twin,evil_twin
1684001029,-1,-100,-100,-100,-2,0,95,0,-2,0,61,63,165,160,88,295.37,47,-23,-20,-994,evil_twin,evil_twin
1684001029,-1,-100,-100,-100,-1,0,95,0,-2,0,61,63,165,160,88,295.38,47,-34,-25,-1001,evil_twin,evil_twin
1684001029,-1,-100,-100,-100,-2,0,95,0,-2,0,61,63,164,160,88,295.4,47,-29,-20,-1001,evil_twin,evil_twin
1684001029,-1,-100,-100,-100,-2,0,95,0,-2,0,61,63,165,160,88,295.42,47,-21,-24,-997,evil_twin,evil_twin
1684001029,-1,-100,-100,-100,-2,0,95,0,-2,0,61,63,164,160,88,295.4,47,-23,-17,-1001,evil_twin,evil_twin
1684001029,-1,-100,-100,-100,-2,0,95,0,-2,0,61,63,165,160,88,295.44,47,-30,-14,-998,evil_twin,evil_twin
1684001029,-1,-100,-100,-100,-2,0,95,0,-1,0,61,63,164,160,88,295.4,47,-56,-11,-990,evil_twin,evil_twin
1684001030,-1,-100,-100,-100,-2,0,95,0,-1,0,61,63,164,160,88,295.4,47,-56,-11,-990,evil_twin,evil_twin
1684001030,-1,-100,-100,-100,-2,0,95,0,-1,0,61,63,165,160,88,295.27,48,-26,-10,-999,evil_twin,evil_twin
1684001030,-1,-100,-100,-100,-2,0,95,0,-1,0,61,63,164,160,88,295.32,48,-33,0,-997,evil_twin,evil_twin
1684001030,-1,-100,-100,-100,-2,0,95,0,-1,0,61,63,165,160,88,295.31,48,-24,-14,-990,evil_twin,evil_twin
1684001030,-1,-100,-100,-100,-2,0,95,0,-1,0,61,64,166,160,88,295.37,48,-15,-8,-996,evil_twin,evil_twin
1684001030,-1,-100,-100,-100,-2,0,95,0,-2,0,61,64,165,160,88,295.42,48,-2,-3,-997,evil_twin,evil_twin
1684001030,-1,-100,-100,-100,-2,0,95,0,-2,0,61,64,164,160,88,295.43,48,-23,-9,-993,evil_twin,evil_twin
1684001030,-1,-100,-100,-100,-1,0,95,0,-2,0,61,64,165,160,88,295.37,48,1,-9,-964,evil_twin,evil_twin
1684001030,-1,-100,-100,-100,3,0,95,0,-1,0,61,64,164,160,88,295.35,48,-43,-12,-1022,evil_twin,evil_twin
1684001031,-1,-100,-100,-100,1,0,95,0,0,0,61,64,165,160,88,295.46,48,-23,-7,-996,evil_twin,evil_twin
1684001031,-1,-100,-100,-100,0,0,95,0,0,0,61,64,163,160,88,295.36,49,-13,-4,-1002,evil_twin,evil_twin
1684001031,-1,-100,-100,-100,1,0,95,0,0,0,61,64,164,160,88,295.38,49,0,-2,-989,evil_twin,evil_twin
1684001031,-1,-100,-100,-100,5,0,95,0,0,0,61,64,163,160,88,295.44,49,-16,-12,-1015,evil_twin,evil_twin
1684001031,-1,-100,-100,-100,5,0,95,0,2,0,61,64,164,160,88,295.4,49,12,-8,-1026,evil_twin,evil_twin
1684001031,-1,-100,-100,-100,3,0,95,0,2,0,61,64,162,160,88,295.39,49,-3,-12,-1005,evil_twin,evil_twin
1684001031,-1,-100,-100,-100,-1,-1,95,0,3,0,61,64,162,160,88,295.42,49,19,0,-987,evil_twin,evil_twin
1684001031,-1,-100,-100,-100,-1,-1,95,0,3,0,61,64,161,160,88,295.44,49,16,9,-1000,evil_twin,evil_twin
1684001031,-1,-100,-100,-100,-1,-2,95,0,3,0,61,64,161,160,88,295.47,49,10,10,-1010,evil_twin,evil_twin
1684001032,-1,-100,-100,-100,-1,-2,95,0,3,0,61,64,161,160,88,295.47,49,10,10,-1010,evil_twin,evil_twin
1684001032,-1,-100,-100,-100,-1,-2,95,0,3,0,61,64,160,160,88,295.45,50,-12,2,-996,evil_twin,evil_twin
1684001032,-1,-100,-100,-100,-2,-2,95,0,2,0,61,64,160,160,88,295.48,50,-5,15,-995,evil_twin,evil_twin
1684001032,-1,-100,-100,-100,-3,-3,95,-1,2,0,61,63,159,160,88,295.38,50,-4,14,-1000,evil_twin,evil_twin
1684001032,-1,-100,-100,-100,-4,-3,95,-1,1,0,61,63,160,160,88,295.33,50,-4,13,-1017,evil_twin,evil_twin
1684001032,-1,-100,-100,-100,-3,-3,95,-1,0,0,61,63,159,160,88,295.42,50,-9,10,-997,evil_twin,evil_twin
1684001032,-1,-100,-100,-100,-2,-2,95,-1,0,0,61,63,158,160,88,295.37,50,9,7,-1000,evil_twin,evil_twin
1684001032,-1,-100,-100,-100,-1,1,95,-1,0,0,61,63,158,160,88,295.39,50,0,12,-1009,evil_twin,evil_twin
1684001032,-1,-100,-100,-100,-1,3,95,0,0,0,61,63,158,160,88,295.48,50,2,-19,-1040,evil_twin,evil_twin
1684001033,-1,-100,-100,-100,-1,1,95,0,0,0,61,63,158,160,88,295.51,50,7,24,-968,evil_twin,evil_twin
1684001033,-1,-100,-100,-100,-1,0,95,0,0,0,61,63,158,160,88,295.46,51,0,10,-1020,evil_twin,evil_twin
1684001033,-1,-100,-100,-100,-1,0,91,0,0,0,61,63,159,160,88,295.34,51,-3,-1,-1002,evil_twin,evil_twin
1684001033,-1,-100,-100,-100,-1,0,85,0,0,0,61,63,160,160,88,295.41,51,-40,36,-1017,evil_twin,evil_twin
1684001033,-1,-100,-100,-100,-1,0,79,0,0,0,61,64,159,160,88,295.33,51,0,-2,-989,evil_twin,evil_twin
1684001033,-1,-100,-100,-100,-1,0,73,0,0,0,61,64,160,160,88,295.37,51,-18,6,-988,evil_twin,evil_twin
1684001033,-1,-100,-100,-100,-1,0,67,0,0,0,61,64,160,160,88,295.42,51,-10,0,-998,evil_twin,evil_twin
1684001033,-1,-100,-100,-100,-1,0,61,0,0,0,61,64,160,160,88,295.37,51,-3,3,-996,evil_twin,evil_twin
1684001033,-1,-100,-100,-100,-1,0,55,0,0,0,61,64,160,160,88,295.37,51,-2,8,-1006,evil_twin,evil_twin
1684001033,-1,-100,-100,-100,-1,0,49,0,0,0,61,64,160,160,88,295.4,51,0,5,-999,evil_twin,evil_twin
1684001033,-1,-100,-100,-100,-1,0,43,0,0,0,61,64,161,160,88,295.34,51,-3,1,-1002,evil_twin,evil_twin
1684001034,-1,-100,-100,-100,-1,0,43,0,0,0,61,64,161,160,88,295.34,51,-3,1,-1002,evil_twin,evil_twin
1684001034,-1,-100,-100,-100,-1,0,37,0,0,0,61,64,160,160,88,295.41,52,-10,2,-995,evil_twin,evil_twin
1684001034,-1,-100,-100,-100,-1,0,31,0,0,0,61,64,160,160,88,295.43,52,-5,-1,-988,evil_twin,evil_twin
1684001034,-1,-100,-100,-100,-2,0,25,0,0,0,61,64,160,160,88,295.33,52,-4,-1,-1002,evil_twin,evil_twin
1684001034,-1,-100,-100,-100,-2,0,20,0,0,0,61,64,160,160,87,295.33,52,-12,0,-995,evil_twin,evil_twin
1684001034,-1,-100,-100,-100,-1,0,16,0,0,0,61,64,160,160,87,295.34,52,-2,-9,-1014,evil_twin,evil_twin
1684001034,-1,-100,-100,-100,-1,0,13,0,0,0,61,64,160,160,87,295.4,52,-9,-12,-1001,evil_twin,evil_twin
1684001034,-1,-100,-100,-100,-1,0,11,0,0,0,61,64,160,160,87,295.38,52,-7,-2,-998,evil_twin,evil_twin
1684001034,-1,-100,-100,-100,-1,0,9,0,0,0,61,64,160,160,87,295.37,52,-8,-9,-992,evil_twin,evil_twin
1684001034,-1,-100,-100,-100,-1,1,8,0,0,0,61,64,160,160,87,295.44,52,7,-1,-1004,evil_twin,evil_twin
1684001034,-1,-100,-100,-100,-1,1,7,0,0,0,61,64,159,160,87,295.39,52,0,-19,-1002,evil_twin,evil_twin
1684001035,-1,-100,-100,-100,-1,1,7,0,0,0,61,64,159,160,87,295.39,52,0,-19,-1002,evil_twin,evil_twin
1684001035,-1,-100,-100,-100,-1,1,6,0,0,0,61,64,159,160,87,295.43,53,-6,-18,-1001,evil_twin,evil_twin
1684001035,-1,-100,-100,-100,-1,1,6,0,0,0,61,64,159,160,87,295.43,53,0,-11,-1008,evil_twin,evil_twin
1684001035,-1,-100,-100,-100,-1,2,5,0,0,0,61,64,160,160,87,295.37,53,-3,-18,-1012,evil_twin,evil_twin
1684001035,-1,-100,-100,-100,0,7,5,0,0,0,62,64,159,160,87,295.43,53,-5,-16,-986,evil_twin,evil_twin
1684001035,-1,-100,-100,-100,0,7,4,0,-1,0,62,64,159,160,87,295.45,53,5,-26,-1005,evil_twin,evil_twin
1684001035,-1,-100,-100,-100,-1,5,4,0,-2,0,62,64,159,160,87,295.5,53,0,-35,-1005,evil_twin,evil_twin
1684001035,-1,-100,-100,-100,-1,3,4,0,-3,0,62,64,160,160,87,295.36,53,5,-30,-1010,evil_twin,evil_twin
1684001035,-1,-100,-100,-100,0,1,3,0,-3,0,62,64,159,160,87,295.35,53,16,-38,-1013,evil_twin,evil_twin
1684001035,-1,-100,-100,-100,0,0,3,0,-3,0,62,64,159,160,87,295.38,53,2,-42,-993,evil_twin,evil_twin
1684001035,-1,-100,-100,-100,0,0,3,0,-2,0,62,64,161,160,87,295.38,53,14,-35,-999,evil_twin,evil_twin
1684001036,-1,-100,-100,-100,0,0,3,0,-2,0,62,64,161,160,87,295.38,53,14,-35,-999,evil_twin,evil_twin
1684001036,-1,-100,-100,-100,0,1,4,0,-2,0,62,64,160,160,87,295.31,54,0,-29,-990,evil_twin,evil_twin
1684001036,-1,-100,-100,-100,0,1,4,0,-2,0,62,64,161,160,87,295.4,54,4,-26,-988,evil_twin,evil_twin
1684001036,-1,-100,-100,-100,0,1,4,0,-2,0,62,64,161,160,87,295.38,54,1,-22,-1005,evil_twin,evil_twin
1684001036,-1,-100,-100,-100,0,1,4,0,-2,0,61,65,161,160,87,295.4,54,-1,-38,-985,evil_twin,evil_twin
1684001036,-1,-100,-100,-100,0,1,4,0,-2,0,61,65,161,160,87,295.37,54,8,-29,-1003,evil_twin,evil_twin
1684001036,-1,-100,-100,-100,0,1,4,0,-2,0,61,65,161,160,87,295.38,54,0,-26,-990,evil_twin,evil_twin
1684001036,-1,-100,-100,-100,0,0,4,0,-2,0,61,65,162,160,87,295.44,54,-3,-29,-991,evil_twin,evil_twin
1684001036,-1,-100,-100,-100,0,0,4,0,-2,0,61,65,161,160,87,295.37,54,11,-20,-1002,evil_twin,evil_twin
1684001036,-1,-100,-100,-100,0,0,4,0,-2,0,61,65,162,160,87,295.41,54,1,-16,-1009,evil_twin,evil_twin
1684001036,-1,-100,-100,-100,-2,-2,4,0,-1,0,61,65,162,160,87,295.42,54,1,-20,-1007,evil_twin,evil_twin
1684001037,-1,-100,-100,-100,-2,-2,4,0,-1,0,61,65,162,160,87,295.42,54,1,-20,-1007,evil_twin,evil_twin
1684001037,-1,-100,-100,-100,-4,-3,4,0,-1,0,61,65,162,160,87,295.34,55,-5,-6,-998,evil_twin,evil_twin
1684001037,-1,-100,-100,-100,-4,-1,4,-1,0,0,61,65,162,160,87,295.35,55,-19,-10,-1005,evil_twin,evil_twin
1684001037,-1,-100,-100,-100,-3,0,4,-1,0,0,61,65,161,160,87,295.49,55,-4,-17,-968,evil_twin,evil_twin
1684001037,-1,-100,-100,-100,2,0,4,-1,0,0,62,64,162,160,87,295.41,55,-30,-13,-1017,evil_twin,evil_twin
1684001037,-1,-100,-100,-100,2,0,4,0,0,0,62,64,161,160,87,295.42,55,-10,-17,-994,evil_twin,evil_twin
1684001037,-1,-100,-100,-100,0,0,4,0,0,0,62,64,161,160,87,295.38,55,16,-7,-1004,evil_twin,evil_twin
1684001037,-1,-100,-100,-100,0,0,4,0,0,0,62,64,161,160,87,295.39,55,-1,-13,-997,evil_twin,evil_twin
1684001037,-1,-100,-100,-100,0,0,4,0,0,0,62,64,161,160,87,295.46,55,0,-8,-1001,evil_twin,evil_twin
1684001037,-1,-100,-100,-100,0,0,4,0,0,0,62,64,161,160,87,295.4,55,21,4,-974,evil_twin,evil_twin
1684001038,-1,-100,-100,-100,0,0,4,0,0,0,62,64,161,160,87,295.4,55,21,4,-974,evil_twin,evil_twin
1684001038,-1,-100,-100,-100,0,-2,4,0,0,0,62,64,162,160,87,295.48,55,2,-21,-1011,evil_twin,evil_twin
1684001038,-1,-100,-100,-100,0,-6,4,0,0,0,62,64,161,160,87,295.38,56,-19,-5,-1030,evil_twin,evil_twin
1684001038,-1,-100,-100,-100,0,-5,4,0,2,0,62,64,161,160,87,295.39,56,1,0,-992,evil_twin,evil_twin
1684001038,-1,-100,-100,-100,0,-3,4,0,2,0,62,64,160,160,87,295.38,56,-3,10,-1013,evil_twin,evil_twin
1684001038,-1,-100,-100,-100,-1,-1,4,0,3,0,62,64,160,160,87,295.37,56,12,6,-1000,evil_twin,evil_twin
1684001038,-1,-100,-100,-100,-1,0,4,0,3,0,62,64,158,160,87,295.42,56,6,0,-983,evil_twin,evil_twin
1684001038,-1,-100,-100,-100,-1,0,4,0,2,0,62,64,158,160,87,295.37,56,17,2,-1006,evil_twin,evil_twin
1684001038,-1,-100,-100,-100,-1,0,4,0,2,0,62,64,158,160,87,295.35,56,7,-3,-1004,evil_twin,evil_twin
1684001038,-1,-100,-100,-100,-1,0,4,0,2,0,62,64,158,160,87,295.36,56,22,-2,-1002,evil_twin,evil_twin
1684001038,-1,-100,-100,-100,-1,0,4,0,2,0,62,64,158,160,87,295.36,56,-8,9,-1015,evil_twin,evil_twin
1684001038,-1,-100,-100,-100,-1,0,4,0,2,0,62,64,158,160,87,295.4,56,-4,1,-1005,evil_twin,evil_twin
1684001039,-1,-100,-100,-100,-1,0,4,0,2,0,62,64,158,160,87,295.4,56,-4,1,-1005,evil_twin,evil_twin
1684001039,-1,-100,-100,-100,-1,0,4,0,2,0,62,64,158,160,87,295.39,57,-15,8,-1015,evil_twin,evil_twin
1684001039,-1,-100,-100,-100,-1,0,4,0,2,0,62,64,157,160,87,295.38,57,4,15,-1015,evil_twin,evil_twin
1684001039,-1,-100,-100,-100,-1,0,4,0,2,0,62,64,158,160,87,295.39,57,-10,-9,-983,evil_twin,evil_twin
1684001039,-1,-100,-100,-100,-1,0,4,-1,2,0,62,64,158,160,87,295.35,57,-7,-4,-998,evil_twin,evil_twin
1684001039,-1,-100,-100,-100,-1,0,4,-1,2,0,62,64,157,160,87,295.36,57,-2,1,-1008,evil_twin,evil_twin
1684001039,-1,-100,-100,-100,-1,0,4,-1,2,0,62,64,158,160,87,295.36,57,4,0,-1013,evil_twin,evil_twin
1684001039,-1,-100,-100,-100,0,0,4,-1,2,0,62,64,157,160,87,295.36,57,-25,-9,-1003,evil_twin,evil_twin
1684001039,-1,-100,-100,-100,2,0,4,0,2,0,62,64,158,160,87,295.46,57,11,9,-1019,evil_twin,evil_twin
1684001039,-1,-100,-100,-100,0,5,4,0,1,0,62,64,157,160,87,295.34,57,4,-5,-981,evil_twin,evil_twin
1684001039,-1,-100,-100,-100,0,3,4,0,0,0,62,64,157,160,87,295.33,57,-3,-10,-1004,evil_twin,evil_twin
1684001040,-1,-100,-100,-100,0,3,4,0,0,0,62,64,157,160,87,295.33,57,-3,-10,-1004,evil_twin,evil_twin
1684001040,-1,-100,-100,-100,0,2,4,0,0,0,62,64,157,160,87,295.4,58,-9,-11,-1019,evil_twin,evil_twin
1684001040,-1,-100,-100,-100,-2,1,4,0,0,0,62,64,157,160,87,295.38,58,16,-18,-1009,evil_twin,evil_twin
1684001040,-1,-100,-100,-100,-7,0,4,0,0,0,62,64,158,160,87,295.39,58,1,-15,-1018,evil_twin,evil_twin
1684001040,-1,-100,-100,-100,-4,0,4,-2,0,0,62,64,158,160,87,295.38,58,-22,-3,-1021,evil_twin,evil_twin
1684001040,-1,-100,-100,-100,-3,0,4,-3,0,0,62,64,158,160,87,295.33,58,-18,-12,-1031,evil_twin,evil_twin
1684001040,-1,-100,-100,-100,-1,0,4,-3,0,0,62,64,157,160,87,295.28,58,-43,1,-1019,evil_twin,evil_twin
1684001040,-1,-100,-100,-100,0,0,4,-2,0,0,62,64,157,160,87,295.34,58,-42,-2,-1006,evil_twin,evil_twin
1684001040,-1,-100,-100,-100,0,0,4,-2,0,0,62,64,158,160,87,295.39,58,-7,-20,-1007,evil_twin,evil_twin
1684001040,-1,-100,-100,-100,-1,0,4,-2,0,0,62,64,158,160,87,295.32,58,-41,-3,-1002,evil_twin,evil_twin
1684001041,-1,-100,-100,-100,-1,0,4,-2,0,0,62,64,158,160,87,295.32,58,-41,-3,-1002,evil_twin,evil_twin
1684001041,-1,-100,-100,-100,-1,0,4,-2,0,0,62,64,159,160,87,295.38,59,-24,-20,-983,evil_twin,evil_twin
1684001041,-1,-100,-100,-100,-1,0,4,-2,0,0,62,64,159,160,87,295.31,59,-13,-10,-986,evil_twin,evil_twin
1684001041,-1,-100,-100,-100,-1,0,3,-2,0,0,62,64,159,160,87,295.42,59,-19,-11,-987,evil_twin,evil_twin
1684001041,-1,-100,-100,-100,-1,0,3,-2,0,0,62,64,159,160,87,295.37,59,-8,-15,-982,evil_twin,evil_twin
1684001041,-1,-100,-100,-100,-1,0,3,-2,0,0,61,64,159,160,86,295.46,59,-36,-13,-988,evil_twin,evil_twin
1684001041,-1,-100,-100,-100,-1,0,3,-2,0,0,61,64,159,160,86,295.41,59,-1,-7,-995,evil_twin,evil_twin
1684001041,-1,-100,-100,-100,-1,0,3,-2,0,0,61,64,159,160,86,295.5,59,-30,-13,-1002,evil_twin,evil_twin
1684001041,-1,-100,-100,-100,-1,0,3,-2,0,0,61,64,159,160,86,295.41,59,-5,-20,-991,evil_twin,evil_twin
1684001041,-1,-100,-100,-100,-1,-1,3,-1,0,0,61,64,160,160,86,295.42,59,-35,-13,-989,evil_twin,evil_twin
1684001041,-1,-100,-100,-100,-1,-2,3,-1,0,0,61,64,160,160,86,295.41,59,-29,-19,-996,evil_twin,evil_twin
1684001041,-1,-100,-100,-100,-1,-2,3,-1,0,0,61,64,160,160,86,295.43,60,-41,-18,-1012,evil_twin,evil_twin
1684001042,-1,-100,-100,-100,-1,-2,3,-1,0,0,61,64,160,160,86,295.43,60,-41,-18,-1012,evil_twin,evil_twin
1684001042,-1,-100,-100,-100,-1,-1,3,-1,0,0,61,64,160,160,86,295.35,60,-24,-9,-1011,evil_twin,evil_twin
1684001042,-1,-100,-100,-100,-1,-1,3,-1,0,0,61,64,160,160,86,295.43,60,-13,-7,-1012,evil_twin,evil_twin
1684001042,-1,-100,-100,-100,-1,-1,3,-1,0,0,61,64,162,160,86,295.37,60,-25,-4,-995,evil_twin,evil_twin
1684001042,-1,-100,-100,-100,-1,-1,3,-1,1,0,62,65,162,160,86,295.4,60,1,-2,-997,evil_twin,evil_twin
1684001042,-1,-100,-100,-100,0,0,3,-1,1,0,62,65,162,160,86,295.42,60,-24,-9,-1006,evil_twin,evil_twin
1684001042,-1,-100,-100,-100,2,3,4,0,0,0,62,65,162,160,86,295.43,60,-16,-1,-982,evil_twin,evil_twin
1684001042,-1,-100,-100,-100,0,1,4,0,0,0,62,65,162,160,86,295.39,60,4,-1,-998,evil_twin,evil_twin
1684001042,-1,-100,-100,-100,0,0,4,0,0,0,62,65,163,160,86,295.46,60,-1,-17,-974,evil_twin,evil_twin
1684001042,-1,-100,-100,-100,0,0,4,0,0,0,62,65,162,160,86,295.45,60,19,-11,-975,evil_twin,evil_twin
1684001043,-1,-100,-100,-100,0,0,4,0,0,0,62,65,162,160,86,295.45,60,19,-11,-975,evil_twin,evil_twin
1684001043,-1,-100,-100,-100,5,0,4,0,0,0,62,65,164,160,86,295.43,61,1,-4,-1045,evil_twin,evil_twin
1684001043,-1,-100,-100,-100,7,0,4,1,0,0,62,65,164,160,86,295.52,61,0,-2,-1001,evil_twin,evil_twin
1684001043,-1,-100,-100,-100,4,0,4,2,0,0,62,65,165,160,86,295.58,61,10,-11,-997,evil_twin,evil_twin
1684001043,-1,-100,-100,-100,1,0,3,3,0,0,62,65,163,160,86,295.49,61,16,-14,-987,evil_twin,evil_twin
1684001043,-1,-100,-100,-100,0,0,3,3,0,0,62,65,163,160,86,295.45,61,7,-4,-998,evil_twin,evil_twin
1684001043,-1,-100,-100,-100,-1,0,3,3,0,0,62,65,163,160,86,295.51,61,24,-23,-985,evil_twin,evil_twin
1684001043,-1,-100,-100,-100,-1,0,3,3,0,0,62,65,162,160,86,295.47,61,8,-6,-994,evil_twin,evil_twin
1684001043,-1,-100,-100,-100,-1,-1,3,2,0,0,62,65,162,160,86,295.44,61,0,-15,-996,evil_twin,evil_twin
1684001043,-1,-100,-100,-100,0,-1,3,2,0,0,62,65,162,160,86,295.49,61,18,-6,-998,evil_twin,evil_twin
1684001043,-1,-100,-100,-100,0,-1,3,2,0,0,62,65,160,160,86,295.52,61,13,-1,-1007,evil_twin,evil_twin
1684001044,-1,-100,-100,-100,0,-1,3,2,0,0,62,65,160,160,86,295.52,61,13,-1,-1007,evil_twin,evil_twin
1684001044,-1,-100,-100,-100,0,-1,3,2,0,0,62,65,160,160,86,295.51,62,15,-7,-1000,evil_twin,evil_twin
1684001044,-1,-100,-100,-100,0,0,3,2,0,0,62,65,159,160,86,295.49,62,14,-9,-1024,evil_twin,evil_twin
1684001044,-1,-100,-100,-100,-1,2,3,2,0,0,62,65,160,160,86,295.43,62,24,1,-1003,evil_twin,evil_twin
1684001044,-1,-100,-100,-100,-4,1,3,1,0,0,62,65,160,160,86,295.42,62,15,-15,-994,evil_twin,evil_twin
1684001044,-1,-100,-100,-100,-3,0,3,0,0,0,62,65,158,160,86,295.45,62,2,-14,-1005,evil_twin,evil_twin
1684001044,-1,-100,-100,-100,-1,0,3,0,0,0,62,65,159,160,86,295.46,62,-7,-9,-1005,evil_twin,evil_twin
1684001044,-1,-100,-100,-100,-1,0,3,0,0,0,62,65,159,160,86,295.46,62,6,-18,-1007,evil_twin,evil_twin
1684001044,-1,-100,-100,-100,0,0,3,0,0,0,62,65,158,160,86,295.41,62,3,-9,-1009,evil_twin,evil_twin
1684001044,-1,-100,-100,-100,0,0,-1,0,0,0,62,65,158,160,86,295.47,62,3,-13,-994,evil_twin,evil_twin
1684001044,-1,-100,-100,-100,0,0,-7,0,0,0,62,65,159,160,86,295.38,62,7,-14,-984,evil_twin,evil_twin
1684001045,-1,-100,-100,-100,0,0,-7,0,0,0,62,65,159,160,86,295.38,62,7,-14,-984,evil_twin,evil_twin
1684001045,-1,-100,-100,-100,0,0,-13,0,0,0,62,65,159,160,86,295.4,63,-4,-13,-983,evil_twin,evil_twin
1684001045,-1,-100,-100,-100,0,0,-20,0,0,0,62,65,159,160,86,295.39,63,19,-7,-1008,evil_twin,evil_twin
1684001045,-1,-100,-100,-100,0,0,-26,0,0,0,62,65,160,160,86,295.44,63,31,-9,-1007,evil_twin,evil_twin
1684001045,-1,-100,-100,-100,0,0,-32,0,0,0,62,65,159,160,86,295.38,63,5,-10,-990,evil_twin,evil_twin
1684001045,-1,-100,-100,-100,0,0,-38,0,0,0,62,65,160,160,86,295.47,63,1,-9,-994,evil_twin,evil_twin
1684001045,-1,-100,-100,-100,0,0,-44,0,0,0,62,65,160,160,86,295.42,63,19,-3,-996,evil_twin,evil_twin
1684001045,-1,-100,-100,-100,0,0,-50,0,0,0,62,65,159,160,86,295.46,63,12,-1,-997,evil_twin,evil_twin
1684001045,-1,-100,-100,-100,0,0,-56,0,0,0,62,65,159,160,86,295.46,63,13,-4,-1001,evil_twin,evil_twin
1684001045,-1,-100,-100,-100,0,0,-62,0,0,0,62,65,159,160,86,295.46,63,15,2,-998,evil_twin,evil_twin
1684001045,-1,-100,-100,-100,0,0,-68,0,0,0,62,65,160,160,86,295.47,63,19,5,-1007,evil_twin,evil_twin
1684001046,-1,-100,-100,-100,0,0,-68,0,0,0,62,65,160,160,86,295.47,63,19,5,-1007,evil_twin,evil_twin
1684001046,-1,-100,-100,-100,0,0,-72,0,0,0,62,65,159,160,86,295.53,64,4,1,-999,evil_twin,evil_twin
1684001046,-1,-100,-100,-100,0,0,-75,0,0,0,62,65,159,160,86,295.44,64,10,-5,-1009,evil_twin,evil_twin
1684001046,-1,-100,-100,-100,0,0,-78,0,0,0,62,65,159,160,86,295.38,64,5,-2,-1012,evil_twin,evil_twin
1684001046,-1,-100,-100,-100,0,0,-80,0,0,0,62,65,161,160,86,295.39,64,17,8,-1011,evil_twin,evil_twin
1684001046,-1,-100,-100,-100,0,0,-81,0,0,0,62,65,161,160,86,295.47,64,9,-2,-997,evil_twin,evil_twin
1684001046,-1,-100,-100,-100,0,0,-82,0,0,0,62,65,160,160,86,295.45,64,8,3,-1003,evil_twin,evil_twin
1684001046,-1,-100,-100,-100,0,0,-83,0,0,0,62,65,160,160,86,295.39,64,21,3,-1004,evil_twin,evil_twin
1684001046,-1,-100,-100,-100,0,0,-84,0,0,0,62,65,160,160,86,295.38,64,0,0,-1009,evil_twin,evil_twin
1684001046,-1,-100,-100,-100,0,0,-84,0,0,0,62,65,159,160,86,295.33,64,1,-2,-988,evil_twin,evil_twin
1684001046,-1,-100,-100,-100,0,2,-84,0,0,0,62,65,160,160,86,295.41,64,2,-6,-1016,evil_twin,evil_twin
1684001047,-1,-100,-100,-100,0,2,-84,0,0,0,62,65,160,160,86,295.41,64,2,-6,-1016,evil_twin,evil_twin
1684001047,-1,-100,-100,-100,0,7,-84,0,0,0,62,65,161,160,86,295.45,65,0,-9,-976,evil_twin,evil_twin
1684001047,-1,-100,-100,-100,0,7,-84,-1,0,0,62,65,161,160,86,295.39,65,4,-17,-991,evil_twin,evil_twin
1684001047,-1,-100,-100,-100,0,4,-84,-2,0,0,62,65,160,160,86,295.52,65,-7,-23,-986,evil_twin,evil_twin
1684001047,-1,-100,-100,-100,0,2,-84,-3,0,0,62,65,160,160,86,295.52,65,-4,-25,-990,evil_twin,evil_twin
1684001047,-1,-100,-100,-100,0,0,-84,-3,0,0,62,65,160,160,86,295.45,65,0,-31,-1008,evil_twin,evil_twin
1684001047,-1,-100,-100,-100,0,0,-84,-3,0,0,62,65,160,160,86,295.46,65,7,-23,-1022,evil_twin,evil_twin
1684001047,-1,-100,-100,-100,0,0,-84,-2,0,0,62,65,160,160,86,295.44,65,-5,-25,-1005,evil_twin,evil_twin
1684001047,-1,-100,-100,-100,0,0,-84,-2,0,0,62,65,161,160,86,295.44,65,7,-21,-997,evil_twin,evil_twin
1684001047,-1,-100,-100,-100,0,1,-84,-2,0,0,62,65,160,160,86,295.46,65,8,-18,-999,evil_twin,evil_twin
1684001048,-1,-100,-100,-100,0,1,-84,-2,0,0,62,65,160,160,86,295.46,65,8,-18,-999,evil_twin,evil_twin
1684001048,-1,-100,-100,-100,0,1,-84,-2,0,0,62,65,160,160,86,295.42,66,-11,-26,-997,evil_twin,evil_twin
1684001048,-1,-100,-100,-100,0,0,-84,-2,0,0,62,65,160,160,86,295.49,66,-2,-14,-996,evil_twin,evil_twin
1684001048,-1,-100,-100,-100,0,0,-84,-2,0,0,62,65,160,160,86,295.42,66,19,-11,-991,evil_twin,evil_twin
1684001048,-1,-100,-100,-100,0,0,-84,-2,0,0,62,65,161,160,86,295.44,66,22,-11,-991,evil_twin,evil_twin
1684001048,-1,-100,-100,-100,0,0,-84,-2,0,0,62,64,160,160,85,295.46,66,16,-9,-1001,evil_twin,evil_twin
1684001048,-1,-100,-100,-100,0,0,-84,-2,0,0,62,64,159,160,85,295.43,66,0,-14,-1003,evil_twin,evil_twin
1684001048,-1,-100,-100,-100,0,-2,-84,-2,0,0,62,64,159,160,85,295.47,66,-5,0,-983,evil_twin,evil_twin
1684001048,-1,-100,-100,-100,0,-4,-84,-1,0,0,62,64,160,160,85,295.43,66,5,-15,-1019,evil_twin,evil_twin
1684001048,-1,-100,-100,-100,0,-2,-84,0,0,0,62,64,160,160,85,295.41,66,12,1,-999,evil_twin,evil_twin
1684001048,-1,-100,-100,-100,0,0,-84,0,0,0,62,64,159,160,85,295.46,66,8,-1,-1016,evil_twin,evil_twin
1684001049,-1,-100,-100,-100,0,0,-84,0,0,0,62,64,159,160,85,295.46,66,8,-1,-1016,evil_twin,evil_twin
1684001049,-1,-100,-100,-100,0,0,-84,0,0,0,62,64,159,160,85,295.44,67,-1,-3,-995,evil_twin,evil_twin
1684001049,-1,-100,-100,-100,0,0,-84,0,0,0,62,64,158,160,85,295.44,67,11,0,-1013,evil_twin,evil_twin
1684001049,-1,-100,-100,-100,0,0,-84,0,0,0,62,64,159,160,85,295.45,67,30,2,-996,evil_twin,evil_twin
1684001049,-1,-100,-100,-100,0,-5,-84,0,0,0,62,64,161,160,85,295.38,67,14,-14,-992,evil_twin,evil_twin
1684001049,-1,-100,-100,-100,0,-7,-84,1,0,0,62,65,161,160,85,295.42,67,-6,14,-1049,evil_twin,evil_twin
1684001049,-1,-100,-100,-100,0,-5,-84,2,0,0,62,65,159,160,85,295.35,67,1,25,-1044,evil_twin,evil_twin
1684001049,-1,-100,-100,-100,0,-3,-84,3,0,0,62,65,159,160,85,295.36,67,-7,25,-1006,evil_twin,evil_twin
1684001049,-1,-100,-100,-100,0,-1,-84,3,0,0,62,65,159,160,85,295.48,67,23,28,-999,evil_twin,evil_twin
1684001049,-1,-100,-100,-100,0,0,-84,3,0,0,62,65,158,160,85,295.48,67,9,21,-997,evil_twin,evil_twin
1684001049,-1,-100,-100,-100,1,0,-84,2,0,0,62,65,158,160,85,295.44,67,18,13,-984,evil_twin,evil_twin
1684001050,-1,-100,-100,-100,1,0,-84,2,0,0,62,65,158,160,85,295.44,67,18,13,-984,evil_twin,evil_twin
1684001050,-1,-100,-100,-100,0,0,-84,2,0,0,62,65,158,160,85,295.47,68,9,9,-1000,evil_twin,evil_twin
1684001050,-1,-100,-100,-100,0,0,-84,2,0,0,62,65,158,160,85,295.52,68,30,19,-1018,evil_twin,evil_twin
1684001050,-1,-100,-100,-100,0,0,-84,2,0,0,62,65,158,160,85,295.46,68,8,15,-997,evil_twin,evil_twin
1684001050,-1,-100,-100,-100,-1,0,-84,2,0,0,62,65,158,160,85,295.48,68,6,14,-1001,evil_twin,evil_twin
1684001050,-1,-100,-100,-100,-1,0,-84,2,0,0,62,65,158,160,85,295.43,68,7,12,-1007,evil_twin,evil_twin
1684001050,-1,-100,-100,-100,-1,0,-84,2,0,0,62,65,158,160,85,295.49,68,14,13,-1005,evil_twin,evil_twin
1684001050,-1,-100,-100,-100,0,0,-84,2,0,0,62,65,158,160,85,295.47,68,5,6,-1005,evil_twin,evil_twin
1684001050,-1,-100,-100,-100,2,0,-84,2,0,0,62,65,158,160,85,295.49,68,-3,3,-1015,evil_twin,evil_twin
1684001050,-1,-100,-100,-100,0,2,-84,2,0,0,62,65,157,160,85,295.49,68,5,-2,-1012,evil_twin,evil_twin
1684001050,-1,-100,-100,-100,0,4,-84,1,0,0,62,65,158,160,85,295.46,68,6,14,-983,evil_twin,evil_twin
1684001051,-1,-100,-100,-100,0,4,-84,1,0,0,62,65,158,160,85,295.46,68,6,14,-983,evil_twin,evil_twin
1684001051,-1,-100,-100,-100,-2,2,-84,0,0,0,62,65,158,160,85,295.47,69,-5,-5,-1006,evil_twin,evil_twin
1684001051,-1,-100,-100,-100,-4,1,-84,0,0,0,62,65,158,160,85,295.47,69,10,-9,-1007,evil_twin,evil_twin
1684001051,-1,-100,-100,-100,-2,0,-84,0,1,0,62,65,158,160,85,295.36,69,9,-21,-970,evil_twin,evil_twin
1684001051,-1,-100,-100,-100,3,1,-84,0,1,0,62,65,159,160,85,295.46,69,-8,-14,-1019,evil_twin,evil_twin
1684001051,-1,-100,-100,-100,2,1,-84,0,0,0,62,65,159,160,85,295.44,69,-23,-15,-1009,evil_twin,evil_twin
1684001051,-1,-100,-100,-100,-3,0,-84,0,0,0,62,65,159,160,85,295.54,69,-7,-6,-1014,evil_twin,evil_twin
1684001051,-1,-100,-100,-100,-7,0,-84,0,1,0,62,65,160,160,85,295.47,69,-11,-11,-1013,evil_twin,evil_twin
1684001051,-1,-100,-100,-100,-5,1,-84,0,2,0,62,65,160,160,85,295.46,69,22,-8,-1005,evil_twin,evil_twin
1684001051,-1,-100,-100,-100,-3,1,-84,0,3,0,62,65,160,160,85,295.44,69,9,-9,-1000,evil_twin,evil_twin
1684001051,-1,-100,-100,-100,-1,0,-84,0,3,0,62,65,160,160,85,295.46,69,-8,-12,-999,evil_twin,evil_twin
1684001052,-1,-100,-100,-100,-1,0,-84,0,3,0,62,65,160,160,85,295.46,69,-8,-12,-999,evil_twin,evil_twin
1684001052,-1,-100,-100,-100,0,0,-84,0,2,0,62,65,160,160,85,295.52,70,-16,-25,-977,evil_twin,evil_twin
1684001052,-1,-100,-100,-100,0,0,-84,0,2,0,62,65,160,160,85,295.37,70,-44,-6,-996,evil_twin,evil_twin
1684001052,-1,-100,-100,-100,-1,0,-84,0,2,0,62,65,160,160,85,295.43,70,-48,-10,-994,evil_twin,evil_twin
1684001052,-1,-100,-100,-100,-1,0,-84,0,1,0,62,65,159,160,85,295.37,70,-22,-3,-1007,evil_twin,evil_twin
1684001052,-1,-100,-100,-100,-2,0,-84,0,2,0,62,65,160,160,85,295.37,70,-27,-4,-1020,evil_twin,evil_twin
1684001052,-1,-100,-100,-100,-1,0,-84,0,2,0,62,65,159,160,85,295.4,70,-27,-12,-1002,evil_twin,evil_twin
1684001052,-1,-100,-100,-100,-1,0,-84,0,2,0,62,65,160,160,85,295.5,70,-20,0,-1010,evil_twin,evil_twin
1684001052,-1,-100,-100,-100,-1,0,-84,0,2,0,62,65,160,160,85,295.51,70,-16,-9,-992,evil_twin,evil_twin
1684001052,-1,-100,-100,-100,-1,0,-84,0,2,0,62,65,159,160,85,295.52,70,-24,-9,-980,evil_twin,evil_twin
1684001052,-1,-100,-100,-100,-1,0,-84,0,2,0,62,65,160,160,85,295.52,70,-26,-7,-1009,evil_twin,evil_twin
1684001053,-1,-100,-100,-100,-1,0,-84,0,2,0,62,65,160,160,85,295.52,70,-26,-7,-1009,evil_twin,evil_twin
1684001053,-1,-100,-100,-100,-1,0,-84,0,2,0,62,65,159,160,85,295.49,71,-25,-10,-1000,evil_twin,evil_twin
1684001053,-1,-100,-100,-100,-1,0,-84,0,2,0,62,65,160,160,85,295.43,71,-38,-12,-1001,evil_twin,evil_twin
1684001053,-1,-100,-100,-100,0,0,-84,0,2,0,62,65,160,160,85,295.42,71,-11,-13,-998,evil_twin,evil_twin
1684001053,-1,-100,-100,-100,0,0,-84,0,2,0,62,65,160,160,85,295.45,71,-38,-2,-998,evil_twin,evil_twin
1684001053,-1,-100,-100,-100,0,0,-84,0,1,0,62,66,159,160,85,295.49,71,-4,-11,-978,evil_twin,evil_twin
1684001053,-1,-100,-100,-100,2,0,-84,0,1,0,62,66,159,160,85,295.48,71,-35,-12,-1020,evil_twin,evil_twin
1684001053,-1,-100,-100,-100,2,0,-84,0,0,0,62,66,160,160,85,295.48,71,-11,-3,-1001,evil_twin,evil_twin
1684001053,-1,-100,-100,-100,0,0,-83,0,0,0,62,66,159,160,85,295.57,71,-2,-11,-985,evil_twin,evil_twin
1684001053,-1,-100,-100,-100,0,0,-83,0,0,0,62,66,159,160,85,295.5,71,-9,-26,-975,evil_twin,evil_twin
1684001053,-1,-100,-100,-100,5,1,-83,0,0,0,62,66,160,160,85,295.45,71,-7,-13,-1012,evil_twin,evil_twin
1684001054,-1,-100,-100,-100,5,1,-83,0,0,0,62,66,160,160,85,295.45,71,-7,-13,-1012,evil_twin,evil_twin
1684001054,-1,-100,-100,-100,6,1,-83,0,-1,0,62,66,160,160,85,295.48,72,2,-6,-1014,evil_twin,evil_twin
1684001054,-1,-100,-100,-100,4,1,-84,0,-2,0,62,66,159,160,85,295.48,72,28,-32,-979,evil_twin,evil_twin
1684001054,-1,-100,-100,-100,2,1,-84,0,-3,0,62,66,159,160,85,295.52,72,21,-25,-1000,evil_twin,evil_twin
1684001054,-1,-100,-100,-100,1,1,-84,0,-3,0,62,66,159,160,84,295.45,72,28,-36,-988,evil_twin,evil_twin
1684001054,-1,-100,-100,-100,0,1,-84,0,-3,0,62,65,159,160,84,295.41,72,33,-31,-1009,evil_twin,evil_twin
1684001054,-1,-100,-100,-100,0,1,-84,0,-2,0,62,65,158,160,84,295.46,72,29,-26,-1012,evil_twin,evil_twin
1684001054,-1,-100,-100,-100,0,1,-84,0,-2,0,62,65,159,160,84,295.45,72,17,-23,-1011,evil_twin,evil_twin
1684001054,-1,-100,-100,-100,0,1,-84,0,-2,0,62,65,160,160,84,295.43,72,23,-30,-999,evil_twin,evil_twin
1684001054,-1,-100,-100,-100,0,1,-84,0,-2,0,62,65,160,160,84,295.42,72,24,-22,-994,evil_twin,evil_twin
1684001054,-1,-100,-100,-100,0,1,-84,0,-3,0,62,65,159,160,84,295.41,72,25,-33,-977,evil_twin,evil_twin
1684001055,-1,-100,-100,-100,0,1,-84,0,-3,0,62,65,159,160,84,295.41,72,25,-33,-977,evil_twin,evil_twin
1684001055,-1,-100,-100,-100,0,1,-84,0,-3,0,62,65,160,160,84,295.48,73,8,-24,-989,evil_twin,evil_twin
1684001055,-1,-100,-100,-100,-1,1,-84,0,-2,0,62,65,161,160,84,295.5,73,8,-29,-1001,evil_twin,evil_twin
1684001055,-1,-100,-100,-100,-2,0,-84,0,-2,0,62,65,161,160,84,295.53,73,10,-24,-1020,evil_twin,evil_twin
1684001055,-1,-100,-100,-100,-4,0,-84,0,-1,0,62,65,161,160,84,295.52,73,17,-27,-985,evil_twin,evil_twin
1684001055,-1,-100,-100,-100,-3,0,-84,0,-1,0,62,65,162,160,84,295.51,73,8,-22,-992,evil_twin,evil_twin
1684001055,-1,-100,-100,-100,-2,0,-84,0,0,0,62,65,160,160,84,295.53,73,-11,-13,-989,evil_twin,evil_twin
1684001055,-1,-100,-100,-100,0,0,-84,0,0,0,62,65,161,160,84,295.5,73,-17,7,-1003,evil_twin,evil_twin
1684001055,-1,-100,-100,-100,0,0,-89,0,0,0,62,65,161,160,84,295.5,73,13,-22,-982,evil_twin,evil_twin
1684001055,-1,-100,-100,-100,0,0,-94,0,0,0,62,65,161,160,84,295.52,73,3,-13,-977,evil_twin,evil_twin
1684001056,-1,-100,-100,-100,0,0,-106,0,0,0,62,65,161,160,84,295.49,74,0,-20,-996,evil_twin,evil_twin
1684001056,-1,-100,-100,-100,0,0,-112,0,0,0,62,65,161,160,84,295.56,74,4,-10,-991,evil_twin,evil_twin
1684001056,-1,-100,-100,-100,0,0,-125,0,0,0,62,65,160,160,84,295.53,74,22,-20,-1015,evil_twin,evil_twin
1684001056,-1,-100,-100,-100,0,0,-131,0,0,0,62,65,160,160,84,295.54,74,22,-11,-1007,evil_twin,evil_twin
1684001056,-1,-100,-100,-100,0,0,-137,0,0,0,62,65,160,160,84,295.53,74,2,-14,-1006,evil_twin,evil_twin
1684001056,-1,-100,-100,-100,0,0,-144,0,0,0,62,65,160,160,84,295.55,74,23,-5,-1007,evil_twin,evil_twin
1684001057,-1,-100,-100,-100,0,1,-156,0,0,0,62,65,160,160,84,295.41,74,5,-9,-1008,evil_twin,evil_twin
1684001057,-1,-100,-100,-100,0,0,-160,0,0,0,62,65,161,160,84,295.47,75,-3,-12,-997,evil_twin,evil_twin
1684001057,-1,-100,-100,-100,0,0,-166,0,0,0,62,65,162,160,84,295.46,75,7,-5,-995,evil_twin,evil_twin
1684001057,-1,-100,-100,-100,0,0,-168,0,0,0,62,65,161,160,84,295.5,75,18,-14,-993,evil_twin,evil_twin
1684001057,-1,-100,-100,-100,0,0,-169,0,0,0,63,65,162,160,84,295.5,75,17,-9,-1002,evil_twin,evil_twin
1684001057,-1,-100,-100,-100,0,0,-170,0,0,0,63,65,162,160,84,295.49,75,-14,-4,-993,evil_twin,evil_twin
1684001057,-1,-100,-100,-100,0,1,-171,0,0,0,63,65,161,160,84,295.48,75,5,-8,-996,evil_twin,evil_twin
1684001057,-1,-100,-100,-100,0,1,-172,0,0,0,63,65,162,160,84,295.45,75,-4,-8,-986,evil_twin,evil_twin
1684001058,-1,-100,-100,-100,0,1,-172,0,0,0,63,65,162,160,84,295.45,75,-4,-8,-986,evil_twin,evil_twin
1684001058,-1,-100,-100,-100,0,1,-172,0,0,0,63,65,160,160,84,295.46,75,11,-7,-1000,evil_twin,evil_twin
1684001058,-1,-100,-100,-100,0,1,-172,0,0,0,63,65,160,160,84,295.53,76,-12,-19,-997,evil_twin,evil_twin
1684001058,-1,-100,-100,-100,0,1,-172,0,0,0,63,65,159,160,84,295.5,76,18,-4,-996,evil_twin,evil_twin
1684001058,-1,-100,-100,-100,0,1,-172,0,0,0,63,65,159,160,84,295.42,76,-6,-7,-1008,evil_twin,evil_twin
1684001058,-1,-100,-100,-100,0,1,-172,0,0,0,63,65,159,160,84,295.46,76,6,-7,-1033,evil_twin,evil_twin
1684001058,-1,-100,-100,-100,0,0,-172,0,0,0,62,65,158,160,84,295.51,76,16,-11,-1012,evil_twin,evil_twin
1684001058,-1,-100,-100,-100,0,0,-172,0,0,0,62,65,158,160,84,295.46,76,14,-3,-1003,evil_twin,evil_twin
1684001058,-1,-100,-100,-100,0,0,-172,0,0,0,62,65,159,160,84,295.49,76,15,-14,-998,evil_twin,evil_twin
1684001058,-1,-100,-100,-100,0,0,-172,0,0,0,62,65,157,160,84,295.46,76,14,-3,-1012,evil_twin,evil_twin
1684001058,-1,-100,-100,-100,0,0,-172,0,0,0,62,65,158,160,84,295.5,76,11,1,-1003,evil_twin,evil_twin
1684001059,-1,-100,-100,-100,0,0,-172,0,0,0,62,65,157,160,84,295.43,77,11,-3,-1010,evil_twin,evil_twin
1684001059,-1,-100,-100,-100,0,0,-172,0,0,0,62,65,159,160,84,295.45,77,-3,3,-1006,evil_twin,evil_twin
1684001059,-1,-100,-100,-100,0,0,-172,0,0,0,62,65,158,160,84,295.49,77,5,-7,-997,evil_twin,evil_twin
1684001059,-1,-100,-100,-100,0,0,-172,0,0,0,63,65,159,160,84,295.46,77,2,1,-1015,evil_twin,evil_twin
1684001059,-1,-100,-100,-100,0,1,-172,0,0,0,63,65,159,160,84,295.44,77,-17,-8,-994,evil_twin,evil_twin
1684001059,-1,-100,-100,-100,0,6,-172,0,0,0,63,65,159,160,84,295.46,77,9,6,-1005,evil_twin,evil_twin
1684001059,-1,-100,-100,-100,0,6,-172,0,2,0,63,65,161,160,84,295.44,77,-5,2,-985,evil_twin,evil_twin
1684001059,-1,-100,-100,-100,0,4,-172,0,3,0,63,65,160,160,84,295.45,77,-9,-4,-1015,evil_twin,evil_twin
1684001059,-1,-100,-100,-100,-1,2,-172,0,3,0,63,65,160,160,84,295.47,78,-5,-5,-1003,evil_twin,evil_twin
1684001060,-1,-100,-100,-100,-1,2,-172,0,3,0,63,65,160,160,84,295.47,78,-5,-5,-1003,evil_twin,evil_twin
1684001060,-1,-100,-100,-100,0,0,-172,0,3,0,63,65,159,160,84,295.37,78,-1,-21,-1010,evil_twin,evil_twin
1684001060,-1,-100,-100,-100,0,0,-172,0,2,0,63,65,159,160,84,295.49,78,-9,-26,-1017,evil_twin,evil_twin
1684001060,-1,-100,-100,-100,0,0,-172,0,2,0,63,65,159,160,83,295.47,78,9,-15,-998,evil_twin,evil_twin
1684001060,-1,-100,-100,-100,0,0,-172,0,2,0,63,65,159,160,83,295.48,78,9,-21,-994,evil_twin,evil_twin
1684001060,-1,-100,-100,-100,0,0,-172,0,2,0,63,65,159,160,83,295.47,78,-5,-7,-1011,evil_twin,evil_twin
1684001060,-1,-100,-100,-100,0,0,-172,0,2,0,63,65,159,160,83,295.55,78,-8,-15,-976,evil_twin,evil_twin
1684001060,-1,-100,-100,-100,0,0,-172,0,2,0,63,65,158,160,83,295.5,78,-9,-11,-1025,evil_twin,evil_twin
1684001061,-1,-100,-100,-100,0,0,-172,0,2,0,63,65,158,160,83,295.45,79,0,-23,-1012,evil_twin,evil_twin
1684001061,-1,-100,-100,-100,0,0,-172,0,2,0,63,65,157,160,83,295.41,79,6,-10,-1013,evil_twin,evil_twin
1684001061,-1,-100,-100,-100,0,-2,-172,0,2,0,63,65,157,160,83,295.5,79,8,-14,-988,evil_twin,evil_twin
1684001061,-1,-100,-100,-100,0,-4,-172,0,1,0,63,65,159,160,83,295.48,79,0,-14,-1009,evil_twin,evil_twin
1684001061,-1,-100,-100,-100,0,0,-172,0,0,0,63,66,157,160,83,295.44,79,11,0,-1002,evil_twin,evil_twin
1684001061,-1,-100,-100,-100,0,-1,-172,0,0,0,63,66,157,160,83,295.46,79,-8,3,-964,evil_twin,evil_twin
1684001061,-1,-100,-100,-100,0,-6,-172,0,0,0,63,66,157,160,83,295.44,79,7,-5,-1034,evil_twin,evil_twin
1684001061,-1,-100,-100,-100,0,-7,-172,0,-1,0,63,66,158,160,83,295.42,79,0,1,-1015,evil_twin,evil_twin
1684001062,-1,-100,-100,-100,0,-7,-172,0,-1,0,63,66,158,160,83,295.42,79,0,1,-1015,evil_twin,evil_twin
1684001062,-1,-100,-100,-100,-1,-2,-172,0,-3,0,63,66,158,160,83,295.43,80,4,9,-1013,evil_twin,evil_twin
1684001062,-1,-100,-100,-100,0,0,-172,0,-3,0,63,66,157,160,83,295.45,80,2,12,-1005,evil_twin,evil_twin
1684001062,-1,-100,-100,-100,0,0,-172,0,-3,0,63,66,157,160,83,295.44,80,1,16,-982,evil_twin,evil_twin
1684001062,-1,-100,-100,-100,0,0,-172,0,-2,0,63,66,158,160,83,295.46,80,6,17,-985,evil_twin,evil_twin
1684001062,-1,-100,-100,-100,0,0,-172,0,-2,0,63,66,157,160,83,295.52,80,-1,10,-1000,evil_twin,evil_twin
1684001062,-1,-100,-100,-100,0,0,-172,0,-2,0,63,65,157,160,83,295.45,80,-3,12,-1003,evil_twin,evil_twin
1684001062,-1,-100,-100,-100,0,0,-172,0,-2,0,63,65,158,160,83,295.4,80,16,12,-999,evil_twin,evil_twin
1684001062,-1,-100,-100,-100,1,0,-172,0,-2,0,63,65,158,160,83,295.51,80,-5,10,-1001,evil_twin,evil_twin
1684001062,-1,-100,-100,-100,1,0,-172,0,-2,0,63,65,159,160,83,295.47,80,-13,6,-1006,evil_twin,evil_twin
1684001063,-1,-100,-100,-100,0,0,-172,0,-2,0,63,65,158,160,83,295.51,81,33,7,-1011,evil_twin,evil_twin
1684001063,-1,-100,-100,-100,0,1,-172,0,-2,0,63,65,159,160,83,295.54,81,2,9,-995,evil_twin,evil_twin
1684001063,-1,-100,-100,-100,0,4,-172,0,-1,0,63,65,161,160,83,295.53,81,7,15,-973,evil_twin,evil_twin
1684001063,-1,-100,-100,-100,0,2,-172,0,0,0,63,65,161,160,83,295.5,81,14,2,-1002,evil_twin,evil_twin
1684001063,-1,-100,-100,-100,0,0,-172,0,0,0,63,66,162,160,83,295.44,81,11,-10,-1009,evil_twin,evil_twin
1684001063,-1,-100,-100,-100,-6,0,-172,0,0,0,63,66,163,160,83,295.5,81,2,0,-975,evil_twin,evil_twin
1684001063,-1,-100,-100,-100,-6,0,-172,1,0,0,63,66,163,160,83,295.49,81,8,0,-981,evil_twin,evil_twin
1684001064,-1,-100,-100,-100,-6,0,-172,1,0,0,63,66,163,160,83,295.49,81,8,0,-981,evil_twin,evil_twin
1684001064,-1,-100,-100,-100,-3,0,-172,2,0,0,63,66,162,160,83,295.51,82,-9,5,-1002,evil_twin,evil_twin
1684001064,-1,-100,-100,-100,-2,0,-172,3,0,0,63,66,162,160,83,295.49,82,-2,6,-1007,evil_twin,evil_twin
1684001064,-1,-100,-100,-100,0,0,-172,3,0,0,63,66,162,160,83,295.48,82,-16,1,-992,evil_twin,evil_twin
1684001064,-1,-100,-100,-100,0,0,-172,2,0,0,63,66,162,160,83,295.47,82,-4,17,-1002,evil_twin,evil_twin
1684001064,-1,-100,-100,-100,0,0,-172,2,0,0,62,66,162,160,83,295.49,82,-5,13,-1003,evil_twin,evil_twin
1684001064,-1,-100,-100,-100,0,0,-172,2,0,0,62,66,162,160,83,295.52,82,-16,0,-982,evil_twin,evil_twin
1684001064,-1,-100,-100,-100,0,0,-172,2,0,0,62,66,161,160,83,295.49,82,0,-2,-988,evil_twin,evil_twin
1684001064,-1,-100,-100,-100,0,0,-172,2,0,0,62,66,161,160,83,295.51,82,-11,5,-1005,evil_twin,evil_twin
1684001065,-1,-100,-100,-100,0,0,-172,2,0,0,62,66,161,160,83,295.51,82,-11,5,-1005,evil_twin,evil_twin
1684001065,-1,-100,-100,-100,0,0,-172,2,0,0,62,66,161,160,83,295.49,83,-8,5,-1009,evil_twin,evil_twin
1684001065,-1,-100,-100,-100,0,0,-172,2,0,0,62,66,161,160,83,295.56,83,3,4,-984,evil_twin,evil_twin
1684001065,-1,-100,-100,-100,0,0,-172,2,0,0,62,66,161,160,83,295.45,83,-5,-2,-1001,evil_twin,evil_twin
1684001065,-1,-100,-100,-100,2,0,-172,2,0,0,62,66,160,160,83,295.48,83,4,-10,-990,evil_twin,evil_twin
1684001065,-1,-100,-100,-100,5,0,-172,1,0,0,63,66,161,160,83,295.48,83,-16,-7,-1014,evil_twin,evil_twin
1684001065,-1,-100,-100,-100,2,0,-172,0,0,0,63,66,160,160,83,295.48,83,3,-7,-1006,evil_twin,evil_twin
1684001065,-1,-100,-100,-100,1,0,-172,0,0,0,63,66,159,160,83,295.49,83,16,-1,-1005,evil_twin,evil_twin
1684001065,-1,-100,-100,-100,3,0,-172,0,0,0,63,66,160,160,83,295.47,83,-7,-6,-996,evil_twin,evil_twin
1684001065,-1,-100,-100,-100,8,0,-172,0,0,0,63,66,161,160,83,295.46,83,15,2,-1028,evil_twin,evil_twin
1684001066,-1,-100,-100,-100,8,0,-172,0,0,0,63,66,161,160,83,295.46,83,15,2,-1028,evil_twin,evil_twin
1684001066,-1,-100,-100,-100,7,0,-172,-2,0,0,63,66,160,160,83,295.46,84,21,1,-1008,evil_twin,evil_twin
1684001066,-1,-100,-100,-100,4,0,-172,-2,0,0,63,66,162,160,83,295.48,84,30,0,-1014,evil_twin,evil_twin
1684001066,-1,-100,-100,-100,2,0,-172,-3,0,0,63,66,161,160,83,295.41,84,22,4,-1007,evil_twin,evil_twin
1684001066,-1,-100,-100,-100,0,0,-172,-3,0,0,63,66,161,160,83,295.48,84,54,-8,-985,evil_twin,evil_twin
1684001066,-1,-100,-100,-100,0,0,-172,-2,0,0,63,66,163,160,83,295.55,84,41,-9,-994,evil_twin,evil_twin
1684001066,-1,-100,-100,-100,0,0,-172,-2,0,0,62,65,162,160,83,295.47,84,36,0,-1019,evil_twin,evil_twin
1684001066,-1,-100,-100,-100,0,0,-172,-2,0,0,62,65,163,160,83,295.52,84,31,-6,-980,evil_twin,evil_twin
1684001066,-1,-100,-100,-100,0,0,-172,-2,0,0,62,65,162,160,83,295.53,84,23,-10,-979,evil_twin,evil_twin
1684001066,-1,-100,-100,-100,0,0,-172,-2,0,0,62,65,161,160,83,295.5,84,19,-8,-1019,evil_twin,evil_twin
1684001066,-1,-100,-100,-100,0,0,-172,-2,0,0,62,65,162,160,83,295.56,84,38,-20,-987,evil_twin,evil_twin
1684001067,-1,-100,-100,-100,0,0,-172,-2,0,0,62,65,162,160,83,295.56,84,38,-20,-987,evil_twin,evil_twin
1684001067,-1,-100,-100,-100,0,0,-172,-2,0,0,62,65,162,160,83,295.5,85,26,-2,-1013,evil_twin,evil_twin
1684001067,-1,-100,-100,-100,0,0,-172,-2,0,0,62,65,162,160,83,295.56,85,29,-18,-990,evil_twin,evil_twin
1684001067,-1,-100,-100,-100,-1,0,-172,-2,0,0,62,65,162,160,83,295.5,85,25,-21,-996,evil_twin,evil_twin
1684001067,-1,-100,-100,-100,-4,0,-172,-1,0,0,62,65,162,160,83,295.5,85,30,-19,-982,evil_twin,evil_twin
1684001067,-1,-100,-100,-100,-3,0,-172,-1,0,0,62,65,162,160,83,295.44,85,3,-4,-1007,evil_twin,evil_twin
1684001067,-1,-100,-100,-100,-1,0,-172,0,0,0,63,65,161,160,83,295.48,85,13,-1,-1016,evil_twin,evil_twin
1684001067,-1,-100,-100,-100,0,0,-172,0,0,0,63,65,162,160,83,295.44,85,-3,-10,-994,evil_twin,evil_twin
1684001067,-1,-100,-100,-100,0,0,-173,0,0,0,63,65,161,160,83,295.45,85,-11,11,-1021,evil_twin,evil_twin
1684001067,-1,-100,-100,-100,0,0,-179,0,0,0,63,65,161,160,83,295.54,85,15,-10,-994,evil_twin,evil_twin
1684001067,-1,-100,-100,-100,0,0,175,0,0,0,63,65,162,160,83,295.48,85,11,-2,-998,evil_twin,evil_twin
1684001068,-1,-100,-100,-100,0,0,175,0,0,0,63,65,162,160,83,295.48,85,11,-2,-998,evil_twin,evil_twin
1684001068,-1,-100,-100,-100,0,0,169,0,0,0,63,65,160,160,83,295.46,86,13,-7,-984,evil_twin,evil_twin
1684001068,-1,-100,-100,-100,0,0,163,0,0,0,63,65,160,160,83,295.5,86,13,-8,-1018,evil_twin,evil_twin
1684001068,-1,-100,-100,-100,0,0,157,0,0,0,63,65,160,160,83,295.47,86,4,-9,-990,evil_twin,evil_twin
1684001068,-1,-100,-100,-100,0,0,152,0,0,0,63,65,159,160,82,295.45,86,14,0,-1017,evil_twin,evil_twin
1684001068,-1,-100,-100,-100,0,0,146,0,0,0,63,65,159,160,82,295.56,86,-9,-1,-1012,evil_twin,evil_twin
1684001068,-1,-100,-100,-100,0,0,140,0,0,0,63,66,159,160,82,295.52,86,26,-21,-983,evil_twin,evil_twin
1684001068,-1,-100,-100,-100,0,0,134,0,0,0,63,66,160,160,82,295.52,86,0,9,-1011,evil_twin,evil_twin
1684001068,-1,-100,-100,-100,0,0,128,0,0,0,63,66,160,160,82,295.49,86,26,-13,-971,evil_twin,evil_twin
1684001068,-1,-100,-100,-100,0,0,122,0,0,0,63,66,160,160,82,295.58,86,2,-11,-996,evil_twin,evil_twin
1684001068,-1,-100,-100,-100,0,0,116,0,0,0,63,66,159,160,82,295.47,86,13,7,-1028,evil_twin,evil_twin
1684001069,-1,-100,-100,-100,0,0,116,0,0,0,63,66,159,160,82,295.47,86,13,7,-1028,evil_twin,evil_twin
1684001069,-1,-100,-100,-100,0,0,112,0,0,0,63,66,160,160,82,295.51,87,11,-7,-991,evil_twin,evil_twin
1684001069,-1,-100,-100,-100,0,0,108,0,0,0,63,66,158,160,82,295.54,87,30,0,-991,evil_twin,evil_twin
1684001069,-1,-100,-100,-100,0,0,105,0,0,0,63,66,159,160,82,295.44,87,4,-4,-1003,evil_twin,evil_twin
1684001069,-1,-100,-100,-100,0,0,103,0,0,0,63,66,160,160,82,295.51,87,24,-9,-985,evil_twin,evil_twin
1684001069,-1,-100,-100,-100,0,0,101,0,0,0,63,66,160,160,82,295.46,87,19,-3,-1003,evil_twin,evil_twin
1684001069,-1,-100,-100,-100,0,0,100,0,0,0,63,66,160,160,82,295.4,87,26,-5,-997,evil_twin,evil_twin
1684001069,-1,-100,-100,-100,0,0,99,0,0,0,63,66,160,160,82,295.53,87,9,-2,-1000,evil_twin,evil_twin
1684001069,-1,-100,-100,-100,0,0,99,0,0,0,63,66,160,160,82,295.5,87,4,-3,-999,evil_twin,evil_twin
1684001069,-1,-100,-100,-100,0,1,98,0,0,0,63,66,159,160,82,295.5,87,11,-4,-1001,evil_twin,evil_twin
1684001069,-1,-100,-100,-100,0,6,98,0,0,0,63,66,159,160,82,295.51,87,4,1,-1003,evil_twin,evil_twin
1684001070,-1,-100,-100,-100,0,6,98,0,0,0,63,66,159,160,82,295.51,87,4,1,-1003,evil_twin,evil_twin
1684001070,-1,-100,-100,-100,0,6,98,1,0,0,63,66,159,160,82,295.56,88,13,-6,-978,evil_twin,evil_twin
1684001070,-1,-100,-100,-100,0,4,98,2,0,0,63,66,160,160,82,295.6,88,-7,8,-997,evil_twin,evil_twin
1684001070,-1,-100,-100,-100,0,2,98,3,0,0,63,66,159,160,82,295.49,88,10,-1,-1012,evil_twin,evil_twin
1684001070,-1,-100,-100,-100,0,0,98,3,0,0,63,66,161,160,82,295.58,88,2,-7,-1015,evil_twin,evil_twin
1684001070,-1,-100,-100,-100,0,0,98,3,0,0,63,66,161,160,82,295.52,88,4,-10,-1003,evil_twin,evil_twin
1684001070,-1,-100,-100,-100,0,0,98,2,0,0,63,66,159,160,82,295.49,88,-2,-14,-997,evil_twin,evil_twin
1684001070,-1,-100,-100,-100,0,0,98,2,0,0,63,66,160,160,82,295.52,88,2,-11,-1002,evil_twin,evil_twin
1684001070,-1,-100,-100,-100,0,0,98,2,0,0,63,66,160,160,82,295.57,88,1,-2,-1001,evil_twin,evil_twin
1684001070,-1,-100,-100,-100,0,0,98,2,0,0,63,66,160,160,82,295.45,88,0,-8,-995,evil_twin,evil_twin
1684001070,-1,-100,-100,-100,0,0,98,2,0,0,63,66,161,160,82,295.51,88,0,-5,-1008,evil_twin,evil_twin
1684001071,-1,-100,-100,-100,0,0,98,2,0,0,63,66,161,160,82,295.51,88,0,-5,-1008,evil_twin,evil_twin
1684001071,-1,-100,-100,-100,0,0,98,2,0,0,63,66,162,160,82,295.46,89,17,-11,-1007,evil_twin,evil_twin
1684001071,-1,-100,-100,-100,0,0,98,2,0,0,63,66,158,160,82,295.54,89,2,-9,-987,evil_twin,evil_twin
1684001071,-1,-100,-100,-100,0,0,98,2,0,0,63,66,160,160,82,295.52,89,-3,-12,-998,evil_twin,evil_twin
1684001071,-1,-100,-100,-100,0,0,98,2,0,0,63,66,161,160,82,295.52,89,9,-2,-1016,evil_twin,evil_twin
1684001071,-1,-100,-100,-100,0,0,98,2,0,0,63,66,159,160,82,295.48,89,-7,-13,-1000,evil_twin,evil_twin
1684001071,-1,-100,-100,-100,0,0,98,2,0,0,63,65,161,160,82,295.47,89,-4,-5,-1011,evil_twin,evil_twin
1684001071,-1,-100,-100,-100,0,-2,98,1,0,0,63,65,160,160,82,295.46,89,12,-9,-1035,evil_twin,evil_twin
1684001071,-1,-100,-100,-100,0,-3,98,1,0,0,63,65,161,160,82,295.49,89,11,-5,-999,evil_twin,evil_twin
1684001071,-1,-100,-100,-100,0,-1,99,0,0,0,63,65,160,160,82,295.45,89,6,6,-999,evil_twin,evil_twin
1684001071,-1,-100,-100,-100,0,0,99,0,0,0,63,65,161,160,82,295.49,89,1,-3,-991,evil_twin,evil_twin
1684001072,-1,-100,-100,-100,0,0,99,0,0,0,63,65,161,160,82,295.49,89,1,-3,-991,evil_twin,evil_twin
1684001072,-1,-100,-100,-100,0,-1,99,0,0,0,63,65,159,160,82,295.42,90,1,17,-999,evil_twin,evil_twin
1684001072,-1,-100,-100,-100,0,-7,99,0,0,0,63,65,161,160,82,295.43,90,19,-9,-1013,evil_twin,evil_twin
1684001072,-1,-100,-100,-100,0,-7,99,-1,0,0,63,65,161,160,82,295.48,90,9,17,-1014,evil_twin,evil_twin
1684001072,-1,-100,-100,-100,0,-4,99,-2,0,0,63,65,160,160,82,295.48,90,12,28,-1012,evil_twin,evil_twin
1684001072,-1,-100,-100,-100,0,-2,99,-3,0,0,63,65,161,160,82,295.46,90,13,16,-1009,evil_twin,evil_twin
1684001072,-1,-100,-100,-100,0,0,99,-3,0,0,63,67,159,160,82,295.51,90,16,22,-987,evil_twin,evil_twin
1684001072,-1,-100,-100,-100,0,0,98,-3,0,0,63,67,160,160,82,295.46,90,3,23,-988,evil_twin,evil_twin
1684001072,-1,-100,-100,-100,0,0,98,-3,0,0,63,67,160,160,82,295.42,90,-13,14,-1011,evil_twin,evil_twin
1684001072,-1,-100,-100,-100,0,0,98,-2,0,0,63,67,159,160,82,295.43,90,18,25,-1018,evil_twin,evil_twin
1684001072,-1,-100,-100,-100,-1,0,98,-2,0,0,63,67,158,160,82,295.45,90,-25,7,-986,evil_twin,evil_twin
1684001073,-1,-100,-100,-100,-1,0,98,-2,0,0,63,67,158,160,82,295.45,90,-25,7,-986,evil_twin,evil_twin
1684001073,-1,-100,-100,-100,0,0,98,-2,0,0,63,67,159,160,82,295.51,91,8,16,-1000,evil_twin,evil_twin
1684001073,-1,-100,-100,-100,0,0,98,-2,0,0,63,67,159,160,82,295.47,91,14,14,-1012,evil_twin,evil_twin
1684001073,-1,-100,-100,-100,1,0,98,-2,0,0,63,67,159,160,82,295.5,91,-2,12,-1000,evil_twin,evil_twin
1684001073,-1,-100,-100,-100,0,0,98,-2,0,0,63,67,159,160,82,295.51,91,22,20,-1013,evil_twin,evil_twin
1684001073,-1,-100,-100,-100,0,2,98,-2,0,0,63,67,159,160,82,295.5,91,11,6,-987,evil_twin,evil_twin
1684001073,-1,-100,-100,-100,0,4,99,-1,0,0,63,66,159,160,82,295.51,91,31,11,-1007,evil_twin,evil_twin
1684001073,-1,-100,-100,-100,0,3,99,-1,0,0,63,66,160,160,82,295.45,91,1,-6,-994,evil_twin,evil_twin
1684001073,-1,-100,-100,-100,0,1,99,0,0,0,63,66,160,160,82,295.52,91,-10,1,-1011,evil_twin,evil_twin
1684001073,-1,-100,-100,-100,0,1,99,0,0,0,63,66,160,160,82,295.51,91,-20,1,-1010,evil_twin,evil_twin
1684001073,-1,-100,-100,-100,0,0,98,0,0,0,63,66,160,160,82,295.45,91,-10,1,-1018,evil_twin,evil_twin
1684001074,-1,-100,-100,-100,0,0,98,0,0,0,63,66,160,160,82,295.45,91,-10,1,-1018,evil_twin,evil_twin
1684001074,-1,-100,-100,-100,-8,0,98,0,-1,0,63,66,163,160,82,295.48,92,-13,-4,-1000,evil_twin,evil_twin
1684001074,-1,-100,-100,-100,-6,0,98,0,-2,0,63,66,162,160,82,295.48,92,-31,0,-1000,evil_twin,evil_twin
1684001074,-1,-100,-100,-100,-4,0,98,0,-3,0,63,66,161,160,81,295.48,92,-26,-3,-973,evil_twin,evil_twin
1684001074,-1,-100,-100,-100,-1,0,98,0,-3,0,63,66,162,160,81,295.42,92,-36,-1,-994,evil_twin,evil_twin
1684001074,-1,-100,-100,-100,0,0,98,0,-3,0,63,66,162,160,81,295.52,92,-27,-5,-993,evil_twin,evil_twin
1684001074,-1,-100,-100,-100,0,0,98,0,-2,0,63,66,162,160,81,295.49,92,-17,-6,-996,evil_twin,evil_twin
1684001074,-1,-100,-100,-100,0,0,98,0,-2,0,63,66,162,160,81,295.47,92,-39,-2,-995,evil_twin,evil_twin
1684001074,-1,-100,-100,-100,-1,0,98,0,-2,0,63,66,162,160,81,295.48,92,-22,-5,-984,evil_twin,evil_twin
1684001074,-1,-100,-100,-100,-1,0,98,0,-2,0,63,66,161,160,81,295.49,92,-40,0,-992,evil_twin,evil_twin
1684001075,-1,-100,-100,-100,-1,0,98,0,-2,0,63,66,161,160,81,295.49,92,-40,0,-992,evil_twin,evil_twin
1684001075,-1,-100,-100,-100,-1,0,98,0,-2,0,63,66,161,160,81,295.5,93,-30,-5,-997,evil_twin,evil_twin
1684001075,-1,-100,-100,-100,-1,0,98,0,-2,0,63,66,161,160,81,295.49,93,-16,3,-995,evil_twin,evil_twin
1684001075,-1,-100,-100,-100,-1,0,98,0,-2,0,63,66,160,160,81,295.52,93,-28,-4,-993,evil_twin,evil_twin
1684001075,-1,-100,-100,-100,0,0,98,0,-2,0,63,66,160,160,81,295.49,93,-16,-7,-983,evil_twin,evil_twin
1684001075,-1,-100,-100,-100,0,0,98,0,-2,0,63,66,160,160,81,295.48,93,-16,0,-986,evil_twin,evil_twin
1684001075,-1,-100,-100,-100,0,0,98,0,-2,0,63,66,160,160,81,295.5,93,-15,0,-994,evil_twin,evil_twin
1684001075,-1,-100,-100,-100,0,0,98,0,-2,0,63,66,160,160,81,295.45,93,-40,-1,-1005,evil_twin,evil_twin
1684001075,-1,-100,-100,-100,0,0,98,0,-1,0,63,66,160,160,81,295.51,93,-7,-3,-1012,evil_twin,evil_twin
1684001075,-1,-100,-100,-100,0,0,98,0,-1,0,63,66,159,160,81,295.48,93,-21,7,-1007,evil_twin,evil_twin
1684001076,-1,-100,-100,-100,0,0,99,0,-1,0,63,66,156,160,81,295.51,93,-24,0,-1006,evil_twin,evil_twin
1684001076,-1,-100,-100,-100,3,0,99,0,0,0,63,66,155,160,81,295.5,94,-12,-8,-1018,evil_twin,evil_twin
1684001076,-1,-100,-100,-100,0,2,99,0,0,0,63,66,157,160,81,295.47,94,0,9,-995,evil_twin,evil_twin
1684001076,-1,-100,-100,-100,0,3,99,0,0,0,63,66,158,160,81,295.43,94,16,21,-982,evil_twin,evil_twin
1684001076,-1,-100,-100,-100,0,-2,99,0,0,0,63,66,158,160,81,295.47,94,0,0,-995,evil_twin,evil_twin
1684001076,-1,-100,-100,-100,0,-1,99,0,0,0,63,66,154,160,81,295.39,94,2,7,-995,evil_twin,evil_twin
1684001076,-1,-100,-100,-100,6,0,99,0,0,0,63,66,150,160,81,295.43,94,8,5,-1020,evil_twin,evil_twin
1684001076,-1,-100,-100,-100,4,0,99,0,2,0,63,66,158,160,81,295.54,94,36,-5,-973,evil_twin,evil_twin
1684001076,-1,-100,-100,-100,2,0,99,0,3,0,63,66,160,160,81,295.56,94,48,3,-1020,evil_twin,evil_twin
1684001077,-1,-100,-100,-100,2,0,99,0,3,0,63,66,160,160,81,295.56,94,48,3,-1020,evil_twin,evil_twin
1684001077,-1,-100,-100,-100,0,0,99,0,3,0,63,66,159,160,81,295.51,95,9,-5,-985,evil_twin,evil_twin
1684001077,-1,-100,-100,-100,0,0,99,0,3,0,63,66,159,160,81,295.57,95,16,4,-1005,evil_twin,evil_twin
1684001077,-1,-100,-100,-100,0,0,99,0,3,0,63,66,159,160,81,295.55,95,23,-13,-1018,evil_twin,evil_twin
1684001077,-1,-100,-100,-100,0,0,99,0,2,0,63,66,159,160,81,295.55,95,10,6,-1006,evil_twin,evil_twin
1684001077,-1,-100,-100,-100,0,1,99,0,2,0,63,66,160,160,81,295.51,95,42,-14,-988,evil_twin,evil_twin
1684001077,-1,-100,-100,-100,0,0,99,0,2,0,63,66,159,160,81,295.54,95,13,-9,-999,evil_twin,evil_twin
1684001077,-1,-100,-100,-100,0,0,99,0,2,0,63,66,159,160,81,295.52,95,19,-9,-1007,evil_twin,evil_twin
1684001077,-1,-100,-100,-100,0,0,99,0,2,0,63,66,161,160,81,295.49,95,8,-2,-993,evil_twin,evil_twin
1684001077,-1,-100,-100,-100,0,0,99,0,2,0,63,66,160,160,81,295.49,95,24,2,-1009,evil_twin,evil_twin
1684001077,-1,-100,-100,-100,-3,0,99,0,2,0,63,66,162,160,81,295.59,95,28,-3,-986,evil_twin,evil_twin
1684001078,-1,-100,-100,-100,-3,0,99,0,2,0,63,66,162,160,81,295.59,95,28,-3,-986,evil_twin,evil_twin
1684001078,-1,-100,-100,-100,-2,0,99,0,0,0,63,66,161,160,81,295.52,96,20,1,-1002,evil_twin,evil_twin
1684001078,-1,-100,-100,-100,-1,0,99,0,0,0,63,66,162,160,81,295.53,96,15,8,-1009,evil_twin,evil_twin
1684001078,-1,-100,-100,-100,0,0,99,0,0,0,63,66,162,160,81,295.48,96,8,1,-983,evil_twin,evil_twin
1684001078,-1,-100,-100,-100,0,0,99,0,0,0,63,66,162,160,81,295.5,96,4,14,-987,evil_twin,evil_twin
1684001078,-1,-100,-100,-100,0,0,99,0,0,0,64,66,162,160,81,295.49,96,8,13,-991,evil_twin,evil_twin
1684001078,-1,-100,-100,-100,0,0,98,0,0,0,64,66,161,160,81,295.44,96,-11,13,-1006,evil_twin,evil_twin
1684001078,-1,-100,-100,-100,0,0,98,0,0,0,64,66,162,160,81,295.51,96,17,8,-980,evil_twin,evil_twin
1684001078,-1,-100,-100,-100,0,0,98,0,0,0,64,66,162,160,81,295.51,96,10,0,-984,evil_twin,evil_twin
1684001079,-1,-100,-100,-100,0,0,98,0,0,0,64,66,162,160,81,295.51,96,10,0,-984,evil_twin,evil_twin
1684001079,-1,-100,-100,-100,0,0,98,0,0,0,64,66,162,160,81,295.5,97,22,13,-1003,evil_twin,evil_twin
1684001079,-1,-100,-100,-100,0,0,98,0,0,0,64,66,163,160,81,295.51,97,-1,18,-1004,evil_twin,evil_twin
1684001079,-1,-100,-100,-100,0,0,98,0,0,0,64,66,162,160,81,295.52,97,-1,11,-996,evil_twin,evil_twin
1684001079,-1,-100,-100,-100,0,0,98,0,0,0,64,66,161,160,81,295.53,97,-1,12,-1003,evil_twin,evil_twin
1684001079,-1,-100,-100,-100,0,0,98,0,0,0,64,66,162,160,81,295.5,97,-10,5,-1001,evil_twin,evil_twin
1684001079,-1,-100,-100,-100,0,0,98,0,0,0,64,66,161,160,81,295.58,97,-1,14,-1006,evil_twin,evil_twin
1684001079,-1,-100,-100,-100,0,0,98,0,0,0,63,66,162,160,81,295.5,97,0,2,-996,evil_twin,evil_twin
1684001079,-1,-100,-100,-100,0,0,98,0,0,0,63,66,161,160,81,295.63,97,-15,-1,-1001,evil_twin,evil_twin
1684001079,-1,-100,-100,-100,0,0,98,0,0,0,63,66,161,160,81,295.6,97,-17,8,-988,evil_twin,evil_twin
1684001079,-1,-100,-100,-100,0,0,98,0,0,0,63,66,161,160,81,295.52,98,6,4,-1002,evil_twin,evil_twin
1684001080,-1,-100,-100,-100,0,0,98,0,0,0,63,66,161,160,81,295.52,98,6,4,-1002,evil_twin,evil_twin
1684001080,-1,-100,-100,-100,0,0,98,0,0,0,63,66,161,160,81,295.51,98,18,10,-1010,evil_twin,evil_twin
1684001080,-1,-100,-100,-100,0,0,98,0,0,0,63,66,161,160,81,295.54,98,-8,0,-991,evil_twin,evil_twin
1684001080,-1,-100,-100,-100,0,0,98,0,0,0,63,66,161,160,81,295.57,98,-6,5,-987,evil_twin,evil_twin
1684001080,-1,-100,-100,-100,0,0,98,0,0,0,63,66,161,160,81,295.54,98,-2,10,-1008,evil_twin,evil_twin
1684001080,-1,-100,-100,-100,0,0,98,0,0,0,63,66,160,160,81,295.55,98,-2,8,-1007,evil_twin,evil_twin
1684001080,-1,-100,-100,-100,0,0,98,0,0,0,63,66,159,160,81,295.53,98,-1,8,-1014,evil_twin,evil_twin
1684001080,-1,-100,-100,-100,0,0,98,0,0,0,63,66,160,160,81,295.48,98,-10,10,-1004,evil_twin,evil_twin
1684001080,-1,-100,-100,-100,0,0,98,0,0,0,63,66,160,160,81,295.52,98,-4,11,-1006,evil_twin,evil_twin
1684001080,-1,-100,-100,-100,0,0,98,0,0,0,63,66,160,160,81,295.59,98,-1,3,-1000,evil_twin,evil_twin
1684001080,-1,-100,-100,-100,0,0,98,0,0,0,63,66,160,160,81,295.54,99,0,10,-1008,evil_twin,evil_twin
1684001081,-1,-100,-100,-100,0,0,98,0,0,0,63,66,160,160,81,295.54,99,0,10,-1008,evil_twin,evil_twin
1684001081,-1,-100,-100,-100,0,0,98,0,0,0,63,66,160,160,81,295.58,99,-3,1,-993,evil_twin,evil_twin
1684001081,-1,-100,-100,-100,0,0,98,0,0,0,63,66,159,160,81,295.61,99,-5,0,-986,evil_twin,evil_twin
1684001081,-1,-100,-100,-100,0,0,98,0,0,0,63,66,159,160,81,295.54,99,-7,1,-1004,evil_twin,evil_twin
1684001081,-1,-100,-100,-100,0,0,98,0,0,0,63,66,160,160,81,295.63,99,-1,1,-1009,evil_twin,evil_twin
1684001081,-1,-100,-100,-100,0,0,98,0,0,0,63,66,160,160,81,295.54,99,-6,2,-1011,evil_twin,evil_twin
1684001081,-1,-100,-100,-100,0,0,98,0,0,0,64,66,159,160,81,295.49,99,0,4,-1004,evil_twin,evil_twin
1684001081,-1,-100,-100,-100,0,0,98,0,0,0,64,66,160,160,81,295.48,99,-2,8,-1026,evil_twin,evil_twin
1684001081,-1,-100,-100,-100,0,0,98,0,0,0,64,66,159,160,81,295.48,99,-13,-1,-995,evil_twin,evil_twin
1684001081,-1,-100,-100,-100,0,0,98,0,0,0,64,66,159,160,81,295.55,99,-18,-3,-987,evil_twin,evil_twin
1684001082,-1,-100,-100,-100,0,0,98,0,0,0,64,66,159,160,81,295.55,99,-18,-3,-987,evil_twin,evil_twin
1684001082,-1,-100,-100,-100,0,0,98,0,0,0,64,66,159,160,81,295.51,100,-3,5,-1009,evil_twin,evil_twin
1684001082,-1,-100,-100,-100,0,0,98,0,0,0,64,66,159,160,81,295.51,100,-15,-12,-995,evil_twin,evil_twin
1684001082,-1,-100,-100,-100,0,0,98,0,0,0,64,66,160,160,81,295.45,100,-10,-3,-1003,evil_twin,evil_twin
1684001082,-1,-100,-100,-100,0,0,98,0,0,0,64,66,160,160,81,295.45,100,-13,1,-1009,evil_twin,evil_twin
1684001082,-1,-100,-100,-100,0,0,99,0,0,0,64,66,160,160,80,295.53,100,-11,0,-991,evil_twin,evil_twin
1684001082,-1,-100,-100,-100,0,0,99,0,0,0,64,66,160,160,80,295.51,100,-2,7,-1002,evil_twin,evil_twin
1684001082,-1,-100,-100,-100,-1,0,99,0,0,0,64,67,161,160,80,295.43,100,-4,12,-1006,evil_twin,evil_twin
1684001082,-1,-100,-100,-100,0,0,99,0,0,0,64,67,161,160,80,295.57,100,-12,6,-1007,evil_twin,evil_twin
1684001082,-1,-100,-100,-100,0,0,99,0,0,0,64,67,160,160,80,295.56,100,-20,-10,-980,evil_twin,evil_twin
1684001082,-1,-100,-100,-100,-1,0,99,0,0,0,64,67,161,160,80,295.52,100,-16,0,-996,evil_twin,evil_twin
1684001083,-1,-100,-100,-100,-1,0,99,0,0,0,64,67,161,160,80,295.52,100,-16,0,-996,evil_twin,evil_twin
1684001083,-1,-100,-100,-100,-1,0,99,0,0,0,64,67,160,160,80,295.46,101,-5,3,-1003,evil_twin,evil_twin
1684001083,-1,-100,-100,-100,-1,0,99,0,0,0,64,67,160,160,80,295.53,101,-25,2,-991,evil_twin,evil_twin
1684001083,-1,-100,-100,-100,-1,0,99,0,0,0,64,67,160,160,80,295.49,101,-19,0,-999,evil_twin,evil_twin
1684001083,-1,-100,-100,-100,-1,0,99,0,0,0,64,67,162,160,80,295.39,101,-21,3,-994,evil_twin,evil_twin
1684001083,-1,-100,-100,-100,-1,0,99,0,0,0,64,67,161,160,80,295.56,101,-12,3,-1003,evil_twin,evil_twin
1684001083,-1,-100,-100,-100,0,0,99,0,0,0,64,67,160,160,80,295.46,101,-15,2,-1004,evil_twin,evil_twin
1684001083,-1,-100,-100,-100,0,0,99,0,0,0,63,67,161,160,80,295.53,101,-17,-1,-992,evil_twin,evil_twin
1684001083,-1,-100,-100,-100,0,0,99,0,0,0,63,67,161,160,80,295.57,101,-1,6,-1002,evil_twin,evil_twin
1684001083,-1,-100,-100,-100,0,0,99,0,0,0,63,67,161,160,80,295.47,101,-13,0,-996,evil_twin,evil_twin
1684001083,-1,-100,-100,-100,0,0,99,0,0,0,63,67,161,160,80,295.43,101,-11,-1,-998,evil_twin,evil_twin
1684001084,-1,-100,-100,-100,0,0,99,0,0,0,63,67,161,160,80,295.43,101,-11,-1,-998,evil_twin,evil_twin
1684001084,-1,-100,-100,-100,0,0,99,0,0,0,63,67,161,160,80,295.46,102,-8,10,-997,evil_twin,evil_twin
1684001084,-1,-100,-100,-100,0,0,99,0,0,0,63,67,161,160,80,295.44,102,-4,-2,-997,evil_twin,evil_twin
1684001084,-1,-100,-100,-100,0,0,99,0,0,0,63,67,161,160,80,295.52,102,-16,10,-991,evil_twin,evil_twin
1684001084,-1,-100,-100,-100,0,0,99,0,0,0,63,67,160,160,80,295.56,102,7,9,-992,evil_twin,evil_twin
1684001084,-1,-100,-100,-100,0,0,99,0,0,0,63,67,161,160,80,295.52,102,-24,0,-982,evil_twin,evil_twin
1684001084,-1,-100,-100,-100,0,0,99,0,0,0,63,67,161,160,80,295.54,102,0,12,-1016,evil_twin,evil_twin
1684001084,-1,-100,-100,-100,0,0,99,0,0,0,63,66,160,160,80,295.49,102,-13,7,-994,evil_twin,evil_twin
1684001084,-1,-100,-100,-100,0,0,99,0,0,0,63,66,160,160,80,295.51,102,-21,2,-995,evil_twin,evil_twin
1684001085,-1,-100,-100,-100,0,0,99,0,0,0,63,66,160,160,80,295.51,102,4,4,-1000,evil_twin,evil_twin
1684001085,-1,-100,-100,-100,0,0,99,0,0,0,63,66,161,160,80,295.51,103,-4,1,-1000,evil_twin,evil_twin
1684001085,-1,-100,-100,-100,0,0,99,0,0,0,63,66,160,160,80,295.52,103,5,4,-1008,evil_twin,evil_twin
1684001085,-1,-100,-100,-100,0,0,99,0,0,0,63,66,161,160,80,295.54,103,20,1,-994,evil_twin,evil_twin
1684001085,-1,-100,-100,-100,0,0,99,0,0,0,63,67,161,160,80,295.54,103,-1,15,-1009,evil_twin,evil_twin
1684001085,-1,-100,-100,-100,0,0,99,0,0,0,63,67,161,160,80,295.52,103,37,-1,-989,evil_twin,evil_twin
1684001085,-1,-100,-100,-100,0,0,99,0,0,0,63,67,161,160,80,295.49,103,14,12,-1002,evil_twin,evil_twin
1684001085,-1,-100,-100,-100,0,0,99,0,0,0,63,67,161,160,80,295.53,103,26,-4,-991,evil_twin,evil_twin
1684001086,-1,-100,-100,-100,0,0,99,0,0,0,63,67,161,160,80,295.53,103,26,-4,-991,evil_twin,evil_twin
1684001086,-1,-100,-100,-100,0,0,99,0,0,0,63,67,162,160,80,295.54,104,5,8,-1002,evil_twin,evil_twin
1684001086,-1,-100,-100,-100,0,0,99,0,0,0,63,67,162,160,80,295.53,104,-6,6,-1000,evil_twin,evil_twin
1684001086,-1,-100,-100,-100,0,0,99,0,0,0,63,67,162,160,80,295.51,104,15,9,-1007,evil_twin,evil_twin
1684001086,-1,-100,-100,-100,0,0,98,0,0,0,63,67,161,160,80,295.55,104,-6,32,-989,evil_twin,evil_twin
1684001086,-1,-100,-100,-100,0,0,93,0,0,0,64,67,161,160,80,295.52,104,6,-1,-1007,evil_twin,evil_twin
1684001086,-1,-100,-100,-100,0,0,87,0,0,0,64,67,161,160,80,295.51,104,4,8,-988,evil_twin,evil_twin
1684001086,-1,-100,-100,-100,0,0,74,0,0,0,64,67,161,160,80,295.55,104,3,4,-997,evil_twin,evil_twin
1684001087,-1,-100,-100,-100,0,0,74,0,0,0,64,67,161,160,80,295.55,104,3,4,-997,evil_twin,evil_twin
1684001087,-1,-100,-100,-100,0,0,68,0,0,0,64,67,161,160,80,295.55,105,2,14,-1006,evil_twin,evil_twin
1684001087,-1,-100,-100,-100,0,0,56,0,0,0,64,67,161,160,80,295.52,105,-2,13,-998,evil_twin,evil_twin
1684001087,-1,-100,-100,-100,0,0,50,0,0,0,64,67,160,160,80,295.44,105,18,2,-988,evil_twin,evil_twin
1684001087,-1,-100,-100,-100,0,0,44,0,0,0,64,67,160,160,80,295.5,105,-2,8,-1008,evil_twin,evil_twin
1684001087,-1,-100,-100,-100,0,0,32,0,0,0,64,67,160,160,80,295.5,105,2,8,-1014,evil_twin,evil_twin
1684001087,-1,-100,-100,-100,0,0,26,0,0,0,64,67,160,160,80,295.52,105,4,2,-996,evil_twin,evil_twin
1684001087,-1,-100,-100,-100,0,0,22,0,0,0,64,67,160,160,80,295.53,105,-4,6,-1001,evil_twin,evil_twin
1684001088,-1,-100,-100,-100,0,0,16,0,0,0,64,67,161,160,80,295.54,106,6,10,-1001,evil_twin,evil_twin
1684001088,-1,-100,-100,-100,0,0,15,0,0,0,64,67,161,160,80,295.56,106,5,7,-994,evil_twin,evil_twin
1684001088,-1,-100,-100,-100,0,0,11,0,0,0,64,67,162,160,80,295.53,106,-4,10,-992,evil_twin,evil_twin
1684001088,-1,-100,-100,-100,0,0,10,0,0,0,64,65,162,160,80,295.54,106,-11,11,-987,evil_twin,evil_twin
1684001088,-1,-100,-100,-100,0,0,10,0,0,0,64,65,162,160,80,295.49,106,0,11,-992,evil_twin,evil_twin
1684001088,-1,-100,-100,-100,0,0,10,0,0,0,64,65,162,160,80,295.6,106,5,14,-997,evil_twin,evil_twin
1684001089,-1,-100,-100,-100,0,0,10,0,0,0,64,65,162,160,80,295.6,106,5,14,-997,evil_twin,evil_twin
1684001089,-1,-100,-100,-100,0,0,10,0,0,0,64,65,161,160,80,295.52,106,-8,18,-993,evil_twin,evil_twin
1684001089,-1,-100,-100,-100,0,0,10,0,0,0,64,65,161,160,80,295.51,107,-4,16,-1002,evil_twin,evil_twin
1684001089,-1,-100,-100,-100,0,0,10,0,0,0,64,65,160,160,80,295.5,107,6,20,-1000,evil_twin,evil_twin
1684001089,-1,-100,-100,-100,0,0,10,0,0,0,64,65,160,160,80,295.57,107,-5,12,-986,evil_twin,evil_twin
1684001089,-1,-100,-100,-100,0,0,10,0,0,0,64,65,159,160,80,295.55,107,-4,15,-987,evil_twin,evil_twin
1684001089,-1,-100,-100,-100,0,0,10,0,0,0,64,65,159,160,80,295.56,107,-6,16,-1013,evil_twin,evil_twin
1684001089,-1,-100,-100,-100,0,0,10,0,0,0,64,66,159,160,80,295.49,107,12,1,-1000,evil_twin,evil_twin
1684001089,-1,-100,-100,-100,0,0,10,0,0,0,64,66,158,160,80,295.48,107,17,15,-1006,evil_twin,evil_twin
1684001089,-1,-100,-100,-100,0,0,10,0,0,0,64,66,159,160,80,295.5,107,5,5,-991,evil_twin,evil_twin
1684001090,-1,-100,-100,-100,0,0,10,0,0,0,64,66,159,160,80,295.5,107,5,5,-991,evil_twin,evil_twin
1684001090,-1,-100,-100,-100,0,0,10,0,0,0,64,66,159,160,80,295.53,107,14,11,-1005,evil_twin,evil_twin
1684001090,-1,-100,-100,-100,0,0,10,0,0,0,64,66,159,160,80,295.48,108,-7,15,-999,evil_twin,evil_twin
1684001090,-1,-100,-100,-100,0,0,10,0,0,0,64,66,159,160,80,295.49,108,-8,7,-996,evil_twin,evil_twin
1684001090,-1,-100,-100,-100,0,0,10,0,0,0,64,66,160,160,80,295.46,108,6,6,-1009,evil_twin,evil_twin
1684001090,-1,-100,-100,-100,0,0,10,0,0,0,63,66,160,160,80,295.51,108,-2,0,-991,evil_twin,evil_twin
1684001090,-1,-100,-100,-100,0,0,10,0,0,0,63,66,160,160,80,295.41,108,-3,4,-997,evil_twin,evil_twin
1684001091,-1,-100,-100,-100,0,0,10,0,0,0,63,66,160,160,80,295.51,108,-21,6,-1004,evil_twin,evil_twin
1684001091,-1,-100,-100,-100,0,0,10,0,0,0,63,66,161,160,80,295.52,109,-8,-1,-993,evil_twin,evil_twin
1684001091,-1,-100,-100,-100,0,0,10,0,0,0,63,66,162,160,80,295.51,109,-10,0,-999,evil_twin,evil_twin
1684001091,-1,-100,-100,-100,0,0,10,0,0,0,63,66,162,160,80,295.49,109,3,17,-1015,evil_twin,evil_twin
1684001091,-1,-100,-100,-100,0,0,10,0,0,0,64,66,162,160,80,295.6,109,-21,-5,-991,evil_twin,evil_twin
1684001091,-1,-100,-100,-100,0,0,10,0,0,0,64,66,162,160,80,295.59,109,-5,-4,-1005,evil_twin,evil_twin
1684001091,-1,-100,-100,-100,0,0,10,0,0,0,64,66,162,160,80,295.59,109,-5,0,-1003,evil_twin,evil_twin
1684001092,-1,-100,-100,-100,0,0,10,0,0,0,64,66,162,160,80,295.59,109,-5,0,-1003,evil_twin,evil_twin
1684001092,-1,-100,-100,-100,0,0,10,0,0,0,64,66,162,160,80,295.57,110,-21,-8,-998,evil_twin,evil_twin
1684001092,-1,-100,-100,-100,0,0,10,0,0,0,64,66,162,160,80,295.51,110,-15,-9,-998,evil_twin,evil_twin
1684001092,-1,-100,-100,-100,0,0,10,0,0,0,64,66,162,160,79,295.56,110,2,1,-999,evil_twin,evil_twin
1684001092,-1,-100,-100,-100,0,0,11,0,0,0,64,66,163,160,79,295.44,110,-40,-13,-987,evil_twin,evil_twin
1684001092,-1,-100,-100,-100,0,0,11,0,0,0,64,67,162,160,79,295.56,110,-17,-4,-1009,evil_twin,evil_twin
1684001092,-1,-100,-100,-100,-1,0,11,0,0,0,64,67,161,160,79,295.53,110,-4,4,-1021,evil_twin,evil_twin
1684001092,-1,-100,-100,-100,-1,0,11,0,0,0,64,67,162,160,79,295.49,110,-29,4,-998,evil_twin,evil_twin
1684001093,-1,-100,-100,-100,-1,0,11,0,0,0,64,67,162,160,79,295.49,110,-29,4,-998,evil_twin,evil_twin
1684001093,-1,-100,-100,-100,-1,0,10,0,0,0,64,67,162,160,79,295.54,110,-35,6,-1007,evil_twin,evil_twin
1684001093,-1,-100,-100,-100,0,0,10,0,0,0,64,67,163,160,79,295.53,111,-6,1,-978,evil_twin,evil_twin
1684001093,-1,-100,-100,-100,0,0,10,0,0,0,64,67,161,160,79,295.47,111,0,-14,-986,evil_twin,evil_twin
1684001093,-1,-100,-100,-100,0,0,10,0,0,0,64,67,161,160,79,295.51,111,-9,-10,-1000,evil_twin,evil_twin
1684001093,-1,-100,-100,-100,0,0,10,0,0,0,64,67,161,160,79,295.49,111,-14,0,-1002,evil_twin,evil_twin
1684001093,-1,-100,-100,-100,0,0,10,0,0,0,63,66,159,160,79,295.48,111,-18,-5,-996,evil_twin,evil_twin
1684001093,-1,-100,-100,-100,0,0,10,0,0,0,63,66,160,160,79,295.51,111,-14,-6,-1015,evil_twin,evil_twin
1684001094,-1,-100,-100,-100,0,0,10,0,0,0,63,66,158,160,79,295.6,112,-12,-3,-1005,evil_twin,evil_twin
1684001094,-1,-100,-100,-100,0,0,10,0,0,0,63,66,159,160,79,295.55,112,-21,-8,-1000,evil_twin,evil_twin
1684001094,-1,-100,-100,-100,0,0,10,0,0,0,63,66,158,160,79,295.55,112,-8,6,-1007,evil_twin,evil_twin
1684001094,-1,-100,-100,-100,0,0,10,0,0,0,63,66,158,160,79,295.54,112,-17,-4,-1008,evil_twin,evil_twin
1684001094,-1,-100,-100,-100,0,0,10,0,0,0,63,66,157,160,79,295.6,112,-14,-6,-1004,evil_twin,evil_twin
1684001094,-1,-100,-100,-100,0,0,10,0,0,0,63,66,159,160,79,295.59,112,-22,-11,-975,evil_twin,evil_twin
1684001094,-1,-100,-100,-100,-1,0,10,0,0,0,64,66,159,160,79,295.67,112,-12,-3,-1006,evil_twin,evil_twin
1684001094,-1,-100,-100,-100,-1,0,10,0,0,0,64,66,158,160,79,295.6,112,-19,-14,-997,evil_twin,evil_twin
1684001094,-1,-100,-100,-100,-1,0,10,0,0,0,64,66,158,160,79,295.58,112,-14,-12,-1007,evil_twin,evil_twin
1684001095,-1,-100,-100,-100,-1,0,10,0,0,0,64,66,158,160,79,295.58,112,-14,-12,-1007,evil_twin,evil_twin
1684001095,-1,-100,-100,-100,-1,0,10,0,0,0,64,66,158,160,79,295.52,112,-16,-11,-1007,evil_twin,evil_twin
1684001095,-1,-100,-100,-100,0,0,10,0,0,0,64,66,159,160,79,295.51,113,-17,-19,-1001,evil_twin,evil_twin
1684001095,-1,-100,-100,-100,0,0,10,0,0,0,64,66,158,160,79,295.51,113,-6,-12,-995,evil_twin,evil_twin
1684001095,-1,-100,-100,-100,0,0,10,0,0,0,64,66,159,160,79,295.51,113,-9,-13,-997,evil_twin,evil_twin
1684001095,-1,-100,-100,-100,0,0,10,0,0,0,64,66,159,160,79,295.47,113,-13,-22,-989,evil_twin,evil_twin
1684001095,-1,-100,-100,-100,0,0,10,0,0,0,64,66,159,160,79,295.47,113,-8,-8,-994,evil_twin,evil_twin
1684001095,-1,-100,-100,-100,0,0,10,0,0,0,64,66,159,160,79,295.42,113,-12,-9,-998,evil_twin,evil_twin
1684001095,-1,-100,-100,-100,0,0,10,0,0,0,64,67,159,160,79,295.46,113,1,-13,-992,evil_twin,evil_twin
1684001095,-1,-100,-100,-100,0,0,10,0,0,0,64,67,159,160,79,295.5,113,-15,-6,-990,evil_twin,evil_twin
1684001095,-1,-100,-100,-100,0,0,10,0,0,0,64,67,159,160,79,295.5,113,-16,-9,-983,evil_twin,evil_twin
1684001095,-1,-100,-100,-100,0,0,10,0,0,0,64,67,159,160,79,295.5,113,-7,-14,-998,evil_twin,evil_twin
1684001096,-1,-100,-100,-100,0,0,10,0,0,0,64,67,159,160,79,295.5,113,-7,-14,-998,evil_twin,evil_twin
1684001096,-1,-100,-100,-100,0,0,10,0,0,0,64,67,159,160,79,295.46,114,-21,-17,-1003,evil_twin,evil_twin
1684001096,-1,-100,-100,-100,0,0,10,0,0,0,64,67,159,160,79,295.51,114,-9,-16,-1000,evil_twin,evil_twin
1684001096,-1,-100,-100,-100,0,0,10,0,0,0,64,67,160,160,79,295.44,114,-16,-16,-1000,evil_twin,evil_twin
1684001096,-1,-100,-100,-100,0,0,10,0,0,0,64,67,159,160,79,295.45,114,-13,-8,-1000,evil_twin,evil_twin
1684001096,-1,-100,-100,-100,0,0,10,0,0,0,64,67,159,160,79,295.43,114,-6,-5,-995,evil_twin,evil_twin
1684001096,-1,-100,-100,-100,0,0,10,0,0,0,64,67,159,160,79,295.53,114,6,-14,-1023,evil_twin,evil_twin
1684001096,-1,-100,-100,-100,0,4,10,0,0,0,64,66,160,160,79,295.49,114,3,-1,-985,evil_twin,evil_twin
1684001096,-1,-100,-100,-100,0,7,10,0,-1,0,64,66,160,160,79,295.53,114,-7,-22,-1013,evil_twin,evil_twin
1684001096,-1,-100,-100,-100,0,6,10,0,-2,0,64,66,159,160,79,295.58,114,-18,-25,-996,evil_twin,evil_twin
1684001097,-1,-100,-100,-100,0,6,10,0,-2,0,64,66,159,160,79,295.58,114,-18,-25,-996,evil_twin,evil_twin
1684001097,-1,-100,-100,-100,0,3,10,0,-3,0,64,66,160,160,79,295.63,114,-7,-27,-992,evil_twin,evil_twin
1684001097,-1,-100,-100,-100,0,0,10,0,-3,0,64,66,159,160,79,295.53,115,-17,-30,-999,evil_twin,evil_twin
1684001097,-1,-100,-100,-100,0,0,10,0,-2,0,64,66,158,160,79,295.51,115,10,-22,-1014,evil_twin,evil_twin
1684001097,-1,-100,-100,-100,0,0,10,0,-2,0,64,66,158,160,78,295.49,115,-6,-29,-1000,evil_twin,evil_twin
1684001097,-1,-100,-100,-100,0,1,10,0,-2,0,64,66,158,160,78,295.5,115,14,-14,-1008,evil_twin,evil_twin
1684001097,-1,-100,-100,-100,0,1,10,0,-2,0,64,66,158,160,78,295.51,115,-8,-32,-992,evil_twin,evil_twin
1684001097,-1,-100,-100,-100,0,1,10,0,-2,0,64,66,158,160,78,295.52,115,7,-23,-1002,evil_twin,evil_twin
1684001097,-1,-100,-100,-100,0,1,10,0,-2,0,64,66,158,160,78,295.55,115,-5,-26,-993,evil_twin,evil_twin
1684001097,-1,-100,-100,-100,0,0,10,0,-2,0,64,66,157,160,78,295.48,115,0,-19,-1002,evil_twin,evil_twin
1684001097,-1,-100,-100,-100,-1,0,10,0,-2,0,64,66,158,160,78,295.49,115,11,-9,-1001,evil_twin,evil_twin
1684001098,-1,-100,-100,-100,-1,0,10,0,-2,0,64,66,158,160,78,295.49,115,11,-9,-1001,evil_twin,evil_twin
1684001098,-1,-100,-100,-100,0,0,10,0,-2,0,64,66,157,160,78,295.53,116,-6,-14,-1002,evil_twin,evil_twin
1684001098,-1,-100,-100,-100,0,-1,10,0,-2,0,64,66,158,160,78,295.48,116,-10,-21,-1006,evil_twin,evil_twin
1684001098,-1,-100,-100,-100,0,-2,10,0,-1,0,64,66,156,160,78,295.49,116,7,-8,-1032,evil_twin,evil_twin
1684001098,-1,-100,-100,-100,0,-3,10,0,-1,0,64,66,157,160,78,295.44,116,-10,-12,-989,evil_twin,evil_twin
1684001098,-1,-100,-100,-100,2,0,10,0,0,0,64,66,157,160,78,295.47,116,0,3,-1010,evil_twin,evil_twin
1684001098,-1,-100,-100,-100,3,0,10,0,0,0,64,66,157,160,78,295.49,116,6,-11,-1004,evil_twin,evil_twin
1684001098,-1,-100,-100,-100,-3,0,10,0,0,0,64,67,157,160,78,295.47,116,18,-8,-986,evil_twin,evil_twin
1684001098,-1,-100,-100,-100,-1,0,10,0,0,0,64,67,157,160,78,295.41,116,-9,-5,-995,evil_twin,evil_twin
1684001098,-1,-100,-100,-100,-1,-4,10,0,0,0,64,67,156,160,78,295.47,116,-23,6,-967,evil_twin,evil_twin
1684001098,-1,-100,-100,-100,0,-7,11,0,1,0,64,67,150,160,78,295.44,117,3,5,-1040,evil_twin,evil_twin
1684001099,-1,-100,-100,-100,0,-7,11,0,1,0,64,67,150,160,78,295.44,117,3,5,-1040,evil_twin,evil_twin
1684001099,-1,-100,-100,-100,0,-6,11,0,2,0,64,67,151,160,78,295.51,117,-4,3,-1013,evil_twin,evil_twin
1684001099,-1,-100,-100,-100,0,-3,10,0,3,0,64,67,156,160,78,295.6,117,5,18,-1019,evil_twin,evil_twin
1684001099,-1,-100,-100,-100,0,-1,11,0,3,0,64,67,156,160,78,295.5,117,-5,19,-1016,evil_twin,evil_twin
1684001099,-1,-100,-100,-100,0,0,11,0,3,0,64,67,156,160,78,295.61,117,-1,28,-1006,evil_twin,evil_twin
1684001099,-1,-100,-100,-100,0,0,11,0,2,0,64,67,156,160,78,295.59,117,-21,26,-982,evil_twin,evil_twin
1684001099,-1,-100,-100,-100,0,0,11,0,2,0,64,67,157,160,78,295.5,117,-16,21,-1013,evil_twin,evil_twin
1684001099,-1,-100,-100,-100,0,0,11,0,2,0,64,67,157,160,78,295.56,117,-13,25,-1007,evil_twin,evil_twin
1684001099,-1,-100,-100,-100,0,0,11,0,2,0,64,67,157,160,78,295.55,117,-1,28,-1000,evil_twin,evil_twin
1684001099,-1,-100,-100,-100,0,0,10,0,2,0,64,67,158,160,78,295.5,117,-9,25,-992,evil_twin,evil_twin
1684001100,-1,-100,-100,-100,0,0,10,0,2,0,64,67,158,160,78,295.5,117,-9,25,-992,evil_twin,evil_twin
1684001100,-1,-100,-100,-100,0,0,10,0,2,0,64,67,156,160,78,295.42,118,-21,20,-997,evil_twin,evil_twin
1684001100,-1,-100,-100,-100,0,0,10,0,2,0,64,67,157,160,78,295.52,118,17,9,-992,evil_twin,evil_twin
1684001100,-1,-100,-100,-100,0,0,10,0,2,0,64,67,158,160,78,295.53,118,7,9,-1003,evil_twin,evil_twin
1684001100,-1,-100,-100,-100,0,0,11,0,2,0,64,67,157,160,78,295.55,118,-8,12,-1014,evil_twin,evil_twin
1684001100,-1,-100,-100,-100,0,0,11,0,2,0,64,67,157,160,78,295.51,118,0,10,-1004,evil_twin,evil_twin
1684001100,-1,-100,-100,-100,0,3,11,0,2,0,64,67,158,160,78,295.54,118,9,15,-1002,evil_twin,evil_twin
1684001100,-1,-100,-100,-100,-1,4,10,0,1,0,64,67,159,160,78,295.48,118,0,12,-1023,evil_twin,evil_twin
1684001100,-1,-100,-100,-100,0,2,10,0,0,0,64,67,159,160,78,295.54,118,15,0,-990,evil_twin,evil_twin
1684001100,-1,-100,-100,-100,0,1,10,0,0,0,64,67,158,160,78,295.53,118,-16,0,-1019,evil_twin,evil_twin
1684001100,-1,-100,-100,-100,-6,0,10,0,0,0,64,67,159,160,78,295.49,118,-25,4,-974,evil_twin,evil_twin
1684001100,-1,-100,-100,-100,-8,0,10,-1,0,0,64,67,161,160,78,295.5,119,-23,9,-992,evil_twin,evil_twin
1684001101,-1,-100,-100,-100,-8,0,10,-1,0,0,64,67,161,160,78,295.5,119,-23,9,-992,evil_twin,evil_twin
1684001101,-1,-100,-100,-100,-6,0,10,-2,0,0,64,67,161,160,78,295.48,119,-31,-2,-1017,evil_twin,evil_twin
1684001101,-1,-100,-100,-100,-4,0,10,-2,0,0,64,67,160,160,78,295.49,119,-37,1,-1004,evil_twin,evil_twin
1684001101,-1,-100,-100,-100,-2,0,10,-3,0,0,64,67,160,160,78,295.51,119,-25,-10,-995,evil_twin,evil_twin
1684001101,-1,-100,-100,-100,0,0,10,-3,0,0,64,67,160,160,78,295.49,119,-44,6,-989,evil_twin,evil_twin
1684001101,-1,-100,-100,-100,0,0,10,-2,0,0,64,67,159,160,78,295.47,119,-31,2,-987,evil_twin,evil_twin
1684001101,-1,-100,-100,-100,-1,0,10,-2,0,0,64,67,161,160,78,295.43,119,-43,-5,-1005,evil_twin,evil_twin
1684001101,-1,-100,-100,-100,-1,0,10,-2,0,0,63,67,160,160,78,295.43,119,-38,-7,-997,evil_twin,evil_twin
1684001101,-1,-100,-100,-100,-2,0,10,-2,0,0,63,67,160,160,78,295.27,119,-48,-2,-987,evil_twin,evil_twin
1684001101,-1,-100,-100,-100,-1,0,10,-2,0,0,63,67,160,160,78,295.38,119,-24,-2,-995,evil_twin,evil_twin
1684001102,-1,-100,-100,-100,-1,0,10,-2,0,0,63,67,160,160,78,295.38,119,-24,-2,-995,evil_twin,evil_twin
1684001102,-1,-100,-100,-100,-1,0,10,-2,0,0,63,67,160,160,78,295.46,120,-38,9,-1007,evil_twin,evil_twin
1684001102,-1,-100,-100,-100,-1,0,10,-2,0,0,63,67,161,160,78,295.43,120,-50,3,-1005,evil_twin,evil_twin
1684001102,-1,-100,-100,-100,-1,0,10,-2,0,0,63,67,160,160,78,295.51,120,-36,11,-1002,evil_twin,evil_twin
1684001102,-1,-100,-100,-100,-1,0,11,-2,0,0,63,67,160,160,78,295.51,120,-41,9,-1000,evil_twin,evil_twin
1684001102,-1,-100,-100,-100,0,0,10,-2,0,0,63,67,161,160,78,295.41,120,-23,-3,-988,evil_twin,evil_twin
1684001102,-1,-100,-100,-100,0,0,10,-2,0,0,63,67,160,160,78,295.41,120,-5,0,-988,evil_twin,evil_twin
1684001102,-1,-100,-100,-100,3,0,10,-1,0,0,63,67,161,160,78,295.5,120,-30,-6,-1005,evil_twin,evil_twin
1684001102,-1,-100,-100,-100,2,0,10,0,0,0,64,67,161,160,78,295.49,120,-13,11,-1003,evil_twin,evil_twin
1684001102,-1,-100,-100,-100,0,0,10,0,0,0,64,67,159,160,78,295.44,120,-21,-3,-991,evil_twin,evil_twin
1684001102,-1,-100,-100,-100,1,0,10,0,0,0,64,67,159,160,78,295.51,120,-17,0,-992,evil_twin,evil_twin
1684001103,-1,-100,-100,-100,1,0,10,0,0,0,64,67,159,160,78,295.51,120,-17,0,-992,evil_twin,evil_twin
1684001103,-1,-100,-100,-100,6,0,10,0,0,0,64,67,161,160,78,295.5,121,-34,-4,-1016,evil_twin,evil_twin
1684001103,-1,-100,-100,-100,6,0,10,1,0,0,64,67,160,160,78,295.64,121,-10,-2,-1005,evil_twin,evil_twin
1684001103,-1,-100,-100,-100,4,0,10,2,0,0,64,67,160,160,78,295.7,121,3,-1,-1007,evil_twin,evil_twin
1684001103,-1,-100,-100,-100,2,0,10,3,0,0,64,67,159,160,78,295.64,121,7,2,-996,evil_twin,evil_twin
1684001103,-1,-100,-100,-100,0,0,10,3,0,0,64,67,159,160,78,295.64,121,1,-1,-986,evil_twin,evil_twin
1684001103,-1,-100,-100,-100,-1,0,10,3,0,0,64,67,158,160,78,295.55,121,21,13,-1012,evil_twin,evil_twin
1684001103,-1,-100,-100,-100,-1,0,10,3,0,0,64,67,159,160,78,295.6,121,14,14,-1018,evil_twin,evil_twin
1684001103,-1,-100,-100,-100,0,0,10,2,0,0,64,67,158,160,78,295.38,121,-6,5,-1018,evil_twin,evil_twin
1684001103,-1,-100,-100,-100,0,0,10,2,0,0,64,67,158,160,78,295.54,121,-12,6,-991,evil_twin,evil_twin
1684001104,-1,-100,-100,-100,0,0,10,2,0,0,64,67,158,160,78,295.54,121,-12,6,-991,evil_twin,evil_twin
1684001104,-1,-100,-100,-100,0,0,10,2,0,0,64,67,158,160,78,295.52,122,-13,9,-1010,evil_twin,evil_twin
1684001104,-1,-100,-100,-100,0,0,10,2,0,0,64,67,157,160,78,295.49,122,-19,8,-992,evil_twin,evil_twin
1683978560,-1,-100,-100,-100,0,0,19,0,0,-1,67,69,86,40,62,282.65,285,-18,-9,-1013,evil_twin,evil_twin
1683978560,-1,-100,-100,-100,0,0,19,0,0,-1,67,69,86,40,62,282.65,285,-18,-9,-1013,evil_twin,evil_twin
1683978560,-1,-100,-100,-100,0,0,19,0,0,-1,67,69,84,40,62,282.63,285,-6,-9,-1006,evil_twin,evil_twin
1683978560,-1,-100,-100,-100,0,0,19,0,0,-1,67,69,83,40,62,282.6,285,1,-9,-1009,evil_twin,evil_twin
1683978561,-1,-100,-100,-100,0,0,19,0,0,-1,67,69,83,40,62,282.6,285,1,-9,-1009,evil_twin,evil_twin
1683978561,-1,-100,-100,-100,0,0,19,0,0,-1,67,69,82,40,62,282.57,286,4,-4,-1016,evil_twin,evil_twin
1683978561,-1,-100,-100,-100,0,0,19,0,0,-1,67,69,80,40,62,282.62,286,-14,-4,-1007,evil_twin,evil_twin
1683978561,-1,-100,-100,-100,0,0,19,0,0,0,67,69,79,40,62,282.63,286,1,-7,-1005,evil_twin,evil_twin
1683978561,-1,-100,-100,-100,0,0,19,0,0,0,67,69,79,40,62,282.57,286,-13,-8,-1006,evil_twin,evil_twin
1683978561,-1,-100,-100,-100,0,0,19,0,0,0,67,69,78,40,62,282.6,286,-1,-6,-1003,evil_twin,evil_twin
1683978561,-1,-100,-100,-100,0,0,19,0,0,0,67,70,77,30,62,282.59,286,8,-2,-1008,evil_twin,evil_twin
1683978561,-1,-100,-100,-100,0,0,19,0,0,0,67,70,76,30,62,282.63,286,-2,-9,-1007,evil_twin,evil_twin
1683978561,-1,-100,-100,-100,0,0,19,0,0,0,67,70,76,30,62,282.58,286,8,-2,-1007,evil_twin,evil_twin
1683978561,-1,-100,-100,-100,0,0,19,0,0,0,67,70,75,30,62,282.54,286,-6,2,-1001,evil_twin,evil_twin
1683978561,-1,-100,-100,-100,0,0,19,0,0,0,67,70,75,30,62,282.6,286,-15,-2,-997,evil_twin,evil_twin
1683978562,-1,-100,-100,-100,0,0,19,0,0,0,67,70,75,30,62,282.6,286,-15,-2,-997,evil_twin,evil_twin
1683978562,-1,-100,-100,-100,0,0,19,0,0,0,67,70,75,30,62,282.6,287,-1,-6,-1005,evil_twin,evil_twin
1683978562,-1,-100,-100,-100,0,0,19,0,0,0,67,70,74,30,62,282.66,287,15,0,-1022,evil_twin,evil_twin
1683978562,-1,-100,-100,-100,0,0,19,0,0,0,67,70,74,30,62,282.59,287,-12,-7,-1015,evil_twin,evil_twin
1683978562,-1,-100,-100,-100,0,0,19,0,0,0,67,70,74,30,62,282.57,287,1,-3,-1015,evil_twin,evil_twin
1683978562,-1,-100,-100,-100,0,0,19,0,0,0,67,70,74,30,62,282.57,287,-15,-6,-1008,evil_twin,evil_twin
1683978562,-1,-100,-100,-100,0,0,19,0,0,0,66,69,73,30,62,282.57,287,0,-5,-995,evil_twin,evil_twin
1683978562,-1,-100,-100,-100,0,0,19,0,0,0,66,69,73,30,62,282.66,287,16,-4,-1007,evil_twin,evil_twin
1683978562,-1,-100,-100,-100,0,0,19,0,0,0,66,69,73,30,62,282.63,287,-12,-7,-1003,evil_twin,evil_twin
1683978562,-1,-100,-100,-100,0,0,19,0,0,0,66,69,73,30,62,282.65,287,-3,-1,-1008,evil_twin,evil_twin
1683978562,-1,-100,-100,-100,0,0,19,0,0,0,66,69,73,30,62,282.58,287,-21,-8,-1002,evil_twin,evil_twin
1683978563,-1,-100,-100,-100,0,0,19,0,0,0,66,69,73,30,62,282.58,287,-21,-8,-1002,evil_twin,evil_twin
1683978563,-1,-100,-100,-100,0,0,19,0,0,0,66,69,73,30,62,282.61,288,-3,-4,-1002,evil_twin,evil_twin
1683978563,-1,-100,-100,-100,0,0,19,0,0,0,66,69,74,30,62,282.54,288,17,-10,-992,evil_twin,evil_twin
1683978563,-1,-100,-100,-100,0,0,19,0,0,0,66,69,74,30,62,282.56,288,11,-5,-1002,evil_twin,evil_twin
1683978563,-1,-100,-100,-100,0,0,19,0,0,0,66,69,74,30,62,282.59,288,3,1,-999,evil_twin,evil_twin
1683978563,-1,-100,-100,-100,0,0,19,0,0,0,66,69,74,30,62,282.61,288,6,-3,-991,evil_twin,evil_twin
1683978563,-1,-100,-100,-100,0,0,19,0,0,0,67,69,75,30,62,282.6,288,2,0,-1000,evil_twin,evil_twin
1683978563,-1,-100,-100,-100,0,0,19,0,0,0,67,69,75,30,62,282.58,288,8,-11,-994,evil_twin,evil_twin
1683978563,-1,-100,-100,-100,0,0,19,0,0,0,67,69,75,30,62,282.57,288,3,-11,-1004,evil_twin,evil_twin
1683978563,-1,-100,-100,-100,0,0,19,0,0,0,67,69,75,30,62,282.57,288,0,-3,-1004,evil_twin,evil_twin
1683978563,-1,-100,-100,-100,0,0,19,0,0,0,67,69,76,30,62,282.59,288,5,4,-999,evil_twin,evil_twin
1683978564,-1,-100,-100,-100,0,0,19,0,0,0,67,69,76,30,62,282.59,288,5,4,-999,evil_twin,evil_twin
1683978564,-1,-100,-100,-100,0,0,19,0,0,0,67,69,76,30,62,282.59,289,6,0,-1005,evil_twin,evil_twin
1683978564,-1,-100,-100,-100,0,0,19,0,0,0,67,69,76,30,62,282.58,289,8,-1,-1007,evil_twin,evil_twin
1683978564,-1,-100,-100,-100,0,0,19,0,0,0,67,69,76,30,62,282.66,289,1,-9,-994,evil_twin,evil_twin
1683978564,-1,-100,-100,-100,0,0,19,0,0,0,67,69,77,30,62,282.6,289,-25,-4,-1005,evil_twin,evil_twin
1683978564,-1,-100,-100,-100,0,0,19,0,0,0,67,69,76,30,62,282.57,289,0,-6,-998,evil_twin,evil_twin
1683978564,-1,-100,-100,-100,0,0,19,0,0,0,66,69,77,30,62,282.66,289,-8,-2,-995,evil_twin,evil_twin
1683978564,-1,-100,-100,-100,0,0,19,0,0,0,66,69,77,30,62,282.63,289,12,-2,-1001,evil_twin,evil_twin
1683978564,-1,-100,-100,-100,0,0,19,0,0,0,66,69,77,30,62,282.6,289,-7,-20,-992,evil_twin,evil_twin
1683978564,-1,-100,-100,-100,0,0,19,0,0,0,66,69,78,30,62,282.71,289,-12,-5,-997,evil_twin,evil_twin
1683978564,-1,-100,-100,-100,0,0,19,0,0,0,66,69,78,30,62,282.7,289,3,-10,-996,evil_twin,evil_twin
1683978565,-1,-100,-100,-100,0,0,19,0,0,0,66,69,78,30,62,282.7,289,3,-10,-996,evil_twin,evil_twin
1683978565,-1,-100,-100,-100,0,0,19,0,0,0,66,69,78,30,62,282.65,290,-9,-11,-989,evil_twin,evil_twin
1683978565,-1,-100,-100,-100,0,0,19,0,0,0,66,69,78,30,62,282.64,290,8,-7,-985,evil_twin,evil_twin
1683978565,-1,-100,-100,-100,0,0,19,0,0,0,66,69,78,30,62,282.61,290,11,-4,-1015,evil_twin,evil_twin
1683978565,-1,-100,-100,-100,0,0,19,0,0,0,66,69,78,30,62,282.59,290,-3,-13,-1003,evil_twin,evil_twin
1683978565,-1,-100,-100,-100,0,0,19,0,0,0,66,69,78,30,62,282.6,290,-10,-5,-982,evil_twin,evil_twin
1683978565,-1,-100,-100,-100,0,0,19,0,0,0,66,69,78,30,62,282.65,290,0,-11,-995,evil_twin,evil_twin
1683978565,-1,-100,-100,-100,0,1,20,0,0,0,66,69,78,30,62,282.67,290,-5,-7,-1076,evil_twin,evil_twin
1683978565,-1,-100,-100,-100,0,0,19,0,0,1,66,69,79,40,62,282.68,290,-8,2,-1107,evil_twin,evil_twin
1683978565,-1,-100,-100,-100,0,0,20,0,0,2,66,69,82,40,62,282.72,290,16,2,-1098,evil_twin,evil_twin
1683978565,-1,-100,-100,-100,0,0,20,0,0,3,66,69,84,40,62,282.73,291,-7,-12,-1061,evil_twin,evil_twin
1683978566,-1,-100,-100,-100,0,0,20,0,0,3,66,69,84,40,62,282.73,291,-7,-12,-1061,evil_twin,evil_twin
1683978566,-1,-100,-100,-100,0,0,20,0,0,3,66,69,88,40,62,282.72,291,14,-3,-1047,evil_twin,evil_twin
1683978566,-1,-100,-100,-100,0,0,20,0,0,3,66,69,92,50,62,282.75,291,5,-10,-1038,evil_twin,evil_twin
1683978566,-1,-100,-100,-100,0,0,20,0,0,4,66,69,96,50,62,282.9,291,-1,-5,-1011,evil_twin,evil_twin
1683978566,-1,-100,-100,-100,0,0,20,0,0,4,66,69,101,60,62,282.88,291,-3,-5,-1010,evil_twin,evil_twin
1683978566,-1,-100,-100,-100,0,0,20,0,0,4,66,69,105,60,62,282.91,291,-1,-3,-1007,evil_twin,evil_twin
1683978566,-1,-100,-100,-100,0,0,20,0,0,4,66,69,110,70,62,282.92,291,6,-3,-998,evil_twin,evil_twin
1683978566,-1,-100,-100,-100,0,0,20,0,0,4,66,69,115,70,62,283,291,-8,-4,-980,evil_twin,evil_twin
1683978566,-1,-100,-100,-100,0,0,20,0,0,4,66,69,120,80,62,282.98,291,-1,0,-985,evil_twin,evil_twin
1683978566,-1,-100,-100,-100,0,0,20,0,0,4,66,69,124,80,62,283.06,291,-3,4,-984,evil_twin,evil_twin
1683978566,-1,-100,-100,-100,0,0,20,0,0,3,66,69,129,80,62,283.1,292,11,3,-978,evil_twin,evil_twin
1683978567,-1,-100,-100,-100,0,0,20,0,0,3,66,69,129,80,62,283.1,292,11,3,-978,evil_twin,evil_twin
1683978567,-1,-100,-100,-100,0,0,19,0,0,3,66,69,133,90,62,283.2,292,2,1,-973,evil_twin,evil_twin
1683978567,-1,-100,-100,-100,0,0,19,0,0,3,66,69,137,90,62,283.15,292,3,-1,-972,evil_twin,evil_twin
1683978567,-1,-100,-100,-100,0,0,19,0,0,3,66,69,140,100,62,283.26,292,0,0,-964,evil_twin,evil_twin
1683978567,-1,-100,-100,-100,0,0,19,0,0,2,66,69,142,100,62,283.28,292,10,0,-966,evil_twin,evil_twin
1683978567,-1,-100,-100,-100,0,0,19,0,0,2,66,69,145,100,62,283.29,292,-14,0,-966,evil_twin,evil_twin
1683978567,-1,-100,-100,-100,0,0,19,0,0,2,66,69,148,100,62,283.32,292,5,0,-980,evil_twin,evil_twin
1683978567,-1,-100,-100,-100,0,0,19,0,0,1,66,69,149,110,62,283.28,292,-3,2,-958,evil_twin,evil_twin
1683978567,-1,-100,-100,-100,0,0,19,0,0,1,66,69,151,110,62,283.39,292,-7,0,-957,evil_twin,evil_twin
1683978567,-1,-100,-100,-100,0,0,19,0,0,1,66,69,153,110,62,283.34,292,-13,-6,-970,evil_twin,evil_twin
1683978567,-1,-100,-100,-100,0,0,19,0,0,0,66,69,154,110,62,283.35,293,5,5,-967,evil_twin,evil_twin
1683978568,-1,-100,-100,-100,0,0,19,0,0,0,66,69,154,110,62,283.35,293,5,5,-967,evil_twin,evil_twin
1683978568,-1,-100,-100,-100,0,0,19,0,0,0,66,69,154,110,62,283.37,293,-3,-3,-971,evil_twin,evil_twin
1683978568,-1,-100,-100,-100,0,0,19,0,0,0,66,69,155,110,62,283.34,293,-2,-8,-962,evil_twin,evil_twin
1683978568,-1,-100,-100,-100,-5,0,19,0,0,0,66,69,155,110,62,283.36,293,-8,3,-971,evil_twin,evil_twin
1683978568,-1,-100,-100,-100,-8,0,19,-1,0,0,66,69,157,110,62,283.29,293,-17,1,-977,evil_twin,evil_twin
1683978568,-1,-100,-100,-100,-5,0,19,-2,0,0,66,69,156,110,62,283.35,293,12,-6,-984,evil_twin,evil_twin
1683978568,-1,-100,-100,-100,-2,0,19,-3,-1,0,65,68,156,110,62,283.36,293,-28,0,-1000,evil_twin,evil_twin
1683978568,-1,-100,-100,-100,-1,0,19,-3,-1,0,65,68,154,110,62,283.31,293,-17,-2,-1005,evil_twin,evil_twin
1683978568,-1,-100,-100,-100,0,0,19,-3,-1,0,65,68,153,110,62,283.32,293,-18,0,-987,evil_twin,evil_twin
1683978568,-1,-100,-100,-100,0,0,19,-2,-1,0,65,68,154,110,62,283.37,293,-30,7,-1024,evil_twin,evil_twin
1683978568,-1,-100,-100,-100,0,0,19,-2,0,0,65,68,154,110,62,283.34,294,-26,-3,-995,evil_twin,evil_twin
1683978569,-1,-100,-100,-100,0,0,19,-2,0,0,65,68,154,110,62,283.34,294,-26,-3,-995,evil_twin,evil_twin
1683978569,-1,-100,-100,-100,0,0,19,-2,0,0,65,68,153,110,62,283.3,294,0,5,-1003,evil_twin,evil_twin
1683978569,-1,-100,-100,-100,0,0,19,-2,-1,0,65,68,154,110,62,283.33,294,-23,-2,-996,evil_twin,evil_twin
1683978569,-1,-100,-100,-100,0,0,19,-2,-1,0,65,68,154,110,62,283.31,294,-13,-4,-1009,evil_twin,evil_twin
1683978569,-1,-100,-100,-100,0,0,19,-2,-1,0,65,68,154,110,62,283.33,294,-24,2,-1005,evil_twin,evil_twin
1683978569,-1,-100,-100,-100,0,0,19,-2,-1,0,65,68,154,110,62,283.36,294,-26,7,-974,evil_twin,evil_twin
1683978569,-1,-100,-100,-100,0,-2,19,-2,0,0,66,68,154,110,62,283.34,294,-13,-10,-1036,evil_twin,evil_twin
1683978569,-1,-100,-100,-100,0,-1,19,-2,0,0,66,68,154,110,62,283.32,294,2,15,-987,evil_twin,evil_twin
1683978569,-1,-100,-100,-100,4,0,19,-2,0,0,66,68,154,110,62,283.37,294,-12,12,-1010,evil_twin,evil_twin
1683978569,-1,-100,-100,-100,3,1,19,-1,0,0,66,68,155,110,62,283.43,294,-18,-9,-999,evil_twin,evil_twin
1683978569,-1,-100,-100,-100,1,0,19,0,0,0,66,68,154,110,62,283.43,295,0,0,-998,evil_twin,evil_twin
1683978570,-1,-100,-100,-100,1,0,19,0,0,0,66,68,154,110,62,283.43,295,0,0,-998,evil_twin,evil_twin
1683978570,-1,-100,-100,-100,1,0,19,0,0,0,66,68,156,110,62,283.35,295,-3,-6,-999,evil_twin,evil_twin
1683978570,-1,-100,-100,-100,1,0,19,0,0,0,66,68,155,110,62,283.34,295,26,-7,-977,evil_twin,evil_twin
1683978570,-1,-100,-100,-100,7,0,19,0,0,0,66,68,156,110,62,283.41,295,-14,-5,-1016,evil_twin,evil_twin
1683978570,-1,-100,-100,-100,7,0,19,1,0,0,66,68,157,110,62,283.37,295,35,-1,-1016,evil_twin,evil_twin
1683978570,-1,-100,-100,-100,5,0,19,2,1,0,66,68,156,110,62,283.39,295,32,2,-999,evil_twin,evil_twin
1683978570,-1,-100,-100,-100,3,0,19,3,1,0,65,69,156,110,62,283.32,295,20,6,-989,evil_twin,evil_twin
1683978570,-1,-100,-100,-100,0,0,19,3,1,0,65,69,157,110,62,283.37,295,38,3,-998,evil_twin,evil_twin
1683978570,-1,-100,-100,-100,0,0,19,3,1,0,65,69,156,110,62,283.37,295,1,6,-1005,evil_twin,evil_twin
1683978570,-1,-100,-100,-100,0,0,19,3,0,0,65,69,156,110,62,283.37,295,24,-4,-982,evil_twin,evil_twin
1683978570,-1,-100,-100,-100,0,0,19,2,0,0,65,69,155,110,62,283.33,296,25,0,-1003,evil_twin,evil_twin
1683978571,-1,-100,-100,-100,0,0,19,2,0,0,65,69,155,110,62,283.33,296,25,0,-1003,evil_twin,evil_twin
1683978571,-1,-100,-100,-100,0,0,19,2,0,0,65,69,156,110,62,283.4,296,20,-6,-995,evil_twin,evil_twin
1683978571,-1,-100,-100,-100,0,0,19,2,0,0,65,69,154,110,62,283.4,296,12,-4,-994,evil_twin,evil_twin
1683978571,-1,-100,-100,-100,0,0,19,2,1,0,65,69,155,110,62,283.46,296,18,-14,-1017,evil_twin,evil_twin
1683978571,-1,-100,-100,-100,0,2,19,2,0,0,65,69,155,110,62,283.46,296,14,1,-994,evil_twin,evil_twin
1683978571,-1,-100,-100,-100,0,1,19,2,0,0,65,69,155,110,62,283.4,296,15,-6,-1014,evil_twin,evil_twin
1683978571,-1,-100,-100,-100,0,0,19,2,0,0,65,69,155,110,62,283.4,296,17,-18,-998,evil_twin,evil_twin
1683978571,-1,-100,-100,-100,-4,0,19,2,0,0,65,69,155,110,62,283.37,296,13,-6,-997,evil_twin,evil_twin
1683978571,-1,-100,-100,-100,-4,-1,19,1,0,0,65,69,155,110,62,283.39,296,12,-3,-1001,evil_twin,evil_twin
1683978571,-1,-100,-100,-100,-1,0,19,0,0,0,65,69,155,110,62,283.37,296,1,1,-1007,evil_twin,evil_twin
1683978572,-1,-100,-100,-100,-1,0,19,0,0,0,65,69,155,110,62,283.37,296,1,1,-1007,evil_twin,evil_twin
1683978572,-1,-100,-100,-100,0,0,19,0,0,0,65,69,155,110,62,283.35,297,12,0,-982,evil_twin,evil_twin
1683978572,-1,-100,-100,-100,0,0,19,0,0,0,65,69,155,110,62,283.34,297,-6,0,-999,evil_twin,evil_twin
1683978572,-1,-100,-100,-100,0,0,19,0,0,0,65,69,154,110,62,283.4,297,6,0,-994,evil_twin,evil_twin
1683978572,-1,-100,-100,-100,0,0,19,0,0,0,65,69,155,110,62,283.43,297,7,-6,-1008,evil_twin,evil_twin
1683978572,-1,-100,-100,-100,0,0,19,0,0,0,65,69,155,110,62,283.39,297,1,-3,-1000,evil_twin,evil_twin
1683978572,-1,-100,-100,-100,0,0,19,0,0,0,65,69,155,110,62,283.37,297,15,5,-1010,evil_twin,evil_twin
1683978572,-1,-100,-100,-100,0,0,19,0,0,0,65,68,155,110,62,283.34,297,28,-3,-1005,evil_twin,evil_twin
1683978572,-1,-100,-100,-100,0,0,19,0,0,0,65,68,155,110,62,283.4,297,-2,3,-997,evil_twin,evil_twin
1683978572,-1,-100,-100,-100,0,0,19,0,0,0,65,68,155,110,62,283.39,297,-15,0,-992,evil_twin,evil_twin
1683978572,-1,-100,-100,-100,0,0,19,0,0,0,65,68,156,110,62,283.35,297,-3,4,-993,evil_twin,evil_twin
1683978573,-1,-100,-100,-100,0,0,19,0,0,0,65,68,156,110,62,283.35,297,-3,4,-993,evil_twin,evil_twin
1683978573,-1,-100,-100,-100,0,0,19,0,0,0,65,68,156,110,62,283.42,298,-5,-2,-984,evil_twin,evil_twin
1683978573,-1,-100,-100,-100,0,0,19,0,0,0,65,68,156,110,62,283.34,298,-28,7,-990,evil_twin,evil_twin
1683978573,-1,-100,-100,-100,0,0,19,0,0,0,65,68,156,110,62,283.37,298,-12,-1,-1003,evil_twin,evil_twin
1683978573,-1,-100,-100,-100,0,0,19,0,0,0,65,68,156,110,62,283.35,298,21,10,-999,evil_twin,evil_twin
1683978573,-1,-100,-100,-100,0,0,19,0,0,0,65,68,157,110,62,283.39,298,-27,2,-993,evil_twin,evil_twin
1683978573,-1,-100,-100,-100,0,0,19,0,0,0,65,68,157,110,62,283.44,298,3,1,-996,evil_twin,evil_twin
1683978573,-1,-100,-100,-100,0,0,19,0,0,0,66,68,157,110,62,283.39,298,2,3,-996,evil_twin,evil_twin
1683978573,-1,-100,-100,-100,0,0,19,0,0,0,66,68,157,110,62,283.36,298,5,2,-988,evil_twin,evil_twin
1683978573,-1,-100,-100,-100,0,0,19,0,0,0,66,68,158,110,62,283.36,298,-6,5,-1007,evil_twin,evil_twin
1683978573,-1,-100,-100,-100,0,0,19,0,0,0,66,68,158,110,62,283.39,298,-1,0,-995,evil_twin,evil_twin
1683978573,-1,-100,-100,-100,0,0,19,0,0,0,66,68,157,110,62,283.34,299,-5,10,-997,evil_twin,evil_twin
1683978574,-1,-100,-100,-100,0,0,19,0,0,0,66,68,157,110,62,283.34,299,-5,10,-997,evil_twin,evil_twin
1683978574,-1,-100,-100,-100,0,0,19,0,0,0,66,68,157,110,62,283.37,299,-3,0,-986,evil_twin,evil_twin
1683978574,-1,-100,-100,-100,0,0,14,0,0,0,66,68,157,110,62,283.37,299,-1,4,-1006,evil_twin,evil_twin
1683978574,-1,-100,-100,-100,0,0,8,0,0,0,66,68,158,110,62,283.36,299,-6,8,-991,evil_twin,evil_twin
1683978574,-1,-100,-100,-100,0,0,2,0,0,0,66,68,158,110,62,283.39,299,11,2,-996,evil_twin,evil_twin
1683978574,-1,-100,-100,-100,0,0,-3,0,0,0,66,68,157,110,62,283.39,299,-7,6,-1010,evil_twin,evil_twin
1683978574,-1,-100,-100,-100,0,0,-9,0,0,0,65,68,157,110,62,283.4,299,11,-2,-995,evil_twin,evil_twin
1683978574,-1,-100,-100,-100,0,0,-15,0,0,0,65,68,158,110,62,283.44,299,-6,7,-980,evil_twin,evil_twin
1683978574,-1,-100,-100,-100,0,0,-21,0,0,0,65,68,157,110,62,283.37,299,0,7,-1004,evil_twin,evil_twin
1683978574,-1,-100,-100,-100,0,0,-28,0,0,0,65,68,157,110,62,283.35,299,0,2,-999,evil_twin,evil_twin
1683978575,-1,-100,-100,-100,0,0,-28,0,0,0,65,68,157,110,62,283.35,299,0,2,-999,evil_twin,evil_twin
1683978575,-1,-100,-100,-100,0,0,-34,0,0,0,65,68,157,110,62,283.32,300,-3,0,-1002,evil_twin,evil_twin
1683978575,-1,-100,-100,-100,0,0,-40,0,0,0,65,68,157,110,62,283.4,300,2,6,-1007,evil_twin,evil_twin
1683978575,-1,-100,-100,-100,0,0,-46,0,0,0,65,68,157,110,62,283.35,300,2,4,-998,evil_twin,evil_twin
1683978575,-1,-100,-100,-100,0,0,-51,0,0,0,65,68,157,110,62,283.37,300,-4,0,-991,evil_twin,evil_twin
1683978575,-1,-100,-100,-100,0,0,-56,0,0,0,65,68,157,110,62,283.39,300,5,0,-1006,evil_twin,evil_twin
1683978575,-1,-100,-100,-100,0,0,-59,0,0,0,65,68,156,110,62,283.38,300,-6,3,-1004,evil_twin,evil_twin
1683978575,-1,-100,-100,-100,0,0,-62,0,0,0,65,68,156,110,62,283.4,300,0,5,-995,evil_twin,evil_twin
1683978575,-1,-100,-100,-100,0,0,-64,0,0,0,65,68,157,110,62,283.37,300,-17,0,-991,evil_twin,evil_twin
1683978575,-1,-100,-100,-100,0,0,-65,0,0,0,65,68,156,110,62,283.39,300,16,1,-1004,evil_twin,evil_twin
1683978575,-1,-100,-100,-100,0,0,-67,0,0,0,65,68,156,110,62,283.38,300,-26,-4,-996,evil_twin,evil_twin
1683978575,-1,-100,-100,-100,0,0,-68,0,0,0,65,68,155,110,62,283.36,301,-7,1,-1000,evil_twin,evil_twin
1683978576,-1,-100,-100,-100,0,0,-68,0,0,0,65,68,155,110,62,283.36,301,-7,1,-1000,evil_twin,evil_twin
1683978576,-1,-100,-100,-100,0,0,-68,0,0,0,65,68,155,110,62,283.33,301,-27,-8,-995,evil_twin,evil_twin
1683978576,-1,-100,-100,-100,0,0,-68,0,0,0,65,68,154,110,62,283.31,301,0,0,-1015,evil_twin,evil_twin
1683978576,-1,-100,-100,-100,0,0,-68,0,0,0,65,68,155,110,62,283.34,301,7,1,-1028,evil_twin,evil_twin
1683978576,-1,-100,-100,-100,0,5,-68,0,0,0,65,68,154,110,62,283.31,301,-10,14,-1002,evil_twin,evil_twin
1683978576,-1,-100,-100,-100,0,7,-68,-1,0,0,65,68,154,110,62,283.36,301,-12,-2,-1008,evil_twin,evil_twin
1683978576,-1,-100,-100,-100,0,5,-68,-2,-1,0,65,67,154,110,62,283.32,301,-4,-14,-1012,evil_twin,evil_twin
1683978576,-1,-100,-100,-100,0,2,-68,-3,-1,0,65,67,153,110,62,283.33,301,-5,-20,-1005,evil_twin,evil_twin
1683978576,-1,-100,-100,-100,0,0,-68,-3,-1,0,65,67,154,110,62,283.4,301,7,-14,-1008,evil_twin,evil_twin
1683978576,-1,-100,-100,-100,0,0,-68,-3,-1,0,65,67,154,110,62,283.39,301,-17,-24,-995,evil_twin,evil_twin
1683978577,-1,-100,-100,-100,0,0,-68,-3,-1,0,65,67,154,110,62,283.39,301,-17,-24,-995,evil_twin,evil_twin
1683978577,-1,-100,-100,-100,0,0,-68,-2,-1,0,65,67,154,110,62,283.41,302,0,-14,-1003,evil_twin,evil_twin
1683978577,-1,-100,-100,-100,0,0,-68,-2,0,0,65,67,154,110,62,283.4,302,-3,-20,-1004,evil_twin,evil_twin
1683978577,-1,-100,-100,-100,0,0,-68,-2,0,0,65,67,154,110,62,283.38,302,-6,-21,-995,evil_twin,evil_twin
1683978577,-1,-100,-100,-100,0,0,-68,-2,0,0,65,67,154,110,62,283.41,302,-1,-21,-1006,evil_twin,evil_twin
1683978577,-1,-100,-100,-100,0,0,-68,-2,0,0,65,67,154,110,62,283.26,302,-5,-20,-1001,evil_twin,evil_twin
1683978577,-1,-100,-100,-100,0,0,-68,-2,0,0,65,67,155,110,62,283.26,302,2,-20,-1003,evil_twin,evil_twin
1683978577,-1,-100,-100,-100,1,0,-68,-2,0,0,65,68,154,110,62,283.34,302,-12,-28,-999,evil_twin,evil_twin
1683978577,-1,-100,-100,-100,0,0,-68,-2,0,0,65,68,154,110,62,283.33,302,14,-22,-992,evil_twin,evil_twin
1683978577,-1,-100,-100,-100,-1,-1,-68,-2,0,0,65,68,155,110,62,283.29,302,10,-9,-972,evil_twin,evil_twin
1683978577,-1,-100,-100,-100,0,-3,-68,-1,0,0,65,68,155,110,62,283.37,302,2,-21,-1023,evil_twin,evil_twin
1683978578,-1,-100,-100,-100,0,-3,-68,-1,0,0,65,68,155,110,62,283.37,302,2,-21,-1023,evil_twin,evil_twin
1683978578,-1,-100,-100,-100,1,-3,-68,0,0,0,65,68,154,110,62,283.29,303,-5,-7,-985,evil_twin,evil_twin
1683978578,-1,-100,-100,-100,0,-1,-68,0,0,0,65,68,155,110,62,283.33,303,8,-7,-996,evil_twin,evil_twin
1683978578,-1,-100,-100,-100,0,0,-68,0,0,0,65,68,155,110,62,283.32,303,-6,4,-990,evil_twin,evil_twin
1683978578,-1,-100,-100,-100,0,-4,-68,0,0,0,65,68,156,110,62,283.33,303,11,-6,-1027,evil_twin,evil_twin
1683978578,-1,-100,-100,-100,0,-7,-68,1,0,0,65,68,157,110,62,283.29,303,0,3,-1024,evil_twin,evil_twin
1683978578,-1,-100,-100,-100,0,-5,-68,2,1,0,65,68,156,110,62,283.26,303,3,13,-1006,evil_twin,evil_twin
1683978578,-1,-100,-100,-100,0,-3,-68,2,1,0,65,68,155,110,62,283.26,303,-4,15,-982,evil_twin,evil_twin
1683978578,-1,-100,-100,-100,0,-1,-68,3,1,0,65,68,156,110,62,283.24,303,-4,19,-990,evil_twin,evil_twin
1683978578,-1,-100,-100,-100,0,0,-68,3,1,0,65,68,155,110,62,283.25,303,-23,16,-993,evil_twin,evil_twin
1683978578,-1,-100,-100,-100,0,0,-68,2,1,0,65,68,155,110,62,283.32,303,-8,18,-1007,evil_twin,evil_twin
1683978579,-1,-100,-100,-100,0,0,-68,2,1,0,65,68,155,110,62,283.32,303,-8,18,-1007,evil_twin,evil_twin
1683978579,-1,-100,-100,-100,0,0,-68,2,0,0,65,68,155,110,62,283.3,304,-2,6,-1001,evil_twin,evil_twin
1683978579,-1,-100,-100,-100,0,0,-68,2,0,0,65,68,155,110,62,283.29,304,8,5,-1000,evil_twin,evil_twin
1683978579,-1,-100,-100,-100,0,0,-68,2,0,0,65,68,154,110,62,283.33,304,7,7,-1012,evil_twin,evil_twin
1683978579,-1,-100,-100,-100,0,0,-68,2,0,0,65,68,153,110,62,283.29,304,-6,9,-996,evil_twin,evil_twin
1683978579,-1,-100,-100,-100,1,0,-68,2,0,0,65,68,153,110,62,283.33,304,9,9,-1009,evil_twin,evil_twin
1683978579,-1,-100,-100,-100,1,0,-68,2,0,0,65,68,153,110,62,283.3,304,-4,2,-998,evil_twin,evil_twin
1683978579,-1,-100,-100,-100,0,0,-68,2,0,0,66,68,152,110,62,283.3,304,2,8,-1003,evil_twin,evil_twin
1683978579,-1,-100,-100,-100,0,0,-68,2,0,0,66,68,153,110,62,283.23,304,12,16,-1006,evil_twin,evil_twin
1683978579,-1,-100,-100,-100,0,0,-68,2,0,0,66,68,153,110,62,283.24,304,5,14,-1006,evil_twin,evil_twin
1683978579,-1,-100,-100,-100,0,2,-68,2,0,0,66,68,152,110,62,283.26,304,21,17,-993,evil_twin,evil_twin
1683978580,-1,-100,-100,-100,0,2,-68,2,0,0,66,68,152,110,62,283.26,304,21,17,-993,evil_twin,evil_twin
1683978580,-1,-100,-100,-100,-1,4,-68,1,0,0,66,68,153,110,62,283.25,305,3,12,-1011,evil_twin,evil_twin
1683978580,-1,-100,-100,-100,0,2,-68,0,0,0,66,68,152,110,62,283.28,305,-2,-5,-997,evil_twin,evil_twin
1683978580,-1,-100,-100,-100,0,1,-68,0,0,0,66,68,153,110,62,283.24,305,0,4,-1006,evil_twin,evil_twin
1683978580,-1,-100,-100,-100,0,0,-68,0,0,0,66,68,152,110,62,283.29,305,5,0,-1016,evil_twin,evil_twin
1683978580,-1,-100,-100,-100,0,0,-68,0,0,0,66,68,152,110,62,283.2,305,-3,0,-1001,evil_twin,evil_twin
1683978580,-1,-100,-100,-100,0,0,-68,0,0,0,66,68,153,110,62,283.3,305,-13,0,-995,evil_twin,evil_twin
1683978580,-1,-100,-100,-100,0,0,-68,0,0,0,65,68,153,110,62,283.27,305,-22,-3,-988,evil_twin,evil_twin
1683978580,-1,-100,-100,-100,0,0,-68,0,0,0,65,68,152,110,62,283.3,305,0,3,-1000,evil_twin,evil_twin
1683978580,-1,-100,-100,-100,-1,0,-68,0,0,0,65,68,154,110,62,283.29,305,2,5,-989,evil_twin,evil_twin
1683978580,-1,-100,-100,-100,-7,0,-68,0,0,0,65,68,155,110,62,283.28,305,-19,-4,-992,evil_twin,evil_twin
1683978581,-1,-100,-100,-100,-7,0,-68,0,0,0,65,68,155,110,62,283.28,305,-19,-4,-992,evil_twin,evil_twin
1683978581,-1,-100,-100,-100,-6,0,-68,0,1,0,65,68,154,110,62,283.25,306,6,0,-1013,evil_twin,evil_twin
1683978581,-1,-100,-100,-100,-4,0,-68,-1,2,0,65,68,153,110,62,283.31,306,-43,-6,-999,evil_twin,evil_twin
1683978581,-1,-100,-100,-100,-2,0,-68,-1,3,0,65,68,153,110,62,283.28,306,-25,-1,-998,evil_twin,evil_twin
1683978581,-1,-100,-100,-100,0,0,-68,-1,3,0,65,68,153,110,62,283.3,306,-25,-3,-1013,evil_twin,evil_twin
1683978581,-1,-100,-100,-100,0,0,-68,-1,3,0,65,68,154,110,62,283.33,306,-17,-2,-999,evil_twin,evil_twin
1683978581,-1,-100,-100,-100,0,0,-68,-1,2,0,65,68,154,110,62,283.26,306,-23,2,-994,evil_twin,evil_twin
1683978581,-1,-100,-100,-100,0,0,-68,0,2,0,65,68,154,110,62,283.32,306,-29,-7,-1003,evil_twin,evil_twin
1683978581,-1,-100,-100,-100,0,0,-68,0,2,0,65,68,153,110,62,283.26,306,-21,0,-1001,evil_twin,evil_twin
1683978581,-1,-100,-100,-100,0,0,-68,0,2,0,65,68,155,110,62,283.32,306,-27,0,-984,evil_twin,evil_twin
1683978581,-1,-100,-100,-100,0,-1,-68,0,2,0,65,68,154,110,62,283.33,306,-24,-4,-1011,evil_twin,evil_twin
1683978582,-1,-100,-100,-100,0,-1,-68,0,2,0,65,68,154,110,62,283.33,306,-24,-4,-1011,evil_twin,evil_twin
1683978582,-1,-100,-100,-100,0,-1,-68,0,2,0,65,68,155,110,62,283.26,307,-23,10,-1000,evil_twin,evil_twin
1683978582,-1,-100,-100,-100,0,0,-68,0,2,0,65,68,155,110,62,283.25,307,-26,-4,-984,evil_twin,evil_twin
1683978582,-1,-100,-100,-100,1,0,-68,0,2,0,65,68,155,110,62,283.27,307,-17,4,-994,evil_twin,evil_twin
1683978582,-1,-100,-100,-100,5,1,-68,0,2,0,65,68,155,110,62,283.27,307,-28,10,-1007,evil_twin,evil_twin
1683978582,-1,-100,-100,-100,3,1,-68,0,1,0,65,68,155,110,62,283.27,307,1,4,-1005,evil_twin,evil_twin
1683978582,-1,-100,-100,-100,1,0,-68,0,0,0,65,68,156,110,62,283.34,307,-16,-7,-994,evil_twin,evil_twin
1683978582,-1,-100,-100,-100,0,0,-68,0,0,0,65,67,155,110,62,283.37,307,-16,-6,-985,evil_twin,evil_twin
1683978582,-1,-100,-100,-100,1,0,-68,0,0,0,65,67,157,110,62,283.34,307,8,-2,-994,evil_twin,evil_twin
1683978582,-1,-100,-100,-100,8,0,-68,0,0,0,65,67,158,110,62,283.33,307,22,7,-1020,evil_twin,evil_twin
1683978582,-1,-100,-100,-100,8,0,-68,0,-1,0,65,67,157,110,62,283.3,307,28,0,-1023,evil_twin,evil_twin
1683978583,-1,-100,-100,-100,8,0,-68,0,-1,0,65,67,157,110,62,283.3,307,28,0,-1023,evil_twin,evil_twin
1683978583,-1,-100,-100,-100,6,0,-68,1,-2,0,65,67,157,110,62,283.25,308,6,-6,-997,evil_twin,evil_twin
1683978583,-1,-100,-100,-100,3,0,-68,1,-3,0,65,67,157,110,62,283.25,308,29,-2,-989,evil_twin,evil_twin
1683978583,-1,-100,-100,-100,1,0,-68,1,-3,0,65,67,158,110,62,283.26,308,24,-3,-993,evil_twin,evil_twin
1683978583,-1,-100,-100,-100,0,0,-68,1,-3,0,65,67,157,110,62,283.25,308,34,4,-988,evil_twin,evil_twin
1683978583,-1,-100,-100,-100,0,0,-68,0,-2,0,65,67,158,110,62,283.35,308,12,2,-987,evil_twin,evil_twin
1683978583,-1,-100,-100,-100,0,0,-68,0,-2,0,65,67,158,110,62,283.34,308,7,-11,-988,evil_twin,evil_twin
1683978583,-1,-100,-100,-100,0,0,-68,0,-2,0,65,68,158,110,62,283.32,308,5,9,-991,evil_twin,evil_twin
1683978583,-1,-100,-100,-100,0,0,-68,0,-2,0,65,68,158,110,62,283.34,308,24,8,-1002,evil_twin,evil_twin
1683978583,-1,-100,-100,-100,0,0,-68,0,-2,0,65,68,157,110,62,283.3,308,26,6,-1002,evil_twin,evil_twin
1683978583,-1,-100,-100,-100,0,0,-68,0,-2,0,65,68,156,110,62,283.34,308,17,8,-994,evil_twin,evil_twin
1683978584,-1,-100,-100,-100,0,0,-68,0,-2,0,65,68,156,110,62,283.34,308,17,8,-994,evil_twin,evil_twin
1683978584,-1,-100,-100,-100,0,0,-68,0,-2,0,65,68,157,110,62,283.33,309,20,0,-999,evil_twin,evil_twin
1683978584,-1,-100,-100,-100,0,0,-68,1,-2,0,65,68,157,110,62,283.36,309,5,4,-994,evil_twin,evil_twin
1683978584,-1,-100,-100,-100,0,0,-68,1,-2,0,65,68,157,110,62,283.37,309,18,6,-1009,evil_twin,evil_twin
1683978584,-1,-100,-100,-100,0,0,-68,1,-2,0,65,68,157,110,62,283.3,309,12,12,-977,evil_twin,evil_twin
1683978584,-1,-100,-100,-100,0,2,-68,0,-2,0,65,68,157,110,62,283.24,309,7,2,-1016,evil_twin,evil_twin
1683978584,-1,-100,-100,-100,-2,0,-68,0,-2,0,65,68,158,110,62,283.28,309,14,0,-994,evil_twin,evil_twin
1683978584,-1,-100,-100,-100,-3,-1,-68,0,-1,0,65,67,157,110,62,283.34,309,0,4,-1004,evil_twin,evil_twin
1683978584,-1,-100,-100,-100,-1,0,-68,0,0,0,65,67,156,110,62,283.25,309,-13,0,-996,evil_twin,evil_twin
1683978584,-1,-100,-100,-100,0,0,-68,0,0,0,65,67,156,110,62,283.27,309,10,8,-1001,evil_twin,evil_twin
1683978584,-1,-100,-100,-100,0,0,-68,0,0,0,65,67,155,110,62,283.3,309,-4,6,-997,evil_twin,evil_twin
1683978585,-1,-100,-100,-100,0,0,-68,0,0,0,65,67,155,110,62,283.3,309,-4,6,-997,evil_twin,evil_twin
1683978585,-1,-100,-100,-100,0,0,-68,0,0,0,65,67,156,110,62,283.29,310,-8,4,-1001,evil_twin,evil_twin
1683978585,-1,-100,-100,-100,0,0,-68,0,0,0,65,67,155,110,62,283.32,310,8,5,-1014,evil_twin,evil_twin
1683978585,-1,-100,-100,-100,0,0,-74,0,0,0,65,67,156,110,62,283.36,310,4,2,-1000,evil_twin,evil_twin
1683978585,-1,-100,-100,-100,0,0,-80,0,0,0,65,67,155,110,62,283.34,310,-11,1,-993,evil_twin,evil_twin
1683978585,-1,-100,-100,-100,0,0,-87,0,0,0,65,67,154,110,62,283.35,310,-1,2,-998,evil_twin,evil_twin
1683978585,-1,-100,-100,-100,0,0,-93,0,0,0,65,67,155,110,62,283.31,310,12,9,-999,evil_twin,evil_twin
1683978585,-1,-100,-100,-100,0,0,-105,0,0,0,65,67,155,110,62,283.32,310,-2,0,-1007,evil_twin,evil_twin
1683978585,-1,-100,-100,-100,0,0,-112,0,0,0,65,67,155,110,62,283.25,310,-8,0,-998,evil_twin,evil_twin
1683978585,-1,-100,-100,-100,0,0,-118,0,0,0,65,67,154,110,62,283.32,310,0,3,-1008,evil_twin,evil_twin
1683978585,-1,-100,-100,-100,0,0,-124,0,0,0,65,67,154,110,62,283.37,311,-9,3,-1003,evil_twin,evil_twin
1683978586,-1,-100,-100,-100,0,0,-124,0,0,0,65,67,154,110,62,283.37,311,-9,3,-1003,evil_twin,evil_twin
1683978586,-1,-100,-100,-100,0,0,-130,0,0,0,65,67,154,110,62,283.38,311,-3,0,-1000,evil_twin,evil_twin
1683978586,-1,-100,-100,-100,0,0,-136,0,0,0,65,67,154,110,62,283.35,311,-3,-3,-1006,evil_twin,evil_twin
1683978586,-1,-100,-100,-100,0,0,-141,0,0,0,65,67,154,110,62,283.36,311,11,-7,-999,evil_twin,evil_twin
1683978586,-1,-100,-100,-100,0,0,-145,0,0,0,65,67,155,110,62,283.32,311,6,5,-1005,evil_twin,evil_twin
1683978586,-1,-100,-100,-100,0,0,-149,0,0,0,65,67,155,110,62,283.34,311,-1,0,-997,evil_twin,evil_twin
1683978586,-1,-100,-100,-100,0,0,-151,0,0,0,65,67,154,110,62,283.35,311,1,0,-1005,evil_twin,evil_twin
1683978586,-1,-100,-100,-100,0,0,-153,0,0,0,65,67,154,110,62,283.34,311,-1,0,-998,evil_twin,evil_twin
1683978586,-1,-100,-100,-100,0,0,-154,0,0,0,65,67,155,110,62,283.32,311,1,4,-998,evil_twin,evil_twin
1683978586,-1,-100,-100,-100,0,0,-155,0,0,0,65,67,155,110,61,283.3,311,-1,-2,-996,evil_twin,evil_twin
1683978586,-1,-100,-100,-100,0,0,-155,0,0,0,65,67,155,110,61,283.35,312,-5,1,-1008,evil_twin,evil_twin
1683978587,-1,-100,-100,-100,0,0,-155,0,0,0,65,67,155,110,61,283.35,312,-5,1,-1008,evil_twin,evil_twin
1683978587,-1,-100,-100,-100,0,0,-156,0,0,0,65,67,154,110,61,283.38,312,0,3,-996,evil_twin,evil_twin
1683978587,-1,-100,-100,-100,0,0,-156,0,0,0,65,67,155,110,61,283.37,312,3,5,-1004,evil_twin,evil_twin
1683978587,-1,-100,-100,-100,0,0,-156,0,0,0,65,67,155,110,61,283.35,312,-2,-7,-1003,evil_twin,evil_twin
1683978587,-1,-100,-100,-100,0,0,-156,0,0,0,65,67,156,110,61,283.36,312,-1,-1,-994,evil_twin,evil_twin
1683978587,-1,-100,-100,-100,0,0,-156,0,0,0,65,67,155,110,61,283.32,312,-10,-3,-993,evil_twin,evil_twin
1683978587,-1,-100,-100,-100,0,6,-156,0,0,0,65,67,155,110,61,283.38,312,15,-8,-1021,evil_twin,evil_twin
1683978587,-1,-100,-100,-100,0,7,-156,0,1,0,65,68,157,110,61,283.32,312,19,9,-999,evil_twin,evil_twin
1683978587,-1,-100,-100,-100,0,5,-156,-1,2,0,65,68,156,110,61,283.41,312,-22,-24,-995,evil_twin,evil_twin
1683978587,-1,-100,-100,-100,0,2,-156,-1,3,0,65,68,156,110,61,283.44,312,5,-22,-1004,evil_twin,evil_twin
1683978587,-1,-100,-100,-100,0,0,-156,-1,3,0,65,68,155,110,61,283.42,313,-2,-17,-987,evil_twin,evil_twin
1683978588,-1,-100,-100,-100,0,0,-156,-1,3,0,65,68,155,110,61,283.42,313,-2,-17,-987,evil_twin,evil_twin
1683978588,-1,-100,-100,-100,0,-1,-156,-1,3,0,65,68,155,110,61,283.41,313,12,-17,-999,evil_twin,evil_twin
1683978588,-1,-100,-100,-100,0,0,-156,0,2,0,65,68,155,110,61,283.42,313,15,-16,-1006,evil_twin,evil_twin
1683978588,-1,-100,-100,-100,0,0,-156,0,2,0,65,68,155,110,61,283.43,313,-12,-20,-1001,evil_twin,evil_twin
1683978588,-1,-100,-100,-100,0,0,-156,0,2,0,65,68,155,110,61,283.42,313,-1,-20,-1004,evil_twin,evil_twin
1683978588,-1,-100,-100,-100,0,0,-156,-1,2,0,65,68,155,110,61,283.43,313,-1,-10,-992,evil_twin,evil_twin
1683978588,-1,-100,-100,-100,0,0,-156,-1,2,0,65,68,155,110,61,283.53,313,14,-13,-1004,evil_twin,evil_twin
1683978588,-1,-100,-100,-100,0,0,-156,-1,2,0,65,68,155,110,61,283.43,313,7,-17,-995,evil_twin,evil_twin
1683978588,-1,-100,-100,-100,1,0,-156,-1,2,0,65,68,155,110,61,283.42,313,31,-9,-1002,evil_twin,evil_twin
1683978588,-1,-100,-100,-100,-1,-1,-156,-1,2,0,65,68,155,110,61,283.46,313,1,-15,-989,evil_twin,evil_twin
1683978588,-1,-100,-100,-100,0,-4,-156,0,1,0,65,68,155,110,61,283.48,314,12,-13,-1016,evil_twin,evil_twin
1683978589,-1,-100,-100,-100,0,-4,-156,0,1,0,65,68,155,110,61,283.48,314,12,-13,-1016,evil_twin,evil_twin
1683978589,-1,-100,-100,-100,0,-3,-156,0,1,0,65,68,156,110,61,283.42,314,13,-13,-1011,evil_twin,evil_twin
1683978589,-1,-100,-100,-100,0,-1,-156,0,0,0,65,68,156,110,61,283.47,314,16,0,-1002,evil_twin,evil_twin
1683978589,-1,-100,-100,-100,0,0,-156,0,0,0,65,68,156,110,61,283.45,314,1,4,-988,evil_twin,evil_twin
1683978589,-1,-100,-100,-100,0,0,-156,0,0,0,65,68,155,110,61,283.44,314,0,-1,-992,evil_twin,evil_twin
1683978589,-1,-100,-100,-100,0,0,-156,0,0,0,65,68,156,110,61,283.5,314,6,0,-991,evil_twin,evil_twin
1683978589,-1,-100,-100,-100,0,-2,-156,0,0,0,65,68,156,110,61,283.47,314,5,17,-975,evil_twin,evil_twin
1683978589,-1,-100,-100,-100,0,-8,-156,0,0,0,65,67,159,110,61,283.4,314,-9,-5,-1031,evil_twin,evil_twin
1683978589,-1,-100,-100,-100,0,-7,-156,0,-1,0,65,67,157,110,61,283.48,314,2,10,-1011,evil_twin,evil_twin
1683978589,-1,-100,-100,-100,0,-4,-156,1,-2,0,65,67,157,110,61,283.43,314,10,17,-986,evil_twin,evil_twin
1683978589,-1,-100,-100,-100,0,-2,-156,1,-3,0,65,67,156,110,61,283.49,315,-9,18,-1012,evil_twin,evil_twin
1683978590,-1,-100,-100,-100,0,-2,-156,1,-3,0,65,67,156,110,61,283.49,315,-9,18,-1012,evil_twin,evil_twin
1683978590,-1,-100,-100,-100,0,0,-156,1,-3,0,65,67,156,110,61,283.47,315,1,20,-1001,evil_twin,evil_twin
1683978590,-1,-100,-100,-100,0,0,-156,1,-2,0,65,67,155,110,61,283.45,315,-21,18,-983,evil_twin,evil_twin
1683978590,-1,-100,-100,-100,0,0,-156,1,-2,0,65,67,156,110,61,283.45,315,1,10,-998,evil_twin,evil_twin
1683978590,-1,-100,-100,-100,0,0,-156,0,-2,0,65,67,155,110,61,283.44,315,-5,11,-1000,evil_twin,evil_twin
1683978590,-1,-100,-100,-100,0,0,-156,0,-2,0,65,67,156,110,61,283.43,315,-4,18,-994,evil_twin,evil_twin
1683978590,-1,-100,-100,-100,0,0,-156,1,-2,0,65,67,156,110,61,283.47,315,-7,12,-1003,evil_twin,evil_twin
1683978590,-1,-100,-100,-100,0,0,-156,1,-2,0,65,67,156,110,61,283.51,315,-21,9,-990,evil_twin,evil_twin
1683978590,-1,-100,-100,-100,0,0,-156,1,-2,0,65,67,156,110,61,283.5,315,-11,9,-992,evil_twin,evil_twin
1683978590,-1,-100,-100,-100,0,0,-156,1,-2,0,65,67,156,110,60,283.48,315,-20,9,-998,evil_twin,evil_twin
1683978590,-1,-100,-100,-100,2,0,-156,0,-2,0,65,67,156,110,60,283.49,316,-22,12,-1010,evil_twin,evil_twin
1683978591,-1,-100,-100,-100,2,0,-156,0,-2,0,65,67,156,110,60,283.49,316,-22,12,-1010,evil_twin,evil_twin
1683978591,-1,-100,-100,-100,1,0,-156,0,-2,0,65,67,156,110,60,283.49,316,6,3,-1007,evil_twin,evil_twin
1683978591,-1,-100,-100,-100,0,2,-156,0,-2,0,65,67,157,110,60,283.55,316,-6,0,-1015,evil_twin,evil_twin
1683978591,-1,-100,-100,-100,-1,4,-156,0,-1,0,65,67,157,110,60,283.49,316,0,10,-973,evil_twin,evil_twin
1683978591,-1,-100,-100,-100,-1,2,-156,0,0,0,65,67,156,110,60,283.45,316,-1,-8,-1015,evil_twin,evil_twin
1683978591,-1,-100,-100,-100,0,1,-156,0,0,0,65,67,156,110,60,283.46,316,-3,-3,-992,evil_twin,evil_twin
1683978591,-1,-100,-100,-100,0,0,-156,0,0,0,65,67,158,110,60,283.49,316,3,-3,-1001,evil_twin,evil_twin
1683978591,-1,-100,-100,-100,0,0,-156,0,0,0,65,68,156,110,60,283.47,316,-23,-7,-1020,evil_twin,evil_twin
1683978591,-1,-100,-100,-100,-6,0,-156,0,0,0,65,68,158,110,60,283.53,316,6,-8,-985,evil_twin,evil_twin
1683978591,-1,-100,-100,-100,-7,0,-156,1,0,0,65,68,159,110,60,283.51,316,-32,-12,-999,evil_twin,evil_twin
1683978591,-1,-100,-100,-100,-5,0,-156,2,1,0,65,68,158,110,60,283.5,317,-13,-3,-1005,evil_twin,evil_twin
1683978592,-1,-100,-100,-100,-5,0,-156,2,1,0,65,68,158,110,60,283.5,317,-13,-3,-1005,evil_twin,evil_twin
1683978592,-1,-100,-100,-100,-3,0,-156,2,1,0,65,68,157,110,60,283.52,317,-22,-7,-1007,evil_twin,evil_twin
1683978592,-1,-100,-100,-100,-1,0,-156,3,1,0,65,68,157,110,60,283.4,317,-32,1,-992,evil_twin,evil_twin
1683978592,-1,-100,-100,-100,0,0,-156,2,1,0,65,68,157,110,60,283.46,317,-32,-5,-994,evil_twin,evil_twin
1683978592,-1,-100,-100,-100,0,0,-156,2,1,0,65,68,157,110,60,283.5,317,-24,-3,-1011,evil_twin,evil_twin
1683978592,-1,-100,-100,-100,0,0,-156,2,1,0,65,68,157,110,60,283.44,317,-25,-1,-986,evil_twin,evil_twin
1683978592,-1,-100,-100,-100,0,0,-156,2,1,0,65,68,157,110,60,283.46,317,-20,-7,-992,evil_twin,evil_twin
1683978592,-1,-100,-100,-100,0,0,-156,2,1,0,65,67,157,110,60,283.53,317,-23,-2,-1003,evil_twin,evil_twin
1683978592,-1,-100,-100,-100,-1,0,-156,2,1,0,65,67,158,110,60,283.42,317,-13,6,-991,evil_twin,evil_twin
1683978592,-1,-100,-100,-100,0,0,-156,2,1,0,65,67,158,110,60,283.43,317,-32,1,-978,evil_twin,evil_twin
1683978593,-1,-100,-100,-100,0,0,-156,2,1,0,65,67,158,110,60,283.43,317,-32,1,-978,evil_twin,evil_twin
1683978593,-1,-100,-100,-100,0,-1,-156,2,0,0,65,67,157,110,60,283.5,318,-29,2,-1010,evil_twin,evil_twin
1683978593,-1,-100,-100,-100,0,-2,-156,2,0,0,65,67,158,110,60,283.51,318,-32,-2,-983,evil_twin,evil_twin
1683978593,-1,-100,-100,-100,0,-1,-156,2,0,0,65,67,158,110,60,283.56,318,-23,6,-1002,evil_twin,evil_twin
1683978593,-1,-100,-100,-100,1,0,-156,2,0,0,65,67,158,110,60,283.52,318,-9,3,-984,evil_twin,evil_twin
1683978593,-1,-100,-100,-100,4,1,-156,1,0,0,65,67,158,110,60,283.6,318,-34,13,-1009,evil_twin,evil_twin
1683978593,-1,-100,-100,-100,2,0,-156,0,0,0,65,67,157,110,60,283.53,318,-9,0,-1018,evil_twin,evil_twin
1683978593,-1,-100,-100,-100,0,0,-156,0,0,0,65,67,157,110,60,283.56,318,-9,-1,-1011,evil_twin,evil_twin
1683978593,-1,-100,-100,-100,1,0,-156,0,0,0,65,67,157,110,60,283.53,318,-14,4,-953,evil_twin,evil_twin
1683978593,-1,-100,-100,-100,6,0,-156,0,0,0,65,67,158,110,60,283.53,318,-11,0,-1033,evil_twin,evil_twin
1683978593,-1,-100,-100,-100,6,0,-156,-1,0,0,65,67,158,110,60,283.54,318,12,-6,-998,evil_twin,evil_twin
1683978594,-1,-100,-100,-100,6,0,-156,-1,0,0,65,67,158,110,60,283.54,318,12,-6,-998,evil_twin,evil_twin
1683978594,-1,-100,-100,-100,4,0,-156,-2,-1,0,65,67,157,110,60,283.47,319,0,-3,-997,evil_twin,evil_twin
1683978594,-1,-100,-100,-100,2,0,-156,-3,-1,0,65,67,157,110,60,283.55,319,19,5,-1018,evil_twin,evil_twin
1683978594,-1,-100,-100,-100,0,0,-156,-3,-1,0,65,67,156,110,60,283.51,319,17,3,-989,evil_twin,evil_twin
1683978594,-1,-100,-100,-100,0,0,-156,-2,-1,0,65,67,156,110,60,283.56,319,4,1,-998,evil_twin,evil_twin
1683978594,-1,-100,-100,-100,0,0,-156,-2,-1,0,65,67,157,110,60,283.56,319,13,-9,-987,evil_twin,evil_twin
1683978594,-1,-100,-100,-100,0,0,-156,-2,-1,0,65,67,156,110,60,283.58,319,15,-2,-1017,evil_twin,evil_twin
1683978594,-1,-100,-100,-100,0,0,-156,-2,-1,0,65,67,155,110,60,283.58,319,7,0,-984,evil_twin,evil_twin
1683978594,-1,-100,-100,-100,0,0,-156,-2,-1,0,65,67,156,110,60,283.5,319,1,9,-1028,evil_twin,evil_twin
1683978594,-1,-100,-100,-100,0,0,-156,-2,-1,0,65,67,155,110,60,283.52,319,16,-2,-1004,evil_twin,evil_twin
1683978594,-1,-100,-100,-100,0,0,-156,-2,-1,0,65,67,155,110,60,283.52,319,17,-8,-985,evil_twin,evil_twin
1683978595,-1,-100,-100,-100,0,0,-156,-2,-1,0,65,67,155,110,60,283.52,319,17,-8,-985,evil_twin,evil_twin
1683978595,-1,-100,-100,-100,0,0,-156,-2,-1,0,65,67,155,110,60,283.58,320,13,-11,-991,evil_twin,evil_twin
1683978595,-1,-100,-100,-100,0,0,-156,-2,-1,0,65,67,155,110,60,283.58,320,11,-6,-989,evil_twin,evil_twin
1683978595,-1,-100,-100,-100,0,0,-156,-2,-1,0,65,67,154,110,60,283.59,320,6,-12,-1018,evil_twin,evil_twin
1683978595,-1,-100,-100,-100,0,3,-156,-2,0,0,65,67,155,110,60,283.56,320,8,2,-984,evil_twin,evil_twin
1683978595,-1,-100,-100,-100,-2,1,-156,-2,0,0,65,67,156,110,60,283.54,320,-10,-8,-1023,evil_twin,evil_twin
1683978595,-1,-100,-100,-100,-5,-1,-156,-1,0,0,65,67,156,110,60,283.6,320,8,-16,-993,evil_twin,evil_twin
1683978595,-1,-100,-100,-100,-2,0,-156,0,0,0,65,67,156,110,60,283.5,320,1,-9,-993,evil_twin,evil_twin
1683978595,-1,-100,-100,-100,-1,0,-156,0,0,0,65,66,156,110,60,283.54,320,8,-9,-995,evil_twin,evil_twin
1683978595,-1,-100,-100,-100,0,0,-159,0,0,0,65,66,156,110,60,283.5,320,-11,-2,-1016,evil_twin,evil_twin
1683978595,-1,-100,-100,-100,0,0,-165,0,0,0,65,66,157,110,60,283.57,320,-18,-13,-973,evil_twin,evil_twin
1683978596,-1,-100,-100,-100,0,0,-165,0,0,0,65,66,157,110,60,283.57,320,-18,-13,-973,evil_twin,evil_twin
1683978596,-1,-100,-100,-100,0,0,-171,0,0,0,65,66,156,110,60,283.59,321,-3,-4,-999,evil_twin,evil_twin
1683978596,-1,-100,-100,-100,0,0,-178,0,0,0,65,66,157,110,60,283.57,321,6,-10,-987,evil_twin,evil_twin
1683978596,-1,-100,-100,-100,0,0,175,0,0,0,65,66,156,110,60,283.47,321,-1,-3,-992,evil_twin,evil_twin
1683978596,-1,-100,-100,-100,0,0,169,0,0,0,65,66,157,110,60,283.54,321,3,-7,-996,evil_twin,evil_twin
1683978596,-1,-100,-100,-100,0,0,163,0,0,0,65,66,157,110,60,283.51,321,-15,-6,-1015,evil_twin,evil_twin
1683978596,-1,-100,-100,-100,0,0,157,0,0,0,65,66,157,110,60,283.58,321,9,-2,-1001,evil_twin,evil_twin
1683978596,-1,-100,-100,-100,0,0,150,0,0,0,65,66,157,110,60,283.52,321,4,-3,-986,evil_twin,evil_twin
1683978596,-1,-100,-100,-100,0,0,144,0,0,0,65,67,157,110,60,283.47,321,-7,-2,-995,evil_twin,evil_twin
1683978596,-1,-100,-100,-100,0,0,138,0,0,0,65,67,155,110,60,283.56,321,5,-3,-1000,evil_twin,evil_twin
1683978596,-1,-100,-100,-100,0,0,132,0,0,0,65,67,156,110,60,283.57,321,6,-4,-997,evil_twin,evil_twin
1683978596,-1,-100,-100,-100,0,0,127,0,0,0,65,67,156,110,60,283.56,322,-3,-6,-997,evil_twin,evil_twin
1683978597,-1,-100,-100,-100,0,0,127,0,0,0,65,67,156,110,60,283.56,322,-3,-6,-997,evil_twin,evil_twin
1683978597,-1,-100,-100,-100,0,0,123,0,0,0,65,67,156,110,60,283.54,322,4,-7,-1003,evil_twin,evil_twin
1683978597,-1,-100,-100,-100,0,0,121,0,0,0,65,67,156,110,60,283.53,322,5,-7,-1001,evil_twin,evil_twin
1683978597,-1,-100,-100,-100,0,0,118,0,0,0,65,67,156,110,60,283.52,322,0,-2,-998,evil_twin,evil_twin
1683978597,-1,-100,-100,-100,0,0,117,0,0,0,65,67,155,110,60,283.48,322,-1,-2,-996,evil_twin,evil_twin
1683978597,-1,-100,-100,-100,0,0,115,0,0,0,65,67,156,110,60,283.45,322,2,-1,-1004,evil_twin,evil_twin
1683978597,-1,-100,-100,-100,0,0,115,0,0,0,65,67,156,110,60,283.53,322,4,0,-1001,evil_twin,evil_twin
1683978597,-1,-100,-100,-100,0,0,114,0,0,0,65,68,155,110,60,283.52,322,1,-13,-1021,evil_twin,evil_twin
1683978597,-1,-100,-100,-100,0,5,114,0,0,0,65,68,156,110,59,283.47,322,-12,4,-985,evil_twin,evil_twin
1683978597,-1,-100,-100,-100,0,7,114,1,0,0,65,68,156,110,59,283.49,322,0,-6,-1006,evil_twin,evil_twin
1683978598,-1,-100,-100,-100,0,7,114,1,0,0,65,68,156,110,59,283.49,322,0,-6,-1006,evil_twin,evil_twin
1683978598,-1,-100,-100,-100,0,6,114,2,1,0,65,68,156,110,59,283.56,323,1,-18,-997,evil_twin,evil_twin
1683978598,-1,-100,-100,-100,0,3,114,3,1,0,65,68,155,110,59,283.49,323,0,-21,-991,evil_twin,evil_twin
1683978598,-1,-100,-100,-100,0,1,114,3,1,0,65,68,155,110,59,283.53,323,14,-26,-998,evil_twin,evil_twin
1683978598,-1,-100,-100,-100,0,0,114,3,1,0,65,68,155,110,59,283.55,323,-7,-30,-996,evil_twin,evil_twin
1683978598,-1,-100,-100,-100,0,0,114,2,1,0,65,68,155,110,59,283.51,323,0,-18,-991,evil_twin,evil_twin
1683978598,-1,-100,-100,-100,0,0,114,2,0,0,65,68,155,110,59,283.52,323,-14,-25,-997,evil_twin,evil_twin
1683978598,-1,-100,-100,-100,0,0,114,2,0,0,65,68,155,110,59,283.56,323,4,-20,-1005,evil_twin,evil_twin
1683978598,-1,-100,-100,-100,0,0,114,2,0,0,64,68,154,110,59,283.53,323,8,-20,-1009,evil_twin,evil_twin
1683978598,-1,-100,-100,-100,0,0,114,2,1,0,64,68,154,110,59,283.48,323,16,-17,-1009,evil_twin,evil_twin
1683978598,-1,-100,-100,-100,0,0,114,2,1,0,64,68,155,110,59,283.52,323,2,-23,-1001,evil_twin,evil_twin
1683978599,-1,-100,-100,-100,0,0,114,2,1,0,64,68,155,110,59,283.52,323,2,-23,-1001,evil_twin,evil_twin
1683978599,-1,-100,-100,-100,0,0,114,2,1,0,64,68,156,110,59,283.49,324,-15,-16,-1009,evil_twin,evil_twin
1683978599,-1,-100,-100,-100,-1,0,114,2,1,0,64,68,156,110,59,283.53,324,9,-17,-985,evil_twin,evil_twin
1683978599,-1,-100,-100,-100,-1,-2,114,2,0,0,64,68,156,110,59,283.55,324,6,-20,-1019,evil_twin,evil_twin
1683978599,-1,-100,-100,-100,1,-4,114,1,0,0,64,68,156,110,59,283.5,324,-8,-16,-1009,evil_twin,evil_twin
1683978599,-1,-100,-100,-100,0,-2,114,0,0,0,64,68,156,110,59,283.54,324,2,-5,-999,evil_twin,evil_twin
1683978599,-1,-100,-100,-100,0,-1,114,0,0,0,64,68,156,110,59,283.56,324,12,-5,-997,evil_twin,evil_twin
1683978599,-1,-100,-100,-100,0,0,114,0,0,0,64,68,157,110,59,283.57,324,16,0,-968,evil_twin,evil_twin
1683978599,-1,-100,-100,-100,0,-6,114,0,0,0,64,67,158,110,59,283.55,324,5,-16,-1030,evil_twin,evil_twin
1683978599,-1,-100,-100,-100,0,-7,114,-1,0,0,64,67,158,110,59,283.55,324,-3,2,-1001,evil_twin,evil_twin
1683978599,-1,-100,-100,-100,0,-5,114,-2,-1,0,64,67,157,110,59,283.57,324,-7,14,-987,evil_twin,evil_twin
1683978600,-1,-100,-100,-100,0,-5,114,-2,-1,0,64,67,157,110,59,283.57,324,-7,14,-987,evil_twin,evil_twin
1683978600,-1,-100,-100,-100,0,-3,114,-3,-1,0,64,67,157,110,59,283.53,325,-3,13,-997,evil_twin,evil_twin
1683978600,-1,-100,-100,-100,0,0,114,-3,-1,0,64,67,157,110,59,283.58,325,19,15,-995,evil_twin,evil_twin
1683978600,-1,-100,-100,-100,0,0,114,-3,-1,0,64,67,156,110,59,283.51,325,0,13,-989,evil_twin,evil_twin
1683978600,-1,-100,-100,-100,0,0,114,-2,-1,0,64,67,156,110,59,283.59,325,-5,11,-988,evil_twin,evil_twin
1683978600,-1,-100,-100,-100,0,0,114,-2,-1,0,64,67,157,110,59,283.53,325,24,13,-1000,evil_twin,evil_twin
1683978600,-1,-100,-100,-100,0,0,114,-2,-1,0,64,67,154,110,59,283.5,325,15,10,-1006,evil_twin,evil_twin
1683978600,-1,-100,-100,-100,0,0,114,-2,-1,0,64,67,154,110,59,283.47,325,3,11,-1012,evil_twin,evil_twin
1683978600,-1,-100,-100,-100,0,0,114,-2,-1,0,64,68,154,110,59,283.48,325,12,13,-1007,evil_twin,evil_twin
1683978600,-1,-100,-100,-100,0,0,114,-2,0,0,64,68,154,110,59,283.49,325,-2,13,-1000,evil_twin,evil_twin
1683978600,-1,-100,-100,-100,1,0,114,-2,0,0,64,68,153,110,59,283.52,325,0,20,-1010,evil_twin,evil_twin
1683978601,-1,-100,-100,-100,1,0,114,-2,0,0,64,68,153,110,59,283.52,325,0,20,-1010,evil_twin,evil_twin
1683978601,-1,-100,-100,-100,1,0,114,-2,0,0,64,68,153,110,59,283.54,326,0,2,-1000,evil_twin,evil_twin
1683978601,-1,-100,-100,-100,0,0,114,-2,0,0,64,68,153,110,59,283.53,326,11,8,-1011,evil_twin,evil_twin
1683978601,-1,-100,-100,-100,0,0,114,-2,0,0,64,68,153,110,59,283.53,326,19,5,-1021,evil_twin,evil_twin
1683978601,-1,-100,-100,-100,-1,3,114,-2,0,0,64,68,153,110,59,283.48,326,9,20,-980,evil_twin,evil_twin
1683978601,-1,-100,-100,-100,-1,3,114,-1,0,0,64,68,152,110,59,283.55,326,5,6,-1019,evil_twin,evil_twin
1683978601,-1,-100,-100,-100,0,1,114,0,0,0,64,68,152,110,59,283.5,326,5,11,-1006,evil_twin,evil_twin
1683978601,-1,-100,-100,-100,0,0,114,0,0,0,64,68,153,110,59,283.52,326,-2,0,-1005,evil_twin,evil_twin
1683978601,-1,-100,-100,-100,0,0,114,0,0,0,65,67,153,110,59,283.45,326,2,-2,-1008,evil_twin,evil_twin
1683978601,-1,-100,-100,-100,-6,0,114,0,0,0,65,67,154,110,59,283.43,326,5,4,-1003,evil_twin,evil_twin
1683978601,-1,-100,-100,-100,-7,0,114,0,-1,0,65,67,153,110,59,283.44,326,-7,-1,-1006,evil_twin,evil_twin
1683978602,-1,-100,-100,-100,-7,0,114,0,-1,0,65,67,153,110,59,283.44,326,-7,-1,-1006,evil_twin,evil_twin
1683978602,-1,-100,-100,-100,-4,0,114,1,-2,0,65,67,154,110,59,283.5,327,-25,-2,-1007,evil_twin,evil_twin
1683978602,-1,-100,-100,-100,-2,0,114,1,-3,0,65,67,153,110,59,283.61,327,-30,-8,-985,evil_twin,evil_twin
1683978602,-1,-100,-100,-100,0,0,114,1,-3,0,65,67,154,110,59,283.53,327,-25,-3,-1003,evil_twin,evil_twin
1683978602,-1,-100,-100,-100,0,0,114,1,-2,0,65,67,153,110,59,283.49,327,-17,-2,-995,evil_twin,evil_twin
1683978602,-1,-100,-100,-100,0,0,114,1,-2,0,65,67,153,110,59,283.5,327,-22,-6,-1005,evil_twin,evil_twin
1683978602,-1,-100,-100,-100,0,0,114,1,-2,0,65,67,154,110,59,283.53,327,-6,2,-1004,evil_twin,evil_twin
1683978602,-1,-100,-100,-100,0,0,114,1,-2,0,65,67,153,110,59,283.47,327,-21,1,-996,evil_twin,evil_twin
1683978602,-1,-100,-100,-100,0,0,114,1,-2,0,64,67,154,110,59,283.52,327,-22,0,-996,evil_twin,evil_twin
1683978602,-1,-100,-100,-100,0,0,114,1,-2,0,64,67,154,110,58,283.53,327,-22,2,-1004,evil_twin,evil_twin
1683978602,-1,-100,-100,-100,0,0,114,1,-2,0,64,67,154,110,58,283.5,327,-18,7,-987,evil_twin,evil_twin
1683978603,-1,-100,-100,-100,0,0,114,1,-2,0,64,67,154,110,58,283.5,327,-18,7,-987,evil_twin,evil_twin
1683978603,-1,-100,-100,-100,0,-2,114,0,-2,0,64,67,154,110,58,283.52,328,-4,-5,-1006,evil_twin,evil_twin
1683978603,-1,-100,-100,-100,0,-1,114,0,-2,0,64,67,154,110,58,283.52,328,-19,7,-1002,evil_twin,evil_twin
1683978603,-1,-100,-100,-100,0,-1,114,0,-2,0,64,67,154,110,58,283.51,328,-15,7,-1001,evil_twin,evil_twin
1683978603,-1,-100,-100,-100,1,0,114,0,-2,0,64,67,154,110,58,283.57,328,-21,4,-1000,evil_twin,evil_twin
1683978603,-1,-100,-100,-100,4,1,114,0,-1,0,64,67,154,110,58,283.46,328,5,5,-1013,evil_twin,evil_twin
1683978603,-1,-100,-100,-100,2,0,114,0,0,0,64,67,154,110,58,283.5,328,6,-2,-1007,evil_twin,evil_twin
1683978603,-1,-100,-100,-100,1,0,114,0,0,0,64,67,154,110,58,283.53,328,4,4,-1006,evil_twin,evil_twin
1683978603,-1,-100,-100,-100,0,0,114,0,0,0,64,67,154,110,58,283.56,328,21,8,-981,evil_twin,evil_twin
1683978603,-1,-100,-100,-100,5,0,114,0,0,0,64,67,155,110,58,283.57,328,3,2,-1033,evil_twin,evil_twin
1683978603,-1,-100,-100,-100,8,0,114,0,1,0,64,67,155,110,58,283.58,328,26,2,-1017,evil_twin,evil_twin
1683978604,-1,-100,-100,-100,8,0,114,0,1,0,64,67,155,110,58,283.58,328,26,2,-1017,evil_twin,evil_twin
1683978604,-1,-100,-100,-100,6,0,114,0,2,0,64,67,155,110,58,283.57,329,8,8,-996,evil_twin,evil_twin
1683978604,-1,-100,-100,-100,3,0,114,-1,3,0,64,67,154,110,58,283.52,329,17,-6,-992,evil_twin,evil_twin
1683978604,-1,-100,-100,-100,1,0,114,-1,3,0,64,67,155,110,58,283.57,329,14,5,-1000,evil_twin,evil_twin
1683978604,-1,-100,-100,-100,0,0,114,-1,3,0,64,67,154,110,58,283.51,329,25,3,-995,evil_twin,evil_twin
1683978604,-1,-100,-100,-100,0,0,114,-1,2,0,64,67,154,110,58,283.54,329,25,8,-1002,evil_twin,evil_twin
1683978604,-1,-100,-100,-100,0,0,114,-1,2,0,64,67,154,110,58,283.53,329,15,-2,-998,evil_twin,evil_twin
1683978604,-1,-100,-100,-100,0,0,114,-1,2,0,64,67,155,110,58,283.54,329,6,5,-999,evil_twin,evil_twin
1683978604,-1,-100,-100,-100,0,0,114,-1,2,0,64,66,155,110,58,283.57,329,8,-3,-998,evil_twin,evil_twin
1683978604,-1,-100,-100,-100,0,0,114,-1,2,0,64,66,156,110,58,283.54,329,16,1,-990,evil_twin,evil_twin
1683978604,-1,-100,-100,-100,0,0,114,-1,2,0,64,66,156,110,58,283.49,329,21,0,-1001,evil_twin,evil_twin
1683978605,-1,-100,-100,-100,0,0,114,-1,2,0,64,66,156,110,58,283.49,329,21,0,-1001,evil_twin,evil_twin
1683978605,-1,-100,-100,-100,0,0,114,-1,2,0,64,66,157,110,58,283.5,330,29,12,-1003,evil_twin,evil_twin
1683978605,-1,-100,-100,-100,0,0,114,-1,2,0,64,66,157,110,58,283.51,330,18,0,-994,evil_twin,evil_twin
1683978605,-1,-100,-100,-100,0,0,114,-1,2,0,64,66,157,110,58,283.5,330,17,1,-1001,evil_twin,evil_twin
1683978605,-1,-100,-100,-100,0,2,114,-1,2,0,64,66,156,110,58,283.48,330,13,4,-996,evil_twin,evil_twin
1683978605,-1,-100,-100,-100,-3,0,114,0,1,0,64,66,158,110,58,283.48,330,24,-8,-998,evil_twin,evil_twin
1683978605,-1,-100,-100,-100,-3,-1,114,0,0,0,64,66,157,110,58,283.55,330,9,-3,-1007,evil_twin,evil_twin
1683978605,-1,-100,-100,-100,-1,0,114,0,0,0,64,66,158,110,58,283.52,330,-8,4,-998,evil_twin,evil_twin
1683978605,-1,-100,-100,-100,0,0,114,0,0,0,65,67,157,110,58,283.52,330,2,-3,-992,evil_twin,evil_twin
1683978605,-1,-100,-100,-100,0,0,114,0,0,0,65,67,158,110,58,283.48,330,7,-2,-993,evil_twin,evil_twin
1683978605,-1,-100,-100,-100,0,0,113,0,0,0,65,67,159,110,58,283.53,331,-3,-9,-997,evil_twin,evil_twin
1683978606,-1,-100,-100,-100,0,0,113,0,0,0,65,67,159,110,58,283.53,331,-3,-9,-997,evil_twin,evil_twin
1683978606,-1,-100,-100,-100,0,0,108,0,0,0,65,67,158,110,58,283.51,331,18,-14,-1010,evil_twin,evil_twin
1683978606,-1,-100,-100,-100,0,0,102,0,0,0,65,67,157,110,58,283.52,331,-23,4,-1010,evil_twin,evil_twin
1683978606,-1,-100,-100,-100,0,0,96,0,0,0,65,67,159,110,58,283.49,331,0,0,-991,evil_twin,evil_twin
1683978606,-1,-100,-100,-100,0,0,90,0,0,0,65,67,158,110,58,283.55,331,0,-1,-995,evil_twin,evil_twin
1683978606,-1,-100,-100,-100,0,0,84,0,0,0,65,67,158,110,58,283.48,331,-17,-4,-1001,evil_twin,evil_twin
1683978606,-1,-100,-100,-100,0,0,78,0,0,0,65,67,158,110,58,283.54,331,5,-12,-997,evil_twin,evil_twin
1683978606,-1,-100,-100,-100,0,0,72,0,0,0,65,67,158,110,58,283.52,331,2,-4,-999,evil_twin,evil_twin
1683978606,-1,-100,-100,-100,1,0,66,0,0,0,64,67,158,110,58,283.53,331,-6,-6,-1004,evil_twin,evil_twin
1683978606,-1,-100,-100,-100,0,0,60,0,0,0,64,67,157,110,57,283.55,331,12,-2,-998,evil_twin,evil_twin
1683978606,-1,-100,-100,-100,0,0,54,0,0,0,64,67,158,110,57,283.52,332,-14,0,-990,evil_twin,evil_twin
1683978607,-1,-100,-100,-100,0,0,54,0,0,0,64,67,158,110,57,283.52,332,-14,0,-990,evil_twin,evil_twin
1683978607,-1,-100,-100,-100,0,0,49,0,0,0,64,67,158,110,57,283.55,332,5,0,-993,evil_twin,evil_twin
1683978607,-1,-100,-100,-100,0,0,43,0,0,0,64,67,157,110,57,283.52,332,11,-2,-1005,evil_twin,evil_twin
1683978607,-1,-100,-100,-100,0,0,39,0,0,0,64,67,157,110,57,283.53,332,-5,0,-990,evil_twin,evil_twin
1683978607,-1,-100,-100,-100,0,0,36,0,0,0,64,67,156,110,57,283.49,332,10,-2,-1004,evil_twin,evil_twin
1683978607,-1,-100,-100,-100,0,0,33,0,0,0,64,67,156,110,57,283.48,332,10,-1,-998,evil_twin,evil_twin
1683978607,-1,-100,-100,-100,0,0,31,0,0,0,64,67,155,110,57,283.48,332,7,0,-995,evil_twin,evil_twin
1683978607,-1,-100,-100,-100,0,0,30,0,0,0,64,67,155,110,57,283.49,332,2,0,-1000,evil_twin,evil_twin
1683978607,-1,-100,-100,-100,0,0,28,0,0,0,63,67,154,110,57,283.44,332,-2,-2,-1014,evil_twin,evil_twin
1683978607,-1,-100,-100,-100,0,0,27,0,0,0,63,67,154,110,57,283.49,332,8,0,-1008,evil_twin,evil_twin
1683978607,-1,-100,-100,-100,0,0,27,0,0,0,63,67,153,110,57,283.47,333,8,2,-1008,evil_twin,evil_twin
1683978608,-1,-100,-100,-100,0,0,27,0,0,0,63,67,153,110,57,283.47,333,8,2,-1008,evil_twin,evil_twin
1683978608,-1,-100,-100,-100,0,0,26,0,0,0,63,67,154,110,57,283.47,333,17,7,-999,evil_twin,evil_twin
1683978608,-1,-100,-100,-100,0,0,26,0,0,0,63,67,152,110,57,283.48,333,11,-2,-1020,evil_twin,evil_twin
1683978608,-1,-100,-100,-100,0,1,26,0,0,0,63,67,152,110,57,283.44,333,0,-14,-1030,evil_twin,evil_twin
1683978608,-1,-100,-100,-100,0,7,26,0,0,0,63,67,152,110,57,283.45,333,-5,12,-987,evil_twin,evil_twin
1683978608,-1,-100,-100,-100,0,6,26,0,-1,0,63,67,152,110,57,283.49,333,0,-5,-1022,evil_twin,evil_twin
1683978608,-1,-100,-100,-100,0,4,26,1,-2,0,63,67,152,110,57,283.46,333,-8,-15,-1009,evil_twin,evil_twin
1683978608,-1,-100,-100,-100,0,2,26,1,-3,0,63,67,151,110,57,283.54,333,7,-17,-1002,evil_twin,evil_twin
1683978608,-1,-100,-100,-100,0,0,26,1,-3,0,64,66,151,110,57,283.42,333,-3,-16,-1024,evil_twin,evil_twin
1683978608,-1,-100,-100,-100,0,0,26,1,-2,0,64,66,151,110,57,283.49,333,3,-15,-1017,evil_twin,evil_twin
1683978608,-1,-100,-100,-100,0,0,26,1,-2,0,64,66,151,110,57,283.48,334,5,-17,-1008,evil_twin,evil_twin
1683978609,-1,-100,-100,-100,0,0,26,1,-2,0,64,66,151,110,57,283.48,334,5,-17,-1008,evil_twin,evil_twin
1683978609,-1,-100,-100,-100,0,0,26,1,-2,0,64,66,151,110,57,283.48,334,8,-18,-1002,evil_twin,evil_twin
1683978609,-1,-100,-100,-100,0,0,26,1,-2,0,64,66,151,110,57,283.44,334,-4,-11,-1015,evil_twin,evil_twin
1683978609,-1,-100,-100,-100,0,0,26,1,-2,0,64,66,152,110,57,283.41,334,3,-14,-1007,evil_twin,evil_twin
1683978609,-1,-100,-100,-100,0,0,26,1,-2,0,64,66,152,110,57,283.42,334,6,-11,-992,evil_twin,evil_twin
1683978609,-1,-100,-100,-100,0,0,26,1,-2,0,64,66,153,110,57,283.49,334,-7,-9,-995,evil_twin,evil_twin
1683978609,-1,-100,-100,-100,-1,0,26,1,-2,0,64,66,152,110,57,283.57,334,24,-13,-1007,evil_twin,evil_twin
1683978609,-1,-100,-100,-100,-2,-1,26,0,-2,0,64,66,153,110,57,283.45,334,10,-16,-979,evil_twin,evil_twin
1683978609,-1,-100,-100,-100,0,-4,26,0,-2,0,64,67,156,110,57,283.51,334,-16,-15,-1023,evil_twin,evil_twin
1683978609,-1,-100,-100,-100,1,-4,26,0,-1,0,64,67,154,110,57,283.54,334,-18,-13,-1016,evil_twin,evil_twin
1683978609,-1,-100,-100,-100,0,-2,26,0,0,0,64,67,155,110,57,283.49,335,7,8,-1017,evil_twin,evil_twin
1683978610,-1,-100,-100,-100,0,-2,26,0,0,0,64,67,155,110,57,283.49,335,7,8,-1017,evil_twin,evil_twin
1683978610,-1,-100,-100,-100,0,-1,26,0,0,0,64,67,155,110,57,283.48,335,-7,4,-988,evil_twin,evil_twin
1683978610,-1,-100,-100,-100,0,0,26,0,0,0,64,67,156,110,57,283.55,335,-11,20,-961,evil_twin,evil_twin
1683978610,-1,-100,-100,-100,0,-6,26,0,0,0,64,67,157,110,57,283.45,335,-4,-4,-1009,evil_twin,evil_twin
1683978610,-1,-100,-100,-100,0,-8,26,0,1,0,64,67,159,110,57,283.54,335,-6,6,-1030,evil_twin,evil_twin
1683978610,-1,-100,-100,-100,0,-6,26,-1,2,0,64,67,157,110,57,283.53,335,6,9,-1011,evil_twin,evil_twin
1683978610,-1,-100,-100,-100,0,-3,26,-1,2,0,64,67,156,110,57,283.5,335,-2,20,-994,evil_twin,evil_twin
1683978610,-1,-100,-100,-100,0,-1,26,-1,3,0,64,67,156,110,57,283.54,335,6,28,-1023,evil_twin,evil_twin
1683978610,-1,-100,-100,-100,0,0,26,-1,2,0,64,67,155,110,57,283.53,335,-4,22,-1005,evil_twin,evil_twin
1683978610,-1,-100,-100,-100,0,0,26,-1,2,0,64,67,156,110,57,283.44,335,6,3,-976,evil_twin,evil_twin
1683978610,-1,-100,-100,-100,0,0,26,-1,2,0,64,67,156,110,57,283.46,336,7,10,-999,evil_twin,evil_twin
1683978611,-1,-100,-100,-100,0,0,26,-1,2,0,64,67,156,110,57,283.46,336,7,10,-999,evil_twin,evil_twin
1683978611,-1,-100,-100,-100,0,0,26,-1,2,0,64,67,156,110,57,283.51,336,15,15,-985,evil_twin,evil_twin
1683978611,-1,-100,-100,-100,0,0,26,-1,2,0,64,67,156,110,57,283.49,336,6,8,-992,evil_twin,evil_twin
1683978611,-1,-100,-100,-100,0,0,26,-1,2,0,64,67,156,110,57,283.49,336,14,14,-1006,evil_twin,evil_twin
1683978611,-1,-100,-100,-100,1,0,26,-1,2,0,64,67,156,110,57,283.5,336,16,6,-991,evil_twin,evil_twin
1683978611,-1,-100,-100,-100,1,0,26,-1,2,0,64,67,157,110,57,283.49,336,10,13,-1009,evil_twin,evil_twin
1683978611,-1,-100,-100,-100,2,0,26,-1,2,0,64,67,156,110,57,283.59,336,7,15,-1008,evil_twin,evil_twin
1683978611,-1,-100,-100,-100,2,0,26,0,2,0,64,67,157,110,57,283.56,336,17,2,-987,evil_twin,evil_twin
1683978611,-1,-100,-100,-100,1,0,26,0,2,0,64,67,157,110,57,283.56,336,3,0,-996,evil_twin,evil_twin
1683978611,-1,-100,-100,-100,0,1,26,0,2,0,64,67,158,110,57,283.55,336,0,-1,-1002,evil_twin,evil_twin
1683978611,-1,-100,-100,-100,-1,4,26,0,1,0,64,67,158,110,57,283.57,337,6,8,-964,evil_twin,evil_twin
1683978612,-1,-100,-100,-100,-1,4,26,0,1,0,64,67,158,110,57,283.57,337,6,8,-964,evil_twin,evil_twin
1683978612,-1,-100,-100,-100,0,3,26,0,0,0,64,67,158,110,57,283.53,337,-1,4,-999,evil_twin,evil_twin
1683978612,-1,-100,-100,-100,0,1,26,0,0,0,64,67,158,110,57,283.52,337,8,0,-1005,evil_twin,evil_twin
1683978612,-1,-100,-100,-100,0,0,26,0,0,0,64,67,158,110,57,283.54,337,-12,-4,-1006,evil_twin,evil_twin
1683978612,-1,-100,-100,-100,-4,0,26,0,0,0,64,67,158,110,57,283.54,337,-9,-5,-986,evil_twin,evil_twin
1683978612,-1,-100,-100,-100,-7,0,26,-1,0,0,64,67,159,110,57,283.46,337,-9,-8,-995,evil_twin,evil_twin
1683978612,-1,-100,-100,-100,-5,0,26,-2,-1,0,64,67,159,110,57,283.51,337,0,-2,-989,evil_twin,evil_twin
1683978612,-1,-100,-100,-100,-2,0,26,-2,-1,0,64,67,158,110,57,283.56,337,8,-6,-1000,evil_twin,evil_twin
1683978612,-1,-100,-100,-100,-1,0,26,-3,-1,0,64,66,158,110,57,283.57,337,-10,-13,-996,evil_twin,evil_twin
1683978612,-1,-100,-100,-100,0,0,26,-3,-1,0,64,66,156,110,57,283.49,337,-26,0,-993,evil_twin,evil_twin
1683978613,-1,-100,-100,-100,0,0,26,-3,-1,0,64,66,156,110,57,283.49,337,-26,0,-993,evil_twin,evil_twin
1683978613,-1,-100,-100,-100,0,0,26,-2,-1,0,64,66,156,110,57,283.57,338,10,5,-995,evil_twin,evil_twin
1683978613,-1,-100,-100,-100,0,0,26,-2,-1,0,64,66,157,110,57,283.49,338,-23,-8,-987,evil_twin,evil_twin
1683978613,-1,-100,-100,-100,0,0,26,-2,-1,0,64,66,156,110,57,283.6,338,-19,-2,-1001,evil_twin,evil_twin
1683978613,-1,-100,-100,-100,0,0,26,-2,-1,0,64,66,156,110,57,283.54,338,-17,4,-998,evil_twin,evil_twin
1683978613,-1,-100,-100,-100,0,0,26,-2,-1,0,64,66,156,110,57,283.52,338,-17,-3,-999,evil_twin,evil_twin
1683978613,-1,-100,-100,-100,0,0,26,-2,-1,0,64,66,155,110,57,283.51,338,-10,0,-1011,evil_twin,evil_twin
1683978613,-1,-100,-100,-100,0,-1,26,-2,0,0,64,66,155,110,57,283.48,338,-31,1,-1016,evil_twin,evil_twin
1683978613,-1,-100,-100,-100,0,-2,26,-2,0,0,64,66,154,110,57,283.51,338,24,5,-1038,evil_twin,evil_twin
1683978613,-1,-100,-100,-100,0,-1,26,-2,0,0,64,66,154,110,57,283.51,338,-15,4,-994,evil_twin,evil_twin
1683978613,-1,-100,-100,-100,2,0,26,-2,0,0,64,66,154,110,57,283.43,338,-7,4,-1004,evil_twin,evil_twin
1683978613,-1,-100,-100,-100,4,1,26,-1,0,0,64,66,154,110,57,283.55,339,-12,17,-1027,evil_twin,evil_twin
1683978614,-1,-100,-100,-100,4,1,26,-1,0,0,64,66,154,110,57,283.55,339,-12,17,-1027,evil_twin,evil_twin
1683978614,-1,-100,-100,-100,2,0,26,0,0,0,64,66,154,110,57,283.55,339,-5,3,-1012,evil_twin,evil_twin
1683978614,-1,-100,-100,-100,1,0,26,0,0,0,64,66,153,110,57,283.47,339,-6,2,-1005,evil_twin,evil_twin
1683978614,-1,-100,-100,-100,0,0,26,0,0,0,64,66,154,110,57,283.48,339,-12,-6,-980,evil_twin,evil_twin
1683978614,-1,-100,-100,-100,0,0,26,0,0,0,64,66,154,110,57,283.51,339,11,-5,-987,evil_twin,evil_twin
1683978614,-1,-100,-100,-100,2,0,26,0,0,0,64,66,154,110,57,283.6,339,16,6,-967,evil_twin,evil_twin
1683978614,-1,-100,-100,-100,8,0,26,0,0,0,64,66,156,110,57,283.51,339,4,-4,-999,evil_twin,evil_twin
1683978614,-1,-100,-100,-100,7,0,26,1,0,0,64,66,156,110,57,283.56,339,2,-10,-1020,evil_twin,evil_twin
1683978614,-1,-100,-100,-100,4,0,26,2,1,0,64,67,155,110,57,283.61,339,32,0,-1003,evil_twin,evil_twin
1683978614,-1,-100,-100,-100,2,0,26,3,1,0,64,67,156,110,57,283.48,339,25,-7,-1000,evil_twin,evil_twin
1683978614,-1,-100,-100,-100,0,0,26,3,1,0,64,67,156,110,57,283.5,340,32,-7,-987,evil_twin,evil_twin
1683978615,-1,-100,-100,-100,0,0,26,3,1,0,64,67,156,110,57,283.5,340,32,-7,-987,evil_twin,evil_twin
1683978615,-1,-100,-100,-100,0,0,26,2,1,0,64,67,156,110,57,283.51,340,35,-8,-995,evil_twin,evil_twin
1683978615,-1,-100,-100,-100,0,0,26,2,1,0,64,67,157,110,57,283.6,340,35,-1,-998,evil_twin,evil_twin
1683978615,-1,-100,-100,-100,0,0,26,2,1,0,64,67,156,110,57,283.58,340,4,-5,-989,evil_twin,evil_twin
1683978615,-1,-100,-100,-100,0,0,26,2,1,0,64,67,157,110,57,283.61,340,5,-2,-989,evil_twin,evil_twin
1683978615,-1,-100,-100,-100,0,0,26,2,1,0,64,67,157,110,57,283.59,340,35,-14,-1011,evil_twin,evil_twin
1683978615,-1,-100,-100,-100,0,0,26,2,1,0,64,67,157,110,57,283.56,340,5,-1,-992,evil_twin,evil_twin
1683978615,-1,-100,-100,-100,0,0,26,2,1,0,64,67,158,110,57,283.64,340,21,-1,-990,evil_twin,evil_twin
1683978615,-1,-100,-100,-100,0,0,26,2,1,0,64,67,157,110,56,283.53,340,3,-14,-1017,evil_twin,evil_twin
1683978615,-1,-100,-100,-100,0,2,26,2,1,0,64,67,157,110,56,283.62,340,21,-1,-972,evil_twin,evil_twin
1683978616,-1,-100,-100,-100,0,2,26,2,1,0,64,67,157,110,56,283.62,340,21,-1,-972,evil_twin,evil_twin
1683978616,-1,-100,-100,-100,-3,0,26,2,0,0,64,67,158,110,56,283.64,341,-2,-13,-1000,evil_twin,evil_twin
1683978616,-1,-100,-100,-100,-4,-1,26,1,0,0,64,67,158,110,56,283.61,341,9,-11,-997,evil_twin,evil_twin
1683978616,-1,-100,-100,-100,-2,0,26,0,0,0,64,67,157,110,56,283.63,341,20,-2,-999,evil_twin,evil_twin
1683978616,-1,-100,-100,-100,-1,0,26,0,0,0,64,67,158,110,56,283.66,341,23,0,-999,evil_twin,evil_twin
1683978616,-1,-100,-100,-100,0,0,24,0,0,0,64,67,157,110,56,283.55,341,-34,30,-1028,evil_twin,evil_twin
1683978616,-1,-100,-100,-100,0,0,18,0,0,0,64,67,157,110,56,283.64,341,5,3,-1007,evil_twin,evil_twin
1683978616,-1,-100,-100,-100,0,0,12,0,0,0,64,67,157,110,56,283.59,341,-1,6,-986,evil_twin,evil_twin
1683978616,-1,-100,-100,-100,0,0,6,0,0,0,64,67,157,110,56,283.61,341,14,6,-991,evil_twin,evil_twin
1683978616,-1,-100,-100,-100,0,0,0,0,0,0,64,66,156,110,56,283.63,341,6,4,-988,evil_twin,evil_twin
1683978616,-1,-100,-100,-100,0,0,-5,0,0,0,64,66,157,110,56,283.57,341,9,5,-992,evil_twin,evil_twin
1683978617,-1,-100,-100,-100,0,0,-5,0,0,0,64,66,157,110,56,283.57,341,9,5,-992,evil_twin,evil_twin
1683978617,-1,-100,-100,-100,0,0,-12,0,0,0,64,66,156,110,56,283.64,342,-1,2,-999,evil_twin,evil_twin
1683978617,-1,-100,-100,-100,0,0,-18,0,0,0,64,66,156,110,56,283.67,342,3,7,-993,evil_twin,evil_twin
1683978617,-1,-100,-100,-100,0,0,-24,0,0,0,64,66,156,110,56,283.68,342,3,0,-1004,evil_twin,evil_twin
1683978617,-1,-100,-100,-100,0,0,-30,0,0,0,64,66,155,110,56,283.62,342,-12,6,-994,evil_twin,evil_twin
1683978617,-1,-100,-100,-100,0,0,-36,0,0,0,64,66,155,110,56,283.63,342,1,7,-995,evil_twin,evil_twin
1683978617,-1,-100,-100,-100,0,0,-42,0,0,0,64,66,154,110,56,283.61,342,17,8,-1006,evil_twin,evil_twin
1683978617,-1,-100,-100,-100,0,0,-47,0,0,0,64,66,155,110,56,283.66,342,-11,2,-1000,evil_twin,evil_twin
1683978617,-1,-100,-100,-100,0,0,-51,0,0,0,64,66,155,110,56,283.59,342,7,4,-998,evil_twin,evil_twin
1683978617,-1,-100,-100,-100,0,0,-54,0,0,0,64,67,155,110,56,283.67,342,11,7,-1009,evil_twin,evil_twin
1683978617,-1,-100,-100,-100,0,0,-56,0,0,0,64,67,154,110,56,283.6,342,-2,8,-999,evil_twin,evil_twin
1683978618,-1,-100,-100,-100,0,0,-56,0,0,0,64,67,154,110,56,283.6,342,-2,8,-999,evil_twin,evil_twin
1683978618,-1,-100,-100,-100,0,0,-58,0,0,0,64,67,155,110,56,283.67,343,-13,5,-997,evil_twin,evil_twin
1683978618,-1,-100,-100,-100,0,0,-59,0,0,0,64,67,155,110,56,283.63,343,-7,5,-1000,evil_twin,evil_twin
1683978618,-1,-100,-100,-100,0,0,-60,0,0,0,64,67,155,110,56,283.64,343,-8,4,-1004,evil_twin,evil_twin
1683978618,-1,-100,-100,-100,0,0,-61,0,0,0,64,67,155,110,56,283.65,343,15,9,-1006,evil_twin,evil_twin
1683978618,-1,-100,-100,-100,0,0,-61,0,0,0,64,67,154,110,56,283.66,343,0,6,-1006,evil_twin,evil_twin
1683978618,-1,-100,-100,-100,0,0,-62,0,0,0,64,67,154,110,56,283.73,343,-1,5,-997,evil_twin,evil_twin
1683978618,-1,-100,-100,-100,0,1,-62,0,0,0,64,67,154,110,56,283.7,343,-21,4,-998,evil_twin,evil_twin
1683978618,-1,-100,-100,-100,0,7,-62,0,0,0,64,67,154,110,56,283.66,343,15,2,-998,evil_twin,evil_twin
1683978618,-1,-100,-100,-100,0,6,-62,-1,0,0,64,67,154,110,56,283.7,343,-6,-7,-1013,evil_twin,evil_twin
1683978618,-1,-100,-100,-100,0,4,-62,-2,-1,0,64,67,154,110,56,283.69,343,-4,-13,-1012,evil_twin,evil_twin
1683978619,-1,-100,-100,-100,0,4,-62,-2,-1,0,64,67,154,110,56,283.69,343,-4,-13,-1012,evil_twin,evil_twin
1683978619,-1,-100,-100,-100,0,2,-62,-3,-1,0,64,67,154,110,56,283.76,344,16,-9,-1004,evil_twin,evil_twin
1683978619,-1,-100,-100,-100,0,0,-62,-3,-1,0,64,67,154,110,56,283.73,344,6,-24,-1007,evil_twin,evil_twin
1683978619,-1,-100,-100,-100,0,-1,-62,-2,-1,0,64,67,153,110,56,283.76,344,-1,-10,-997,evil_twin,evil_twin
1683978619,-1,-100,-100,-100,0,0,-62,-2,-1,0,64,67,153,110,56,283.72,344,18,-9,-1003,evil_twin,evil_twin
1683978619,-1,-100,-100,-100,0,0,-62,-2,-1,0,64,67,154,110,56,283.73,344,6,-11,-1004,evil_twin,evil_twin
1683978619,-1,-100,-100,-100,0,0,-62,-2,-1,0,64,67,154,110,56,283.71,344,7,-11,-1008,evil_twin,evil_twin
1683978619,-1,-100,-100,-100,0,0,-62,-2,-1,0,64,67,153,110,56,283.75,344,-15,-7,-1001,evil_twin,evil_twin
1683978619,-1,-100,-100,-100,0,0,-62,-2,-1,0,64,67,154,110,56,283.77,344,15,-15,-1008,evil_twin,evil_twin
1683978619,-1,-100,-100,-100,0,0,-61,-2,-1,0,64,66,153,110,56,283.77,344,-14,-6,-1004,evil_twin,evil_twin
1683978619,-1,-100,-100,-100,0,0,-61,-2,-1,0,64,66,153,110,56,283.74,344,5,-21,-994,evil_twin,evil_twin
1683978620,-1,-100,-100,-100,0,0,-61,-2,-1,0,64,66,153,110,56,283.74,344,5,-21,-994,evil_twin,evil_twin
1683978620,-1,-100,-100,-100,-1,0,-61,-2,-1,0,64,66,155,110,56,283.75,345,0,-25,-988,evil_twin,evil_twin
1683978620,-1,-100,-100,-100,-2,-1,-61,-2,0,0,64,66,154,110,56,283.78,345,-6,-5,-989,evil_twin,evil_twin
1683978620,-1,-100,-100,-100,1,-4,-62,-1,0,0,64,66,155,110,56,283.7,345,-7,-21,-1034,evil_twin,evil_twin
1683978620,-1,-100,-100,-100,1,-3,-61,0,0,0,64,66,154,110,56,283.74,345,10,0,-997,evil_twin,evil_twin
1683978620,-1,-100,-100,-100,0,-1,-61,0,0,0,64,66,153,110,56,283.7,345,0,1,-992,evil_twin,evil_twin
1683978620,-1,-100,-100,-100,0,0,-62,0,0,0,64,66,153,110,56,283.76,345,-6,-1,-993,evil_twin,evil_twin
1683978620,-1,-100,-100,-100,0,0,-62,0,0,0,64,66,154,110,56,283.77,345,13,-5,-997,evil_twin,evil_twin
1683978620,-1,-100,-100,-100,0,0,-62,0,0,0,64,66,153,110,56,283.74,345,-2,-5,-1003,evil_twin,evil_twin
1683978620,-1,-100,-100,-100,0,0,-61,0,0,0,64,67,153,110,55,283.79,345,19,0,-1007,evil_twin,evil_twin
1683978620,-1,-100,-100,-100,0,0,-61,0,0,0,64,67,153,110,55,283.75,345,-14,-1,-1005,evil_twin,evil_twin
1683978621,-1,-100,-100,-100,0,0,-61,0,0,0,64,67,153,110,55,283.75,345,-14,-1,-1005,evil_twin,evil_twin
1683978621,-1,-100,-100,-100,0,0,-61,0,0,0,64,67,152,110,55,283.72,346,-16,-3,-1008,evil_twin,evil_twin
1683978621,-1,-100,-100,-100,0,0,-61,0,0,0,64,67,154,110,55,283.71,346,13,0,-999,evil_twin,evil_twin
1683978621,-1,-100,-100,-100,0,0,-61,0,0,0,64,67,153,110,55,283.73,346,9,-7,-997,evil_twin,evil_twin
1683978621,-1,-100,-100,-100,0,0,-61,0,0,0,64,67,153,110,55,283.73,346,0,6,-1012,evil_twin,evil_twin
1683978621,-1,-100,-100,-100,0,0,-61,0,0,0,64,67,153,110,55,283.76,346,0,-5,-1003,evil_twin,evil_twin
1683978621,-1,-100,-100,-100,0,0,-61,0,0,0,64,67,153,110,55,283.74,346,6,-5,-993,evil_twin,evil_twin
1683978621,-1,-100,-100,-100,0,0,-61,0,0,0,64,67,153,110,55,283.71,346,-4,-4,-1004,evil_twin,evil_twin
1683978621,-1,-100,-100,-100,0,0,-61,0,0,0,64,67,153,110,55,283.68,346,-12,3,-990,evil_twin,evil_twin
1683978621,-1,-100,-100,-100,0,0,-61,0,0,0,64,66,154,110,55,283.73,346,-10,4,-986,evil_twin,evil_twin
1683978621,-1,-100,-100,-100,0,0,-61,0,0,0,64,66,153,110,55,283.75,346,10,-4,-996,evil_twin,evil_twin
1683978622,-1,-100,-100,-100,0,0,-61,0,0,0,64,66,153,110,55,283.75,346,10,-4,-996,evil_twin,evil_twin
1683978622,-1,-100,-100,-100,0,0,-61,0,0,0,64,66,153,110,55,283.72,347,5,6,-1009,evil_twin,evil_twin
1683978622,-1,-100,-100,-100,0,0,-61,0,0,0,64,66,153,110,55,283.78,347,-10,0,-1003,evil_twin,evil_twin
1683978622,-1,-100,-100,-100,0,0,-61,0,0,0,64,66,152,110,55,283.73,347,8,-3,-1000,evil_twin,evil_twin
1683978622,-1,-100,-100,-100,0,0,-61,0,0,0,64,66,152,110,55,283.81,347,0,6,-1005,evil_twin,evil_twin
1683978622,-1,-100,-100,-100,0,0,-61,0,0,0,64,66,151,110,55,283.68,347,-3,-3,-1000,evil_twin,evil_twin
1683978622,-1,-100,-100,-100,0,0,-61,0,0,0,64,66,152,110,55,283.74,347,6,-5,-1004,evil_twin,evil_twin
1683978622,-1,-100,-100,-100,0,0,-61,0,0,0,64,66,151,110,55,283.7,347,17,-17,-1003,evil_twin,evil_twin
1683978622,-1,-100,-100,-100,0,0,-61,0,0,0,64,66,151,110,55,283.73,347,4,-6,-1023,evil_twin,evil_twin
1683978622,-1,-100,-100,-100,0,0,-61,0,0,0,64,66,151,110,55,283.77,347,-3,0,-1002,evil_twin,evil_twin
1683978622,-1,-100,-100,-100,0,0,-61,0,0,0,64,66,152,110,55,283.72,347,0,-11,-1005,evil_twin,evil_twin
1683978623,-1,-100,-100,-100,0,0,-61,0,0,0,64,66,152,110,55,283.72,347,0,-11,-1005,evil_twin,evil_twin
1683978623,-1,-100,-100,-100,0,0,-61,0,0,0,64,66,152,110,55,283.72,348,21,-8,-1001,evil_twin,evil_twin
1683978623,-1,-100,-100,-100,0,0,-61,0,0,0,64,66,152,110,55,283.69,348,1,0,-1005,evil_twin,evil_twin
1683978623,-1,-100,-100,-100,0,0,-61,0,0,0,64,66,152,110,55,283.72,348,4,3,-997,evil_twin,evil_twin
1683978623,-1,-100,-100,-100,0,0,-61,0,0,0,64,66,153,110,55,283.75,348,-1,3,-1009,evil_twin,evil_twin
1683978623,-1,-100,-100,-100,0,0,-61,0,0,0,64,66,153,110,55,283.72,348,-5,5,-1014,evil_twin,evil_twin
1683978623,-1,-100,-100,-100,0,0,-61,0,0,0,64,66,154,110,55,283.76,348,6,-4,-996,evil_twin,evil_twin
1683978623,-1,-100,-100,-100,0,0,-61,0,0,0,64,66,154,110,55,283.7,348,-1,0,-985,evil_twin,evil_twin
1683978623,-1,-100,-100,-100,0,0,-61,0,0,0,64,66,154,110,55,283.77,348,6,3,-995,evil_twin,evil_twin
1683978623,-1,-100,-100,-100,0,0,-61,0,0,0,64,66,154,110,55,283.77,348,-3,-3,-977,evil_twin,evil_twin
1683978623,-1,-100,-100,-100,0,0,-61,0,0,0,64,66,154,110,55,283.72,349,-1,7,-1009,evil_twin,evil_twin
1683978624,-1,-100,-100,-100,0,0,-61,0,0,0,64,66,154,110,55,283.72,349,-1,7,-1009,evil_twin,evil_twin
1683978624,-1,-100,-100,-100,0,0,-61,0,0,0,64,66,155,110,55,283.75,349,-5,-1,-977,evil_twin,evil_twin
1683978624,-1,-100,-100,-100,0,0,-61,0,0,0,64,66,155,110,55,283.77,349,8,1,-982,evil_twin,evil_twin
1683978624,-1,-100,-100,-100,0,0,-61,0,0,0,64,66,155,110,55,283.81,349,1,7,-1010,evil_twin,evil_twin
1683978624,-1,-100,-100,-100,0,0,-61,0,0,0,64,66,155,110,55,283.74,349,10,-2,-990,evil_twin,evil_twin
1683978624,-1,-100,-100,-100,0,0,-61,0,0,0,64,66,155,110,55,283.78,349,12,-1,-1014,evil_twin,evil_twin
1683978624,-1,-100,-100,-100,0,0,-61,0,0,0,64,66,156,110,55,283.75,349,3,0,-991,evil_twin,evil_twin
1683978624,-1,-100,-100,-100,0,0,-61,0,0,0,64,66,156,110,55,283.79,349,-2,0,-986,evil_twin,evil_twin
1683978624,-1,-100,-100,-100,0,0,-61,0,0,0,64,66,156,110,55,283.77,349,3,-11,-1000,evil_twin,evil_twin
1683978624,-1,-100,-100,-100,0,0,-61,0,0,0,63,66,155,110,55,283.79,349,0,2,-989,evil_twin,evil_twin
1683978624,-1,-100,-100,-100,0,0,-61,0,0,0,63,66,155,110,55,283.63,350,7,-7,-1015,evil_twin,evil_twin
1683978625,-1,-100,-100,-100,0,0,-61,0,0,0,63,66,155,110,55,283.63,350,7,-7,-1015,evil_twin,evil_twin
1683978625,-1,-100,-100,-100,0,0,-61,0,0,0,63,66,155,110,55,283.76,350,-8,4,-983,evil_twin,evil_twin
1683978625,-1,-100,-100,-100,0,0,-61,0,0,0,63,66,155,110,55,283.68,350,16,-2,-1004,evil_twin,evil_twin
1683978625,-1,-100,-100,-100,0,0,-61,0,0,0,63,66,156,110,55,283.71,350,-8,-3,-1008,evil_twin,evil_twin
1683978625,-1,-100,-100,-100,0,0,-61,0,0,0,63,66,155,110,55,283.74,350,18,8,-1005,evil_twin,evil_twin
1683978625,-1,-100,-100,-100,0,0,-61,0,0,0,63,66,155,110,55,283.68,350,11,-12,-995,evil_twin,evil_twin
1683978625,-1,-100,-100,-100,0,0,-61,0,0,0,63,66,156,110,55,283.67,350,11,-7,-1005,evil_twin,evil_twin
1683978625,-1,-100,-100,-100,0,0,-61,0,0,0,63,66,155,110,55,283.73,350,6,-12,-993,evil_twin,evil_twin
1683978625,-1,-100,-100,-100,0,0,-62,0,0,0,63,66,155,110,55,283.66,350,11,-10,-1003,evil_twin,evil_twin
1683978625,-1,-100,-100,-100,0,0,-62,0,0,0,64,67,156,110,55,283.66,350,9,1,-993,evil_twin,evil_twin
1683978625,-1,-100,-100,-100,0,0,-62,0,0,0,64,67,156,110,55,283.67,351,-7,1,-998,evil_twin,evil_twin
1683978626,-1,-100,-100,-100,0,0,-62,0,0,0,64,67,156,110,55,283.67,351,-7,1,-998,evil_twin,evil_twin
1683978626,-1,-100,-100,-100,0,0,-61,0,0,0,64,67,156,110,55,283.67,351,3,-15,-982,evil_twin,evil_twin
1683978626,-1,-100,-100,-100,0,0,-62,0,0,0,64,67,156,110,55,283.64,351,12,-4,-1004,evil_twin,evil_twin
1683978626,-1,-100,-100,-100,0,0,-62,0,0,0,64,67,156,110,55,283.63,351,3,-5,-999,evil_twin,evil_twin
1683978626,-1,-100,-100,-100,0,0,-62,0,0,0,64,67,155,110,55,283.61,351,3,-3,-998,evil_twin,evil_twin
1683978626,-1,-100,-100,-100,0,0,-62,0,0,0,64,67,156,110,55,283.65,351,7,-1,-993,evil_twin,evil_twin
1683978626,-1,-100,-100,-100,0,0,-62,0,0,0,64,67,156,110,55,283.65,351,15,-6,-1001,evil_twin,evil_twin
1683978626,-1,-100,-100,-100,0,0,-62,0,0,0,64,67,156,110,55,283.62,351,11,-6,-997,evil_twin,evil_twin
1683978626,-1,-100,-100,-100,0,0,-62,0,0,0,64,67,155,110,55,283.66,351,-1,-5,-1002,evil_twin,evil_twin
1683978626,-1,-100,-100,-100,0,0,-62,0,0,0,63,67,156,110,55,283.71,351,-4,-4,-986,evil_twin,evil_twin
1683978626,-1,-100,-100,-100,0,0,-62,0,0,0,63,67,156,110,55,283.68,352,15,-4,-1002,evil_twin,evil_twin
1683978627,-1,-100,-100,-100,0,0,-62,0,0,0,63,67,156,110,55,283.68,352,15,-4,-1002,evil_twin,evil_twin
1683978627,-1,-100,-100,-100,0,0,-62,0,0,0,63,67,155,110,55,283.67,352,4,-9,-994,evil_twin,evil_twin
1683978627,-1,-100,-100,-100,0,0,-62,0,0,0,63,67,156,110,55,283.67,352,10,-3,-991,evil_twin,evil_twin
1683978627,-1,-100,-100,-100,0,0,-62,0,0,0,63,67,156,110,55,283.7,352,11,-6,-987,evil_twin,evil_twin
1683978627,-1,-100,-100,-100,0,0,-62,0,0,0,63,67,156,110,55,283.62,352,5,-5,-1007,evil_twin,evil_twin
1683978627,-1,-100,-100,-100,0,0,-62,0,0,0,63,67,156,110,55,283.64,352,-6,2,-993,evil_twin,evil_twin
1683978627,-1,-100,-100,-100,0,0,-62,0,0,0,63,67,155,110,55,283.61,352,22,-4,-1015,evil_twin,evil_twin
1683978627,-1,-100,-100,-100,0,0,-62,0,0,0,63,67,156,110,55,283.64,352,4,-8,-991,evil_twin,evil_twin
1683978627,-1,-100,-100,-100,0,0,-62,0,0,0,63,67,155,110,55,283.62,352,3,-2,-994,evil_twin,evil_twin
1683978627,-1,-100,-100,-100,0,0,-62,0,0,0,64,67,156,110,54,283.63,352,-10,-5,-1002,evil_twin,evil_twin
1683978627,-1,-100,-100,-100,0,0,-62,0,0,0,64,67,156,110,54,283.65,353,6,-8,-1000,evil_twin,evil_twin
1683978628,-1,-100,-100,-100,0,0,-62,0,0,0,64,67,156,110,54,283.65,353,6,-8,-1000,evil_twin,evil_twin
1683978628,-1,-100,-100,-100,0,0,-62,0,0,0,64,67,156,110,54,283.62,353,0,-1,-1004,evil_twin,evil_twin
1683978628,-1,-100,-100,-100,0,0,-62,0,0,0,64,67,157,110,54,283.63,353,7,-7,-994,evil_twin,evil_twin
1683978628,-1,-100,-100,-100,0,0,-62,0,0,0,64,67,157,110,54,283.68,353,15,2,-993,evil_twin,evil_twin
1683978628,-1,-100,-100,-100,0,0,-62,0,0,0,64,67,157,110,54,283.6,353,2,-2,-1004,evil_twin,evil_twin
1683978628,-1,-100,-100,-100,0,0,-62,0,0,0,64,67,157,110,54,283.65,353,0,-4,-996,evil_twin,evil_twin
1683978628,-1,-100,-100,-100,0,0,-62,0,0,0,64,67,156,110,54,283.61,353,-2,16,-955,evil_twin,evil_twin
1683978628,-1,-100,-100,-100,0,-7,-62,0,0,0,64,67,158,110,54,283.68,353,7,-15,-1037,evil_twin,evil_twin
1683978628,-1,-100,-100,-100,0,-7,-62,1,0,0,64,67,158,110,54,283.65,353,5,3,-1016,evil_twin,evil_twin
1683978628,-1,-100,-100,-100,0,-4,-62,2,1,0,64,67,157,110,54,283.62,353,4,4,-1010,evil_twin,evil_twin
1683978628,-1,-100,-100,-100,0,-2,-62,3,1,0,64,67,157,110,54,283.62,354,-11,11,-996,evil_twin,evil_twin
1683978629,-1,-100,-100,-100,0,-2,-62,3,1,0,64,67,157,110,54,283.62,354,-11,11,-996,evil_twin,evil_twin
1683978629,-1,-100,-100,-100,0,0,-62,3,1,0,64,67,154,110,54,283.64,354,0,25,-988,evil_twin,evil_twin
1683978629,-1,-100,-100,-100,0,1,-62,2,1,0,64,67,156,110,54,283.67,354,-7,17,-996,evil_twin,evil_twin
1683978629,-1,-100,-100,-100,0,0,-62,2,1,0,64,67,155,110,54,283.7,354,-10,19,-1004,evil_twin,evil_twin
1683978629,-1,-100,-100,-100,0,0,-62,2,1,0,64,67,155,110,54,283.62,354,0,11,-999,evil_twin,evil_twin
1683978629,-1,-100,-100,-100,0,0,-62,2,1,0,64,67,155,110,54,283.64,354,6,15,-1001,evil_twin,evil_twin
1683978629,-1,-100,-100,-100,0,0,-62,2,1,0,64,67,156,110,54,283.65,354,-10,10,-1000,evil_twin,evil_twin
1683978629,-1,-100,-100,-100,0,0,-62,2,1,0,64,67,155,110,54,283.69,354,-11,11,-1002,evil_twin,evil_twin
1683978629,-1,-100,-100,-100,0,0,-62,2,1,0,64,67,154,110,54,283.68,354,-12,11,-1004,evil_twin,evil_twin
1683978629,-1,-100,-100,-100,0,0,-62,2,1,0,63,66,154,110,54,283.65,354,-8,15,-1003,evil_twin,evil_twin
1683978629,-1,-100,-100,-100,2,0,-62,2,1,0,63,66,154,110,54,283.59,355,-6,15,-1012,evil_twin,evil_twin
1683978630,-1,-100,-100,-100,2,0,-62,2,1,0,63,66,154,110,54,283.59,355,-6,15,-1012,evil_twin,evil_twin
1683978630,-1,-100,-100,-100,2,0,-62,2,0,0,63,66,154,110,54,283.57,355,0,11,-1017,evil_twin,evil_twin
1683978630,-1,-100,-100,-100,-1,3,-62,1,0,0,63,66,154,110,54,283.6,355,18,25,-982,evil_twin,evil_twin
1683978630,-1,-100,-100,-100,-1,3,-62,1,0,0,63,66,154,110,54,283.64,355,-5,9,-1004,evil_twin,evil_twin
1683978630,-1,-100,-100,-100,0,1,-62,0,0,0,63,66,154,110,54,283.62,355,-1,4,-1005,evil_twin,evil_twin
1683978630,-1,-100,-100,-100,0,0,-62,0,0,0,63,66,154,110,54,283.6,355,-3,-1,-1003,evil_twin,evil_twin
1683978630,-1,-100,-100,-100,0,0,-62,0,0,0,63,66,154,110,54,283.58,355,0,-2,-1002,evil_twin,evil_twin
1683978630,-1,-100,-100,-100,0,0,-61,0,0,0,63,66,154,110,54,283.63,355,-4,5,-997,evil_twin,evil_twin
1683978630,-1,-100,-100,-100,0,0,-61,0,0,0,63,66,154,110,54,283.63,355,-6,-2,-1017,evil_twin,evil_twin
1683978630,-1,-100,-100,-100,0,0,-61,0,0,0,63,66,154,110,54,283.64,355,18,0,-1005,evil_twin,evil_twin
1683978631,-1,-100,-100,-100,0,0,-61,0,0,0,63,66,154,110,54,283.64,355,18,0,-1005,evil_twin,evil_twin
1683978631,-1,-100,-100,-100,0,0,-61,0,0,0,63,66,154,110,54,283.57,356,-6,8,-1001,evil_twin,evil_twin
1683978631,-1,-100,-100,-100,0,0,-61,0,0,0,63,66,154,110,54,283.73,356,-3,-2,-999,evil_twin,evil_twin
1683978631,-1,-100,-100,-100,0,0,-61,0,0,0,63,66,153,110,54,283.62,356,1,1,-1003,evil_twin,evil_twin
1683978631,-1,-100,-100,-100,0,0,-61,0,0,0,63,66,154,110,54,283.63,356,-8,2,-995,evil_twin,evil_twin
1683978631,-1,-100,-100,-100,0,0,-61,0,0,0,63,66,154,110,54,283.65,356,7,-4,-1003,evil_twin,evil_twin
1683978631,-1,-100,-100,-100,0,0,-61,0,0,0,63,66,153,110,54,283.64,356,-3,-4,-1003,evil_twin,evil_twin
1683978631,-1,-100,-100,-100,0,0,-61,0,0,0,63,66,154,110,54,283.62,356,4,0,-1002,evil_twin,evil_twin
1683978631,-1,-100,-100,-100,0,0,-61,0,0,0,63,66,154,110,54,283.65,356,-2,4,-1008,evil_twin,evil_twin
1683978631,-1,-100,-100,-100,0,0,-61,0,0,0,63,66,155,110,54,283.64,356,-1,3,-991,evil_twin,evil_twin
1683978631,-1,-100,-100,-100,0,0,-61,0,0,0,63,66,154,110,54,283.6,356,5,-5,-1001,evil_twin,evil_twin
1683978631,-1,-100,-100,-100,0,0,-61,0,0,0,63,66,154,110,54,283.65,357,-11,2,-1011,evil_twin,evil_twin
1683978632,-1,-100,-100,-100,0,0,-61,0,0,0,63,66,154,110,54,283.65,357,-11,2,-1011,evil_twin,evil_twin
1683978632,-1,-100,-100,-100,0,0,-61,0,0,0,63,66,155,110,54,283.65,357,7,-5,-981,evil_twin,evil_twin
1683978632,-1,-100,-100,-100,0,0,-61,0,0,0,63,66,155,110,54,283.63,357,-8,-2,-999,evil_twin,evil_twin
1683978632,-1,-100,-100,-100,0,0,-61,0,0,0,63,66,155,110,54,283.64,357,-1,2,-989,evil_twin,evil_twin
1683978632,-1,-100,-100,-100,0,0,-62,0,0,0,63,66,155,110,54,283.63,357,2,-7,-999,evil_twin,evil_twin
1683978632,-1,-100,-100,-100,0,0,-62,0,0,0,63,66,155,110,54,283.64,357,-7,1,-1001,evil_twin,evil_twin
1683978632,-1,-100,-100,-100,0,0,-62,0,0,0,63,66,155,110,54,283.58,357,-2,8,-1002,evil_twin,evil_twin
1683978632,-1,-100,-100,-100,0,0,-62,0,0,0,63,66,155,110,54,283.67,357,14,-1,-992,evil_twin,evil_twin
1683978632,-1,-100,-100,-100,0,0,-62,0,0,0,63,66,155,110,54,283.57,357,0,-1,-999,evil_twin,evil_twin
1683978632,-1,-100,-100,-100,0,0,-62,0,0,0,64,66,155,110,54,283.61,357,-2,2,-1000,evil_twin,evil_twin
1683978632,-1,-100,-100,-100,0,0,-62,0,0,0,64,66,155,110,54,283.68,358,-2,3,-1007,evil_twin,evil_twin
1683978633,-1,-100,-100,-100,0,0,-62,0,0,0,64,66,155,110,54,283.68,358,-2,3,-1007,evil_twin,evil_twin
1683978633,-1,-100,-100,-100,0,0,-62,0,0,0,64,66,156,110,54,283.68,358,-29,2,-1002,evil_twin,evil_twin
1683978633,-1,-100,-100,-100,0,0,-62,0,0,0,64,66,156,110,54,283.68,358,7,-3,-1005,evil_twin,evil_twin
1683978633,-1,-100,-100,-100,0,0,-61,0,0,0,64,66,157,110,54,283.61,358,-2,-4,-990,evil_twin,evil_twin
1683978633,-1,-100,-100,-100,0,0,-62,0,0,0,64,66,156,110,54,283.68,358,-22,5,-987,evil_twin,evil_twin
1683978633,-1,-100,-100,-100,0,0,-62,0,0,0,64,66,156,110,54,283.68,358,-6,3,-990,evil_twin,evil_twin
1683978633,-1,-100,-100,-100,0,0,-62,0,0,0,64,66,156,110,54,283.68,358,-6,5,-993,evil_twin,evil_twin
1683978633,-1,-100,-100,-100,0,0,-62,0,0,0,64,66,156,110,54,283.63,358,-6,7,-1001,evil_twin,evil_twin
1683978633,-1,-100,-100,-100,0,0,-62,0,0,0,64,66,157,110,53,283.65,358,4,-8,-1006,evil_twin,evil_twin
1683978633,-1,-100,-100,-100,0,0,-62,0,0,0,64,67,157,110,53,283.63,358,-1,5,-995,evil_twin,evil_twin
1683978634,-1,-100,-100,-100,0,0,-62,0,0,0,64,67,157,110,53,283.63,358,-1,5,-995,evil_twin,evil_twin
1683978634,-1,-100,-100,-100,0,0,-62,0,0,0,64,67,157,110,53,283.76,359,-6,7,-1000,evil_twin,evil_twin
1683978634,-1,-100,-100,-100,0,0,-62,0,0,0,64,67,157,110,53,283.7,359,-5,0,-998,evil_twin,evil_twin
1683978634,-1,-100,-100,-100,0,0,-62,0,0,0,64,67,157,110,53,283.62,359,0,-4,-996,evil_twin,evil_twin
1683978634,-1,-100,-100,-100,0,0,-62,0,0,0,64,67,157,110,53,283.59,359,-9,4,-988,evil_twin,evil_twin
1683978634,-1,-100,-100,-100,0,0,-62,0,0,0,64,67,157,110,53,283.69,359,2,-9,-996,evil_twin,evil_twin
1683978634,-1,-100,-100,-100,0,0,-62,0,0,0,64,67,157,110,53,283.69,359,-3,5,-1003,evil_twin,evil_twin
1683978634,-1,-100,-100,-100,0,0,-62,0,0,0,64,67,157,110,53,283.62,359,-1,10,-997,evil_twin,evil_twin
1683978634,-1,-100,-100,-100,0,0,-62,0,0,0,64,67,157,110,53,283.62,359,-5,-5,-1011,evil_twin,evil_twin
1683978634,-1,-100,-100,-100,0,0,-62,0,0,0,64,67,157,110,53,283.58,359,-5,4,-996,evil_twin,evil_twin
1683978634,-1,-100,-100,-100,0,0,-62,0,0,0,64,66,156,110,53,283.67,359,13,-2,-1006,evil_twin,evil_twin
1683978634,-1,-100,-100,-100,0,0,-62,0,0,0,64,66,156,110,53,283.66,360,-3,1,-994,evil_twin,evil_twin
1683978635,-1,-100,-100,-100,0,0,-62,0,0,0,64,66,156,110,53,283.66,360,-3,1,-994,evil_twin,evil_twin
1683978635,-1,-100,-100,-100,0,0,-62,0,0,0,64,66,156,110,53,283.64,360,-1,-2,-1005,evil_twin,evil_twin
1683978635,-1,-100,-100,-100,0,0,-62,0,0,0,64,66,156,110,53,283.61,360,2,0,-1000,evil_twin,evil_twin
1683978635,-1,-100,-100,-100,0,0,-62,0,0,0,64,66,157,110,53,283.66,360,9,2,-1013,evil_twin,evil_twin
1683978635,-1,-100,-100,-100,0,0,-62,0,0,0,64,66,155,110,53,283.58,360,-5,-8,-992,evil_twin,evil_twin
1683978635,-1,-100,-100,-100,0,0,-62,0,0,0,64,66,155,110,53,283.61,360,-19,-10,-999,evil_twin,evil_twin
1683978635,-1,-100,-100,-100,0,0,-62,0,0,0,64,66,156,110,53,283.66,360,-8,-1,-1005,evil_twin,evil_twin
1683978635,-1,-100,-100,-100,0,0,-62,0,0,0,64,66,156,110,53,283.58,360,10,-5,-1008,evil_twin,evil_twin
1683978635,-1,-100,-100,-100,0,0,-62,0,0,0,64,66,154,110,53,283.56,360,16,0,-998,evil_twin,evil_twin
1683978635,-1,-100,-100,-100,0,0,-62,0,0,0,65,66,154,110,53,283.63,360,-10,-4,-995,evil_twin,evil_twin
1683978636,-1,-100,-100,-100,0,0,-62,0,0,0,65,66,154,110,53,283.63,360,-10,-4,-995,evil_twin,evil_twin
1683978636,-1,-100,-100,-100,0,0,-62,0,0,0,65,66,155,110,53,283.64,361,2,-6,-1003,evil_twin,evil_twin
1683978636,-1,-100,-100,-100,0,0,-62,0,0,0,65,66,155,110,53,283.61,361,6,3,-999,evil_twin,evil_twin
1683978636,-1,-100,-100,-100,0,0,-62,0,0,0,65,66,154,110,53,283.59,361,-11,-1,-997,evil_twin,evil_twin
1683978636,-1,-100,-100,-100,0,0,-62,0,0,0,65,66,154,110,53,283.6,361,-5,1,-1004,evil_twin,evil_twin
1683978636,-1,-100,-100,-100,0,0,-62,0,0,0,65,66,154,110,53,283.72,361,-7,-3,-998,evil_twin,evil_twin
1683978636,-1,-100,-100,-100,0,0,-62,0,0,0,65,66,153,110,53,283.61,361,-17,-5,-994,evil_twin,evil_twin
1683978636,-1,-100,-100,-100,0,0,-62,0,0,0,65,66,154,110,53,283.7,361,2,-4,-997,evil_twin,evil_twin
1683978636,-1,-100,-100,-100,0,0,-62,0,0,0,65,66,154,110,53,283.59,361,-2,-2,-999,evil_twin,evil_twin
1683978636,-1,-100,-100,-100,0,0,-62,0,0,0,65,66,154,110,53,283.66,361,-4,-10,-1000,evil_twin,evil_twin
1683978636,-1,-100,-100,-100,0,0,-62,0,0,0,64,66,153,110,53,283.64,361,-2,-3,-999,evil_twin,evil_twin
1683978637,-1,-100,-100,-100,0,0,-62,0,0,0,64,66,153,110,53,283.64,361,-2,-3,-999,evil_twin,evil_twin
1683978637,-1,-100,-100,-100,0,0,-62,0,0,0,64,66,153,110,53,283.61,362,-5,-6,-1009,evil_twin,evil_twin
1683978637,-1,-100,-100,-100,0,0,-62,0,0,0,64,66,153,110,53,283.61,362,9,-3,-1007,evil_twin,evil_twin
1683978637,-1,-100,-100,-100,0,0,-62,0,0,0,64,66,153,110,53,283.69,362,-21,-4,-995,evil_twin,evil_twin
1683978637,-1,-100,-100,-100,0,0,-62,0,0,0,64,66,154,110,53,283.62,362,4,0,-1000,evil_twin,evil_twin
1683978637,-1,-100,-100,-100,0,0,-62,0,0,0,64,66,155,110,53,283.61,362,-1,-4,-993,evil_twin,evil_twin
1683978637,-1,-100,-100,-100,0,0,-62,0,0,0,64,66,154,110,53,283.64,362,-5,0,-1000,evil_twin,evil_twin
1683978637,-1,-100,-100,-100,0,0,-62,0,0,0,64,66,154,110,53,283.6,362,-23,-6,-998,evil_twin,evil_twin
1683978637,-1,-100,-100,-100,0,0,-62,0,0,0,64,66,154,110,53,283.63,362,-11,-6,-999,evil_twin,evil_twin
1683978637,-1,-100,-100,-100,0,0,-62,0,0,0,64,66,154,110,53,283.59,362,-19,-5,-992,evil_twin,evil_twin
1683978637,-1,-100,-100,-100,0,0,-62,0,0,0,64,67,153,110,53,283.61,362,0,-3,-998,evil_twin,evil_twin
1683978638,-1,-100,-100,-100,0,0,-62,0,0,0,64,67,153,110,53,283.61,362,0,-3,-998,evil_twin,evil_twin
1683978638,-1,-100,-100,-100,0,0,-62,0,0,0,64,67,154,110,53,283.66,363,-14,-7,-989,evil_twin,evil_twin
1683978638,-1,-100,-100,-100,0,0,-62,0,0,0,64,67,154,110,53,283.65,363,1,-4,-1006,evil_twin,evil_twin
1683978638,-1,-100,-100,-100,0,0,-62,0,0,0,64,67,154,110,53,283.67,363,-9,-11,-998,evil_twin,evil_twin
1683978638,-1,-100,-100,-100,0,0,-62,0,0,0,64,67,154,110,53,283.66,363,5,-3,-1006,evil_twin,evil_twin
1683978638,-1,-100,-100,-100,0,0,-62,0,0,0,64,67,155,110,53,283.63,363,-15,-13,-997,evil_twin,evil_twin
1683978638,-1,-100,-100,-100,0,0,-62,0,0,0,64,67,154,110,53,283.63,363,-14,-3,-990,evil_twin,evil_twin
1683978638,-1,-100,-100,-100,0,0,-62,0,0,0,64,67,154,110,53,283.65,363,-22,-7,-1030,evil_twin,evil_twin
1683978638,-1,-100,-100,-100,-4,0,-62,0,0,0,64,67,155,110,53,283.62,363,8,-15,-983,evil_twin,evil_twin
1683978638,-1,-100,-100,-100,-8,0,-62,0,1,0,64,67,156,110,53,283.62,363,0,-3,-1006,evil_twin,evil_twin
1683978638,-1,-100,-100,-100,-5,0,-62,-1,2,0,63,67,155,110,53,283.71,363,-14,-3,-1004,evil_twin,evil_twin
1683978639,-1,-100,-100,-100,-5,0,-62,-1,2,0,63,67,155,110,53,283.71,363,-14,-3,-1004,evil_twin,evil_twin
1683978639,-1,-100,-100,-100,-3,0,-61,-1,2,0,63,67,154,110,53,283.64,364,-18,0,-1005,evil_twin,evil_twin
1683978639,-1,-100,-100,-100,-1,0,-61,-1,3,0,63,67,154,110,53,283.62,364,-37,-7,-998,evil_twin,evil_twin
1683978639,-1,-100,-100,-100,0,0,-61,-1,2,0,63,67,153,110,53,283.65,364,-27,-8,-996,evil_twin,evil_twin
1683978639,-1,-100,-100,-100,0,0,-61,-1,2,0,63,67,155,110,53,283.63,364,-44,-14,-985,evil_twin,evil_twin
1683978639,-1,-100,-100,-100,0,0,-61,-1,2,0,63,67,153,110,53,283.68,364,-22,-12,-1008,evil_twin,evil_twin
1683978639,-1,-100,-100,-100,0,0,-61,-1,2,0,63,67,154,110,53,283.6,364,-26,-5,-991,evil_twin,evil_twin
1683978639,-1,-100,-100,-100,-1,0,-61,-1,2,0,63,67,154,110,53,283.66,364,-27,-9,-996,evil_twin,evil_twin
1683978639,-1,-100,-100,-100,-1,0,-61,-1,2,0,63,67,154,110,53,283.59,364,-29,-8,-1010,evil_twin,evil_twin
1683978639,-1,-100,-100,-100,-1,0,-61,-1,2,0,63,67,155,110,52,283.71,364,-8,-14,-1018,evil_twin,evil_twin
1683978639,-1,-100,-100,-100,0,0,-61,-1,2,0,64,67,154,110,52,283.68,364,-52,-9,-1007,evil_twin,evil_twin
1683978640,-1,-100,-100,-100,0,0,-61,-1,2,0,64,67,154,110,52,283.68,364,-52,-9,-1007,evil_twin,evil_twin
1683978640,-1,-100,-100,-100,-1,0,-61,-1,2,0,64,67,155,110,52,283.64,365,-32,-16,-990,evil_twin,evil_twin
1683978640,-1,-100,-100,-100,-1,0,-61,-1,2,0,64,67,155,110,52,283.66,365,-24,-20,-996,evil_twin,evil_twin
1683978640,-1,-100,-100,-100,0,-2,-61,0,2,0,64,67,154,110,52,283.59,365,-19,-18,-995,evil_twin,evil_twin
1683978640,-1,-100,-100,-100,2,0,-61,0,2,0,64,67,155,110,52,283.57,365,-31,-1,-1002,evil_twin,evil_twin
1683978640,-1,-100,-100,-100,3,2,-61,0,1,0,64,67,154,110,52,283.62,365,-1,-6,-1003,evil_twin,evil_twin
1683978640,-1,-100,-100,-100,1,1,-61,0,0,0,64,67,154,110,52,283.61,365,-8,-7,-1015,evil_twin,evil_twin
1683978640,-1,-100,-100,-100,1,1,-61,0,0,0,64,67,154,110,52,283.65,365,8,-9,-1002,evil_twin,evil_twin
1683978640,-1,-100,-100,-100,0,0,-61,0,0,0,64,67,154,110,52,283.57,365,-3,-7,-988,evil_twin,evil_twin
1683978640,-1,-100,-100,-100,0,0,-61,0,0,0,64,67,154,110,52,283.57,365,-13,-10,-994,evil_twin,evil_twin
1683978640,-1,-100,-100,-100,0,0,-61,0,0,0,64,66,155,110,52,283.58,365,15,-11,-993,evil_twin,evil_twin
1683978641,-1,-100,-100,-100,0,0,-61,0,0,0,64,66,155,110,52,283.58,365,15,-11,-993,evil_twin,evil_twin
1683978641,-1,-100,-100,-100,0,0,-62,0,0,0,64,66,154,110,52,283.56,366,-2,0,-1000,evil_twin,evil_twin
1683978641,-1,-100,-100,-100,0,0,-62,0,0,0,64,66,154,110,52,283.66,366,2,0,-1008,evil_twin,evil_twin
1683978641,-1,-100,-100,-100,0,0,-62,0,0,0,64,66,154,110,52,283.73,366,-6,-19,-989,evil_twin,evil_twin
1683978641,-1,-100,-100,-100,0,0,-62,0,0,0,64,66,155,110,52,283.66,366,-3,-6,-1001,evil_twin,evil_twin
1683978641,-1,-100,-100,-100,0,0,-62,0,0,0,64,66,153,110,52,283.64,366,-1,-8,-991,evil_twin,evil_twin
1683978641,-1,-100,-100,-100,0,0,-62,0,0,0,64,66,154,110,52,283.6,366,-17,-15,-990,evil_twin,evil_twin
1683978641,-1,-100,-100,-100,0,0,-62,0,0,0,64,66,154,110,52,283.68,366,-5,-9,-1003,evil_twin,evil_twin
1683978641,-1,-100,-100,-100,0,0,-62,0,0,0,64,66,154,110,52,283.61,366,-2,-18,-986,evil_twin,evil_twin
1683978641,-1,-100,-100,-100,0,0,-62,0,0,0,64,66,155,110,52,283.74,366,3,-6,-993,evil_twin,evil_twin
1683978641,-1,-100,-100,-100,0,0,-62,0,0,0,64,66,154,110,52,283.73,366,7,-1,-998,evil_twin,evil_twin
1683978642,-1,-100,-100,-100,0,0,-62,0,0,0,64,66,154,110,52,283.73,366,7,-1,-998,evil_twin,evil_twin
1683978642,-1,-100,-100,-100,0,0,-62,0,0,0,64,66,154,110,52,283.67,367,-3,-9,-991,evil_twin,evil_twin
1683978642,-1,-100,-100,-100,0,0,-62,0,0,0,64,66,154,110,52,283.56,367,12,0,-1004,evil_twin,evil_twin
1683978642,-1,-100,-100,-100,0,0,-62,0,0,0,64,66,154,110,52,283.7,367,3,-4,-998,evil_twin,evil_twin
1683978642,-1,-100,-100,-100,0,0,-62,0,0,0,64,66,154,110,52,283.71,367,-11,-7,-1007,evil_twin,evil_twin
1683978642,-1,-100,-100,-100,0,0,-62,0,0,0,64,66,154,110,52,283.76,367,-4,-3,-997,evil_twin,evil_twin
1683978642,-1,-100,-100,-100,0,0,-62,0,0,0,64,66,154,110,52,283.62,367,-3,-1,-999,evil_twin,evil_twin
1683978642,-1,-100,-100,-100,0,0,-62,0,0,0,64,66,153,110,52,283.62,367,-10,-2,-1003,evil_twin,evil_twin
1683978642,-1,-100,-100,-100,0,0,-62,0,0,0,64,66,155,110,52,283.6,367,-21,-7,-1000,evil_twin,evil_twin
1683978642,-1,-100,-100,-100,0,0,-62,0,0,0,64,66,155,110,52,283.58,367,-9,-6,-1006,evil_twin,evil_twin
1683978642,-1,-100,-100,-100,0,0,-62,0,0,0,64,66,156,110,52,283.59,367,-3,-3,-1001,evil_twin,evil_twin
1683978643,-1,-100,-100,-100,0,0,-62,0,0,0,64,66,156,110,52,283.59,367,-3,-3,-1001,evil_twin,evil_twin
1683978643,-1,-100,-100,-100,0,0,-62,0,0,0,64,66,155,110,52,283.66,368,-29,-13,-996,evil_twin,evil_twin
1683978643,-1,-100,-100,-100,0,0,-62,0,0,0,64,66,156,110,52,283.63,368,-1,-2,-1000,evil_twin,evil_twin
1683978643,-1,-100,-100,-100,0,0,-62,0,0,0,64,66,156,110,52,283.67,368,-3,-7,-995,evil_twin,evil_twin
1683978643,-1,-100,-100,-100,0,0,-62,0,0,0,64,66,156,110,52,283.62,368,-16,-6,-990,evil_twin,evil_twin
1683978643,-1,-100,-100,-100,0,0,-62,0,0,0,64,66,156,110,52,283.7,368,-1,-5,-995,evil_twin,evil_twin
1683978643,-1,-100,-100,-100,0,0,-62,0,0,0,64,66,156,110,52,283.68,368,-6,-9,-988,evil_twin,evil_twin
1683978643,-1,-100,-100,-100,0,0,-62,0,0,0,64,66,155,110,52,283.57,368,-16,-2,-991,evil_twin,evil_twin
1683978643,-1,-100,-100,-100,0,0,-62,0,0,0,64,66,155,110,52,283.7,368,1,0,-1010,evil_twin,evil_twin
1683978643,-1,-100,-100,-100,0,0,-62,0,0,0,64,66,155,110,52,283.69,368,1,-4,-999,evil_twin,evil_twin
1683978643,-1,-100,-100,-100,0,0,-62,0,0,0,64,66,155,110,52,283.68,369,-21,-9,-1001,evil_twin,evil_twin
1683978644,-1,-100,-100,-100,0,0,-62,0,0,0,64,66,155,110,52,283.68,369,-21,-9,-1001,evil_twin,evil_twin
1683978644,-1,-100,-100,-100,0,0,-62,0,0,0,64,66,155,110,52,283.64,369,-8,-7,-1001,evil_twin,evil_twin
1683978644,-1,-100,-100,-100,0,0,-62,0,0,0,64,66,155,110,52,283.65,369,-14,-13,-996,evil_twin,evil_twin
1683978644,-1,-100,-100,-100,0,0,-62,0,0,0,64,66,154,110,52,283.67,369,0,-2,-1002,evil_twin,evil_twin
1683978644,-1,-100,-100,-100,0,0,-61,0,0,0,64,66,155,110,52,283.61,369,-7,-12,-1006,evil_twin,evil_twin
1683978644,-1,-100,-100,-100,0,0,-61,0,0,0,64,66,154,110,52,283.61,369,-19,-11,-997,evil_twin,evil_twin
1683978644,-1,-100,-100,-100,0,0,-61,0,0,0,64,66,154,110,52,283.64,369,-8,-6,-1006,evil_twin,evil_twin
1683978644,-1,-100,-100,-100,0,0,-61,0,0,0,64,66,154,110,52,283.66,369,0,-7,-1000,evil_twin,evil_twin
1683978644,-1,-100,-100,-100,0,0,-61,0,0,0,64,66,154,110,52,283.66,369,-6,-12,-1010,evil_twin,evil_twin
1683978644,-1,-100,-100,-100,0,0,-61,0,0,0,64,66,155,110,52,283.61,369,-4,-9,-999,evil_twin,evil_twin
1683978644,-1,-100,-100,-100,0,0,-61,0,0,0,64,66,154,110,52,283.64,370,-1,-7,-1008,evil_twin,evil_twin
1683978645,-1,-100,-100,-100,0,0,-61,0,0,0,64,66,154,110,52,283.64,370,-1,-7,-1008,evil_twin,evil_twin
1683978645,-1,-100,-100,-100,0,0,-61,0,0,0,64,66,154,110,52,283.7,370,-11,-5,-999,evil_twin,evil_twin
1683978645,-1,-100,-100,-100,0,0,-61,0,0,0,64,66,154,110,52,283.69,370,-2,-3,-997,evil_twin,evil_twin
1683978645,-1,-100,-100,-100,0,0,-62,0,0,0,64,66,153,110,52,283.73,370,-25,-2,-994,evil_twin,evil_twin
1683978645,-1,-100,-100,-100,0,0,-62,0,0,0,64,66,154,110,52,283.68,370,-15,-5,-994,evil_twin,evil_twin
1683978645,-1,-100,-100,-100,0,0,-61,0,0,0,64,66,154,110,52,283.62,370,5,2,-1003,evil_twin,evil_twin
1683978645,-1,-100,-100,-100,0,0,-61,0,0,0,64,66,153,110,52,283.6,370,-11,-6,-1004,evil_twin,evil_twin
1683978645,-1,-100,-100,-100,0,0,-61,0,0,0,64,66,153,110,52,283.56,370,-27,-6,-999,evil_twin,evil_twin
1683978645,-1,-100,-100,-100,0,0,-62,0,0,0,64,66,153,110,52,283.7,370,-14,-1,-1008,evil_twin,evil_twin
1683978645,-1,-100,-100,-100,0,0,-62,0,0,0,64,66,153,110,52,283.74,370,-7,-11,-1005,evil_twin,evil_twin
1683978645,-1,-100,-100,-100,0,0,-62,0,0,0,63,66,153,110,52,283.62,371,-22,-10,-988,evil_twin,evil_twin
1683978646,-1,-100,-100,-100,0,0,-62,0,0,0,63,66,153,110,52,283.62,371,-22,-10,-988,evil_twin,evil_twin
1683978646,-1,-100,-100,-100,0,0,-62,0,0,0,63,66,153,110,52,283.67,371,-9,-7,-954,evil_twin,evil_twin
1683978646,-1,-100,-100,-100,0,0,-62,0,0,0,63,66,153,110,52,283.63,371,-6,-7,-935,evil_twin,evil_twin
1683978646,-1,-100,-100,-100,0,0,-62,0,0,-1,63,66,152,110,52,283.6,371,6,-2,-917,evil_twin,evil_twin
1683978646,-1,-100,-100,-100,0,0,-62,0,0,-2,63,66,150,110,52,283.57,371,0,-3,-918,evil_twin,evil_twin
1683978646,-1,-100,-100,-100,0,0,-62,0,0,-3,63,66,147,100,52,283.57,371,-2,-8,-907,evil_twin,evil_twin
1683978646,-1,-100,-100,-100,0,0,-62,0,0,-4,63,66,143,100,52,283.58,371,6,0,-898,evil_twin,evil_twin
1683978646,-1,-100,-100,-100,0,0,-62,0,0,-5,63,66,139,100,52,283.48,371,7,-9,-902,evil_twin,evil_twin
1683978646,-1,-100,-100,-100,0,0,-62,0,0,-6,63,66,132,90,52,283.37,371,-12,-2,-886,evil_twin,evil_twin
1683978646,-1,-100,-100,-100,0,0,-62,0,0,-7,63,66,126,80,52,283.33,371,-6,0,-879,evil_twin,evil_twin
1683978646,-1,-100,-100,-100,0,0,-62,0,0,-8,63,66,118,80,52,283.33,372,-3,-3,-926,evil_twin,evil_twin
1683978647,-1,-100,-100,-100,0,0,-62,0,0,-8,63,66,118,80,52,283.33,372,-3,-3,-926,evil_twin,evil_twin
1683978647,-1,-100,-100,-100,0,0,-62,0,0,-8,63,66,108,70,52,283.31,372,-13,-4,-994,evil_twin,evil_twin
1683978647,-1,-100,-100,-100,0,0,-62,0,0,-8,63,66,99,60,52,283.17,372,-1,0,-1008,evil_twin,evil_twin
1683978647,-1,-100,-100,-100,0,0,-62,0,0,-8,63,66,89,50,52,283.09,372,-6,-9,-1055,evil_twin,evil_twin
1683978647,-1,-100,-100,-100,0,0,-62,0,0,-7,63,66,81,40,52,283.13,372,-15,-20,-1033,evil_twin,evil_twin
1683978647,-1,-100,-100,-100,0,0,-62,0,0,-7,63,66,73,30,52,283.1,372,11,0,-1062,evil_twin,evil_twin
1683978647,-1,-100,-100,-100,0,0,-62,0,0,-6,63,66,66,30,52,282.93,372,13,3,-1070,evil_twin,evil_twin
1683978647,-1,-100,-100,-100,0,0,-62,0,0,-6,63,66,59,20,52,282.97,372,-4,-14,-1024,evil_twin,evil_twin
1683978647,-1,-100,-100,-100,0,0,-62,0,0,-5,63,66,53,10,52,282.93,372,9,4,-1033,evil_twin,evil_twin
1683978827,-1,-100,-100,-100,0,0,-131,0,0,0,67,69,85,70,42,283.76,3,-15,-4,-1002,evil_twin,evil_twin
1683978827,-1,-100,-100,-100,0,0,-131,0,0,0,67,69,85,70,42,283.78,3,-7,-10,-991,evil_twin,evil_twin
1683978827,-1,-100,-100,-100,0,0,-131,0,0,0,67,69,85,70,42,283.77,3,22,3,-1003,evil_twin,evil_twin
1683978827,-1,-100,-100,-100,0,0,-131,0,0,0,67,69,85,70,42,283.74,3,-9,-4,-993,evil_twin,evil_twin
1683978827,-1,-100,-100,-100,0,0,-131,0,0,0,67,69,84,70,42,283.75,3,-13,-9,-996,evil_twin,evil_twin
1683978827,-1,-100,-100,-100,0,0,-131,0,0,0,67,69,84,70,42,283.76,3,15,3,-1008,evil_twin,evil_twin
1683978827,-1,-100,-100,-100,0,0,-131,0,0,0,67,70,84,70,42,283.78,4,-3,-5,-991,evil_twin,evil_twin
1683978827,-1,-100,-100,-100,0,0,-131,0,0,0,67,70,84,70,42,283.75,4,-6,-2,-991,evil_twin,evil_twin
1683978828,-1,-100,-100,-100,0,0,-131,0,0,0,67,70,84,70,42,283.75,4,-6,-2,-991,evil_twin,evil_twin
1683978828,-1,-100,-100,-100,0,0,-131,0,0,0,67,70,84,70,42,283.74,4,-2,-2,-1000,evil_twin,evil_twin
1683978828,-1,-100,-100,-100,0,0,-131,0,0,0,67,70,84,70,42,283.73,4,-4,-7,-1007,evil_twin,evil_twin
1683978828,-1,-100,-100,-100,0,0,-131,0,0,0,67,70,83,70,42,283.7,4,-11,-2,-1005,evil_twin,evil_twin
1683978828,-1,-100,-100,-100,0,0,-131,0,0,0,67,70,83,70,42,283.74,4,0,-5,-977,evil_twin,evil_twin
1683978828,-1,-100,-100,-100,0,0,-131,0,0,0,67,70,83,70,42,283.81,4,20,-2,-1005,evil_twin,evil_twin
1683978828,-1,-100,-100,-100,0,0,-131,0,0,0,67,70,83,70,42,283.78,4,9,2,-1010,evil_twin,evil_twin
1683978828,-1,-100,-100,-100,0,0,-131,0,0,0,67,70,83,70,42,283.81,4,-10,-3,-1015,evil_twin,evil_twin
1683978828,-1,-100,-100,-100,0,0,-131,0,0,0,67,69,83,70,42,283.7,5,2,-2,-1014,evil_twin,evil_twin
1683978828,-1,-100,-100,-100,0,0,-131,0,0,0,67,69,83,70,42,283.76,5,-6,-5,-992,evil_twin,evil_twin
1683978829,-1,-100,-100,-100,0,0,-131,0,0,0,67,69,83,70,42,283.76,5,-6,-5,-992,evil_twin,evil_twin
1683978829,-1,-100,-100,-100,0,0,-131,0,0,0,67,69,82,70,42,283.77,5,12,-7,-997,evil_twin,evil_twin
1683978829,-1,-100,-100,-100,0,0,-131,0,0,0,67,69,82,70,42,283.72,5,1,-4,-1006,evil_twin,evil_twin
1683978829,-1,-100,-100,-100,0,0,-131,0,0,0,67,69,82,70,42,283.76,5,-10,-1,-992,evil_twin,evil_twin
1683978829,-1,-100,-100,-100,0,0,-131,0,0,0,67,69,82,70,42,283.71,5,14,-3,-1005,evil_twin,evil_twin
1683978829,-1,-100,-100,-100,0,0,-131,0,0,0,67,69,82,70,42,283.66,5,0,-9,-1010,evil_twin,evil_twin
1683978829,-1,-100,-100,-100,0,0,-131,0,0,0,67,69,82,70,42,283.76,5,-10,-17,-999,evil_twin,evil_twin
1683978829,-1,-100,-100,-100,0,0,-131,0,0,0,67,69,82,70,42,283.74,5,-19,-7,-988,evil_twin,evil_twin
1683978829,-1,-100,-100,-100,0,0,-131,0,0,0,67,69,82,70,42,283.73,5,4,-3,-1001,evil_twin,evil_twin
1683978829,-1,-100,-100,-100,0,0,-131,0,0,0,66,69,82,70,42,283.76,6,6,0,-1000,evil_twin,evil_twin
1683978829,-1,-100,-100,-100,0,0,-131,0,0,0,66,69,82,70,42,283.69,6,5,-4,-1007,evil_twin,evil_twin
1683978830,-1,-100,-100,-100,0,0,-131,0,0,0,66,69,82,70,42,283.69,6,5,-4,-1007,evil_twin,evil_twin
1683978830,-1,-100,-100,-100,0,0,-131,0,0,0,66,69,82,70,42,283.73,6,-4,-3,-1002,evil_twin,evil_twin
1683978830,-1,-100,-100,-100,0,0,-131,0,0,0,66,69,82,70,42,283.78,6,-15,4,-1000,evil_twin,evil_twin
1683978830,-1,-100,-100,-100,0,0,-131,0,0,0,66,69,82,70,42,283.82,6,1,0,-989,evil_twin,evil_twin
1683978830,-1,-100,-100,-100,0,0,-131,0,0,0,66,69,82,70,42,283.77,6,8,-4,-1009,evil_twin,evil_twin
1683978830,-1,-100,-100,-100,0,0,-131,0,0,0,66,69,82,70,42,283.68,6,-12,3,-997,evil_twin,evil_twin
1683978830,-1,-100,-100,-100,0,0,-131,0,0,0,66,69,82,70,42,283.72,6,14,8,-1002,evil_twin,evil_twin
1683978830,-1,-100,-100,-100,0,0,-131,0,0,0,66,69,82,70,42,283.74,6,-11,1,-1001,evil_twin,evil_twin
1683978830,-1,-100,-100,-100,0,0,-131,0,0,0,66,69,82,70,42,283.75,6,-10,-2,-985,evil_twin,evil_twin
1683978830,-1,-100,-100,-100,0,0,-131,0,0,0,66,69,82,70,42,283.74,7,-8,2,-993,evil_twin,evil_twin
1683978830,-1,-100,-100,-100,0,0,-131,0,0,0,66,69,82,70,42,283.76,7,-6,0,-988,evil_twin,evil_twin
1683978831,-1,-100,-100,-100,0,0,-131,0,0,0,66,69,82,70,42,283.76,7,-6,0,-988,evil_twin,evil_twin
1683978831,-1,-100,-100,-100,0,0,-131,0,0,0,66,69,83,70,42,283.8,7,3,9,-1008,evil_twin,evil_twin
1683978831,-1,-100,-100,-100,0,0,-131,0,0,0,66,69,83,70,42,283.76,7,-6,0,-989,evil_twin,evil_twin
1683978831,-1,-100,-100,-100,0,0,-131,0,0,0,66,69,83,70,42,283.66,7,-1,-2,-978,evil_twin,evil_twin
1683978831,-1,-100,-100,-100,0,0,-131,0,0,0,66,69,83,70,42,283.72,7,1,0,-982,evil_twin,evil_twin
1683978831,-1,-100,-100,-100,0,0,-131,0,0,0,66,69,83,70,42,283.79,7,0,0,-998,evil_twin,evil_twin
1683978831,-1,-100,-100,-100,0,0,-131,0,0,0,66,69,83,70,42,283.73,7,-6,2,-987,evil_twin,evil_twin
1683978831,-1,-100,-100,-100,0,0,-131,0,0,0,66,69,83,70,42,283.8,7,-1,-10,-1070,evil_twin,evil_twin
1683978831,-1,-100,-100,-100,0,0,-131,0,0,0,66,69,84,70,42,283.78,7,0,-5,-1080,evil_twin,evil_twin
1683978831,-1,-100,-100,-100,0,0,-131,0,0,1,66,69,85,70,42,283.77,8,-5,-16,-1078,evil_twin,evil_twin
1683978831,-1,-100,-100,-100,0,0,-131,0,0,2,66,69,87,70,42,283.88,8,-2,-13,-1081,evil_twin,evil_twin
1683978832,-1,-100,-100,-100,0,0,-131,0,0,2,66,69,87,70,42,283.88,8,-2,-13,-1081,evil_twin,evil_twin
1683978832,-1,-100,-100,-100,0,0,-131,0,0,2,66,69,91,70,42,283.84,8,1,-4,-1055,evil_twin,evil_twin
1683978832,-1,-100,-100,-100,0,0,-131,0,0,3,66,69,94,80,42,283.95,8,-6,-12,-1047,evil_twin,evil_twin
1683978832,-1,-100,-100,-100,0,0,-131,0,0,3,66,69,98,80,42,283.93,8,4,-6,-1018,evil_twin,evil_twin
1683978832,-1,-100,-100,-100,0,0,-131,0,0,4,66,69,103,90,42,283.97,8,6,2,-1018,evil_twin,evil_twin
1683978832,-1,-100,-100,-100,0,0,-131,0,0,4,66,69,107,90,42,283.96,8,-1,1,-1001,evil_twin,evil_twin
1683978832,-1,-100,-100,-100,0,0,-131,0,0,4,66,69,112,90,42,284.06,8,3,0,-999,evil_twin,evil_twin
1683978832,-1,-100,-100,-100,0,0,-131,0,0,4,66,69,117,100,42,284.13,8,3,2,-985,evil_twin,evil_twin
1683978832,-1,-100,-100,-100,0,0,-131,0,0,4,66,69,121,100,42,284.03,8,-15,-1,-987,evil_twin,evil_twin
1683978832,-1,-100,-100,-100,0,0,-131,0,0,4,66,69,126,110,42,284.15,9,0,0,-985,evil_twin,evil_twin
1683978832,-1,-100,-100,-100,0,0,-131,0,0,4,66,69,130,110,42,284.18,9,4,6,-979,evil_twin,evil_twin
1683978833,-1,-100,-100,-100,0,0,-131,0,0,4,66,69,130,110,42,284.18,9,4,6,-979,evil_twin,evil_twin
1683978833,-1,-100,-100,-100,0,0,-131,0,0,3,66,69,134,120,42,284.22,9,1,0,-970,evil_twin,evil_twin
1683978833,-1,-100,-100,-100,0,0,-131,0,0,3,66,69,138,120,42,284.25,9,-14,2,-958,evil_twin,evil_twin
1683978833,-1,-100,-100,-100,0,0,-131,0,0,3,66,69,142,120,42,284.25,9,2,0,-961,evil_twin,evil_twin
1683978833,-1,-100,-100,-100,0,0,-131,0,0,3,66,69,144,130,42,284.29,9,6,0,-969,evil_twin,evil_twin
1683978833,-1,-100,-100,-100,0,0,-131,0,0,2,66,69,147,130,42,284.31,9,-10,-3,-965,evil_twin,evil_twin
1683978833,-1,-100,-100,-100,0,0,-131,0,0,2,66,69,150,130,42,284.37,9,-5,-7,-967,evil_twin,evil_twin
1683978833,-1,-100,-100,-100,0,0,-131,0,0,2,66,69,152,130,42,284.36,9,0,-3,-961,evil_twin,evil_twin
1683978833,-1,-100,-100,-100,0,0,-131,0,0,1,66,69,155,140,42,284.41,9,1,-4,-984,evil_twin,evil_twin
1683978833,-1,-100,-100,-100,0,0,-131,0,0,1,66,69,156,140,42,284.42,10,-8,0,-987,evil_twin,evil_twin
1683978833,-1,-100,-100,-100,0,0,-131,0,0,1,66,69,158,140,42,284.46,10,8,2,-960,evil_twin,evil_twin
1683978834,-1,-100,-100,-100,0,0,-131,0,0,1,66,69,158,140,42,284.46,10,8,2,-960,evil_twin,evil_twin
1683978834,-1,-100,-100,-100,0,0,-131,0,0,1,66,69,159,140,42,284.45,10,2,7,-970,evil_twin,evil_twin
1683978834,-1,-100,-100,-100,0,0,-131,0,0,1,66,69,162,140,42,284.45,10,0,-11,-959,evil_twin,evil_twin
1683978834,-1,-100,-100,-100,0,0,-131,0,0,0,66,69,162,140,42,284.44,10,1,0,-1008,evil_twin,evil_twin
1683978834,-1,-100,-100,-100,-4,0,-131,0,0,0,66,69,163,150,42,284.42,10,26,3,-961,evil_twin,evil_twin
1683978834,-1,-100,-100,-100,-7,0,-131,1,1,0,66,69,164,150,42,284.44,10,-8,1,-994,evil_twin,evil_twin
1683978834,-1,-100,-100,-100,-4,0,-131,1,2,0,66,69,163,150,42,284.45,10,-22,-6,-979,evil_twin,evil_twin
1683978834,-1,-100,-100,-100,-2,0,-131,1,2,0,66,69,163,150,42,284.45,10,-6,-4,-985,evil_twin,evil_twin
1683978834,-1,-100,-100,-100,-1,0,-131,2,2,0,66,69,163,150,42,284.45,10,-17,-1,-986,evil_twin,evil_twin
1683978834,-1,-100,-100,-100,0,0,-131,2,2,0,65,68,163,150,42,284.46,11,-15,0,-1007,evil_twin,evil_twin
1683978834,-1,-100,-100,-100,0,0,-131,1,2,0,65,68,162,150,42,284.47,11,-21,1,-999,evil_twin,evil_twin
1683978835,-1,-100,-100,-100,0,0,-131,1,2,0,65,68,162,150,42,284.47,11,-21,1,-999,evil_twin,evil_twin
1683978835,-1,-100,-100,-100,0,0,-131,1,1,0,65,68,163,150,42,284.43,11,1,4,-1001,evil_twin,evil_twin
1683978835,-1,-100,-100,-100,0,0,-131,1,1,0,65,68,162,150,42,284.45,11,3,4,-1025,evil_twin,evil_twin
1683978835,-1,-100,-100,-100,0,0,-131,1,1,0,65,68,162,150,42,284.47,11,4,-2,-996,evil_twin,evil_twin
1683978835,-1,-100,-100,-100,0,0,-131,1,1,0,65,68,162,150,42,284.42,11,-1,4,-1011,evil_twin,evil_twin
1683978835,-1,-100,-100,-100,0,-1,-131,1,1,0,65,68,163,150,42,284.41,11,-19,0,-1001,evil_twin,evil_twin
1683978835,-1,-100,-100,-100,0,-1,-131,1,1,0,65,68,163,150,42,284.41,11,2,-6,-995,evil_twin,evil_twin
1683978835,-1,-100,-100,-100,0,-1,-131,1,1,0,65,68,163,150,42,284.47,11,0,2,-1000,evil_twin,evil_twin
1683978835,-1,-100,-100,-100,0,-1,-131,2,1,0,65,68,163,150,42,284.47,11,-10,3,-969,evil_twin,evil_twin
1683978835,-1,-100,-100,-100,1,-3,-131,2,1,0,66,68,163,150,42,284.45,12,-12,3,-1012,evil_twin,evil_twin
1683978835,-1,-100,-100,-100,1,-2,-131,2,0,0,66,68,163,150,42,284.45,12,-22,16,-981,evil_twin,evil_twin
1683978835,-1,-100,-100,-100,1,0,-131,2,0,0,66,68,163,150,42,284.48,12,1,13,-989,evil_twin,evil_twin
1683978836,-1,-100,-100,-100,1,0,-131,2,0,0,66,68,163,150,42,284.48,12,1,13,-989,evil_twin,evil_twin
1683978836,-1,-100,-100,-100,4,3,-131,1,0,0,66,68,163,150,42,284.44,12,-10,10,-1013,evil_twin,evil_twin
1683978836,-1,-100,-100,-100,1,1,-131,0,0,0,66,68,163,150,42,284.49,12,18,3,-1004,evil_twin,evil_twin
1683978836,-1,-100,-100,-100,0,0,-131,0,0,0,66,68,162,150,42,284.41,12,1,10,-993,evil_twin,evil_twin
1683978836,-1,-100,-100,-100,2,0,-131,0,0,0,66,68,163,150,42,284.52,12,2,3,-1010,evil_twin,evil_twin
1683978836,-1,-100,-100,-100,8,0,-131,0,0,0,66,68,164,150,42,284.48,12,11,0,-1022,evil_twin,evil_twin
1683978836,-1,-100,-100,-100,7,0,-131,-1,-1,0,66,68,163,150,42,284.52,12,52,1,-1019,evil_twin,evil_twin
1683978836,-1,-100,-100,-100,4,0,-131,-1,-2,0,66,68,163,150,42,284.49,12,41,8,-1008,evil_twin,evil_twin
1683978836,-1,-100,-100,-100,2,0,-131,-2,-2,0,65,69,164,150,42,284.51,13,31,-4,-995,evil_twin,evil_twin
1683978836,-1,-100,-100,-100,0,0,-131,-2,-2,0,65,69,162,150,42,284.44,13,44,-5,-1000,evil_twin,evil_twin
1683978837,-1,-100,-100,-100,0,0,-131,-2,-2,0,65,69,162,150,42,284.44,13,44,-5,-1000,evil_twin,evil_twin
1683978837,-1,-100,-100,-100,0,0,-131,-2,-2,0,65,69,162,150,42,284.49,13,27,-1,-998,evil_twin,evil_twin
1683978837,-1,-100,-100,-100,0,0,-131,-1,-2,0,65,69,163,150,42,284.42,13,20,-3,-995,evil_twin,evil_twin
1683978837,-1,-100,-100,-100,0,0,-131,-1,-2,0,65,69,162,150,42,284.5,13,41,-4,-1002,evil_twin,evil_twin
1683978837,-1,-100,-100,-100,0,0,-131,-1,-2,0,65,69,163,150,42,284.49,13,26,0,-1001,evil_twin,evil_twin
1683978837,-1,-100,-100,-100,0,0,-131,-1,-2,0,65,69,162,150,42,284.48,13,25,-5,-997,evil_twin,evil_twin
1683978837,-1,-100,-100,-100,0,0,-131,-1,-2,0,65,69,162,150,42,284.52,13,34,2,-1007,evil_twin,evil_twin
1683978837,-1,-100,-100,-100,0,0,-131,-1,-2,0,65,69,163,150,42,284.51,13,44,-6,-991,evil_twin,evil_twin
1683978837,-1,-100,-100,-100,0,-2,-131,-1,-2,0,65,69,163,150,42,284.53,13,32,-16,-1003,evil_twin,evil_twin
1683978837,-1,-100,-100,-100,-1,-3,-131,-1,-2,0,66,69,163,150,42,284.42,14,17,0,-1033,evil_twin,evil_twin
1683978837,-1,-100,-100,-100,-2,0,-131,0,-2,0,66,69,162,150,42,284.4,14,39,9,-954,evil_twin,evil_twin
1683978838,-1,-100,-100,-100,-2,0,-131,0,-2,0,66,69,162,150,42,284.4,14,39,9,-954,evil_twin,evil_twin
1683978838,-1,-100,-100,-100,-4,2,-131,0,-1,0,66,69,163,150,42,284.44,14,10,12,-1008,evil_twin,evil_twin
1683978838,-1,-100,-100,-100,-1,1,-131,0,0,0,66,69,163,150,42,284.47,14,8,2,-1020,evil_twin,evil_twin
1683978838,-1,-100,-100,-100,0,0,-131,0,0,0,66,69,162,150,42,284.46,14,13,-9,-991,evil_twin,evil_twin
1683978838,-1,-100,-100,-100,0,0,-131,0,0,0,66,69,164,150,42,284.5,14,0,-1,-1012,evil_twin,evil_twin
1683978838,-1,-100,-100,-100,0,0,-131,0,0,0,66,69,163,150,42,284.52,14,21,1,-1001,evil_twin,evil_twin
1683978838,-1,-100,-100,-100,0,-1,-131,0,0,0,66,69,163,150,42,284.49,14,13,4,-1004,evil_twin,evil_twin
1683978838,-1,-100,-100,-100,0,0,-131,0,0,0,66,69,162,150,42,284.48,14,13,1,-1002,evil_twin,evil_twin
1683978838,-1,-100,-100,-100,0,0,-131,0,0,0,66,69,162,150,42,284.48,14,3,2,-991,evil_twin,evil_twin
1683978838,-1,-100,-100,-100,0,0,-131,0,0,0,65,68,162,150,42,284.48,15,14,-4,-1016,evil_twin,evil_twin
1683978838,-1,-100,-100,-100,0,0,-133,0,0,0,65,68,162,150,42,284.43,15,7,2,-989,evil_twin,evil_twin
1683978839,-1,-100,-100,-100,0,0,-133,0,0,0,65,68,162,150,42,284.43,15,7,2,-989,evil_twin,evil_twin
1683978839,-1,-100,-100,-100,0,0,-139,0,0,0,65,68,161,150,42,284.52,15,21,-9,-1014,evil_twin,evil_twin
1683978839,-1,-100,-100,-100,0,0,-145,0,0,0,65,68,162,150,42,284.44,15,-4,5,-1004,evil_twin,evil_twin
1683978839,-1,-100,-100,-100,0,0,-151,0,0,0,65,68,161,150,42,284.44,15,6,-3,-997,evil_twin,evil_twin
1683978839,-1,-100,-100,-100,0,0,-157,0,0,0,65,68,161,150,42,284.46,15,1,-2,-994,evil_twin,evil_twin
1683978839,-1,-100,-100,-100,0,0,-163,0,0,0,65,68,160,150,42,284.4,15,7,2,-986,evil_twin,evil_twin
1683978839,-1,-100,-100,-100,0,0,-169,0,0,0,65,68,160,150,42,284.42,15,7,-1,-989,evil_twin,evil_twin
1683978839,-1,-100,-100,-100,0,0,-175,0,0,0,65,68,160,150,42,284.46,15,-2,-1,-1017,evil_twin,evil_twin
1683978839,-1,-100,-100,-100,0,0,178,0,0,0,65,68,160,150,42,284.45,15,19,7,-1001,evil_twin,evil_twin
1683978839,-1,-100,-100,-100,0,0,171,0,0,0,65,68,159,150,42,284.48,16,-10,-8,-1004,evil_twin,evil_twin
1683978839,-1,-100,-100,-100,0,0,165,0,0,0,65,68,159,140,42,284.45,16,0,0,-1005,evil_twin,evil_twin
1683978840,-1,-100,-100,-100,0,0,165,0,0,0,65,68,159,140,42,284.45,16,0,0,-1005,evil_twin,evil_twin
1683978840,-1,-100,-100,-100,0,0,159,0,0,0,65,68,158,140,42,284.43,16,-7,-8,-997,evil_twin,evil_twin
1683978840,-1,-100,-100,-100,0,0,154,0,0,0,65,68,158,140,42,284.39,16,15,-10,-1017,evil_twin,evil_twin
1683978840,-1,-100,-100,-100,0,0,150,0,0,0,65,68,158,140,42,284.47,16,6,-5,-1003,evil_twin,evil_twin
1683978840,-1,-100,-100,-100,0,0,147,0,0,0,65,68,158,140,42,284.46,16,11,-5,-1006,evil_twin,evil_twin
1683978840,-1,-100,-100,-100,0,0,145,0,0,0,65,68,158,140,42,284.43,16,-5,-8,-1010,evil_twin,evil_twin
1683978840,-1,-100,-100,-100,0,0,143,0,0,0,65,68,159,140,42,284.4,16,10,-8,-1012,evil_twin,evil_twin
1683978840,-1,-100,-100,-100,0,0,142,0,0,0,65,68,158,140,42,284.45,16,2,-8,-1000,evil_twin,evil_twin
1683978840,-1,-100,-100,-100,0,1,141,0,0,0,65,68,158,140,42,284.43,16,-6,-10,-991,evil_twin,evil_twin
1683978840,-1,-100,-100,-100,0,0,140,0,0,0,65,68,160,140,42,284.44,17,0,-10,-987,evil_twin,evil_twin
1683978840,-1,-100,-100,-100,0,0,139,0,0,0,65,68,160,140,42,284.41,17,6,-18,-987,evil_twin,evil_twin
1683978841,-1,-100,-100,-100,0,0,139,0,0,0,65,68,160,140,42,284.41,17,6,-18,-987,evil_twin,evil_twin
1683978841,-1,-100,-100,-100,0,2,139,0,0,0,65,68,160,140,42,284.41,17,-10,-7,-990,evil_twin,evil_twin
1683978841,-1,-100,-100,-100,0,7,139,0,0,0,65,68,161,140,42,284.43,17,-2,-9,-989,evil_twin,evil_twin
1683978841,-1,-100,-100,-100,0,7,139,1,1,0,65,68,161,150,42,284.47,17,-2,-15,-998,evil_twin,evil_twin
1683978841,-1,-100,-100,-100,0,4,139,1,2,0,65,68,160,150,42,284.42,17,-3,-29,-998,evil_twin,evil_twin
1683978841,-1,-100,-100,-100,0,2,139,2,2,0,65,68,160,140,42,284.45,17,19,-27,-989,evil_twin,evil_twin
1683978841,-1,-100,-100,-100,0,0,139,2,2,0,65,68,161,150,42,284.42,17,-5,-35,-997,evil_twin,evil_twin
1683978841,-1,-100,-100,-100,0,0,139,2,2,0,65,68,162,150,42,284.36,17,0,-28,-1002,evil_twin,evil_twin
1683978841,-1,-100,-100,-100,0,0,139,2,2,0,65,68,162,150,42,284.48,17,6,-24,-996,evil_twin,evil_twin
1683978841,-1,-100,-100,-100,0,0,139,2,1,0,65,67,162,150,42,284.41,18,2,-24,-991,evil_twin,evil_twin
1683978841,-1,-100,-100,-100,0,0,140,1,1,0,65,67,162,150,42,284.42,18,1,-20,-998,evil_twin,evil_twin
1683978842,-1,-100,-100,-100,0,0,140,1,1,0,65,67,162,150,42,284.42,18,1,-20,-998,evil_twin,evil_twin
1683978842,-1,-100,-100,-100,0,0,140,1,1,0,65,67,162,150,42,284.45,18,-5,-25,-998,evil_twin,evil_twin
1683978842,-1,-100,-100,-100,0,0,140,1,1,0,65,67,162,150,42,284.4,18,-3,-28,-990,evil_twin,evil_twin
1683978842,-1,-100,-100,-100,0,0,140,1,1,0,65,67,162,150,42,284.43,18,-6,-18,-983,evil_twin,evil_twin
1683978842,-1,-100,-100,-100,0,0,140,1,1,0,65,67,162,150,42,284.46,18,4,-11,-1000,evil_twin,evil_twin
1683978842,-1,-100,-100,-100,-1,0,140,1,1,0,65,67,163,150,42,284.42,18,-2,-9,-1011,evil_twin,evil_twin
1683978842,-1,-100,-100,-100,-3,0,140,1,1,0,65,67,162,150,42,284.43,18,0,-14,-966,evil_twin,evil_twin
1683978842,-1,-100,-100,-100,0,-4,140,1,1,0,65,67,163,150,42,284.4,18,-20,-24,-1043,evil_twin,evil_twin
1683978842,-1,-100,-100,-100,1,-3,140,0,0,0,65,67,162,150,42,284.45,18,-2,-9,-998,evil_twin,evil_twin
1683978842,-1,-100,-100,-100,0,-1,140,0,0,0,65,68,161,150,42,284.43,19,-6,-10,-1006,evil_twin,evil_twin
1683978842,-1,-100,-100,-100,0,0,140,0,0,0,65,68,161,150,42,284.48,19,-4,0,-961,evil_twin,evil_twin
1683978843,-1,-100,-100,-100,0,0,140,0,0,0,65,68,161,150,42,284.48,19,-4,0,-961,evil_twin,evil_twin
1683978843,-1,-100,-100,-100,0,-3,140,0,0,0,65,68,162,150,42,284.38,19,2,-15,-1029,evil_twin,evil_twin
1683978843,-1,-100,-100,-100,0,-7,140,0,0,0,65,68,162,150,42,284.41,19,-4,-7,-1022,evil_twin,evil_twin
1683978843,-1,-100,-100,-100,0,-6,140,-1,-1,0,65,68,162,150,42,284.37,19,7,-3,-1005,evil_twin,evil_twin
1683978843,-1,-100,-100,-100,0,-3,140,-1,-2,0,65,68,161,150,42,284.44,19,7,5,-1013,evil_twin,evil_twin
1683978843,-1,-100,-100,-100,0,-1,140,-2,-2,0,65,68,162,150,42,284.48,19,3,24,-1013,evil_twin,evil_twin
1683978843,-1,-100,-100,-100,0,0,140,-2,-2,0,65,68,161,150,42,284.48,19,5,12,-974,evil_twin,evil_twin
1683978843,-1,-100,-100,-100,0,0,140,-1,-2,0,65,68,161,150,42,284.47,19,-9,22,-1007,evil_twin,evil_twin
1683978843,-1,-100,-100,-100,0,0,140,-1,-2,0,65,68,161,150,42,284.46,19,0,6,-991,evil_twin,evil_twin
1683978843,-1,-100,-100,-100,0,0,140,-1,-2,0,65,67,160,150,42,284.48,20,5,13,-1010,evil_twin,evil_twin
1683978843,-1,-100,-100,-100,0,0,140,-1,-2,0,65,67,161,150,42,284.43,20,12,8,-1001,evil_twin,evil_twin
1683978844,-1,-100,-100,-100,0,0,140,-1,-2,0,65,67,161,150,42,284.43,20,12,8,-1001,evil_twin,evil_twin
1683978844,-1,-100,-100,-100,0,0,140,-1,-2,0,65,67,161,150,42,284.43,20,9,2,-1007,evil_twin,evil_twin
1683978844,-1,-100,-100,-100,0,0,140,-1,-2,0,65,67,162,150,42,284.39,20,0,9,-1021,evil_twin,evil_twin
1683978844,-1,-100,-100,-100,0,0,140,-1,-2,0,65,67,161,150,42,284.41,20,5,0,-991,evil_twin,evil_twin
1683978844,-1,-100,-100,-100,0,0,140,-1,-2,0,65,67,161,150,42,284.39,20,3,14,-993,evil_twin,evil_twin
1683978844,-1,-100,-100,-100,0,0,139,-1,-1,0,65,67,161,150,42,284.44,20,-11,22,-988,evil_twin,evil_twin
1683978844,-1,-100,-100,-100,0,0,139,-1,-1,0,65,67,161,150,42,284.38,20,-18,9,-1036,evil_twin,evil_twin
1683978844,-1,-100,-100,-100,-2,0,139,-1,-1,0,65,67,161,150,42,284.42,20,17,19,-973,evil_twin,evil_twin
1683978844,-1,-100,-100,-100,-1,3,139,0,-1,0,65,67,161,150,42,284.51,20,-19,21,-993,evil_twin,evil_twin
1683978844,-1,-100,-100,-100,2,4,139,0,-1,0,65,68,160,150,42,284.48,21,-18,8,-996,evil_twin,evil_twin
1683978844,-1,-100,-100,-100,0,0,139,0,0,0,65,68,161,150,42,284.43,21,16,-2,-1006,evil_twin,evil_twin
1683978845,-1,-100,-100,-100,0,0,139,0,0,0,65,68,161,150,42,284.43,21,16,-2,-1006,evil_twin,evil_twin
1683978845,-1,-100,-100,-100,-1,0,139,0,0,0,65,68,160,150,42,284.47,21,1,1,-996,evil_twin,evil_twin
1683978845,-1,-100,-100,-100,-7,0,139,0,0,0,65,68,162,150,42,284.4,21,10,0,-998,evil_twin,evil_twin
1683978845,-1,-100,-100,-100,-6,0,139,1,-1,0,65,68,163,150,42,284.46,21,-13,2,-1019,evil_twin,evil_twin
1683978845,-1,-100,-100,-100,-4,0,139,2,-1,0,65,68,162,150,42,284.47,21,2,-1,-991,evil_twin,evil_twin
1683978845,-1,-100,-100,-100,-2,0,139,2,-1,0,65,68,162,150,42,284.42,21,4,0,-1031,evil_twin,evil_twin
1683978845,-1,-100,-100,-100,0,0,139,2,-1,0,65,68,162,150,42,284.42,21,-30,2,-1013,evil_twin,evil_twin
1683978845,-1,-100,-100,-100,0,0,139,2,-1,0,65,68,162,150,42,284.49,21,-17,2,-993,evil_twin,evil_twin
1683978845,-1,-100,-100,-100,0,-1,139,2,-1,0,65,68,162,150,42,284.45,22,-18,-1,-982,evil_twin,evil_twin
1683978845,-1,-100,-100,-100,0,-1,139,2,-1,0,65,68,162,150,42,284.5,22,-35,2,-986,evil_twin,evil_twin
1683978845,-1,-100,-100,-100,0,-1,139,1,-1,0,65,68,162,150,42,284.46,22,-11,1,-995,evil_twin,evil_twin
1683978846,-1,-100,-100,-100,0,-1,139,1,-1,0,65,68,162,150,42,284.46,22,-11,1,-995,evil_twin,evil_twin
1683978846,-1,-100,-100,-100,-1,0,139,1,-1,0,65,68,162,150,42,284.5,22,-17,-5,-1002,evil_twin,evil_twin
1683978846,-1,-100,-100,-100,0,0,139,1,-1,0,65,68,162,150,42,284.42,22,-27,-6,-986,evil_twin,evil_twin
1683978846,-1,-100,-100,-100,0,0,139,1,-1,0,65,68,163,150,42,284.47,22,-22,-5,-994,evil_twin,evil_twin
1683978846,-1,-100,-100,-100,0,0,139,1,-2,0,65,68,162,150,42,284.47,22,-8,-3,-1005,evil_twin,evil_twin
1683978846,-1,-100,-100,-100,0,0,139,1,-2,0,65,68,162,150,42,284.4,22,-26,-4,-1008,evil_twin,evil_twin
1683978846,-1,-100,-100,-100,0,0,139,1,-2,0,65,68,163,150,42,284.45,22,-28,-9,-988,evil_twin,evil_twin
1683978846,-1,-100,-100,-100,1,-2,139,0,-2,0,65,68,163,150,42,284.42,22,-25,-3,-1008,evil_twin,evil_twin
1683978846,-1,-100,-100,-100,2,0,139,0,-2,0,65,68,163,150,42,284.42,23,-26,6,-950,evil_twin,evil_twin
1683978846,-1,-100,-100,-100,3,3,140,0,-1,0,65,68,162,150,42,284.48,23,-24,11,-1000,evil_twin,evil_twin
1683978846,-1,-100,-100,-100,1,1,140,0,0,0,65,68,163,150,42,284.43,23,-28,2,-1029,evil_twin,evil_twin
1683978847,-1,-100,-100,-100,1,1,140,0,0,0,65,68,163,150,42,284.43,23,-28,2,-1029,evil_twin,evil_twin
1683978847,-1,-100,-100,-100,0,0,139,0,0,0,65,68,163,150,42,284.44,23,-3,-8,-994,evil_twin,evil_twin
1683978847,-1,-100,-100,-100,3,0,139,0,0,0,65,68,163,150,42,284.49,23,-32,1,-989,evil_twin,evil_twin
1683978847,-1,-100,-100,-100,7,0,139,0,0,0,65,68,163,150,42,284.52,23,-22,0,-1018,evil_twin,evil_twin
1683978847,-1,-100,-100,-100,5,0,139,-1,1,0,65,68,163,150,42,284.51,23,-4,-17,-995,evil_twin,evil_twin
1683978847,-1,-100,-100,-100,2,0,139,-2,2,0,65,68,163,150,42,284.52,23,12,-16,-999,evil_twin,evil_twin
1683978847,-1,-100,-100,-100,1,0,139,-2,2,0,65,68,162,150,42,284.52,23,7,-8,-1001,evil_twin,evil_twin
1683978847,-1,-100,-100,-100,0,0,139,-2,2,0,65,68,162,150,42,284.54,23,31,0,-1004,evil_twin,evil_twin
1683978847,-1,-100,-100,-100,0,0,139,-2,2,0,65,68,162,150,42,284.48,24,14,-9,-1010,evil_twin,evil_twin
1683978847,-1,-100,-100,-100,0,0,139,-1,1,0,65,67,163,150,42,284.48,24,20,-8,-1004,evil_twin,evil_twin
1683978847,-1,-100,-100,-100,0,0,139,-1,1,0,65,67,163,150,42,284.44,24,2,-4,-991,evil_twin,evil_twin
1683978848,-1,-100,-100,-100,0,0,139,-1,1,0,65,67,163,150,42,284.44,24,2,-4,-991,evil_twin,evil_twin
1683978848,-1,-100,-100,-100,0,0,139,-2,1,0,65,67,164,150,42,284.46,24,-3,-7,-996,evil_twin,evil_twin
1683978848,-1,-100,-100,-100,0,0,139,-2,1,0,65,67,163,150,42,284.45,24,4,4,-991,evil_twin,evil_twin
1683978848,-1,-100,-100,-100,0,0,139,-2,1,0,65,67,164,150,42,284.46,24,21,-5,-998,evil_twin,evil_twin
1683978848,-1,-100,-100,-100,0,-1,139,-2,1,0,65,67,163,150,42,284.54,24,-6,4,-988,evil_twin,evil_twin
1683978848,-1,-100,-100,-100,-1,-2,139,-2,1,0,65,67,164,150,42,284.5,24,-12,1,-984,evil_twin,evil_twin
1683978848,-1,-100,-100,-100,-2,-2,139,-2,1,0,65,67,163,150,42,284.48,24,21,-3,-1014,evil_twin,evil_twin
1683978848,-1,-100,-100,-100,-4,1,139,-2,0,0,65,67,164,150,42,284.52,24,11,3,-982,evil_twin,evil_twin
1683978848,-1,-100,-100,-100,-4,2,139,-1,0,0,65,67,163,150,42,284.42,25,0,1,-980,evil_twin,evil_twin
1683978848,-1,-100,-100,-100,-2,0,139,0,0,0,65,67,163,150,42,284.44,25,-5,-2,-1017,evil_twin,evil_twin
1683978848,-1,-100,-100,-100,-1,0,139,0,0,0,65,67,163,150,42,284.44,25,-4,6,-1010,evil_twin,evil_twin
1683978849,-1,-100,-100,-100,-1,0,139,0,0,0,65,67,163,150,42,284.44,25,-4,6,-1010,evil_twin,evil_twin
1683978849,-1,-100,-100,-100,0,0,139,0,0,0,65,67,163,150,42,284.51,25,3,10,-1001,evil_twin,evil_twin
1683978849,-1,-100,-100,-100,0,0,139,0,0,0,65,67,162,150,42,284.44,25,-17,-3,-1010,evil_twin,evil_twin
1683978849,-1,-100,-100,-100,-1,0,137,0,0,0,65,67,162,150,42,284.46,25,-7,0,-1011,evil_twin,evil_twin
1683978849,-1,-100,-100,-100,-1,0,131,0,0,0,65,67,162,150,42,284.5,25,-2,4,-1004,evil_twin,evil_twin
1683978849,-1,-100,-100,-100,-1,0,126,0,0,0,65,67,162,150,42,284.55,25,-10,-5,-992,evil_twin,evil_twin
1683978849,-1,-100,-100,-100,-1,0,120,0,0,0,65,67,162,150,42,284.51,25,-19,8,-996,evil_twin,evil_twin
1683978849,-1,-100,-100,-100,0,0,114,0,0,0,65,67,162,150,42,284.58,25,-17,0,-989,evil_twin,evil_twin
1683978849,-1,-100,-100,-100,0,0,108,0,0,0,65,67,163,150,42,284.5,26,-14,-4,-1010,evil_twin,evil_twin
1683978849,-1,-100,-100,-100,0,0,102,0,0,0,65,68,162,150,42,284.52,26,-13,0,-998,evil_twin,evil_twin
1683978849,-1,-100,-100,-100,0,0,96,0,0,0,65,68,163,150,42,284.49,26,-12,-3,-995,evil_twin,evil_twin
1683978850,-1,-100,-100,-100,0,0,96,0,0,0,65,68,163,150,42,284.49,26,-12,-3,-995,evil_twin,evil_twin
1683978850,-1,-100,-100,-100,0,0,90,0,0,0,65,68,162,150,42,284.51,26,-12,-4,-992,evil_twin,evil_twin
1683978850,-1,-100,-100,-100,0,0,84,0,0,0,65,68,162,150,42,284.58,26,1,-8,-988,evil_twin,evil_twin
1683978850,-1,-100,-100,-100,0,0,79,0,0,0,65,68,161,150,42,284.48,26,10,-10,-993,evil_twin,evil_twin
1683978850,-1,-100,-100,-100,0,0,73,0,0,0,65,68,161,150,42,284.55,26,9,-18,-991,evil_twin,evil_twin
1683978850,-1,-100,-100,-100,0,0,67,0,0,0,65,68,160,150,42,284.54,26,5,-13,-1012,evil_twin,evil_twin
1683978850,-1,-100,-100,-100,0,0,63,0,0,0,65,68,160,150,42,284.57,26,-2,-13,-1002,evil_twin,evil_twin
1683978850,-1,-100,-100,-100,0,0,60,0,0,0,65,68,160,150,42,284.54,26,-8,-14,-995,evil_twin,evil_twin
1683978850,-1,-100,-100,-100,0,0,57,0,0,0,65,68,161,150,42,284.48,27,-4,-19,-1001,evil_twin,evil_twin
1683978850,-1,-100,-100,-100,0,0,55,0,0,0,65,68,161,150,42,284.56,27,18,-14,-1006,evil_twin,evil_twin
1683978850,-1,-100,-100,-100,0,0,54,0,0,0,65,68,160,150,42,284.49,27,3,-24,-994,evil_twin,evil_twin
1683978851,-1,-100,-100,-100,0,0,54,0,0,0,65,68,160,150,42,284.49,27,3,-24,-994,evil_twin,evil_twin
1683978851,-1,-100,-100,-100,0,1,53,0,0,0,65,68,160,150,42,284.55,27,8,-13,-998,evil_twin,evil_twin
1683978851,-1,-100,-100,-100,0,1,52,0,0,0,65,68,160,150,42,284.48,27,5,-18,-1013,evil_twin,evil_twin
1683978851,-1,-100,-100,-100,0,1,51,0,0,0,65,68,159,140,42,284.5,27,8,-19,-1002,evil_twin,evil_twin
1683978851,-1,-100,-100,-100,0,0,51,0,0,0,65,68,159,140,42,284.56,27,4,-11,-1010,evil_twin,evil_twin
1683978851,-1,-100,-100,-100,0,3,50,0,0,0,65,68,159,140,42,284.52,27,13,-16,-1007,evil_twin,evil_twin
1683978851,-1,-100,-100,-100,0,8,50,0,0,0,65,68,161,140,42,284.58,27,10,3,-994,evil_twin,evil_twin
1683978851,-1,-100,-100,-100,0,6,50,2,-1,0,65,68,159,140,42,284.57,27,2,-12,-1015,evil_twin,evil_twin
1683978851,-1,-100,-100,-100,0,3,50,2,-2,0,65,68,158,140,42,284.58,28,0,-19,-1004,evil_twin,evil_twin
1683978851,-1,-100,-100,-100,0,1,50,2,-2,0,64,67,159,140,42,284.46,28,20,-28,-1008,evil_twin,evil_twin
1683978852,-1,-100,-100,-100,0,1,50,2,-2,0,64,67,159,140,42,284.46,28,20,-28,-1008,evil_twin,evil_twin
1683978852,-1,-100,-100,-100,0,0,50,2,-2,0,64,67,160,140,42,284.54,28,15,-31,-1010,evil_twin,evil_twin
1683978852,-1,-100,-100,-100,0,0,50,2,-2,0,64,67,158,140,42,284.64,28,5,-29,-1006,evil_twin,evil_twin
1683978852,-1,-100,-100,-100,0,0,50,1,-2,0,64,67,159,140,42,284.56,28,5,-31,-1009,evil_twin,evil_twin
1683978852,-1,-100,-100,-100,0,0,50,1,-1,0,64,67,159,140,42,284.5,28,17,-26,-1011,evil_twin,evil_twin
1683978852,-1,-100,-100,-100,1,0,50,2,-1,0,64,67,160,140,42,284.54,28,4,-29,-987,evil_twin,evil_twin
1683978852,-1,-100,-100,-100,0,1,50,2,-1,0,64,67,160,140,42,284.58,28,9,-30,-995,evil_twin,evil_twin
1683978852,-1,-100,-100,-100,0,1,50,2,-1,0,64,67,159,140,42,284.54,28,3,-29,-1010,evil_twin,evil_twin
1683978852,-1,-100,-100,-100,0,1,50,2,-1,0,64,67,160,140,42,284.5,28,0,-31,-985,evil_twin,evil_twin
1683978852,-1,-100,-100,-100,0,1,50,1,-1,0,64,67,160,140,42,284.64,29,2,-34,-981,evil_twin,evil_twin
1683978852,-1,-100,-100,-100,0,0,50,1,-1,0,65,68,160,140,42,284.59,29,-13,-18,-984,evil_twin,evil_twin
1683978852,-1,-100,-100,-100,0,-4,50,1,-1,0,65,68,161,150,42,284.64,29,7,-50,-1028,evil_twin,evil_twin
1683978853,-1,-100,-100,-100,0,-4,50,1,-1,0,65,68,161,150,42,284.64,29,7,-50,-1028,evil_twin,evil_twin
1683978853,-1,-100,-100,-100,0,-1,50,0,0,0,65,68,161,150,42,284.6,29,0,-13,-998,evil_twin,evil_twin
1683978853,-1,-100,-100,-100,0,0,50,0,0,0,65,68,160,150,42,284.61,29,3,-19,-991,evil_twin,evil_twin
1683978853,-1,-100,-100,-100,0,-1,50,0,0,0,65,68,160,150,42,284.59,29,16,2,-978,evil_twin,evil_twin
1683978853,-1,-100,-100,-100,0,-7,50,0,0,0,65,68,161,150,42,284.6,29,1,-24,-1019,evil_twin,evil_twin
1683978853,-1,-100,-100,-100,0,-6,50,-1,1,0,65,68,162,150,42,284.58,29,6,-15,-1029,evil_twin,evil_twin
1683978853,-1,-100,-100,-100,0,-4,50,-2,1,0,65,68,161,140,42,284.49,29,-1,0,-1016,evil_twin,evil_twin
1683978853,-1,-100,-100,-100,0,-1,50,-2,2,0,65,68,160,150,42,284.58,29,27,6,-1012,evil_twin,evil_twin
1683978853,-1,-100,-100,-100,0,0,50,-2,2,0,65,68,161,150,42,284.55,30,0,7,-990,evil_twin,evil_twin
1683978853,-1,-100,-100,-100,0,1,50,-2,1,0,65,67,160,150,42,284.53,30,16,15,-1005,evil_twin,evil_twin
1683978854,-1,-100,-100,-100,0,1,50,-2,1,0,65,67,160,150,42,284.53,30,16,15,-1005,evil_twin,evil_twin
1683978854,-1,-100,-100,-100,0,1,50,-2,1,0,65,67,160,150,42,284.55,30,13,1,-987,evil_twin,evil_twin
1683978854,-1,-100,-100,-100,0,0,50,-2,1,0,65,67,160,150,42,284.57,30,7,1,-996,evil_twin,evil_twin
1683978854,-1,-100,-100,-100,0,0,50,-1,1,0,65,67,161,150,42,284.59,30,2,8,-997,evil_twin,evil_twin
1683978854,-1,-100,-100,-100,0,0,49,-1,1,0,65,67,159,150,42,284.5,30,2,12,-1001,evil_twin,evil_twin
1683978854,-1,-100,-100,-100,0,0,49,-1,1,0,65,67,159,150,42,284.54,30,-8,11,-999,evil_twin,evil_twin
1683978854,-1,-100,-100,-100,0,0,49,-1,1,0,65,67,159,140,42,284.54,30,-11,3,-988,evil_twin,evil_twin
1683978854,-1,-100,-100,-100,0,0,49,-1,1,0,65,67,159,140,42,284.58,30,-7,6,-999,evil_twin,evil_twin
1683978854,-1,-100,-100,-100,0,0,49,-1,1,0,65,67,159,140,42,284.51,30,-23,-3,-997,evil_twin,evil_twin
1683978854,-1,-100,-100,-100,0,0,49,-1,1,0,65,67,158,140,42,284.57,31,-30,0,-1002,evil_twin,evil_twin
1683978854,-1,-100,-100,-100,-1,1,49,-1,1,0,65,67,159,140,42,284.55,31,-12,0,-1023,evil_twin,evil_twin
1683978855,-1,-100,-100,-100,-1,1,49,-1,1,0,65,67,159,140,42,284.55,31,-12,0,-1023,evil_twin,evil_twin
1683978855,-1,-100,-100,-100,0,6,50,-1,1,0,65,67,159,140,42,284.54,31,-27,17,-967,evil_twin,evil_twin
1683978855,-1,-100,-100,-100,0,3,50,0,0,0,65,67,159,140,42,284.54,31,-8,-8,-1015,evil_twin,evil_twin
1683978855,-1,-100,-100,-100,0,1,50,0,0,0,65,67,158,140,42,284.61,31,-22,-16,-997,evil_twin,evil_twin
1683978855,-1,-100,-100,-100,-1,0,50,0,0,0,65,67,159,140,42,284.65,31,4,-8,-1043,evil_twin,evil_twin
1683978855,-1,-100,-100,-100,-7,0,50,0,0,0,65,67,160,140,42,284.57,31,5,-4,-999,evil_twin,evil_twin
1683978855,-1,-100,-100,-100,-7,0,50,-1,-1,0,65,67,160,140,42,284.54,31,-17,-10,-1000,evil_twin,evil_twin
1683978855,-1,-100,-100,-100,-4,0,50,-1,-2,0,65,67,160,140,42,284.56,31,-24,-10,-1005,evil_twin,evil_twin
1683978855,-1,-100,-100,-100,-2,0,50,-1,-2,0,65,67,160,140,42,284.55,31,-22,-1,-1012,evil_twin,evil_twin
1683978855,-1,-100,-100,-100,0,0,50,-1,-2,0,65,67,160,140,42,284.49,32,-43,-1,-988,evil_twin,evil_twin
1683978855,-1,-100,-100,-100,0,0,50,-1,-2,0,65,67,160,140,42,284.61,32,-12,-3,-1003,evil_twin,evil_twin
1683978856,-1,-100,-100,-100,0,0,50,-1,-2,0,65,67,160,140,42,284.61,32,-12,-3,-1003,evil_twin,evil_twin
1683978856,-1,-100,-100,-100,0,0,50,-1,-2,0,65,67,161,150,42,284.61,32,-47,-3,-985,evil_twin,evil_twin
1683978856,-1,-100,-100,-100,-1,0,50,-1,-1,0,65,67,161,150,42,284.59,32,-29,-12,-998,evil_twin,evil_twin
1683978856,-1,-100,-100,-100,-1,0,50,-1,-1,0,65,67,162,150,42,284.61,32,-44,-14,-988,evil_twin,evil_twin
1683978856,-1,-100,-100,-100,-1,0,50,-1,-1,0,65,67,163,150,42,284.62,32,-27,-13,-992,evil_twin,evil_twin
1683978856,-1,-100,-100,-100,-1,0,50,-1,-1,0,65,67,163,150,42,284.55,32,-30,-18,-991,evil_twin,evil_twin
1683978856,-1,-100,-100,-100,-1,0,50,-1,-1,0,65,67,163,150,42,284.57,32,-34,-9,-983,evil_twin,evil_twin
1683978856,-1,-100,-100,-100,-1,0,50,-1,-1,0,65,67,162,150,42,284.69,32,-47,-19,-986,evil_twin,evil_twin
1683978856,-1,-100,-100,-100,-1,0,50,-1,-1,0,65,67,163,150,42,284.61,32,-15,-10,-994,evil_twin,evil_twin
1683978856,-1,-100,-100,-100,-1,0,50,-1,-1,0,65,67,163,150,42,284.57,33,-25,-20,-995,evil_twin,evil_twin
1683978856,-1,-100,-100,-100,0,0,50,-1,-1,0,65,67,163,150,42,284.6,33,-19,-15,-1003,evil_twin,evil_twin
1683978857,-1,-100,-100,-100,0,0,50,-1,-1,0,65,67,163,150,42,284.6,33,-19,-15,-1003,evil_twin,evil_twin
1683978857,-1,-100,-100,-100,3,-1,50,-1,-1,0,65,67,164,150,42,284.58,33,-46,4,-987,evil_twin,evil_twin
1683978857,-1,-100,-100,-100,3,2,50,-1,0,0,65,67,163,150,42,284.59,33,-25,-4,-997,evil_twin,evil_twin
1683978857,-1,-100,-100,-100,1,1,50,0,0,0,65,67,164,150,42,284.61,33,-20,-5,-988,evil_twin,evil_twin
1683978857,-1,-100,-100,-100,0,0,50,0,0,0,65,67,163,150,42,284.62,33,5,-5,-997,evil_twin,evil_twin
1683978857,-1,-100,-100,-100,1,0,50,0,0,0,65,67,163,150,42,284.66,33,-2,-4,-1013,evil_twin,evil_twin
1683978857,-1,-100,-100,-100,7,0,50,0,0,0,65,67,164,150,42,284.65,33,10,0,-1019,evil_twin,evil_twin
1683978857,-1,-100,-100,-100,6,0,50,1,1,0,65,67,163,150,42,284.65,33,13,-6,-1022,evil_twin,evil_twin
1683978857,-1,-100,-100,-100,3,0,50,1,2,0,65,67,162,150,42,284.62,33,18,-11,-1009,evil_twin,evil_twin
1683978857,-1,-100,-100,-100,2,0,50,2,2,0,65,67,161,150,42,284.62,34,13,-9,-1001,evil_twin,evil_twin
1683978857,-1,-100,-100,-100,0,0,50,2,2,0,64,67,163,150,42,284.59,34,31,0,-996,evil_twin,evil_twin
1683978858,-1,-100,-100,-100,0,0,50,2,2,0,64,67,163,150,42,284.59,34,31,0,-996,evil_twin,evil_twin
1683978858,-1,-100,-100,-100,0,0,50,2,2,0,64,67,163,150,42,284.56,34,11,-9,-1003,evil_twin,evil_twin
1683978858,-1,-100,-100,-100,0,0,50,1,1,0,64,67,163,150,42,284.58,34,6,-2,-995,evil_twin,evil_twin
1683978858,-1,-100,-100,-100,0,0,50,1,1,0,64,67,162,150,42,284.56,34,23,-7,-1004,evil_twin,evil_twin
1683978858,-1,-100,-100,-100,0,0,50,1,1,0,64,67,163,150,42,284.57,34,13,-7,-993,evil_twin,evil_twin
1683978858,-1,-100,-100,-100,0,0,50,1,2,0,64,67,162,150,42,284.59,34,13,-8,-988,evil_twin,evil_twin
1683978858,-1,-100,-100,-100,0,0,50,1,2,0,64,67,163,150,42,284.62,34,25,-12,-1006,evil_twin,evil_twin
1683978858,-1,-100,-100,-100,0,0,50,1,2,0,64,67,163,150,42,284.59,34,32,-7,-986,evil_twin,evil_twin
1683978858,-1,-100,-100,-100,0,0,50,1,2,0,64,67,162,150,42,284.57,34,1,-7,-1002,evil_twin,evil_twin
1683978858,-1,-100,-100,-100,0,0,50,1,2,0,64,67,163,150,42,284.54,35,19,-12,-998,evil_twin,evil_twin
1683978858,-1,-100,-100,-100,-1,-2,50,1,2,0,64,67,163,150,42,284.57,35,7,-6,-1005,evil_twin,evil_twin
1683978859,-1,-100,-100,-100,-1,-2,50,1,2,0,64,67,163,150,42,284.57,35,7,-6,-1005,evil_twin,evil_twin
1683978859,-1,-100,-100,-100,0,0,50,0,2,0,64,67,163,150,42,284.61,35,-2,2,-1004,evil_twin,evil_twin
1683978859,-1,-100,-100,-100,-4,3,50,0,1,0,64,67,163,150,42,284.56,35,17,8,-973,evil_twin,evil_twin
1683978859,-1,-100,-100,-100,-2,2,50,0,0,0,64,67,163,150,42,284.53,35,-4,-6,-1006,evil_twin,evil_twin
1683978859,-1,-100,-100,-100,-1,0,50,0,0,0,64,67,162,150,42,284.58,35,-16,-2,-990,evil_twin,evil_twin
1683978859,-1,-100,-100,-100,0,0,49,0,0,0,64,67,162,150,42,284.55,35,4,-9,-998,evil_twin,evil_twin
1683978859,-1,-100,-100,-100,0,0,43,0,0,0,64,67,162,150,42,284.62,35,-1,4,-990,evil_twin,evil_twin
1683978859,-1,-100,-100,-100,0,0,37,0,0,0,64,67,164,150,42,284.67,35,-8,1,-990,evil_twin,evil_twin
1683978859,-1,-100,-100,-100,0,0,31,0,0,0,64,67,162,150,42,284.55,35,16,5,-1000,evil_twin,evil_twin
1683978859,-1,-100,-100,-100,0,0,24,0,0,0,64,67,163,150,42,284.61,36,6,1,-1010,evil_twin,evil_twin
1683978859,-1,-100,-100,-100,0,0,18,0,0,0,64,68,162,150,42,284.6,36,9,6,-984,evil_twin,evil_twin
1683978860,-1,-100,-100,-100,0,0,18,0,0,0,64,68,162,150,42,284.6,36,9,6,-984,evil_twin,evil_twin
1683978860,-1,-100,-100,-100,0,0,11,0,0,0,64,68,163,150,42,284.62,36,8,0,-1001,evil_twin,evil_twin
1683978860,-1,-100,-100,-100,0,0,4,0,0,0,64,68,162,150,42,284.63,36,8,4,-995,evil_twin,evil_twin
1683978860,-1,-100,-100,-100,1,0,-1,0,0,0,64,68,163,150,42,284.59,36,6,5,-1002,evil_twin,evil_twin
1683978860,-1,-100,-100,-100,1,-1,-7,0,0,0,64,68,162,150,42,284.58,36,1,7,-1000,evil_twin,evil_twin
1683978860,-1,-100,-100,-100,0,-1,-14,0,0,0,64,68,162,150,42,284.59,36,1,2,-992,evil_twin,evil_twin
1683978860,-1,-100,-100,-100,0,0,-20,0,0,0,64,68,162,150,42,284.58,36,22,6,-994,evil_twin,evil_twin
1683978860,-1,-100,-100,-100,0,0,-25,0,0,0,64,68,162,150,42,284.59,36,15,3,-1001,evil_twin,evil_twin
1683978860,-1,-100,-100,-100,0,0,-28,0,0,0,64,68,162,150,42,284.59,36,15,0,-997,evil_twin,evil_twin
1683978860,-1,-100,-100,-100,0,0,-31,0,0,0,64,68,162,150,42,284.56,37,7,9,-997,evil_twin,evil_twin
1683978860,-1,-100,-100,-100,0,0,-32,0,0,0,65,68,162,150,42,284.58,37,17,10,-1005,evil_twin,evil_twin
1683978861,-1,-100,-100,-100,0,0,-32,0,0,0,65,68,162,150,42,284.58,37,17,10,-1005,evil_twin,evil_twin
1683978861,-1,-100,-100,-100,0,0,-34,0,0,0,65,68,161,150,42,284.58,37,12,-1,-1007,evil_twin,evil_twin
1683978861,-1,-100,-100,-100,0,0,-35,0,0,0,65,68,162,150,42,284.57,37,14,11,-1014,evil_twin,evil_twin
1683978861,-1,-100,-100,-100,0,0,-35,0,0,0,65,68,162,150,42,284.53,37,15,6,-1012,evil_twin,evil_twin
1683978861,-1,-100,-100,-100,0,0,-36,0,0,0,65,68,162,150,42,284.51,37,7,7,-1000,evil_twin,evil_twin
1683978861,-1,-100,-100,-100,0,0,-37,0,0,0,65,68,162,150,42,284.53,37,11,3,-998,evil_twin,evil_twin
1683978861,-1,-100,-100,-100,0,0,-37,0,0,0,65,68,163,150,42,284.58,37,31,0,-1000,evil_twin,evil_twin
1683978861,-1,-100,-100,-100,0,0,-37,0,0,0,65,68,161,150,42,284.59,37,18,1,-1016,evil_twin,evil_twin
1683978861,-1,-100,-100,-100,0,0,-37,0,0,0,65,68,162,150,42,284.58,37,7,2,-1003,evil_twin,evil_twin
1683978861,-1,-100,-100,-100,0,0,-37,0,0,0,65,68,162,150,42,284.47,38,17,-2,-1004,evil_twin,evil_twin
1683978861,-1,-100,-100,-100,0,0,-37,0,0,0,65,67,163,150,42,284.58,38,16,-17,-1032,evil_twin,evil_twin
1683978862,-1,-100,-100,-100,0,0,-37,0,0,0,65,67,163,150,42,284.58,38,16,-17,-1032,evil_twin,evil_twin
1683978862,-1,-100,-100,-100,1,3,-37,0,0,0,65,67,164,150,42,284.55,38,14,12,-971,evil_twin,evil_twin
1683978862,-1,-100,-100,-100,1,8,-37,0,0,0,65,67,164,150,42,284.56,38,26,5,-1002,evil_twin,evil_twin
1683978862,-1,-100,-100,-100,0,6,-37,-1,-1,0,65,67,163,150,42,284.64,38,8,-12,-1005,evil_twin,evil_twin
1683978862,-1,-100,-100,-100,0,3,-37,-1,-2,0,65,67,162,150,42,284.51,38,24,-15,-1012,evil_twin,evil_twin
1683978862,-1,-100,-100,-100,0,1,-37,-2,-2,0,65,67,162,150,42,284.56,38,5,-15,-995,evil_twin,evil_twin
1683978862,-1,-100,-100,-100,0,0,-37,-2,-2,0,65,67,162,150,42,284.57,38,21,-12,-1003,evil_twin,evil_twin
1683978862,-1,-100,-100,-100,0,0,-37,-1,-2,0,65,67,163,150,42,284.64,38,0,-17,-996,evil_twin,evil_twin
1683978862,-1,-100,-100,-100,0,0,-37,-1,-2,0,65,67,162,150,42,284.58,38,24,-16,-995,evil_twin,evil_twin
1683978862,-1,-100,-100,-100,0,0,-38,-1,-2,0,65,67,162,150,42,284.57,39,17,-14,-1002,evil_twin,evil_twin
1683978862,-1,-100,-100,-100,0,0,-38,-1,-2,0,64,66,162,150,42,284.6,39,18,-12,-996,evil_twin,evil_twin
1683978863,-1,-100,-100,-100,0,0,-38,-1,-2,0,64,66,162,150,42,284.6,39,18,-12,-996,evil_twin,evil_twin
1683978863,-1,-100,-100,-100,1,0,-37,-1,-2,0,64,66,162,150,42,284.58,39,-2,-15,-992,evil_twin,evil_twin
1683978863,-1,-100,-100,-100,1,0,-37,-1,-2,0,64,66,162,150,42,284.52,39,7,-9,-992,evil_twin,evil_twin
1683978863,-1,-100,-100,-100,1,0,-37,-1,-2,0,64,66,161,150,42,284.58,39,13,-15,-1002,evil_twin,evil_twin
1683978863,-1,-100,-100,-100,1,0,-37,-1,-2,0,64,66,162,150,42,284.62,39,12,-4,-965,evil_twin,evil_twin
1683978863,-1,-100,-100,-100,3,-1,-37,-1,-2,0,64,66,163,150,42,284.57,39,5,-18,-1039,evil_twin,evil_twin
1683978863,-1,-100,-100,-100,1,-2,-37,0,-2,0,64,66,163,150,42,284.59,39,23,-16,-995,evil_twin,evil_twin
1683978863,-1,-100,-100,-100,-1,-5,-37,0,-1,0,64,66,164,150,42,284.58,39,4,-16,-995,evil_twin,evil_twin
1683978863,-1,-100,-100,-100,0,-2,-37,0,0,0,64,66,163,150,42,284.59,39,11,6,-994,evil_twin,evil_twin
1683978863,-1,-100,-100,-100,0,0,-37,0,0,0,64,66,163,150,42,284.57,40,-6,3,-991,evil_twin,evil_twin
1683978863,-1,-100,-100,-100,0,-2,-37,0,0,0,65,67,163,150,42,284.55,40,17,-1,-1013,evil_twin,evil_twin
1683978864,-1,-100,-100,-100,0,-2,-37,0,0,0,65,67,163,150,42,284.55,40,17,-1,-1013,evil_twin,evil_twin
1683978864,-1,-100,-100,-100,0,-8,-37,0,0,0,65,67,165,150,42,284.54,40,-1,-4,-1004,evil_twin,evil_twin
1683978864,-1,-100,-100,-100,0,-7,-38,1,1,0,65,67,163,150,42,284.59,40,4,13,-1015,evil_twin,evil_twin
1683978864,-1,-100,-100,-100,0,-4,-38,2,2,0,65,67,162,150,42,284.55,40,8,24,-999,evil_twin,evil_twin
1683978864,-1,-100,-100,-100,0,-2,-37,2,2,0,65,67,162,150,42,284.56,40,8,10,-1001,evil_twin,evil_twin
1683978864,-1,-100,-100,-100,0,0,-37,2,2,0,65,67,162,150,42,284.49,40,-14,14,-994,evil_twin,evil_twin
1683978864,-1,-100,-100,-100,0,0,-37,1,2,0,65,67,161,150,42,284.51,40,4,17,-1012,evil_twin,evil_twin
1683978864,-1,-100,-100,-100,0,0,-37,1,2,0,65,67,161,150,42,284.53,40,9,14,-1011,evil_twin,evil_twin
1683978864,-1,-100,-100,-100,0,0,-37,1,2,0,65,67,161,150,42,284.47,40,-7,12,-1000,evil_twin,evil_twin
1683978864,-1,-100,-100,-100,0,0,-37,1,2,0,65,67,162,150,42,284.45,41,-2,11,-1002,evil_twin,evil_twin
1683978864,-1,-100,-100,-100,0,0,-37,1,2,0,64,67,161,150,42,284.48,41,-8,11,-1001,evil_twin,evil_twin
1683978865,-1,-100,-100,-100,0,0,-37,1,2,0,64,67,161,150,42,284.48,41,-8,11,-1001,evil_twin,evil_twin
1683978865,-1,-100,-100,-100,0,0,-37,1,2,0,64,67,161,150,42,284.43,41,6,14,-1006,evil_twin,evil_twin
1683978865,-1,-100,-100,-100,0,0,-37,1,2,0,64,67,161,150,42,284.52,41,18,19,-1009,evil_twin,evil_twin
1683978865,-1,-100,-100,-100,0,0,-37,1,2,0,64,67,160,150,42,284.46,41,24,17,-1011,evil_twin,evil_twin
1683978865,-1,-100,-100,-100,-1,1,-37,1,2,0,64,67,161,150,42,284.53,41,26,15,-1009,evil_twin,evil_twin
1683978865,-1,-100,-100,-100,0,5,-37,0,1,0,64,67,161,150,42,284.55,41,-9,12,-1000,evil_twin,evil_twin
1683978865,-1,-100,-100,-100,1,3,-37,0,1,0,64,67,161,150,42,284.52,41,21,8,-991,evil_twin,evil_twin
1683978865,-1,-100,-100,-100,1,1,-37,0,0,0,64,67,160,150,42,284.55,41,19,23,-995,evil_twin,evil_twin
1683978865,-1,-100,-100,-100,0,0,-37,0,0,0,64,67,160,140,42,284.51,42,-5,2,-1008,evil_twin,evil_twin
1683978865,-1,-100,-100,-100,0,0,-37,0,0,0,64,67,160,140,42,284.54,42,6,6,-1012,evil_twin,evil_twin
1683978865,-1,-100,-100,-100,-4,0,-37,0,0,0,65,67,160,140,42,284.5,42,-1,5,-1003,evil_twin,evil_twin
1683978866,-1,-100,-100,-100,-4,0,-37,0,0,0,65,67,160,140,42,284.5,42,-1,5,-1003,evil_twin,evil_twin
1683978866,-1,-100,-100,-100,-7,0,-37,-1,0,0,65,67,161,140,42,284.5,42,3,8,-1000,evil_twin,evil_twin
1683978866,-1,-100,-100,-100,-5,0,-37,-2,1,0,65,67,161,140,42,284.59,42,-3,1,-1005,evil_twin,evil_twin
1683978866,-1,-100,-100,-100,-2,0,-37,-2,1,0,65,67,161,150,42,284.46,42,-20,-7,-986,evil_twin,evil_twin
1683978866,-1,-100,-100,-100,0,0,-37,-2,2,0,65,67,161,150,42,284.49,42,-20,-1,-995,evil_twin,evil_twin
1683978866,-1,-100,-100,-100,0,0,-37,-2,1,0,65,67,162,150,42,284.49,42,-19,-9,-974,evil_twin,evil_twin
1683978866,-1,-100,-100,-100,0,0,-37,-2,1,0,65,67,161,150,42,284.55,42,-7,0,-1002,evil_twin,evil_twin
1683978866,-1,-100,-100,-100,0,0,-37,-2,1,0,65,67,161,150,42,284.46,42,-13,-1,-987,evil_twin,evil_twin
1683978866,-1,-100,-100,-100,0,0,-37,-2,1,0,65,67,161,150,42,284.48,43,-18,-6,-977,evil_twin,evil_twin
1683978866,-1,-100,-100,-100,0,0,-37,-2,1,0,65,67,161,150,42,284.57,43,-14,-6,-991,evil_twin,evil_twin
1683978866,-1,-100,-100,-100,0,0,-37,-2,1,0,64,67,161,150,42,284.51,43,-16,3,-1008,evil_twin,evil_twin
1683978867,-1,-100,-100,-100,0,0,-37,-2,1,0,64,67,161,150,42,284.51,43,-16,3,-1008,evil_twin,evil_twin
1683978867,-1,-100,-100,-100,0,0,-37,-2,1,0,64,67,160,150,42,284.55,43,-10,7,-1017,evil_twin,evil_twin
1683978867,-1,-100,-100,-100,0,0,-37,-1,1,0,64,67,160,150,42,284.57,43,-11,2,-1018,evil_twin,evil_twin
1683978867,-1,-100,-100,-100,0,0,-37,-1,1,0,64,67,159,150,42,284.57,43,-13,-8,-971,evil_twin,evil_twin
1683978867,-1,-100,-100,-100,1,0,-37,-1,1,0,64,67,159,150,42,284.54,43,-10,1,-977,evil_twin,evil_twin
1683978867,-1,-100,-100,-100,5,0,-37,-1,0,0,64,67,159,150,42,284.48,43,-24,-5,-1039,evil_twin,evil_twin
1683978867,-1,-100,-100,-100,2,0,-37,0,0,0,64,67,159,150,42,284.51,43,-12,-3,-1005,evil_twin,evil_twin
1683978867,-1,-100,-100,-100,0,0,-37,0,0,0,64,67,158,150,42,284.5,43,-3,0,-992,evil_twin,evil_twin
1683978867,-1,-100,-100,-100,2,0,-37,0,0,0,64,67,158,150,42,284.54,44,8,-4,-971,evil_twin,evil_twin
1683978867,-1,-100,-100,-100,7,0,-37,0,0,0,64,67,158,150,42,284.6,44,4,-4,-1014,evil_twin,evil_twin
1683978867,-1,-100,-100,-100,7,0,-37,1,-1,0,65,67,159,140,42,284.52,44,2,-9,-1010,evil_twin,evil_twin
1683978868,-1,-100,-100,-100,7,0,-37,1,-1,0,65,67,159,140,42,284.52,44,2,-9,-1010,evil_twin,evil_twin
1683978868,-1,-100,-100,-100,4,0,-37,2,-1,0,65,67,158,140,42,284.52,44,12,-3,-1011,evil_twin,evil_twin
1683978868,-1,-100,-100,-100,2,0,-37,2,-2,0,65,67,157,140,42,284.55,44,19,-15,-1003,evil_twin,evil_twin
1683978868,-1,-100,-100,-100,0,0,-37,2,-2,0,65,67,157,140,42,284.5,44,20,-5,-990,evil_twin,evil_twin
1683978868,-1,-100,-100,-100,0,0,-37,2,-1,0,65,67,156,140,42,284.59,44,22,-4,-1023,evil_twin,evil_twin
1683978868,-1,-100,-100,-100,0,0,-37,2,-1,0,65,67,156,140,42,284.5,44,6,-3,-1012,evil_twin,evil_twin
1683978868,-1,-100,-100,-100,0,0,-37,2,-1,0,65,67,156,140,42,284.54,44,26,-9,-1007,evil_twin,evil_twin
1683978868,-1,-100,-100,-100,0,0,-37,2,-1,0,65,67,156,140,42,284.52,44,24,-11,-1020,evil_twin,evil_twin
1683978868,-1,-100,-100,-100,0,0,-37,2,-1,0,65,67,156,140,42,284.43,45,17,-6,-1010,evil_twin,evil_twin
1683978868,-1,-100,-100,-100,0,0,-37,2,-1,0,65,67,156,140,42,284.52,45,41,-21,-1007,evil_twin,evil_twin
1683978868,-1,-100,-100,-100,0,0,-37,2,-1,0,64,68,157,140,42,284.52,45,25,-2,-994,evil_twin,evil_twin
1683978869,-1,-100,-100,-100,0,0,-37,2,-1,0,64,68,157,140,42,284.52,45,25,-2,-994,evil_twin,evil_twin
1683978869,-1,-100,-100,-100,0,0,-37,2,-1,0,64,68,158,140,42,284.52,45,25,-13,-984,evil_twin,evil_twin
1683978869,-1,-100,-100,-100,0,0,-37,2,-1,0,64,68,158,140,42,284.64,45,16,5,-1005,evil_twin,evil_twin
1683978869,-1,-100,-100,-100,-1,-2,-37,2,-1,0,64,68,158,140,42,284.58,45,12,-7,-1005,evil_twin,evil_twin
1683978869,-1,-100,-100,-100,-4,0,-37,1,0,0,64,68,160,140,42,284.54,45,25,7,-960,evil_twin,evil_twin
1683978869,-1,-100,-100,-100,-3,1,-38,0,0,0,64,68,160,140,42,284.52,45,1,-5,-999,evil_twin,evil_twin
1683978869,-1,-100,-100,-100,-1,0,-37,0,0,0,64,68,161,140,42,284.46,45,-8,-6,-992,evil_twin,evil_twin
1683978869,-1,-100,-100,-100,0,0,-37,0,0,0,64,68,161,140,42,284.48,45,2,1,-1008,evil_twin,evil_twin
1683978869,-1,-100,-100,-100,0,0,-37,0,0,0,64,68,161,140,42,284.51,46,17,1,-994,evil_twin,evil_twin
1683978869,-1,-100,-100,-100,0,0,-37,0,0,0,64,68,161,150,42,284.52,46,2,-1,-993,evil_twin,evil_twin
1683978869,-1,-100,-100,-100,0,0,-37,0,0,0,65,67,162,150,42,284.53,46,1,-5,-998,evil_twin,evil_twin
1683978870,-1,-100,-100,-100,0,0,-37,0,0,0,65,67,162,150,42,284.53,46,1,-5,-998,evil_twin,evil_twin
1683978870,-1,-100,-100,-100,0,0,-39,0,0,0,65,67,162,150,42,284.54,46,-27,25,-994,evil_twin,evil_twin
1683978870,-1,-100,-100,-100,0,0,-45,0,0,0,65,67,163,150,42,284.54,46,9,-6,-989,evil_twin,evil_twin
1683978870,-1,-100,-100,-100,0,0,-51,0,0,0,65,67,162,150,42,284.54,46,4,-6,-977,evil_twin,evil_twin
1683978870,-1,-100,-100,-100,0,0,-57,0,0,0,65,67,163,150,42,284.55,46,7,4,-1002,evil_twin,evil_twin
1683978870,-1,-100,-100,-100,0,0,-63,0,0,0,65,67,163,150,42,284.52,46,4,1,-989,evil_twin,evil_twin
1683978870,-1,-100,-100,-100,0,0,-70,0,0,0,65,67,162,150,42,284.56,46,15,1,-1003,evil_twin,evil_twin
1683978870,-1,-100,-100,-100,0,0,-76,0,0,0,65,67,163,150,42,284.5,46,-8,3,-982,evil_twin,evil_twin
1683978870,-1,-100,-100,-100,0,0,-82,0,0,0,65,67,163,150,42,284.49,47,-10,12,-998,evil_twin,evil_twin
1683978870,-1,-100,-100,-100,0,0,-88,0,0,0,65,67,163,150,42,284.57,47,7,4,-1010,evil_twin,evil_twin
1683978870,-1,-100,-100,-100,0,0,-94,0,0,0,64,66,163,150,42,284.54,47,5,5,-1004,evil_twin,evil_twin
1683978871,-1,-100,-100,-100,0,0,-94,0,0,0,64,66,163,150,42,284.54,47,5,5,-1004,evil_twin,evil_twin
1683978871,-1,-100,-100,-100,0,0,-100,0,0,0,64,66,162,150,42,284.54,47,5,-2,-994,evil_twin,evil_twin
1683978871,-1,-100,-100,-100,0,0,-107,0,0,0,64,66,163,150,42,284.55,47,-11,2,-990,evil_twin,evil_twin
1683978871,-1,-100,-100,-100,0,0,-112,0,0,0,64,66,162,150,42,284.5,47,-10,0,-1000,evil_twin,evil_twin
1683978871,-1,-100,-100,-100,0,0,-116,0,0,0,64,66,162,150,42,284.57,47,-5,4,-999,evil_twin,evil_twin
1683978871,-1,-100,-100,-100,0,0,-119,0,0,0,64,66,162,150,42,284.52,47,-4,0,-994,evil_twin,evil_twin
1683978871,-1,-100,-100,-100,0,0,-121,0,0,0,64,66,162,150,42,284.55,47,-11,-3,-995,evil_twin,evil_twin
1683978871,-1,-100,-100,-100,0,0,-123,0,0,0,64,66,161,150,42,284.53,47,3,6,-999,evil_twin,evil_twin
1683978871,-1,-100,-100,-100,0,0,-124,0,0,0,64,66,161,150,42,284.55,48,0,6,-991,evil_twin,evil_twin
1683978871,-1,-100,-100,-100,0,0,-125,0,0,0,64,66,162,150,42,284.52,48,2,0,-1001,evil_twin,evil_twin
1683978871,-1,-100,-100,-100,0,0,-126,0,0,0,64,66,161,150,42,284.53,48,7,6,-999,evil_twin,evil_twin
1683978872,-1,-100,-100,-100,0,0,-126,0,0,0,64,66,161,150,42,284.53,48,7,6,-999,evil_twin,evil_twin
1683978872,-1,-100,-100,-100,0,0,-126,0,0,0,64,66,161,150,42,284.58,48,4,3,-1005,evil_twin,evil_twin
1683978872,-1,-100,-100,-100,0,0,-126,0,0,0,64,66,162,150,42,284.52,48,11,11,-993,evil_twin,evil_twin
1683978872,-1,-100,-100,-100,0,0,-126,0,0,0,64,66,161,150,42,284.51,48,10,22,-1007,evil_twin,evil_twin
1683978872,-1,-100,-100,-100,0,0,-126,0,0,0,64,66,160,150,42,284.51,48,-11,7,-1004,evil_twin,evil_twin
1683978872,-1,-100,-100,-100,0,0,-126,0,0,0,64,66,161,150,42,284.48,48,-6,6,-1003,evil_twin,evil_twin
1683978872,-1,-100,-100,-100,0,0,-126,0,0,0,64,66,161,150,42,284.47,48,3,4,-996,evil_twin,evil_twin
1683978872,-1,-100,-100,-100,0,0,-126,0,0,0,64,66,161,150,42,284.55,48,9,12,-1007,evil_twin,evil_twin
1683978872,-1,-100,-100,-100,0,0,-126,0,0,0,64,66,161,150,42,284.51,49,6,13,-987,evil_twin,evil_twin
1683978872,-1,-100,-100,-100,0,0,-126,0,0,0,64,66,161,150,42,284.51,49,4,16,-995,evil_twin,evil_twin
1683978873,-1,-100,-100,-100,0,0,-126,0,0,0,64,66,161,150,42,284.51,49,4,16,-995,evil_twin,evil_twin
1683978873,-1,-100,-100,-100,0,0,-126,0,0,0,64,66,160,150,42,284.56,49,-13,7,-995,evil_twin,evil_twin
1683978873,-1,-100,-100,-100,0,0,-126,0,0,0,64,66,160,150,42,284.52,49,-14,1,-1004,evil_twin,evil_twin
1683978873,-1,-100,-100,-100,0,0,-126,0,0,0,64,66,160,150,42,284.56,49,2,7,-1007,evil_twin,evil_twin
1683978873,-1,-100,-100,-100,0,0,-126,0,0,0,64,66,161,150,42,284.49,49,17,3,-1002,evil_twin,evil_twin
1683978873,-1,-100,-100,-100,0,0,-126,0,0,0,64,66,161,150,42,284.5,49,3,17,-1012,evil_twin,evil_twin
1683978873,-1,-100,-100,-100,0,0,-126,0,0,0,64,66,161,150,42,284.48,49,-3,15,-1012,evil_twin,evil_twin
1683978873,-1,-100,-100,-100,0,0,-126,0,0,0,64,66,161,150,42,284.51,49,-5,19,-1010,evil_twin,evil_twin
1683978873,-1,-100,-100,-100,0,0,-125,0,0,0,64,66,161,150,42,284.54,49,-3,11,-1003,evil_twin,evil_twin
1683978873,-1,-100,-100,-100,0,0,-126,0,0,0,64,66,160,150,42,284.52,50,-2,9,-984,evil_twin,evil_twin
1683978873,-1,-100,-100,-100,0,0,-126,0,0,0,64,66,161,150,42,284.5,50,-1,15,-998,evil_twin,evil_twin
1683978873,-1,-100,-100,-100,0,0,-126,0,0,0,64,66,162,150,42,284.53,50,-6,16,-1005,evil_twin,evil_twin
1683978874,-1,-100,-100,-100,0,0,-126,0,0,0,64,66,162,150,42,284.53,50,-6,16,-1005,evil_twin,evil_twin
1683978874,-1,-100,-100,-100,0,0,-126,0,0,0,64,66,162,150,42,284.58,50,7,14,-1003,evil_twin,evil_twin
1683978874,-1,-100,-100,-100,0,0,-126,0,0,0,64,66,161,150,42,284.52,50,-1,9,-987,evil_twin,evil_twin
1683978874,-1,-100,-100,-100,0,0,-126,0,0,0,64,66,161,150,42,284.54,50,-4,10,-1003,evil_twin,evil_twin
1683978874,-1,-100,-100,-100,0,0,-126,0,0,0,64,66,161,150,42,284.57,50,0,11,-1003,evil_twin,evil_twin
1683978874,-1,-100,-100,-100,0,0,-126,0,0,0,64,66,161,150,42,284.49,50,-3,7,-993,evil_twin,evil_twin
1683978874,-1,-100,-100,-100,0,0,-126,0,0,0,64,66,162,150,42,284.52,50,-2,11,-999,evil_twin,evil_twin
1683978874,-1,-100,-100,-100,0,0,-126,0,0,0,64,66,161,150,42,284.47,50,0,9,-1002,evil_twin,evil_twin
1683978874,-1,-100,-100,-100,0,0,-126,0,0,0,64,66,162,150,42,284.42,51,9,10,-1007,evil_twin,evil_twin
1683978874,-1,-100,-100,-100,0,0,-126,0,0,0,64,66,161,150,42,284.44,51,-9,5,-1000,evil_twin,evil_twin
1683978875,-1,-100,-100,-100,0,0,-126,0,0,0,64,66,161,150,42,284.44,51,-9,5,-1000,evil_twin,evil_twin
1683978875,-1,-100,-100,-100,0,0,-126,0,0,0,64,67,162,150,42,284.52,51,-5,11,-1004,evil_twin,evil_twin
1683978875,-1,-100,-100,-100,0,0,-126,0,0,0,64,67,161,150,42,284.49,51,3,5,-997,evil_twin,evil_twin
1683978875,-1,-100,-100,-100,0,0,-126,0,0,0,64,67,161,150,42,284.55,51,6,6,-1002,evil_twin,evil_twin
1683978875,-1,-100,-100,-100,0,0,-126,0,0,0,64,67,161,150,42,284.59,51,6,9,-993,evil_twin,evil_twin
1683978875,-1,-100,-100,-100,0,0,-126,0,0,0,64,67,162,150,42,284.62,51,-3,5,-989,evil_twin,evil_twin
1683978875,-1,-100,-100,-100,0,0,-126,0,0,0,64,67,161,150,42,284.58,51,-19,2,-991,evil_twin,evil_twin
1683978875,-1,-100,-100,-100,0,0,-126,0,0,0,64,67,161,150,42,284.57,51,-9,-4,-992,evil_twin,evil_twin
1683978875,-1,-100,-100,-100,0,0,-126,0,0,0,64,67,161,150,42,284.58,51,-4,0,-992,evil_twin,evil_twin
1683978875,-1,-100,-100,-100,0,0,-126,0,0,0,64,67,161,150,42,284.55,52,-2,4,-994,evil_twin,evil_twin
1683978875,-1,-100,-100,-100,0,0,-126,0,0,0,64,67,161,150,42,284.57,52,-2,10,-1014,evil_twin,evil_twin
1683978876,-1,-100,-100,-100,0,0,-126,0,0,0,64,67,161,150,42,284.57,52,-2,10,-1014,evil_twin,evil_twin
1683978876,-1,-100,-100,-100,0,0,-126,0,0,0,65,66,162,150,42,284.53,52,8,11,-1001,evil_twin,evil_twin
1683978876,-1,-100,-100,-100,0,0,-126,0,0,0,65,66,162,150,42,284.54,52,-7,9,-992,evil_twin,evil_twin
1683978876,-1,-100,-100,-100,0,0,-126,0,0,0,65,66,162,150,42,284.54,52,4,5,-989,evil_twin,evil_twin
1683978876,-1,-100,-100,-100,0,0,-126,0,0,0,65,66,161,150,42,284.56,52,-9,4,-992,evil_twin,evil_twin
1683978876,-1,-100,-100,-100,0,0,-126,0,0,0,65,66,162,150,42,284.49,52,-11,13,-997,evil_twin,evil_twin
1683978876,-1,-100,-100,-100,0,0,-125,0,0,0,65,66,162,150,42,284.51,52,3,11,-997,evil_twin,evil_twin
1683978876,-1,-100,-100,-100,0,0,-125,0,0,0,65,66,161,150,42,284.54,52,-3,12,-1006,evil_twin,evil_twin
1683978876,-1,-100,-100,-100,0,0,-125,0,0,0,65,66,162,150,42,284.51,52,-2,12,-1014,evil_twin,evil_twin
1683978876,-1,-100,-100,-100,0,0,-125,0,0,0,65,66,162,150,42,284.53,53,-2,5,-990,evil_twin,evil_twin
1683978876,-1,-100,-100,-100,0,0,-125,0,0,0,65,66,163,150,42,284.54,53,-4,10,-996,evil_twin,evil_twin
1683978876,-1,-100,-100,-100,0,0,-125,0,0,0,64,67,163,150,42,284.51,53,-11,16,-996,evil_twin,evil_twin
1683978877,-1,-100,-100,-100,0,0,-125,0,0,0,64,67,163,150,42,284.51,53,-11,16,-996,evil_twin,evil_twin
1683978877,-1,-100,-100,-100,0,0,-125,0,0,0,64,67,162,150,42,284.53,53,12,7,-1001,evil_twin,evil_twin
1683978877,-1,-100,-100,-100,0,0,-126,0,0,0,64,67,162,150,42,284.53,53,-7,16,-993,evil_twin,evil_twin
1683978877,-1,-100,-100,-100,0,0,-126,0,0,0,64,67,163,150,42,284.55,53,-20,18,-1010,evil_twin,evil_twin
1683978877,-1,-100,-100,-100,0,0,-125,0,0,0,64,67,162,150,42,284.57,53,-20,14,-998,evil_twin,evil_twin
1683978877,-1,-100,-100,-100,0,0,-125,0,0,0,64,67,163,150,42,284.57,53,-10,2,-988,evil_twin,evil_twin
1683978877,-1,-100,-100,-100,0,0,-125,0,0,0,64,67,164,150,42,284.61,53,-6,17,-1017,evil_twin,evil_twin
1683978877,-1,-100,-100,-100,0,0,-125,0,0,0,64,67,163,150,42,284.61,53,-24,12,-996,evil_twin,evil_twin
1683978877,-1,-100,-100,-100,0,0,-125,0,0,0,64,67,163,150,42,284.53,54,-16,6,-989,evil_twin,evil_twin
1683978877,-1,-100,-100,-100,0,0,-125,0,0,0,64,67,162,150,42,284.55,54,-7,2,-994,evil_twin,evil_twin
1683978878,-1,-100,-100,-100,0,0,-125,0,0,0,64,67,162,150,42,284.55,54,-7,2,-994,evil_twin,evil_twin
1683978878,-1,-100,-100,-100,0,0,-126,0,0,0,64,67,162,150,42,284.55,54,-14,-3,-1000,evil_twin,evil_twin
1683978878,-1,-100,-100,-100,0,0,-125,0,0,0,64,67,162,150,42,284.53,54,0,-5,-1000,evil_twin,evil_twin
1683978878,-1,-100,-100,-100,0,0,-125,0,0,0,64,67,162,150,42,284.52,54,-17,4,-995,evil_twin,evil_twin
1683978878,-1,-100,-100,-100,0,0,-126,0,0,0,64,67,162,150,42,284.57,54,-25,1,-1014,evil_twin,evil_twin
1683978878,-1,-100,-100,-100,0,0,-126,0,0,0,64,67,161,150,42,284.56,54,3,4,-1000,evil_twin,evil_twin
1683978878,-1,-100,-100,-100,0,0,-126,0,0,0,64,67,162,150,42,284.5,54,-2,0,-994,evil_twin,evil_twin
1683978878,-1,-100,-100,-100,0,0,-126,0,0,0,64,67,161,150,42,284.53,54,0,0,-995,evil_twin,evil_twin
1683978878,-1,-100,-100,-100,0,0,-126,0,0,0,64,67,161,150,42,284.54,54,-10,0,-1000,evil_twin,evil_twin
1683978878,-1,-100,-100,-100,0,0,-126,0,0,0,64,67,161,150,42,284.52,55,-26,3,-1002,evil_twin,evil_twin
1683978878,-1,-100,-100,-100,0,0,-126,0,0,0,64,67,160,150,42,284.46,55,-18,-9,-984,evil_twin,evil_twin
1683978879,-1,-100,-100,-100,0,0,-126,0,0,0,64,67,160,150,42,284.46,55,-18,-9,-984,evil_twin,evil_twin
1683978879,-1,-100,-100,-100,-1,0,-126,0,0,0,64,67,160,150,42,284.45,55,-14,-8,-1015,evil_twin,evil_twin
1683978879,-1,-100,-100,-100,-1,0,-126,0,0,0,64,67,161,150,42,284.48,55,-20,-5,-997,evil_twin,evil_twin
1683978879,-1,-100,-100,-100,-1,0,-126,0,0,0,64,67,160,150,42,284.47,55,-6,-5,-1009,evil_twin,evil_twin
1683978879,-1,-100,-100,-100,-1,0,-126,0,0,0,64,67,161,150,42,284.48,55,-19,-9,-1000,evil_twin,evil_twin
1683978879,-1,-100,-100,-100,0,0,-126,0,0,0,64,67,159,150,42,284.51,55,0,-8,-983,evil_twin,evil_twin
1683978879,-1,-100,-100,-100,0,0,-126,0,0,0,64,67,159,150,42,284.55,55,-7,-13,-1003,evil_twin,evil_twin
1683978879,-1,-100,-100,-100,0,0,-126,0,0,0,64,67,159,140,42,284.49,55,-12,-8,-1010,evil_twin,evil_twin
1683978879,-1,-100,-100,-100,0,0,-126,0,0,0,64,67,159,140,42,284.53,55,-14,-8,-1003,evil_twin,evil_twin
1683978879,-1,-100,-100,-100,0,0,-126,0,0,0,64,67,159,140,42,284.46,56,-17,-10,-1009,evil_twin,evil_twin
1683978879,-1,-100,-100,-100,0,0,-126,0,0,0,64,67,159,140,42,284.49,56,2,0,-1006,evil_twin,evil_twin
1683978880,-1,-100,-100,-100,0,0,-126,0,0,0,64,67,159,140,42,284.49,56,2,0,-1006,evil_twin,evil_twin
1683978880,-1,-100,-100,-100,0,0,-126,0,0,0,64,67,159,140,42,284.54,56,-11,-12,-1008,evil_twin,evil_twin
1683978880,-1,-100,-100,-100,0,0,-126,0,0,0,64,67,159,140,42,284.55,56,-10,-15,-1032,evil_twin,evil_twin
1683978880,-1,-100,-100,-100,0,5,-126,0,0,0,64,67,161,140,42,284.5,56,-5,7,-977,evil_twin,evil_twin
1683978880,-1,-100,-100,-100,0,8,-126,-1,0,0,64,67,159,140,42,284.6,56,-17,-9,-1014,evil_twin,evil_twin
1683978880,-1,-100,-100,-100,0,5,-126,-2,1,0,64,67,160,140,42,284.59,56,-1,-21,-1014,evil_twin,evil_twin
1683978880,-1,-100,-100,-100,0,3,-126,-2,1,0,64,67,160,140,42,284.55,56,-8,-19,-993,evil_twin,evil_twin
1683978880,-1,-100,-100,-100,0,0,-126,-2,1,0,64,67,159,140,42,284.52,56,-6,-27,-1005,evil_twin,evil_twin
1683978880,-1,-100,-100,-100,0,0,-126,-2,1,0,64,67,159,140,42,284.54,56,-16,-32,-995,evil_twin,evil_twin
1683978880,-1,-100,-100,-100,0,0,-126,-2,1,0,64,67,160,140,42,284.58,57,-5,-23,-1008,evil_twin,evil_twin
1683978880,-1,-100,-100,-100,0,0,-126,-1,1,0,64,67,160,140,42,284.58,57,1,-25,-999,evil_twin,evil_twin
1683978881,-1,-100,-100,-100,0,0,-126,-1,1,0,64,67,160,140,42,284.58,57,1,-25,-999,evil_twin,evil_twin
1683978881,-1,-100,-100,-100,0,0,-126,-1,1,0,64,66,161,140,42,284.55,57,-6,-18,-991,evil_twin,evil_twin
1683978881,-1,-100,-100,-100,0,1,-126,-1,1,0,64,66,160,150,42,284.57,57,0,-23,-998,evil_twin,evil_twin
1683978881,-1,-100,-100,-100,0,1,-126,-1,1,0,64,66,160,150,42,284.55,57,8,-20,-1007,evil_twin,evil_twin
1683978881,-1,-100,-100,-100,0,0,-126,-1,1,0,64,66,161,150,42,284.52,57,2,-28,-1001,evil_twin,evil_twin
1683978881,-1,-100,-100,-100,0,0,-126,-1,1,0,64,66,161,150,42,284.52,57,15,-15,-1006,evil_twin,evil_twin
1683978881,-1,-100,-100,-100,1,0,-125,-1,1,0,64,66,162,150,42,284.52,57,16,-19,-984,evil_twin,evil_twin
1683978881,-1,-100,-100,-100,3,0,-125,-1,1,0,64,66,162,150,42,284.51,57,-8,-27,-981,evil_twin,evil_twin
1683978881,-1,-100,-100,-100,2,0,-125,-2,0,0,64,66,162,150,42,284.55,57,12,-27,-979,evil_twin,evil_twin
1683978881,-1,-100,-100,-100,1,0,-125,-2,0,0,64,66,162,150,42,284.56,58,14,-30,-975,evil_twin,evil_twin
1683978881,-1,-100,-100,-100,-2,-4,-125,-1,0,0,64,66,162,150,42,284.54,58,13,-29,-1013,evil_twin,evil_twin
1683978882,-1,-100,-100,-100,-2,-4,-125,-1,0,0,64,66,162,150,42,284.54,58,13,-29,-1013,evil_twin,evil_twin
1683978882,-1,-100,-100,-100,-1,-2,-125,0,0,0,63,67,162,150,42,284.53,58,10,-14,-994,evil_twin,evil_twin
1683978882,-1,-100,-100,-100,0,0,-125,0,0,0,63,67,162,150,42,284.53,58,-7,-8,-1013,evil_twin,evil_twin
1683978882,-1,-100,-100,-100,0,0,-126,0,0,0,63,67,162,150,42,284.6,58,0,-8,-996,evil_twin,evil_twin
1683978882,-1,-100,-100,-100,0,0,-126,0,0,0,63,67,162,150,42,284.52,58,0,-11,-1005,evil_twin,evil_twin
1683978882,-1,-100,-100,-100,0,0,-126,0,0,0,63,67,162,150,42,284.56,58,2,-11,-999,evil_twin,evil_twin
1683978882,-1,-100,-100,-100,0,0,-126,0,0,0,63,67,162,150,42,284.56,58,0,-11,-999,evil_twin,evil_twin
1683978882,-1,-100,-100,-100,0,0,-126,0,0,0,63,67,163,150,42,284.54,58,4,-9,-1002,evil_twin,evil_twin
1683978882,-1,-100,-100,-100,0,0,-126,0,0,0,63,67,163,150,42,284.58,58,1,-3,-1007,evil_twin,evil_twin
1683978882,-1,-100,-100,-100,0,0,-126,0,0,0,63,67,163,150,42,284.61,59,-10,-1,-989,evil_twin,evil_twin
1683978882,-1,-100,-100,-100,0,0,-126,0,0,0,63,67,162,150,42,284.58,59,-1,-7,-997,evil_twin,evil_twin
1683978883,-1,-100,-100,-100,0,0,-126,0,0,0,63,67,162,150,42,284.58,59,-1,-7,-997,evil_twin,evil_twin
1683978883,-1,-100,-100,-100,0,0,-126,0,0,0,65,66,162,150,42,284.58,59,0,-8,-981,evil_twin,evil_twin
1683978883,-1,-100,-100,-100,0,0,-126,0,0,0,65,66,162,150,42,284.51,59,11,-9,-997,evil_twin,evil_twin
1683978883,-1,-100,-100,-100,0,0,-126,0,0,0,65,66,162,150,42,284.62,59,8,-8,-998,evil_twin,evil_twin
1683978883,-1,-100,-100,-100,0,0,-126,0,0,0,65,66,162,150,42,284.61,59,-3,-10,-1006,evil_twin,evil_twin
1683978883,-1,-100,-100,-100,0,1,-126,0,0,0,65,66,161,150,42,284.58,59,0,-4,-1002,evil_twin,evil_twin
1683978883,-1,-100,-100,-100,0,1,-126,0,0,0,65,66,160,150,42,284.61,59,4,0,-1003,evil_twin,evil_twin
1683978883,-1,-100,-100,-100,0,0,-126,0,0,0,65,66,160,150,42,284.56,59,-2,-8,-1015,evil_twin,evil_twin
1683978883,-1,-100,-100,-100,0,0,-126,0,0,0,65,66,161,150,42,284.53,59,0,-7,-999,evil_twin,evil_twin
1683978883,-1,-100,-100,-100,0,0,-126,0,0,0,65,66,159,150,42,284.48,60,19,-11,-992,evil_twin,evil_twin
1683978883,-1,-100,-100,-100,0,0,-126,0,0,0,65,66,159,150,42,284.51,60,-7,-9,-1009,evil_twin,evil_twin
1683978884,-1,-100,-100,-100,0,0,-126,0,0,0,65,66,159,150,42,284.51,60,-7,-9,-1009,evil_twin,evil_twin
1683978884,-1,-100,-100,-100,0,0,-126,0,0,0,63,66,159,140,41,284.48,60,8,-10,-1011,evil_twin,evil_twin
1683978884,-1,-100,-100,-100,0,0,-126,0,0,0,63,66,159,140,41,284.5,60,24,-9,-1010,evil_twin,evil_twin
1683978884,-1,-100,-100,-100,0,0,-126,0,0,0,63,66,158,140,41,284.58,60,-4,-10,-1000,evil_twin,evil_twin
1683978884,-1,-100,-100,-100,0,0,-126,0,0,0,63,66,159,140,41,284.52,60,4,-13,-1003,evil_twin,evil_twin
1683978884,-1,-100,-100,-100,0,0,-126,0,0,0,63,66,159,140,41,284.58,60,6,-2,-996,evil_twin,evil_twin
1683978884,-1,-100,-100,-100,0,0,-126,0,0,0,63,66,159,140,41,284.56,60,10,-7,-1001,evil_twin,evil_twin
1683978884,-1,-100,-100,-100,0,0,-126,0,0,0,63,66,159,140,41,284.53,60,8,-4,-1008,evil_twin,evil_twin
1683978884,-1,-100,-100,-100,0,0,-126,0,0,0,63,66,158,140,41,284.44,61,24,-2,-1005,evil_twin,evil_twin
1683978884,-1,-100,-100,-100,0,0,-126,0,0,0,63,66,159,140,41,284.52,61,4,-8,-1002,evil_twin,evil_twin
1683978884,-1,-100,-100,-100,0,0,-126,0,0,0,63,66,158,140,41,284.49,61,29,-5,-1003,evil_twin,evil_twin
1683978885,-1,-100,-100,-100,0,0,-126,0,0,0,63,66,158,140,41,284.49,61,29,-5,-1003,evil_twin,evil_twin
1683978885,-1,-100,-100,-100,0,0,-126,0,0,0,63,66,158,140,41,284.5,61,17,-8,-1003,evil_twin,evil_twin
1683978885,-1,-100,-100,-100,0,0,-126,0,0,0,63,66,158,140,41,284.53,61,29,-2,-996,evil_twin,evil_twin
1683978885,-1,-100,-100,-100,0,0,-125,0,0,0,63,66,159,140,41,284.52,61,8,0,-1006,evil_twin,evil_twin
1683978885,-1,-100,-100,-100,0,0,-125,0,0,0,63,66,158,140,41,284.62,61,31,-5,-1004,evil_twin,evil_twin
1683978885,-1,-100,-100,-100,0,0,-125,0,0,0,63,66,158,140,41,284.55,61,15,-2,-1004,evil_twin,evil_twin
1683978885,-1,-100,-100,-100,0,0,-125,0,0,0,63,66,158,140,41,284.49,61,20,-19,-1007,evil_twin,evil_twin
1683978885,-1,-100,-100,-100,0,0,-125,0,0,0,63,66,159,140,41,284.55,61,6,-1,-983,evil_twin,evil_twin
1683978885,-1,-100,-100,-100,0,0,-125,0,0,0,63,66,157,140,41,284.52,62,15,-9,-1024,evil_twin,evil_twin
1683978885,-1,-100,-100,-100,0,0,-125,0,0,0,63,66,158,140,41,284.49,62,36,-8,-1008,evil_twin,evil_twin
1683978885,-1,-100,-100,-100,0,0,-125,0,0,0,63,66,158,140,41,284.46,62,-1,-7,-1017,evil_twin,evil_twin
1683978886,-1,-100,-100,-100,0,0,-125,0,0,0,63,66,158,140,41,284.46,62,-1,-7,-1017,evil_twin,evil_twin
1683978886,-1,-100,-100,-100,0,0,-125,0,0,0,64,67,157,140,41,284.5,62,2,-17,-997,evil_twin,evil_twin
1683978886,-1,-100,-100,-100,0,0,-126,0,0,0,64,67,157,140,41,284.52,62,2,-13,-1001,evil_twin,evil_twin
1683978886,-1,-100,-100,-100,0,0,-126,0,0,0,64,67,157,140,41,284.53,62,7,-9,-1008,evil_twin,evil_twin
1683978886,-1,-100,-100,-100,0,0,-126,0,0,0,64,67,157,140,41,284.49,62,2,-8,-993,evil_twin,evil_twin
1683978886,-1,-100,-100,-100,0,0,-126,0,0,0,64,67,157,140,41,284.47,62,-3,-16,-1007,evil_twin,evil_twin
1683978886,-1,-100,-100,-100,0,0,-126,0,0,0,64,67,157,140,41,284.49,62,12,-13,-1015,evil_twin,evil_twin
1683978886,-1,-100,-100,-100,0,0,-126,0,0,0,64,67,157,140,41,284.48,62,13,-18,-995,evil_twin,evil_twin
1683978886,-1,-100,-100,-100,0,0,-126,0,0,0,64,67,157,140,41,284.49,63,17,-15,-987,evil_twin,evil_twin
1683978886,-1,-100,-100,-100,0,0,-126,0,0,0,64,67,157,140,41,284.5,63,8,-12,-995,evil_twin,evil_twin
1683978886,-1,-100,-100,-100,0,0,-126,0,0,0,64,67,158,140,41,284.49,63,11,-18,-991,evil_twin,evil_twin
1683978887,-1,-100,-100,-100,0,0,-126,0,0,0,64,67,158,140,41,284.49,63,11,-18,-991,evil_twin,evil_twin
1683978887,-1,-100,-100,-100,0,0,-126,0,0,0,64,66,158,140,41,284.51,63,2,-8,-1018,evil_twin,evil_twin
1683978887,-1,-100,-100,-100,0,0,-126,0,0,0,64,66,157,140,41,284.48,63,10,-13,-997,evil_twin,evil_twin
1683978887,-1,-100,-100,-100,0,0,-126,0,0,0,64,66,157,140,41,284.51,63,-4,-10,-987,evil_twin,evil_twin
1683978887,-1,-100,-100,-100,0,0,-126,0,0,0,64,66,158,140,41,284.47,63,14,-17,-995,evil_twin,evil_twin
1683978887,-1,-100,-100,-100,0,0,-126,0,0,0,64,66,158,140,41,284.52,63,0,-8,-995,evil_twin,evil_twin
1683978887,-1,-100,-100,-100,0,0,-126,0,0,0,64,66,157,140,41,284.48,63,20,-17,-1000,evil_twin,evil_twin
1683978887,-1,-100,-100,-100,0,0,-126,0,0,0,64,66,158,140,41,284.49,63,3,-11,-989,evil_twin,evil_twin
1683978887,-1,-100,-100,-100,0,0,-126,0,0,0,64,66,157,140,41,284.52,64,13,-16,-1011,evil_twin,evil_twin
1683978887,-1,-100,-100,-100,0,0,-126,0,0,0,64,66,157,140,41,284.49,64,8,-16,-1002,evil_twin,evil_twin
1683978887,-1,-100,-100,-100,0,0,-126,0,0,0,64,66,157,140,41,284.52,64,19,-8,-1013,evil_twin,evil_twin
1683978888,-1,-100,-100,-100,0,0,-126,0,0,0,64,66,157,140,41,284.52,64,19,-8,-1013,evil_twin,evil_twin
1683978888,-1,-100,-100,-100,0,0,-126,0,0,0,63,67,156,140,41,284.54,64,-7,-12,-994,evil_twin,evil_twin
1683978888,-1,-100,-100,-100,0,0,-126,0,0,0,63,67,156,140,41,284.5,64,12,-16,-1009,evil_twin,evil_twin
1683978888,-1,-100,-100,-100,0,0,-126,0,0,0,63,67,157,140,41,284.51,64,4,-24,-1008,evil_twin,evil_twin
1683978888,-1,-100,-100,-100,0,0,-126,0,0,0,63,67,156,140,41,284.53,64,-16,-13,-1008,evil_twin,evil_twin
1683978888,-1,-100,-100,-100,0,1,-126,0,0,0,63,67,157,140,41,284.55,64,23,-12,-1007,evil_twin,evil_twin
1683978888,-1,-100,-100,-100,0,1,-126,0,0,0,63,67,156,140,41,284.48,64,21,-10,-994,evil_twin,evil_twin
1683978888,-1,-100,-100,-100,0,0,-126,0,0,0,63,67,157,140,41,284.53,64,21,-3,-1008,evil_twin,evil_twin
1683978888,-1,-100,-100,-100,0,0,-126,0,0,0,63,67,158,140,41,284.48,65,17,-10,-1002,evil_twin,evil_twin
1683978888,-1,-100,-100,-100,0,0,-126,0,0,0,63,67,158,140,41,284.53,65,17,-19,-994,evil_twin,evil_twin
1683978889,-1,-100,-100,-100,0,0,-126,0,0,0,63,67,159,140,41,284.54,65,9,-6,-990,evil_twin,evil_twin
1683978889,-1,-100,-100,-100,0,0,-126,0,0,0,63,67,158,140,40,284.5,65,11,-4,-1001,evil_twin,evil_twin
1683978889,-1,-100,-100,-100,0,0,-126,0,0,0,63,67,159,140,40,284.55,65,2,-12,-995,evil_twin,evil_twin
1683978889,-1,-100,-100,-100,0,0,-126,0,0,0,63,67,159,140,40,284.48,65,3,-13,-1004,evil_twin,evil_twin
1683978889,-1,-100,-100,-100,0,0,-126,0,0,0,63,67,160,140,40,284.54,65,11,-11,-993,evil_twin,evil_twin
1683978889,-1,-100,-100,-100,0,0,-126,0,0,0,63,67,160,140,40,284.54,65,2,-8,-996,evil_twin,evil_twin
1683978889,-1,-100,-100,-100,0,0,-126,0,0,0,63,67,159,150,40,284.48,65,9,-12,-996,evil_twin,evil_twin
1683978889,-1,-100,-100,-100,0,0,-126,0,0,0,63,67,161,150,40,284.59,65,11,-2,-1000,evil_twin,evil_twin
1683978889,-1,-100,-100,-100,0,0,-126,0,0,0,63,67,161,150,40,284.55,66,3,-5,-993,evil_twin,evil_twin
1683978889,-1,-100,-100,-100,0,0,-126,0,0,0,63,67,160,150,40,284.5,66,-4,-7,-994,evil_twin,evil_twin
1683978890,-1,-100,-100,-100,0,0,-126,0,0,0,63,67,160,150,40,284.5,66,-4,-7,-994,evil_twin,evil_twin
1683978890,-1,-100,-100,-100,0,0,-126,0,0,0,63,67,161,150,40,284.56,66,1,-6,-1004,evil_twin,evil_twin
1683978890,-1,-100,-100,-100,0,0,-126,0,0,0,64,66,161,150,40,284.59,66,-2,-3,-993,evil_twin,evil_twin
1683978890,-1,-100,-100,-100,0,-2,-126,0,0,0,64,66,161,150,40,284.59,66,26,7,-990,evil_twin,evil_twin
1683978890,-1,-100,-100,-100,0,-7,-126,0,0,0,64,66,164,150,40,284.53,66,4,-16,-1029,evil_twin,evil_twin
1683978890,-1,-100,-100,-100,0,-5,-126,1,-1,0,64,66,163,150,40,284.62,66,11,6,-1010,evil_twin,evil_twin
1683978890,-1,-100,-100,-100,0,-3,-126,2,-1,0,64,66,162,150,40,284.57,66,6,4,-993,evil_twin,evil_twin
1683978890,-1,-100,-100,-100,0,-1,-126,2,-1,0,64,66,161,150,40,284.54,66,8,8,-988,evil_twin,evil_twin
1683978890,-1,-100,-100,-100,0,0,-126,2,-1,0,64,66,161,150,40,284.54,66,0,8,-991,evil_twin,evil_twin
1683978890,-1,-100,-100,-100,0,0,-126,2,-1,0,64,66,161,150,40,284.58,67,-3,17,-994,evil_twin,evil_twin
1683978890,-1,-100,-100,-100,0,0,-126,2,-1,0,64,66,160,150,40,284.52,67,0,7,-989,evil_twin,evil_twin
1683978891,-1,-100,-100,-100,0,0,-126,2,-1,0,64,66,160,150,40,284.52,67,0,7,-989,evil_twin,evil_twin
1683978891,-1,-100,-100,-100,0,0,-126,2,-1,0,64,66,160,150,40,284.5,67,-3,2,-1010,evil_twin,evil_twin
1683978891,-1,-100,-100,-100,0,0,-126,2,-1,0,64,66,160,150,40,284.59,67,15,-2,-994,evil_twin,evil_twin
1683978891,-1,-100,-100,-100,0,0,-126,2,-1,0,64,66,160,150,40,284.54,67,-9,5,-995,evil_twin,evil_twin
1683978891,-1,-100,-100,-100,0,0,-126,2,-1,0,64,66,159,140,40,284.61,67,0,4,-1006,evil_twin,evil_twin
1683978891,-1,-100,-100,-100,1,0,-126,2,-1,0,64,66,160,140,40,284.55,67,-3,7,-1009,evil_twin,evil_twin
1683978891,-1,-100,-100,-100,1,0,-126,2,-1,0,64,66,159,140,40,284.61,67,0,0,-1006,evil_twin,evil_twin
1683978891,-1,-100,-100,-100,1,0,-126,1,-1,0,64,66,159,140,40,284.58,67,-3,7,-1002,evil_twin,evil_twin
1683978891,-1,-100,-100,-100,2,3,-126,1,-2,0,64,66,160,140,40,284.59,67,-9,8,-1032,evil_twin,evil_twin
1683978891,-1,-100,-100,-100,-2,5,-126,0,-1,0,64,66,160,140,40,284.58,68,-2,8,-963,evil_twin,evil_twin
1683978891,-1,-100,-100,-100,-1,2,-126,0,0,0,64,66,160,140,40,284.52,68,10,1,-1027,evil_twin,evil_twin
1683978891,-1,-100,-100,-100,0,1,-126,0,0,0,64,66,160,140,40,284.52,68,-2,1,-995,evil_twin,evil_twin
1683978892,-1,-100,-100,-100,0,1,-126,0,0,0,64,66,160,140,40,284.52,68,-2,1,-995,evil_twin,evil_twin
1683978892,-1,-100,-100,-100,-2,0,-126,0,0,0,64,67,160,140,40,284.56,68,-7,1,-1030,evil_twin,evil_twin
1683978892,-1,-100,-100,-100,-7,0,-126,0,0,0,64,67,161,140,40,284.58,68,-12,-10,-979,evil_twin,evil_twin
1683978892,-1,-100,-100,-100,-7,0,-126,1,1,0,64,67,161,140,40,284.52,68,-30,-10,-995,evil_twin,evil_twin
1683978892,-1,-100,-100,-100,-4,0,-126,1,2,0,64,67,161,140,40,284.48,68,-33,0,-1007,evil_twin,evil_twin
1683978892,-1,-100,-100,-100,-2,0,-126,1,2,0,64,67,161,150,40,284.52,68,-20,0,-997,evil_twin,evil_twin
1683978892,-1,-100,-100,-100,0,0,-126,1,2,0,64,67,161,150,40,284.57,68,-28,0,-993,evil_twin,evil_twin
1683978892,-1,-100,-100,-100,0,0,-126,1,2,0,64,67,161,150,40,284.49,68,-32,-4,-995,evil_twin,evil_twin
1683978892,-1,-100,-100,-100,0,0,-126,1,2,0,64,67,161,150,40,284.52,69,-23,-3,-999,evil_twin,evil_twin
1683978892,-1,-100,-100,-100,0,0,-126,1,2,0,64,67,162,150,40,284.51,69,-31,-3,-986,evil_twin,evil_twin
1683978893,-1,-100,-100,-100,0,0,-126,1,2,0,64,67,162,150,40,284.51,69,-31,-3,-986,evil_twin,evil_twin
1683978893,-1,-100,-100,-100,-1,0,-126,1,1,0,64,67,162,150,40,284.57,69,-15,0,-993,evil_twin,evil_twin
1683978893,-1,-100,-100,-100,-1,0,-126,1,2,0,64,66,161,150,40,284.53,69,-22,-1,-992,evil_twin,evil_twin
1683978893,-1,-100,-100,-100,0,0,-126,1,2,0,64,66,162,150,40,284.45,69,-16,-5,-992,evil_twin,evil_twin
1683978893,-1,-100,-100,-100,0,0,-126,1,2,0,64,66,161,150,40,284.55,69,-31,-7,-991,evil_twin,evil_twin
1683978893,-1,-100,-100,-100,0,0,-125,1,2,0,64,66,161,150,40,284.56,69,-21,-15,-997,evil_twin,evil_twin
1683978893,-1,-100,-100,-100,0,0,-125,1,1,0,64,66,161,150,40,284.56,69,-27,-8,-993,evil_twin,evil_twin
1683978893,-1,-100,-100,-100,0,0,-125,1,2,0,64,66,160,150,40,284.57,69,-25,-9,-1005,evil_twin,evil_twin
1683978893,-1,-100,-100,-100,1,3,-125,1,2,0,64,66,160,150,40,284.61,69,-13,-4,-1003,evil_twin,evil_twin
1683978893,-1,-100,-100,-100,5,0,-126,0,1,0,64,66,161,150,40,284.57,70,-17,-8,-992,evil_twin,evil_twin
1683978893,-1,-100,-100,-100,2,0,-126,0,0,0,64,66,161,150,40,284.61,70,-23,2,-979,evil_twin,evil_twin
1683978894,-1,-100,-100,-100,2,0,-126,0,0,0,64,66,161,150,40,284.61,70,-23,2,-979,evil_twin,evil_twin
1683978894,-1,-100,-100,-100,1,0,-126,0,0,0,64,66,160,150,40,284.51,70,-21,-27,-1032,evil_twin,evil_twin
1683978894,-1,-100,-100,-100,5,0,-126,0,0,0,64,66,161,150,40,284.54,70,-20,0,-1021,evil_twin,evil_twin
1683978894,-1,-100,-100,-100,8,0,-126,0,0,0,64,66,161,150,40,284.57,70,7,-2,-1005,evil_twin,evil_twin
1683978894,-1,-100,-100,-100,6,0,-126,-1,-1,0,64,66,161,150,40,284.58,70,13,-5,-1019,evil_twin,evil_twin
1683978894,-1,-100,-100,-100,3,0,-126,-1,-2,0,64,66,161,150,40,284.52,70,1,-19,-1006,evil_twin,evil_twin
1683978894,-1,-100,-100,-100,1,0,-126,-2,-2,0,64,66,159,150,40,284.53,70,18,-8,-980,evil_twin,evil_twin
1683978894,-1,-100,-100,-100,0,0,-126,-1,-2,0,64,66,160,150,40,284.52,70,6,-2,-994,evil_twin,evil_twin
1683978894,-1,-100,-100,-100,0,0,-126,-1,-2,0,64,66,160,150,40,284.53,70,19,-5,-1005,evil_twin,evil_twin
1683978894,-1,-100,-100,-100,0,0,-126,-1,-2,0,64,66,160,150,40,284.52,71,20,-6,-1006,evil_twin,evil_twin
1683978894,-1,-100,-100,-100,0,0,-126,-1,-2,0,64,66,160,150,40,284.57,71,3,-12,-999,evil_twin,evil_twin
1683978895,-1,-100,-100,-100,0,0,-126,-1,-2,0,64,66,160,150,40,284.57,71,3,-12,-999,evil_twin,evil_twin
1683978895,-1,-100,-100,-100,0,0,-126,-1,-2,0,64,66,159,140,40,284.55,71,5,11,-999,evil_twin,evil_twin
1683978895,-1,-100,-100,-100,0,0,-126,-1,-2,0,64,67,158,140,40,284.49,71,-10,0,-1001,evil_twin,evil_twin
1683978895,-1,-100,-100,-100,0,0,-126,-1,-2,0,64,67,159,140,40,284.55,71,3,4,-999,evil_twin,evil_twin
1683978895,-1,-100,-100,-100,0,0,-126,-1,-2,0,64,67,159,140,40,284.56,71,9,10,-1010,evil_twin,evil_twin
1683978895,-1,-100,-100,-100,0,0,-126,-1,-2,0,64,67,159,140,40,284.44,71,8,14,-998,evil_twin,evil_twin
1683978895,-1,-100,-100,-100,0,-1,-126,-1,-2,0,64,67,160,140,40,284.59,71,-8,7,-991,evil_twin,evil_twin
1683978895,-1,-100,-100,-100,-1,-3,-126,-1,-2,0,64,67,160,140,40,284.62,71,-1,12,-1050,evil_twin,evil_twin
1683978895,-1,-100,-100,-100,-4,0,-126,0,-2,0,64,67,160,140,40,284.53,71,2,35,-964,evil_twin,evil_twin
1683978895,-1,-100,-100,-100,-4,1,-126,0,0,0,64,67,160,140,40,284.53,72,-2,14,-1017,evil_twin,evil_twin
1683978895,-1,-100,-100,-100,-2,0,-126,0,0,0,64,67,160,140,40,284.52,72,-29,12,-1011,evil_twin,evil_twin
1683978896,-1,-100,-100,-100,-2,0,-126,0,0,0,64,67,160,140,40,284.52,72,-29,12,-1011,evil_twin,evil_twin
1683978896,-1,-100,-100,-100,-1,0,-126,0,0,0,64,67,160,140,40,284.59,72,-5,11,-1003,evil_twin,evil_twin
1683978896,-1,-100,-100,-100,-1,0,-131,0,0,0,64,66,160,140,40,284.52,72,-38,13,-1007,evil_twin,evil_twin
1683978896,-1,-100,-100,-100,0,0,-137,0,0,0,64,66,161,150,40,284.47,72,-21,20,-990,evil_twin,evil_twin
1683978896,-1,-100,-100,-100,0,0,-161,0,0,0,64,66,161,150,40,284.59,72,-22,0,-1003,evil_twin,evil_twin
1683978896,-1,-100,-100,-100,0,0,-167,0,0,0,64,66,162,150,40,284.58,72,-14,-11,-996,evil_twin,evil_twin
1683978897,-1,-100,-100,-100,0,0,162,0,0,0,64,67,163,150,40,284.57,73,-10,-19,-1005,evil_twin,evil_twin
1683978897,-1,-100,-100,-100,0,0,154,0,0,0,64,67,162,150,40,284.56,73,0,-7,-1005,evil_twin,evil_twin
1683978897,-1,-100,-100,-100,0,0,151,0,0,0,64,67,163,150,40,284.56,73,3,-10,-1004,evil_twin,evil_twin
1683978897,-1,-100,-100,-100,0,1,149,0,0,0,64,67,163,150,40,284.54,73,-12,-12,-996,evil_twin,evil_twin
1683978898,-1,-100,-100,-100,0,0,139,2,2,0,63,66,161,140,40,284.53,74,20,-21,-999,evil_twin,evil_twin
1683978898,-1,-100,-100,-100,1,0,139,1,1,0,63,66,162,150,40,284.55,75,38,-12,-1024,evil_twin,evil_twin
1683978900,-1,-100,-100,-100,0,0,139,-1,-2,0,64,66,159,140,39,284.57,77,17,8,-1019,evil_twin,evil_twin
1683978900,-1,-100,-100,-100,0,0,139,-1,-2,0,64,66,159,140,39,284.55,77,9,3,-1007,evil_twin,evil_twin
1683978901,-1,-100,-100,-100,0,0,139,-1,-2,0,64,66,159,140,39,284.55,77,9,3,-1007,evil_twin,evil_twin
1683978902,-1,-100,-100,-100,-1,1,139,2,-2,0,63,66,160,140,39,284.5,78,-26,-18,-1003,evil_twin,evil_twin
1683978902,-1,-100,-100,-100,0,1,139,2,-1,0,63,66,159,140,39,284.55,78,-22,-27,-1019,evil_twin,evil_twin
1683978903,-1,-100,-100,-100,-1,1,139,1,-1,0,63,66,162,150,38,284.53,79,-28,-20,-1004,evil_twin,evil_twin
1683978903,-1,-100,-100,-100,-1,0,139,1,-1,0,64,67,162,150,38,284.51,79,-37,-8,-1003,evil_twin,evil_twin
1683978903,-1,-100,-100,-100,-1,0,139,1,-1,0,64,67,160,150,38,284.5,79,-24,-11,-1014,evil_twin,evil_twin
1683978903,-1,-100,-100,-100,2,2,139,1,0,0,64,67,161,150,38,284.44,79,-34,2,-959,evil_twin,evil_twin
1683978904,-1,-100,-100,-100,0,0,139,0,0,0,64,67,158,140,38,284.54,80,-8,-11,-985,evil_twin,evil_twin
1683978904,-1,-100,-100,-100,0,0,139,0,0,0,63,66,158,140,38,284.51,80,-20,4,-1008,evil_twin,evil_twin
1683978904,-1,-100,-100,-100,0,0,139,0,0,0,63,66,158,140,38,284.56,80,-14,-8,-998,evil_twin,evil_twin
1683978904,-1,-100,-100,-100,0,0,139,0,0,0,63,66,158,140,38,284.54,80,-18,-5,-1013,evil_twin,evil_twin
1683978904,-1,-100,-100,-100,-1,0,139,0,0,0,63,66,158,140,38,284.59,81,-20,0,-1008,evil_twin,evil_twin
1683978905,-1,-100,-100,-100,-1,0,139,0,0,0,63,66,158,140,38,284.55,81,-18,-1,-1011,evil_twin,evil_twin
1683978905,-1,-100,-100,-100,-1,0,139,0,0,0,64,66,158,140,38,284.52,81,-6,-8,-1005,evil_twin,evil_twin
1683978905,-1,-100,-100,-100,0,0,139,0,0,0,64,66,157,140,38,284.49,81,-14,-5,-996,evil_twin,evil_twin
1683978905,-1,-100,-100,-100,-1,0,139,0,0,0,64,66,158,140,38,284.51,81,-9,-7,-1003,evil_twin,evil_twin
1683978905,-1,-100,-100,-100,-1,0,139,0,0,0,64,66,159,140,38,284.56,81,-8,-3,-1014,evil_twin,evil_twin
1683978906,-1,-100,-100,-100,-1,0,139,0,0,0,64,66,164,150,38,284.51,83,-11,-8,-1008,evil_twin,evil_twin
1683978906,-1,-100,-100,-100,0,0,139,0,0,0,64,66,163,150,38,284.58,83,-17,-13,-978,evil_twin,evil_twin
1683978907,-1,-100,-100,-100,-1,0,139,0,0,0,64,66,164,150,38,284.62,83,-18,-3,-992,evil_twin,evil_twin
1683978907,-1,-100,-100,-100,-1,0,139,0,0,0,63,66,165,150,38,284.62,83,0,-11,-1001,evil_twin,evil_twin
1683978907,-1,-100,-100,-100,-1,0,139,0,0,0,63,66,163,150,38,284.6,83,-29,-7,-993,evil_twin,evil_twin
1683978907,-1,-100,-100,-100,-1,0,139,0,0,0,63,66,164,150,38,284.6,83,-16,-5,-1000,evil_twin,evil_twin
1683978907,-1,-100,-100,-100,-1,0,139,0,0,0,63,66,163,150,38,284.61,83,-12,0,-1004,evil_twin,evil_twin
1683978907,-1,-100,-100,-100,0,0,139,0,0,0,63,66,163,150,38,284.54,83,-35,-9,-976,evil_twin,evil_twin
1683978907,-1,-100,-100,-100,-1,0,139,0,0,0,63,66,164,150,38,284.54,83,-22,-6,-996,evil_twin,evil_twin
1683978907,-1,-100,-100,-100,-1,0,139,0,0,0,63,66,164,150,38,284.48,84,1,-3,-1008,evil_twin,evil_twin
1683978907,-1,-100,-100,-100,-1,0,139,0,0,0,63,66,163,150,38,284.52,84,-15,2,-997,evil_twin,evil_twin
1683978908,-1,-100,-100,-100,-1,0,139,0,0,0,63,66,163,150,38,284.52,84,-15,2,-997,evil_twin,evil_twin
1683978908,-1,-100,-100,-100,0,0,139,0,0,0,63,66,163,150,38,284.55,84,-23,-1,-996,evil_twin,evil_twin
1683978908,-1,-100,-100,-100,-1,0,139,0,0,0,63,66,162,150,38,284.54,84,-19,-2,-996,evil_twin,evil_twin
1683978908,-1,-100,-100,-100,-1,0,139,0,0,0,64,66,162,150,38,284.51,84,-22,-3,-996,evil_twin,evil_twin
1683978908,-1,-100,-100,-100,-1,0,139,0,0,0,64,66,162,150,38,284.49,84,-36,2,-1007,evil_twin,evil_twin
1683978908,-1,-100,-100,-100,-1,0,139,0,0,0,64,66,162,150,38,284.45,84,-22,-1,-1007,evil_twin,evil_twin
1683978908,-1,-100,-100,-100,-1,0,139,0,0,0,64,66,163,150,38,284.42,84,-23,2,-1019,evil_twin,evil_twin
1683978908,-1,-100,-100,-100,-1,0,139,0,0,0,64,66,162,150,38,284.43,84,-19,-2,-1014,evil_twin,evil_twin
1683978908,-1,-100,-100,-100,-1,0,139,0,0,0,64,66,161,150,38,284.5,84,-30,-10,-999,evil_twin,evil_twin
1683978908,-1,-100,-100,-100,-1,0,139,0,0,0,64,66,161,150,38,284.58,85,-28,-8,-995,evil_twin,evil_twin
1683978908,-1,-100,-100,-100,0,0,139,0,0,0,64,66,161,150,38,284.54,85,-25,-9,-1005,evil_twin,evil_twin
1683978908,-1,-100,-100,-100,0,0,139,0,0,0,64,66,162,150,38,284.48,85,-5,-7,-1010,evil_twin,evil_twin
1683978909,-1,-100,-100,-100,0,0,139,0,0,0,64,66,162,150,38,284.48,85,-5,-7,-1010,evil_twin,evil_twin
1683978909,-1,-100,-100,-100,0,0,139,0,0,0,64,66,162,150,38,284.48,85,-9,-3,-1001,evil_twin,evil_twin
1683978909,-1,-100,-100,-100,0,0,139,0,0,0,63,66,161,150,38,284.46,85,-41,-2,-993,evil_twin,evil_twin
1683978909,-1,-100,-100,-100,0,0,139,0,0,0,63,66,161,150,38,284.4,85,-8,7,-993,evil_twin,evil_twin
1683978909,-1,-100,-100,-100,0,0,139,0,0,0,63,66,162,150,38,284.43,85,-9,8,-989,evil_twin,evil_twin
1683978909,-1,-100,-100,-100,0,0,139,0,0,0,63,66,161,150,38,284.41,85,-13,-7,-1000,evil_twin,evil_twin
1683978909,-1,-100,-100,-100,-1,0,139,0,0,0,63,66,161,150,38,284.49,85,-15,1,-1001,evil_twin,evil_twin
1683978909,-1,-100,-100,-100,0,0,139,0,0,0,63,66,161,150,38,284.5,85,-18,-3,-997,evil_twin,evil_twin
1683978909,-1,-100,-100,-100,0,0,139,0,0,0,63,66,161,150,38,284.44,86,-8,1,-1023,evil_twin,evil_twin
1683978909,-1,-100,-100,-100,0,0,139,0,0,0,63,66,160,150,38,284.45,86,-31,3,-994,evil_twin,evil_twin
1683978909,-1,-100,-100,-100,0,0,139,0,0,0,63,66,160,150,38,284.43,86,-17,-3,-1000,evil_twin,evil_twin
1683978910,-1,-100,-100,-100,0,0,139,0,0,0,63,66,160,150,38,284.43,86,-17,-3,-1000,evil_twin,evil_twin
1683978910,-1,-100,-100,-100,0,0,139,0,0,0,63,66,160,150,38,284.45,86,-14,-1,-999,evil_twin,evil_twin
1683978910,-1,-100,-100,-100,0,0,139,0,0,0,64,66,161,150,38,284.45,86,-14,-2,-1016,evil_twin,evil_twin
1683978910,-1,-100,-100,-100,0,0,139,0,0,0,64,66,161,150,38,284.41,86,-19,-5,-1010,evil_twin,evil_twin
1683978910,-1,-100,-100,-100,0,0,139,0,0,0,64,66,162,150,38,284.46,86,-15,-10,-998,evil_twin,evil_twin
1683978910,-1,-100,-100,-100,0,0,139,0,0,0,64,66,162,150,38,284.52,86,-9,0,-1001,evil_twin,evil_twin
1683978910,-1,-100,-100,-100,0,0,139,0,0,0,64,66,162,150,38,284.41,86,-16,-3,-987,evil_twin,evil_twin
1683978910,-1,-100,-100,-100,0,0,139,0,0,0,64,66,162,150,38,284.45,86,-11,-6,-1003,evil_twin,evil_twin
1683978910,-1,-100,-100,-100,0,0,139,0,0,0,64,66,162,150,38,284.48,87,-14,-5,-992,evil_twin,evil_twin
1683978910,-1,-100,-100,-100,0,0,139,0,0,0,64,66,162,150,38,284.47,87,-18,-7,-1005,evil_twin,evil_twin
1683978911,-1,-100,-100,-100,0,0,139,0,0,0,64,66,162,150,38,284.47,87,-18,-7,-1005,evil_twin,evil_twin
1683978911,-1,-100,-100,-100,0,0,139,0,0,0,64,66,161,150,37,284.54,87,-16,4,-1018,evil_twin,evil_twin
1683978911,-1,-100,-100,-100,0,0,139,0,0,0,64,66,162,150,37,284.49,87,-26,0,-1005,evil_twin,evil_twin
1683978911,-1,-100,-100,-100,-1,0,139,0,0,0,63,65,163,150,37,284.57,87,-9,-2,-1007,evil_twin,evil_twin
1683978911,-1,-100,-100,-100,0,0,139,0,0,0,63,65,162,150,37,284.51,87,-14,0,-1005,evil_twin,evil_twin
1683978911,-1,-100,-100,-100,0,0,139,0,0,0,63,65,162,150,37,284.58,87,-11,-2,-1025,evil_twin,evil_twin
1683978911,-1,-100,-100,-100,0,0,139,0,0,0,63,65,163,150,37,284.52,87,-15,4,-1008,evil_twin,evil_twin
1683978911,-1,-100,-100,-100,0,0,139,0,0,0,63,65,162,150,37,284.58,87,-10,-9,-994,evil_twin,evil_twin
1683978911,-1,-100,-100,-100,0,0,139,0,0,0,63,65,163,150,37,284.58,87,-15,2,-993,evil_twin,evil_twin
1683978911,-1,-100,-100,-100,0,0,139,0,0,0,63,65,162,150,37,284.47,88,-17,-2,-999,evil_twin,evil_twin
1683978911,-1,-100,-100,-100,2,0,139,0,0,0,63,65,162,150,37,284.49,88,-11,13,-1016,evil_twin,evil_twin
1683978911,-1,-100,-100,-100,7,0,139,0,0,0,63,65,164,150,37,284.58,88,-8,0,-1037,evil_twin,evil_twin
1683978912,-1,-100,-100,-100,7,0,139,0,0,0,63,65,164,150,37,284.58,88,-8,0,-1037,evil_twin,evil_twin
1683978912,-1,-100,-100,-100,5,0,139,-1,1,0,63,65,163,150,37,284.6,88,9,-11,-1014,evil_twin,evil_twin
1683978912,-1,-100,-100,-100,3,0,139,-2,1,0,64,66,162,150,37,284.56,88,-5,-2,-1019,evil_twin,evil_twin
1683978912,-1,-100,-100,-100,1,0,139,-2,2,0,64,66,162,150,37,284.62,88,7,-10,-988,evil_twin,evil_twin
1683978912,-1,-100,-100,-100,0,0,139,-2,2,0,64,66,163,150,37,284.54,88,5,-7,-987,evil_twin,evil_twin
1683978912,-1,-100,-100,-100,0,0,139,-2,1,0,64,66,162,150,37,284.57,88,10,2,-1006,evil_twin,evil_twin
1683978912,-1,-100,-100,-100,0,0,139,-2,1,0,64,66,162,150,37,284.59,88,23,-11,-991,evil_twin,evil_twin
1683978912,-1,-100,-100,-100,0,0,139,-2,1,0,64,66,161,150,37,284.54,88,10,-8,-991,evil_twin,evil_twin
1683978912,-1,-100,-100,-100,0,0,139,-2,1,0,64,66,161,150,37,284.62,89,17,-12,-1009,evil_twin,evil_twin
1683978912,-1,-100,-100,-100,0,0,139,-2,1,0,64,66,162,150,37,284.55,89,-12,1,-1012,evil_twin,evil_twin
1683978913,-1,-100,-100,-100,0,0,139,-2,1,0,64,66,162,150,37,284.55,89,-12,1,-1012,evil_twin,evil_twin
1683978913,-1,-100,-100,-100,0,0,139,-2,1,0,64,66,161,150,37,284.62,89,13,0,-994,evil_twin,evil_twin
1683978913,-1,-100,-100,-100,0,0,139,-2,1,0,64,66,161,150,37,284.55,89,0,-6,-1005,evil_twin,evil_twin
1683978913,-1,-100,-100,-100,0,0,139,-2,1,0,64,66,161,150,37,284.57,89,4,-7,-1010,evil_twin,evil_twin
1683978913,-1,-100,-100,-100,0,1,139,-2,1,0,64,66,161,150,37,284.54,89,-5,-19,-979,evil_twin,evil_twin
1683978913,-1,-100,-100,-100,0,1,139,-1,1,0,64,66,161,150,37,284.57,89,-1,-2,-1004,evil_twin,evil_twin
1683978913,-1,-100,-100,-100,-6,0,139,-1,1,0,64,66,162,150,37,284.54,89,22,-24,-1013,evil_twin,evil_twin
1683978913,-1,-100,-100,-100,-4,0,139,0,0,0,64,66,161,150,37,284.6,89,-12,-3,-1030,evil_twin,evil_twin
1683978913,-1,-100,-100,-100,-2,0,139,0,0,0,64,66,161,150,37,284.57,89,1,-11,-1002,evil_twin,evil_twin
1683978913,-1,-100,-100,-100,-1,0,139,0,0,0,64,66,161,150,37,284.5,90,-17,-15,-1003,evil_twin,evil_twin
1683978913,-1,-100,-100,-100,-1,0,139,0,0,0,64,66,160,150,37,284.58,90,-23,-8,-1014,evil_twin,evil_twin
1683978914,-1,-100,-100,-100,-1,0,139,0,0,0,64,66,160,150,37,284.58,90,-23,-8,-1014,evil_twin,evil_twin
1683978914,-1,-100,-100,-100,-1,0,139,0,0,0,64,66,161,150,37,284.51,90,-8,2,-996,evil_twin,evil_twin
1683978914,-1,-100,-100,-100,-1,0,139,0,0,0,64,66,161,150,37,284.52,90,-25,-10,-1018,evil_twin,evil_twin
1683978914,-1,-100,-100,-100,-1,0,139,0,0,0,63,66,161,150,37,284.63,90,-11,-17,-989,evil_twin,evil_twin
1683978914,-1,-100,-100,-100,-1,0,139,0,0,0,63,66,161,150,37,284.62,90,-23,-14,-987,evil_twin,evil_twin
1683978914,-1,-100,-100,-100,-1,0,139,0,0,0,63,66,162,150,37,284.52,90,-22,-1,-1012,evil_twin,evil_twin
1683978914,-1,-100,-100,-100,-1,0,139,0,0,0,63,66,161,150,37,284.54,90,-8,-9,-995,evil_twin,evil_twin
1683978914,-1,-100,-100,-100,0,0,139,0,0,0,63,66,161,150,37,284.47,90,-25,0,-997,evil_twin,evil_twin
1683978914,-1,-100,-100,-100,0,0,139,0,0,0,63,66,161,150,37,284.49,90,-21,-23,-987,evil_twin,evil_twin
1683978914,-1,-100,-100,-100,0,0,139,0,0,0,63,66,160,150,37,284.49,91,-20,-9,-999,evil_twin,evil_twin
1683978914,-1,-100,-100,-100,0,0,139,0,0,0,63,66,161,150,37,284.42,91,-34,-10,-989,evil_twin,evil_twin
1683978915,-1,-100,-100,-100,0,0,139,0,0,0,63,66,161,150,37,284.42,91,-34,-10,-989,evil_twin,evil_twin
1683978915,-1,-100,-100,-100,0,0,139,0,0,0,63,66,160,150,36,284.55,91,-28,-4,-992,evil_twin,evil_twin
1683978915,-1,-100,-100,-100,0,0,139,0,0,0,63,66,160,150,36,284.46,91,-21,-9,-980,evil_twin,evil_twin
1683978915,-1,-100,-100,-100,0,0,139,0,0,0,63,67,160,150,36,284.53,91,1,-11,-1003,evil_twin,evil_twin
1683978915,-1,-100,-100,-100,0,0,139,0,0,0,63,67,161,150,36,284.53,91,-23,-7,-1016,evil_twin,evil_twin
1683978915,-1,-100,-100,-100,0,0,139,0,0,0,63,67,160,150,36,284.44,91,-9,1,-1012,evil_twin,evil_twin
1683978915,-1,-100,-100,-100,-1,0,139,0,0,0,63,67,160,140,36,284.5,91,-20,-8,-996,evil_twin,evil_twin
1683978915,-1,-100,-100,-100,0,0,139,0,0,0,63,67,161,140,36,284.45,91,-24,-3,-987,evil_twin,evil_twin
1683978915,-1,-100,-100,-100,0,0,139,0,0,0,63,67,160,140,36,284.58,91,1,-11,-1013,evil_twin,evil_twin
1683978915,-1,-100,-100,-100,0,0,139,0,0,0,63,67,160,150,36,284.48,92,-18,-8,-979,evil_twin,evil_twin
1683978915,-1,-100,-100,-100,0,0,139,0,0,0,63,67,161,150,36,284.5,92,-17,-7,-1004,evil_twin,evil_twin
1683978916,-1,-100,-100,-100,0,0,139,0,0,0,63,67,161,150,36,284.5,92,-17,-7,-1004,evil_twin,evil_twin
1683978916,-1,-100,-100,-100,0,0,139,0,0,0,63,67,160,150,36,284.43,92,-14,-2,-1005,evil_twin,evil_twin
1683978916,-1,-100,-100,-100,0,0,139,0,0,0,63,67,160,150,36,284.48,92,-13,-13,-1000,evil_twin,evil_twin
1683978916,-1,-100,-100,-100,0,0,139,0,0,0,63,66,161,150,36,284.5,92,-13,-3,-1004,evil_twin,evil_twin
1683978916,-1,-100,-100,-100,0,0,139,0,0,0,63,66,161,150,36,284.55,92,-15,-10,-999,evil_twin,evil_twin
1683978916,-1,-100,-100,-100,0,0,139,0,0,0,63,66,160,150,36,284.43,92,-12,-18,-983,evil_twin,evil_twin
1683978916,-1,-100,-100,-100,0,0,139,0,0,0,63,66,162,150,36,284.52,92,-13,-16,-1004,evil_twin,evil_twin
1683978916,-1,-100,-100,-100,0,0,139,0,0,0,63,66,161,150,36,284.61,92,-17,-4,-991,evil_twin,evil_twin
1683978916,-1,-100,-100,-100,0,0,139,0,0,0,63,66,161,150,36,284.55,92,-2,-7,-1004,evil_twin,evil_twin
1683978916,-1,-100,-100,-100,0,0,139,0,0,0,63,66,162,150,36,284.52,93,-5,-11,-996,evil_twin,evil_twin
1683978916,-1,-100,-100,-100,0,0,139,0,0,0,63,66,162,150,36,284.63,93,-13,-12,-1002,evil_twin,evil_twin
1683978917,-1,-100,-100,-100,0,0,139,0,0,0,63,66,162,150,36,284.63,93,-13,-12,-1002,evil_twin,evil_twin
1683978917,-1,-100,-100,-100,0,0,139,0,0,0,63,66,161,150,36,284.48,93,-15,-13,-1007,evil_twin,evil_twin
1683978917,-1,-100,-100,-100,0,0,139,0,0,0,63,66,162,150,36,284.52,93,0,-8,-990,evil_twin,evil_twin
1683978917,-1,-100,-100,-100,0,0,139,0,0,0,63,65,162,150,36,284.56,93,-16,-2,-1001,evil_twin,evil_twin
1683978917,-1,-100,-100,-100,0,0,139,0,0,0,63,65,161,150,36,284.54,93,-3,-15,-987,evil_twin,evil_twin
1683978917,-1,-100,-100,-100,0,0,139,0,0,0,63,65,162,150,36,284.54,93,-13,-7,-991,evil_twin,evil_twin
1683978917,-1,-100,-100,-100,0,0,139,0,0,0,63,65,161,150,36,284.52,93,-25,-14,-1002,evil_twin,evil_twin
1683978917,-1,-100,-100,-100,0,0,139,0,0,0,63,65,162,150,36,284.58,93,-12,-12,-1001,evil_twin,evil_twin
1683978917,-1,-100,-100,-100,0,0,139,0,0,0,63,65,161,150,36,284.53,93,-14,-13,-1002,evil_twin,evil_twin
1683978917,-1,-100,-100,-100,0,0,139,0,0,0,63,65,162,150,36,284.54,94,-14,-3,-1008,evil_twin,evil_twin
1683978917,-1,-100,-100,-100,0,0,139,0,0,0,63,65,162,150,36,284.5,94,-7,-1,-995,evil_twin,evil_twin
1683978918,-1,-100,-100,-100,0,0,139,0,0,0,63,65,162,150,36,284.5,94,-7,-1,-995,evil_twin,evil_twin
1683978918,-1,-100,-100,-100,-1,0,139,0,0,0,63,65,162,150,35,284.54,94,-7,-10,-993,evil_twin,evil_twin
1683978918,-1,-100,-100,-100,-1,0,139,0,0,0,63,65,162,150,35,284.55,94,-10,-6,-993,evil_twin,evil_twin
1683978918,-1,-100,-100,-100,0,0,139,0,0,0,63,65,162,150,35,284.5,94,-11,-9,-986,evil_twin,evil_twin
1683978918,-1,-100,-100,-100,0,0,139,0,0,0,63,65,162,150,35,284.57,94,-12,-18,-1007,evil_twin,evil_twin
1683978918,-1,-100,-100,-100,0,0,139,0,0,0,63,65,162,150,35,284.59,94,-7,-18,-1007,evil_twin,evil_twin
1683978918,-1,-100,-100,-100,0,0,139,0,0,0,63,65,161,150,35,284.59,94,-11,-12,-1020,evil_twin,evil_twin
1683978918,-1,-100,-100,-100,0,1,139,0,0,0,63,65,161,150,35,284.59,94,-6,-14,-1004,evil_twin,evil_twin
1683978918,-1,-100,-100,-100,0,1,139,0,0,0,63,65,161,150,35,284.49,94,-9,-22,-1010,evil_twin,evil_twin
1683978918,-1,-100,-100,-100,0,1,139,0,0,0,63,65,161,150,35,284.6,95,-5,-19,-1010,evil_twin,evil_twin
1683978918,-1,-100,-100,-100,0,1,139,0,0,0,63,65,161,150,35,284.53,95,-13,-15,-1016,evil_twin,evil_twin
1683978919,-1,-100,-100,-100,0,1,139,0,0,0,63,65,161,150,35,284.53,95,-13,-15,-1016,evil_twin,evil_twin
1683978919,-1,-100,-100,-100,0,1,139,0,0,0,63,65,160,150,35,284.53,95,-7,-13,-1006,evil_twin,evil_twin
1683978919,-1,-100,-100,-100,0,1,139,0,0,0,63,65,161,150,35,284.57,95,-8,-17,-999,evil_twin,evil_twin
1683978919,-1,-100,-100,-100,0,1,139,0,0,0,63,66,161,150,35,284.57,95,-19,-16,-998,evil_twin,evil_twin
1683978919,-1,-100,-100,-100,0,1,139,0,0,0,63,66,161,150,35,284.49,95,-13,-16,-997,evil_twin,evil_twin
1683978919,-1,-100,-100,-100,0,1,139,0,0,0,63,66,161,150,35,284.57,95,-16,-21,-994,evil_twin,evil_twin
1683978919,-1,-100,-100,-100,0,1,139,0,0,0,63,66,161,150,35,284.55,95,-6,-23,-989,evil_twin,evil_twin
1683978919,-1,-100,-100,-100,0,1,139,0,0,0,63,66,161,150,35,284.48,95,-14,-23,-1004,evil_twin,evil_twin
1683978919,-1,-100,-100,-100,0,1,139,0,0,0,63,66,162,150,35,284.56,95,-12,-19,-999,evil_twin,evil_twin
1683978919,-1,-100,-100,-100,0,1,139,0,0,0,63,66,161,150,35,284.46,96,-19,-20,-1005,evil_twin,evil_twin
1683978919,-1,-100,-100,-100,0,1,139,0,0,0,63,66,161,150,35,284.53,96,-2,-9,-1010,evil_twin,evil_twin
1683978920,-1,-100,-100,-100,0,1,139,0,0,0,63,66,161,150,35,284.53,96,-2,-9,-1010,evil_twin,evil_twin
1683978920,-1,-100,-100,-100,0,1,139,0,0,0,63,66,160,150,35,284.54,96,-18,-20,-988,evil_twin,evil_twin
1683978920,-1,-100,-100,-100,0,1,139,0,0,0,63,66,161,150,35,284.55,96,-12,-21,-993,evil_twin,evil_twin
1683978920,-1,-100,-100,-100,0,0,139,0,0,0,63,66,161,150,35,284.51,96,-13,-11,-1004,evil_twin,evil_twin
1683978920,-1,-100,-100,-100,0,0,139,0,0,0,63,66,161,150,35,284.64,96,-10,-17,-992,evil_twin,evil_twin
1683978920,-1,-100,-100,-100,0,0,139,0,0,0,63,66,162,150,35,284.53,96,-18,-18,-994,evil_twin,evil_twin
1683978920,-1,-100,-100,-100,0,1,139,0,0,0,63,66,161,150,35,284.57,96,-7,-16,-994,evil_twin,evil_twin
1683978920,-1,-100,-100,-100,0,1,139,0,0,0,63,66,161,150,35,284.59,96,-11,-15,-996,evil_twin,evil_twin
1683978920,-1,-100,-100,-100,0,1,139,0,0,0,63,66,161,150,35,284.5,97,-3,-19,-995,evil_twin,evil_twin
1683978920,-1,-100,-100,-100,0,1,139,0,0,0,63,66,161,150,35,284.53,97,11,-26,-1004,evil_twin,evil_twin
1683978920,-1,-100,-100,-100,0,1,139,0,0,0,63,66,161,150,35,284.54,97,-17,-12,-991,evil_twin,evil_twin
1683978921,-1,-100,-100,-100,0,1,139,0,0,0,63,66,161,150,35,284.54,97,-17,-12,-991,evil_twin,evil_twin
1683978921,-1,-100,-100,-100,0,0,139,0,0,0,63,66,161,150,35,284.48,97,-12,-18,-1002,evil_twin,evil_twin
1683978921,-1,-100,-100,-100,0,0,139,0,0,0,63,66,161,150,35,284.55,97,-9,-19,-1001,evil_twin,evil_twin
1683978921,-1,-100,-100,-100,0,1,139,0,0,0,64,66,161,150,35,284.49,97,-6,-20,-1005,evil_twin,evil_twin
1683978921,-1,-100,-100,-100,0,1,139,0,0,0,64,66,160,150,35,284.51,97,-11,-22,-1000,evil_twin,evil_twin
1683978921,-1,-100,-100,-100,0,0,139,0,0,0,64,66,161,150,35,284.51,97,-13,-18,-1006,evil_twin,evil_twin
1683978921,-1,-100,-100,-100,0,0,139,0,0,0,64,66,160,150,35,284.51,97,-15,-11,-1008,evil_twin,evil_twin
1683978921,-1,-100,-100,-100,0,0,139,0,0,0,64,66,161,150,35,284.48,97,-18,-15,-993,evil_twin,evil_twin
1683978921,-1,-100,-100,-100,0,0,139,0,0,0,64,66,159,150,35,284.48,98,-21,-10,-1000,evil_twin,evil_twin
1683978921,-1,-100,-100,-100,0,0,138,0,0,0,64,66,160,150,35,284.49,98,-6,-16,-998,evil_twin,evil_twin
1683978921,-1,-100,-100,-100,0,0,132,0,0,0,64,66,160,150,35,284.51,98,-7,-15,-987,evil_twin,evil_twin
1683978922,-1,-100,-100,-100,0,0,132,0,0,0,64,66,160,150,35,284.51,98,-7,-15,-987,evil_twin,evil_twin
1683978922,-1,-100,-100,-100,0,0,127,0,0,0,64,66,159,140,35,284.55,98,-29,6,-1031,evil_twin,evil_twin
1683978922,-1,-100,-100,-100,0,0,121,0,0,0,64,66,159,140,35,284.61,98,-5,-16,-1010,evil_twin,evil_twin
1683978922,-1,-100,-100,-100,0,0,115,0,0,0,63,66,159,140,35,284.48,98,1,-14,-991,evil_twin,evil_twin
1683978922,-1,-100,-100,-100,0,0,109,0,0,0,63,66,159,140,35,284.53,98,0,-28,-999,evil_twin,evil_twin
1683978922,-1,-100,-100,-100,0,0,104,0,0,0,63,66,158,140,35,284.53,98,-21,-17,-1014,evil_twin,evil_twin
1683978922,-1,-100,-100,-100,0,0,98,0,0,0,63,66,158,140,35,284.53,98,9,-19,-990,evil_twin,evil_twin
1683978922,-1,-100,-100,-100,0,0,92,0,0,0,63,66,158,140,35,284.59,98,-1,-24,-991,evil_twin,evil_twin
1683978922,-1,-100,-100,-100,0,0,86,0,0,0,63,66,157,140,35,284.55,99,-5,-26,-986,evil_twin,evil_twin
1683978922,-1,-100,-100,-100,0,0,80,0,0,0,63,66,158,140,35,284.56,99,-6,-14,-997,evil_twin,evil_twin
1683978922,-1,-100,-100,-100,0,0,74,0,0,0,63,66,158,140,35,284.53,99,8,-14,-1008,evil_twin,evil_twin
1683978923,-1,-100,-100,-100,0,0,74,0,0,0,63,66,158,140,35,284.53,99,8,-14,-1008,evil_twin,evil_twin
1683978923,-1,-100,-100,-100,0,1,63,0,0,0,63,66,159,140,35,284.51,99,4,-21,-1007,evil_twin,evil_twin
1683978923,-1,-100,-100,-100,0,0,60,0,0,0,63,66,158,140,35,284.52,99,16,-13,-991,evil_twin,evil_twin
1683978923,-1,-100,-100,-100,1,0,57,0,0,0,63,66,158,140,35,284.58,99,12,-5,-987,evil_twin,evil_twin
1683978923,-1,-100,-100,-100,1,0,55,0,0,0,63,66,159,140,35,284.54,99,0,-3,-986,evil_twin,evil_twin
1683978923,-1,-100,-100,-100,0,0,53,0,0,0,63,66,159,140,35,284.53,99,18,-8,-998,evil_twin,evil_twin
1683978923,-1,-100,-100,-100,0,0,52,0,0,0,63,66,160,140,35,284.56,99,23,-18,-1015,evil_twin,evil_twin
1683978923,-1,-100,-100,-100,0,1,51,0,0,0,63,66,160,140,35,284.54,100,24,-14,-1001,evil_twin,evil_twin
1683978923,-1,-100,-100,-100,0,1,51,0,0,0,63,66,161,140,35,284.56,100,9,-9,-990,evil_twin,evil_twin
1683978923,-1,-100,-100,-100,0,1,51,0,0,0,63,66,160,140,35,284.56,100,18,-6,-983,evil_twin,evil_twin
1683978924,-1,-100,-100,-100,0,1,51,0,0,0,63,66,160,140,35,284.56,100,18,-6,-983,evil_twin,evil_twin
1683978924,-1,-100,-100,-100,0,0,51,0,0,0,63,66,159,140,35,284.5,100,13,-18,-997,evil_twin,evil_twin
1683978924,-1,-100,-100,-100,0,0,51,0,0,0,63,66,159,140,35,284.53,100,17,-18,-998,evil_twin,evil_twin
1683978924,-1,-100,-100,-100,0,0,51,0,0,0,63,66,160,150,35,284.54,100,22,-7,-1005,evil_twin,evil_twin
1683978924,-1,-100,-100,-100,0,0,51,0,0,0,63,66,160,150,35,284.46,100,-2,-5,-984,evil_twin,evil_twin
1683978924,-1,-100,-100,-100,0,0,51,0,0,0,63,66,160,150,35,284.49,100,11,-10,-993,evil_twin,evil_twin
1683978924,-1,-100,-100,-100,0,0,51,0,0,0,63,66,158,140,35,284.51,100,9,-10,-985,evil_twin,evil_twin
1683978924,-1,-100,-100,-100,0,0,51,0,0,0,63,66,160,140,35,284.52,100,8,-15,-1001,evil_twin,evil_twin
1683978924,-1,-100,-100,-100,0,0,51,0,0,0,63,66,159,140,35,284.58,101,8,-9,-998,evil_twin,evil_twin
1683978924,-1,-100,-100,-100,0,0,51,0,0,0,63,66,159,140,35,284.51,101,-8,-19,-1001,evil_twin,evil_twin
1683978924,-1,-100,-100,-100,0,0,51,0,0,0,63,66,159,140,35,284.6,101,7,-1,-1014,evil_twin,evil_twin
1683978925,-1,-100,-100,-100,0,0,51,0,0,0,63,66,159,140,35,284.6,101,7,-1,-1014,evil_twin,evil_twin
1683978926,-1,-100,-100,-100,0,0,51,0,0,0,63,66,158,140,35,284.52,102,2,-13,-987,evil_twin,evil_twin
1683978926,-1,-100,-100,-100,0,0,51,0,0,0,63,66,158,140,35,284.57,102,5,-13,-991,evil_twin,evil_twin
1683978926,-1,-100,-100,-100,0,0,51,0,0,0,63,66,158,140,35,284.57,102,-2,-11,-1000,evil_twin,evil_twin
1683978926,-1,-100,-100,-100,0,0,51,0,0,0,63,66,158,140,35,284.48,102,6,-16,-1010,evil_twin,evil_twin
1683978926,-1,-100,-100,-100,0,0,51,0,0,0,63,66,158,140,35,284.49,102,12,-8,-1011,evil_twin,evil_twin
1683978926,-1,-100,-100,-100,0,0,51,0,0,0,63,66,158,140,35,284.48,102,11,-9,-993,evil_twin,evil_twin
1683978926,-1,-100,-100,-100,0,0,51,0,0,0,63,66,158,140,35,284.53,103,6,-14,-998,evil_twin,evil_twin
1683978926,-1,-100,-100,-100,0,0,51,0,0,0,63,66,158,140,35,284.49,103,-7,-9,-1003,evil_twin,evil_twin
1683978927,-1,-100,-100,-100,0,0,51,0,0,0,63,66,158,140,35,284.49,103,-7,-9,-1003,evil_twin,evil_twin
1683978927,-1,-100,-100,-100,0,0,51,0,0,0,63,66,158,140,35,284.51,103,10,-10,-999,evil_twin,evil_twin
1683978927,-1,-100,-100,-100,0,0,51,0,0,0,63,66,158,140,35,284.46,103,6,-8,-991,evil_twin,evil_twin
1683978927,-1,-100,-100,-100,0,0,51,0,0,0,63,66,158,140,35,284.54,103,-1,-5,-1006,evil_twin,evil_twin
1683978927,-1,-100,-100,-100,0,0,51,0,0,0,63,66,158,140,35,284.49,103,0,-14,-1005,evil_twin,evil_twin
1683978927,-1,-100,-100,-100,0,0,51,0,0,0,63,66,158,140,35,284.47,103,6,-18,-1002,evil_twin,evil_twin
1683978927,-1,-100,-100,-100,0,0,51,0,0,0,63,66,159,140,35,284.44,104,0,-12,-992,evil_twin,evil_twin
1683978927,-1,-100,-100,-100,0,0,51,0,0,0,63,66,158,140,35,284.51,104,11,-14,-1013,evil_twin,evil_twin
1683978927,-1,-100,-100,-100,0,0,51,0,0,0,63,66,158,140,35,284.58,104,2,-11,-997,evil_twin,evil_twin
1683978928,-1,-100,-100,-100,0,0,51,0,0,0,63,66,158,140,35,284.58,104,2,-11,-997,evil_twin,evil_twin
1683978928,-1,-100,-100,-100,0,0,51,0,0,0,63,66,160,140,35,284.51,104,18,-5,-1002,evil_twin,evil_twin
1683978928,-1,-100,-100,-100,0,0,51,0,0,0,63,66,159,140,35,284.58,104,8,-5,-989,evil_twin,evil_twin
1683978928,-1,-100,-100,-100,0,0,51,0,0,0,63,66,160,140,35,284.6,104,1,-3,-993,evil_twin,evil_twin
1683978928,-1,-100,-100,-100,0,0,51,0,0,0,63,66,160,140,35,284.62,104,5,-1,-1003,evil_twin,evil_twin
1683978928,-1,-100,-100,-100,0,0,51,0,0,0,63,66,160,140,35,284.57,104,-17,-3,-978,evil_twin,evil_twin
1683978928,-1,-100,-100,-100,0,0,51,0,0,0,63,66,160,150,35,284.48,104,21,-9,-988,evil_twin,evil_twin
1683978928,-1,-100,-100,-100,0,0,51,0,0,0,63,66,159,150,35,284.55,105,-23,4,-992,evil_twin,evil_twin
1683978928,-1,-100,-100,-100,0,0,51,0,0,0,63,66,159,150,35,284.54,105,0,-8,-1001,evil_twin,evil_twin
1683978929,-1,-100,-100,-100,0,0,51,0,0,0,63,66,159,150,35,284.54,105,0,-8,-1001,evil_twin,evil_twin
1683978929,-1,-100,-100,-100,0,0,51,0,0,0,63,66,160,140,35,284.5,105,13,-17,-989,evil_twin,evil_twin
1683978929,-1,-100,-100,-100,0,0,51,0,0,0,63,66,161,150,35,284.52,105,-4,-2,-1010,evil_twin,evil_twin
1683978929,-1,-100,-100,-100,0,0,51,0,0,0,63,66,160,150,35,284.43,105,3,-10,-1002,evil_twin,evil_twin
1683978929,-1,-100,-100,-100,0,0,51,0,0,0,63,66,160,150,35,284.49,105,-1,-13,-1004,evil_twin,evil_twin
1683978929,-1,-100,-100,-100,0,0,51,0,0,0,63,66,160,150,35,284.52,105,0,-9,-997,evil_twin,evil_twin
1683978929,-1,-100,-100,-100,0,0,51,0,0,0,63,66,160,150,35,284.63,105,-5,-14,-989,evil_twin,evil_twin
1683978929,-1,-100,-100,-100,0,0,51,0,0,0,63,66,159,150,35,284.53,105,-9,-13,-976,evil_twin,evil_twin
1683978929,-1,-100,-100,-100,0,0,51,0,0,0,63,66,160,150,35,284.58,106,-5,-12,-984,evil_twin,evil_twin
1683978929,-1,-100,-100,-100,0,0,51,0,0,0,63,66,159,150,35,284.55,106,3,-19,-990,evil_twin,evil_twin
1683978930,-1,-100,-100,-100,0,0,51,0,0,0,63,66,160,150,35,284.58,106,2,-5,-1000,evil_twin,evil_twin
1683978930,-1,-100,-100,-100,0,0,51,0,0,0,63,66,160,150,35,284.49,106,5,-16,-987,evil_twin,evil_twin
1683978930,-1,-100,-100,-100,0,0,51,0,0,0,63,66,160,150,35,284.61,106,-17,-3,-1010,evil_twin,evil_twin
1683978930,-1,-100,-100,-100,0,0,51,0,0,0,63,66,160,140,35,284.53,106,-3,0,-1018,evil_twin,evil_twin
1683978930,-1,-100,-100,-100,0,0,51,0,0,0,63,66,160,140,35,284.55,106,1,-19,-985,evil_twin,evil_twin
1683978930,-1,-100,-100,-100,0,0,51,0,0,0,63,66,160,140,35,284.55,106,-3,-5,-1012,evil_twin,evil_twin
1683978930,-1,-100,-100,-100,0,0,51,0,0,0,63,66,161,140,35,284.58,106,10,-12,-1002,evil_twin,evil_twin
1683978930,-1,-100,-100,-100,0,0,51,0,0,0,63,66,160,140,35,284.54,107,12,-17,-1000,evil_twin,evil_twin
1683978930,-1,-100,-100,-100,0,0,51,0,0,0,63,66,160,140,35,284.49,107,-2,0,-1027,evil_twin,evil_twin
1683978931,-1,-100,-100,-100,0,0,51,0,0,0,63,66,160,140,35,284.49,107,-2,0,-1027,evil_twin,evil_twin
1683978931,-1,-100,-100,-100,0,0,51,0,0,0,63,66,159,140,35,284.51,107,-3,-1,-1026,evil_twin,evil_twin
1683978931,-1,-100,-100,-100,0,0,51,0,0,0,63,66,160,140,35,284.54,107,-8,-3,-1009,evil_twin,evil_twin
1683978931,-1,-100,-100,-100,0,0,51,0,0,0,63,66,159,140,35,284.65,107,4,-1,-1006,evil_twin,evil_twin
1683978931,-1,-100,-100,-100,0,0,51,0,0,0,63,66,161,140,35,284.58,107,-8,-13,-997,evil_twin,evil_twin
1683978931,-1,-100,-100,-100,0,0,51,0,0,0,63,66,161,150,35,284.64,107,7,-6,-977,evil_twin,evil_twin
1683978931,-1,-100,-100,-100,0,0,51,0,0,0,63,66,161,150,35,284.64,107,2,-11,-995,evil_twin,evil_twin
1683978931,-1,-100,-100,-100,0,0,51,0,0,0,63,66,161,150,35,284.59,107,9,-7,-1011,evil_twin,evil_twin
1683978931,-1,-100,-100,-100,0,0,51,0,0,0,63,66,162,150,35,284.64,108,-9,-7,-1004,evil_twin,evil_twin
1683978931,-1,-100,-100,-100,0,0,51,0,0,0,63,66,162,150,35,284.64,108,5,-23,-968,evil_twin,evil_twin
1683978932,-1,-100,-100,-100,0,6,51,2,-1,0,63,66,164,150,34,284.65,108,8,2,-1002,evil_twin,evil_twin
1683978932,-1,-100,-100,-100,0,3,51,2,-2,0,63,66,163,150,34,284.56,108,-1,-21,-1018,evil_twin,evil_twin
1683978932,-1,-100,-100,-100,0,0,51,2,-1,0,63,66,163,150,34,284.6,108,-15,-26,-993,evil_twin,evil_twin
1683978932,-1,-100,-100,-100,0,0,51,2,-1,0,63,66,164,150,34,284.66,108,-4,-26,-1002,evil_twin,evil_twin
1683978932,-1,-100,-100,-100,0,0,51,2,-1,0,63,66,163,150,34,284.66,108,-17,-22,-997,evil_twin,evil_twin
1683978932,-1,-100,-100,-100,0,1,51,2,-1,0,63,66,164,150,34,284.65,109,-18,-15,-992,evil_twin,evil_twin
1683978932,-1,-100,-100,-100,0,1,51,2,-1,0,63,66,164,150,34,284.64,109,-9,-24,-996,evil_twin,evil_twin
1683978932,-1,-100,-100,-100,0,1,51,2,-1,0,63,66,163,150,34,284.65,109,0,-19,-987,evil_twin,evil_twin
1683978933,-1,-100,-100,-100,0,1,51,2,-1,0,63,66,163,150,34,284.65,109,0,-19,-987,evil_twin,evil_twin
1683978933,-1,-100,-100,-100,0,1,51,2,-1,0,63,66,164,150,34,284.65,109,-29,-11,-1017,evil_twin,evil_twin
1683978933,-1,-100,-100,-100,0,1,51,2,-1,0,63,66,163,150,34,284.65,109,-5,-23,-977,evil_twin,evil_twin
1683978933,-1,-100,-100,-100,0,0,51,2,-1,0,63,66,163,150,34,284.56,109,-4,-23,-1004,evil_twin,evil_twin
1683978933,-1,-100,-100,-100,-1,0,51,2,-1,0,63,66,163,150,34,284.62,109,5,-6,-941,evil_twin,evil_twin
1683978933,-1,-100,-100,-100,0,-3,51,1,-1,0,63,66,163,150,34,284.67,109,-13,-35,-1030,evil_twin,evil_twin
1683978933,-1,-100,-100,-100,0,-5,51,1,0,0,63,66,164,150,34,284.66,109,9,-5,-997,evil_twin,evil_twin
1683978933,-1,-100,-100,-100,0,-2,51,0,0,0,63,66,163,150,34,284.65,109,-13,-4,-1002,evil_twin,evil_twin
1683978933,-1,-100,-100,-100,0,0,51,0,0,0,63,66,163,150,34,284.64,110,-13,-9,-987,evil_twin,evil_twin
1683978933,-1,-100,-100,-100,0,0,51,0,0,0,63,66,162,150,34,284.65,110,-9,-14,-979,evil_twin,evil_twin
1683978934,-1,-100,-100,-100,0,0,51,0,0,0,63,66,162,150,34,284.65,110,-9,-14,-979,evil_twin,evil_twin
1683978934,-1,-100,-100,-100,0,0,51,0,0,0,63,66,162,150,34,284.69,110,-3,-15,-985,evil_twin,evil_twin
1683978934,-1,-100,-100,-100,0,0,51,0,0,0,63,66,161,150,34,284.66,110,-14,-11,-974,evil_twin,evil_twin
1683978934,-1,-100,-100,-100,0,0,51,0,0,0,63,66,161,150,34,284.61,110,-9,-21,-1016,evil_twin,evil_twin
1683978934,-1,-100,-100,-100,0,0,51,0,0,0,63,67,161,150,34,284.58,110,-6,-7,-1006,evil_twin,evil_twin
1683978934,-1,-100,-100,-100,0,0,51,0,0,0,63,67,161,150,34,284.61,110,-3,-6,-1000,evil_twin,evil_twin
1683978934,-1,-100,-100,-100,0,0,51,0,0,0,63,67,161,150,34,284.62,110,0,-4,-1009,evil_twin,evil_twin
1683978934,-1,-100,-100,-100,0,0,51,0,0,0,63,67,161,150,34,284.72,110,-20,-6,-995,evil_twin,evil_twin
1683978934,-1,-100,-100,-100,0,0,51,0,0,0,63,67,161,150,34,284.63,110,1,-4,-996,evil_twin,evil_twin
1683978934,-1,-100,-100,-100,0,0,51,0,0,0,63,67,162,150,34,284.67,111,8,-9,-981,evil_twin,evil_twin
1683978934,-1,-100,-100,-100,0,0,51,0,0,0,63,67,161,150,34,284.59,111,-3,-9,-990,evil_twin,evil_twin
1683978935,-1,-100,-100,-100,0,0,51,0,0,0,63,67,161,150,34,284.59,111,-3,-9,-990,evil_twin,evil_twin
1683978935,-1,-100,-100,-100,0,0,51,0,0,0,63,67,161,150,34,284.66,111,-3,-9,-1002,evil_twin,evil_twin
1683978935,-1,-100,-100,-100,0,0,51,0,0,0,63,67,161,150,34,284.69,111,0,-9,-1019,evil_twin,evil_twin
1683978935,-1,-100,-100,-100,0,0,51,0,0,0,63,67,161,150,34,284.71,111,4,-12,-1011,evil_twin,evil_twin
1683978935,-1,-100,-100,-100,0,0,51,0,0,0,63,66,161,150,34,284.68,111,9,-13,-1016,evil_twin,evil_twin
1683978935,-1,-100,-100,-100,0,0,51,0,0,0,63,66,163,150,34,284.64,111,5,-19,-998,evil_twin,evil_twin
1683978935,-1,-100,-100,-100,0,0,51,0,0,0,63,66,161,150,34,284.69,111,15,-15,-990,evil_twin,evil_twin
1683978935,-1,-100,-100,-100,0,0,51,0,0,0,63,66,162,150,34,284.69,111,10,-16,-1003,evil_twin,evil_twin
1683978935,-1,-100,-100,-100,0,0,51,0,0,0,63,66,162,150,34,284.74,111,0,-19,-984,evil_twin,evil_twin
1683978935,-1,-100,-100,-100,0,0,51,0,0,0,63,66,162,150,34,284.67,112,-9,-7,-988,evil_twin,evil_twin
1683978935,-1,-100,-100,-100,0,0,51,0,0,0,63,66,163,150,34,284.71,112,-1,-19,-995,evil_twin,evil_twin
1683978935,-1,-100,-100,-100,0,0,51,0,0,0,63,66,162,150,34,284.71,112,-9,-11,-998,evil_twin,evil_twin
1683978936,-1,-100,-100,-100,0,0,51,0,0,0,63,66,162,150,34,284.71,112,-9,-11,-998,evil_twin,evil_twin
1683978936,-1,-100,-100,-100,0,0,51,0,0,0,63,66,162,150,34,284.69,112,10,-12,-998,evil_twin,evil_twin
1683978936,-1,-100,-100,-100,0,0,51,0,0,0,63,66,162,150,34,284.57,112,6,-21,-995,evil_twin,evil_twin
1683978936,-1,-100,-100,-100,0,0,51,0,0,0,63,66,161,150,34,284.66,112,2,-18,-1010,evil_twin,evil_twin
1683978936,-1,-100,-100,-100,0,0,51,0,0,0,63,66,162,150,34,284.68,112,10,-5,-1014,evil_twin,evil_twin
1683978936,-1,-100,-100,-100,0,0,51,0,0,0,63,66,161,150,34,284.68,112,-1,-17,-992,evil_twin,evil_twin
1683978936,-1,-100,-100,-100,0,0,51,0,0,0,63,66,162,150,34,284.66,112,17,-23,-1005,evil_twin,evil_twin
1683978936,-1,-100,-100,-100,0,0,51,0,0,0,63,66,161,150,34,284.66,112,0,-15,-994,evil_twin,evil_twin
1683978936,-1,-100,-100,-100,0,0,51,0,0,0,63,66,161,150,34,284.59,113,19,-18,-1005,evil_twin,evil_twin
1683978936,-1,-100,-100,-100,0,0,51,0,0,0,63,66,162,150,34,284.64,113,4,-12,-995,evil_twin,evil_twin
1683978937,-1,-100,-100,-100,0,0,51,0,0,0,63,66,162,150,34,284.64,113,4,-12,-995,evil_twin,evil_twin
1683978937,-1,-100,-100,-100,0,0,51,0,0,0,63,66,161,150,33,284.65,113,2,-8,-1006,evil_twin,evil_twin
1683978937,-1,-100,-100,-100,0,0,50,0,0,0,63,66,161,150,33,284.67,113,10,-8,-1000,evil_twin,evil_twin
1683978937,-1,-100,-100,-100,0,0,50,0,0,0,63,66,162,150,33,284.63,113,17,-11,-983,evil_twin,evil_twin
1683978937,-1,-100,-100,-100,0,0,50,0,0,0,63,66,161,150,33,284.68,113,7,-14,-1002,evil_twin,evil_twin
1683978937,-1,-100,-100,-100,0,0,50,0,0,0,63,66,161,150,33,284.64,113,32,-16,-1005,evil_twin,evil_twin
1683978937,-1,-100,-100,-100,0,0,50,0,0,0,63,66,162,150,33,284.69,113,22,-4,-999,evil_twin,evil_twin
1683978937,-1,-100,-100,-100,0,0,50,0,0,0,63,66,161,150,33,284.64,113,11,-10,-1003,evil_twin,evil_twin
1683978937,-1,-100,-100,-100,0,0,50,0,0,0,63,66,160,150,33,284.64,114,8,-13,-1010,evil_twin,evil_twin
1683978937,-1,-100,-100,-100,0,0,50,0,0,0,63,66,161,150,33,284.64,114,19,-9,-1003,evil_twin,evil_twin
1683978938,-1,-100,-100,-100,0,0,50,0,0,0,63,66,161,150,33,284.64,114,19,-9,-1003,evil_twin,evil_twin
1683978938,-1,-100,-100,-100,0,0,51,0,0,0,63,66,161,150,33,284.62,114,-1,-5,-1001,evil_twin,evil_twin
1683978938,-1,-100,-100,-100,0,0,51,0,0,0,63,66,160,150,33,284.6,114,8,-8,-1000,evil_twin,evil_twin
1683978938,-1,-100,-100,-100,0,0,51,0,0,0,63,66,159,150,33,284.67,114,2,-6,-999,evil_twin,evil_twin
1683978938,-1,-100,-100,-100,0,0,51,0,0,0,64,65,160,150,33,284.73,114,0,-2,-998,evil_twin,evil_twin
1683978938,-1,-100,-100,-100,0,0,51,0,0,0,64,65,160,140,33,284.62,114,11,-10,-1001,evil_twin,evil_twin
1683978938,-1,-100,-100,-100,0,0,51,0,0,0,64,65,160,140,33,284.58,114,2,-13,-995,evil_twin,evil_twin
1683978938,-1,-100,-100,-100,0,0,51,0,0,0,64,65,159,140,33,284.55,114,1,-9,-1005,evil_twin,evil_twin
1683978938,-1,-100,-100,-100,0,0,51,0,0,0,64,65,159,140,33,284.62,114,9,-10,-1003,evil_twin,evil_twin
1683978938,-1,-100,-100,-100,0,0,51,0,0,0,64,65,160,140,33,284.67,115,18,-6,-1006,evil_twin,evil_twin
1683978938,-1,-100,-100,-100,0,0,51,0,0,0,64,65,159,150,33,284.63,115,8,1,-988,evil_twin,evil_twin
1683978939,-1,-100,-100,-100,0,0,51,0,0,0,64,65,159,150,33,284.63,115,8,1,-988,evil_twin,evil_twin
1683978939,-1,-100,-100,-100,0,0,51,0,0,0,64,65,160,150,33,284.72,115,17,-7,-994,evil_twin,evil_twin
1683978939,-1,-100,-100,-100,1,0,51,0,0,0,64,65,159,150,33,284.64,115,8,-14,-992,evil_twin,evil_twin
1683978939,-1,-100,-100,-100,1,0,51,0,0,0,64,65,159,150,33,284.68,115,13,2,-1018,evil_twin,evil_twin
1683978939,-1,-100,-100,-100,0,0,51,0,0,0,63,65,159,140,33,284.64,115,13,-2,-997,evil_twin,evil_twin
1683978939,-1,-100,-100,-100,0,0,51,0,0,0,63,65,159,140,33,284.61,115,12,-5,-1002,evil_twin,evil_twin
1683978939,-1,-100,-100,-100,0,0,51,0,0,0,63,65,158,140,33,284.71,115,10,-16,-984,evil_twin,evil_twin
1683978939,-1,-100,-100,-100,0,0,51,0,0,0,63,65,158,140,33,284.71,115,0,-5,-989,evil_twin,evil_twin
1683978939,-1,-100,-100,-100,0,0,51,0,0,0,63,65,158,140,33,284.65,115,28,-12,-1032,evil_twin,evil_twin
1683978939,-1,-100,-100,-100,0,0,51,0,0,0,63,65,157,140,33,284.65,116,17,-7,-992,evil_twin,evil_twin
1683978939,-1,-100,-100,-100,0,0,51,0,0,0,63,65,157,140,33,284.6,116,12,-5,-1012,evil_twin,evil_twin
1683978940,-1,-100,-100,-100,0,0,51,0,0,0,63,65,157,140,33,284.6,116,12,-5,-1012,evil_twin,evil_twin
1683978940,-1,-100,-100,-100,0,0,51,0,0,0,63,65,157,140,33,284.59,116,6,-10,-995,evil_twin,evil_twin
1683978940,-1,-100,-100,-100,0,0,51,0,0,0,63,65,158,140,33,284.65,116,10,-11,-1005,evil_twin,evil_twin
1683978940,-1,-100,-100,-100,0,0,51,0,0,0,63,65,157,140,33,284.71,116,5,-5,-985,evil_twin,evil_twin
1683978940,-1,-100,-100,-100,0,0,51,0,0,0,63,66,157,140,33,284.7,116,-3,-9,-987,evil_twin,evil_twin
1683978940,-1,-100,-100,-100,0,0,51,0,0,0,63,66,157,140,33,284.68,116,7,-2,-1011,evil_twin,evil_twin
1683978940,-1,-100,-100,-100,0,0,51,0,0,0,63,66,157,140,33,284.6,116,17,8,-1025,evil_twin,evil_twin
1683978940,-1,-100,-100,-100,0,0,51,0,0,0,63,66,157,140,33,284.61,116,-2,3,-1022,evil_twin,evil_twin
1683978940,-1,-100,-100,-100,0,0,51,0,0,0,63,66,155,140,33,284.59,116,-12,0,-998,evil_twin,evil_twin
1683978940,-1,-100,-100,-100,0,0,51,0,0,0,63,66,155,140,33,284.66,117,0,-16,-987,evil_twin,evil_twin
1683978940,-1,-100,-100,-100,0,0,51,0,0,0,63,66,155,140,33,284.65,117,-3,1,-1006,evil_twin,evil_twin
1683978941,-1,-100,-100,-100,0,0,51,0,0,0,63,66,155,140,33,284.65,117,-3,1,-1006,evil_twin,evil_twin
1683978941,-1,-100,-100,-100,0,0,51,0,0,0,63,66,155,140,33,284.6,117,-4,1,-1018,evil_twin,evil_twin
1683978941,-1,-100,-100,-100,0,0,51,0,0,0,63,66,155,140,33,284.61,117,3,0,-1029,evil_twin,evil_twin
1683978941,-1,-100,-100,-100,0,0,51,0,0,0,63,66,156,140,33,284.67,117,-4,-2,-997,evil_twin,evil_twin
1683978941,-1,-100,-100,-100,0,0,51,0,0,0,63,66,155,140,33,284.66,117,14,-3,-1017,evil_twin,evil_twin
1683978941,-1,-100,-100,-100,0,0,51,0,0,0,63,66,156,140,33,284.61,117,5,2,-1015,evil_twin,evil_twin
1683978941,-1,-100,-100,-100,0,0,51,0,0,0,63,66,156,140,33,284.67,117,3,-7,-1023,evil_twin,evil_twin
1683978941,-1,-100,-100,-100,0,0,51,0,0,0,63,66,156,140,33,284.65,117,7,-9,-1005,evil_twin,evil_twin
1683978941,-1,-100,-100,-100,0,0,51,0,0,0,63,66,156,140,33,284.68,118,6,-3,-1009,evil_twin,evil_twin
1683978941,-1,-100,-100,-100,0,0,51,0,0,0,63,66,157,140,33,284.61,118,13,-4,-1021,evil_twin,evil_twin
1683978941,-1,-100,-100,-100,0,-2,51,0,0,0,63,66,157,140,33,284.66,118,17,-9,-987,evil_twin,evil_twin
1683978942,-1,-100,-100,-100,0,-2,51,0,0,0,63,66,157,140,33,284.66,118,17,-9,-987,evil_twin,evil_twin
1683978942,-1,-100,-100,-100,0,-7,51,0,0,0,63,66,158,140,33,284.64,118,0,-1,-1002,evil_twin,evil_twin
1683978942,-1,-100,-100,-100,0,-6,51,-1,1,0,63,66,158,140,33,284.67,118,8,14,-982,evil_twin,evil_twin
1683978942,-1,-100,-100,-100,0,-3,51,-2,1,0,63,66,158,140,33,284.66,118,3,-9,-1038,evil_twin,evil_twin
1683978942,-1,-100,-100,-100,0,-1,51,-2,2,0,63,66,158,140,33,284.63,118,11,13,-1008,evil_twin,evil_twin
1683978942,-1,-100,-100,-100,0,0,51,-2,2,0,63,66,158,140,33,284.66,118,1,21,-1002,evil_twin,evil_twin
1683978942,-1,-100,-100,-100,0,0,51,-2,1,0,63,66,159,140,33,284.64,118,2,15,-986,evil_twin,evil_twin
1683978942,-1,-100,-100,-100,0,0,51,-2,1,0,63,66,159,140,33,284.68,118,19,11,-998,evil_twin,evil_twin
1683982042,-1,-100,-100,-100,0,0,0,0,0,-1,58,62,94,60,66,286.06,3,2,-9,-987,evil_twin,evil_twin
1683982042,-1,-100,-100,-100,0,0,0,0,0,-1,58,62,93,60,66,286.05,3,15,-6,-989,evil_twin,evil_twin
1683982042,-1,-100,-100,-100,0,0,0,0,0,-1,58,62,91,60,66,286.05,3,3,-6,-992,evil_twin,evil_twin
1683982042,-1,-100,-100,-100,0,0,0,0,0,-1,58,62,91,60,66,286.03,3,2,-12,-990,evil_twin,evil_twin
1683982043,-1,-100,-100,-100,0,0,0,0,0,-1,58,62,91,60,66,286.03,3,2,-12,-990,evil_twin,evil_twin
1683982043,-1,-100,-100,-100,0,0,0,0,0,-1,58,62,90,60,66,285.99,3,-1,-10,-993,evil_twin,evil_twin
1683982043,-1,-100,-100,-100,0,0,0,0,0,-1,58,62,88,50,66,286.02,3,-3,-13,-1003,evil_twin,evil_twin
1683982043,-1,-100,-100,-100,0,0,0,0,0,-1,58,62,87,50,66,286.06,3,-10,-9,-1010,evil_twin,evil_twin
1683982043,-1,-100,-100,-100,0,0,0,0,0,-1,58,62,86,50,66,285.98,4,-6,-8,-1013,evil_twin,evil_twin
1683982043,-1,-100,-100,-100,0,0,0,0,0,-1,58,62,85,50,66,285.97,4,0,-10,-1005,evil_twin,evil_twin
1683982043,-1,-100,-100,-100,0,0,0,0,0,0,58,61,84,50,66,285.92,4,1,-9,-994,evil_twin,evil_twin
1683982043,-1,-100,-100,-100,0,0,0,0,0,0,58,61,84,50,66,285.97,4,0,-13,-1012,evil_twin,evil_twin
1683982043,-1,-100,-100,-100,0,0,0,0,0,0,58,61,83,50,66,285.95,4,0,-13,-1010,evil_twin,evil_twin
1683982043,-1,-100,-100,-100,0,0,0,0,0,0,58,61,82,50,66,285.97,4,0,-11,-1004,evil_twin,evil_twin
1683982043,-1,-100,-100,-100,0,0,0,0,0,0,58,61,81,50,66,285.95,4,-4,-10,-1004,evil_twin,evil_twin
1683982044,-1,-100,-100,-100,0,0,0,0,0,0,58,61,81,50,66,285.95,4,-4,-10,-1004,evil_twin,evil_twin
1683982044,-1,-100,-100,-100,0,0,0,0,0,0,58,61,81,50,66,285.92,4,4,-6,-1013,evil_twin,evil_twin
1683982044,-1,-100,-100,-100,0,0,0,0,0,0,58,61,80,50,66,285.95,4,9,-11,-1010,evil_twin,evil_twin
1683982044,-1,-100,-100,-100,0,0,0,0,0,0,58,61,80,50,66,285.95,4,8,-8,-1002,evil_twin,evil_twin
1683982044,-1,-100,-100,-100,0,0,0,0,0,0,58,61,79,50,66,285.98,5,2,-3,-1004,evil_twin,evil_twin
1683982044,-1,-100,-100,-100,0,0,0,0,0,0,58,61,79,50,66,285.97,5,4,-7,-1007,evil_twin,evil_twin
1683982044,-1,-100,-100,-100,0,0,0,0,0,0,58,62,79,50,66,285.93,5,-7,-12,-1017,evil_twin,evil_twin
1683982044,-1,-100,-100,-100,0,0,0,0,0,0,58,62,79,50,66,285.88,5,-10,-12,-1015,evil_twin,evil_twin
1683982044,-1,-100,-100,-100,0,0,0,0,0,0,58,62,78,50,66,285.91,5,0,-8,-1005,evil_twin,evil_twin
1683982044,-1,-100,-100,-100,0,0,0,0,0,0,58,62,78,50,66,285.92,5,0,-11,-1007,evil_twin,evil_twin
1683982045,-1,-100,-100,-100,0,0,0,0,0,0,58,62,78,50,66,285.92,5,0,-11,-1007,evil_twin,evil_twin
1683982045,-1,-100,-100,-100,0,0,0,0,0,0,58,62,79,50,66,285.96,5,1,-6,-1003,evil_twin,evil_twin
1683982045,-1,-100,-100,-100,0,0,0,0,0,0,58,62,79,50,66,285.93,5,-2,-8,-998,evil_twin,evil_twin
1683982045,-1,-100,-100,-100,0,0,0,0,0,0,58,62,79,50,66,285.94,5,-4,1,-1015,evil_twin,evil_twin
1683982045,-1,-100,-100,-100,0,0,0,0,0,0,58,62,79,50,66,285.95,5,-2,-4,-1002,evil_twin,evil_twin
1683982045,-1,-100,-100,-100,0,0,0,0,0,0,58,62,80,50,66,285.91,6,-11,3,-995,evil_twin,evil_twin
1683982045,-1,-100,-100,-100,0,0,0,0,0,0,58,62,79,50,66,286.01,6,6,-1,-1009,evil_twin,evil_twin
1683982045,-1,-100,-100,-100,0,0,0,0,0,0,58,61,80,50,66,285.95,6,11,0,-1016,evil_twin,evil_twin
1683982045,-1,-100,-100,-100,0,0,0,0,0,0,58,61,80,50,66,286.02,6,11,-6,-1009,evil_twin,evil_twin
1683982045,-1,-100,-100,-100,0,0,0,0,0,0,58,61,80,50,66,285.97,6,3,-5,-1003,evil_twin,evil_twin
1683982045,-1,-100,-100,-100,0,0,0,0,0,0,58,61,80,50,66,286,6,1,-4,-1009,evil_twin,evil_twin
1683982045,-1,-100,-100,-100,0,0,0,0,0,0,58,61,80,50,66,285.98,6,0,-9,-1001,evil_twin,evil_twin
1683982046,-1,-100,-100,-100,0,0,0,0,0,0,58,61,80,50,66,285.98,6,0,-9,-1001,evil_twin,evil_twin
1683982046,-1,-100,-100,-100,0,0,0,0,0,0,58,61,81,50,66,285.94,6,11,-8,-992,evil_twin,evil_twin
1683982046,-1,-100,-100,-100,0,0,0,0,0,0,58,61,81,50,66,285.94,6,6,-2,-1018,evil_twin,evil_twin
1683982046,-1,-100,-100,-100,0,0,0,0,0,0,58,61,81,50,66,285.97,6,-10,-3,-996,evil_twin,evil_twin
1683982046,-1,-100,-100,-100,0,0,0,0,0,0,58,61,81,50,66,285.98,7,10,-1,-1002,evil_twin,evil_twin
1683982046,-1,-100,-100,-100,0,0,0,0,0,0,58,61,81,50,66,285.87,7,-3,-7,-987,evil_twin,evil_twin
1683982046,-1,-100,-100,-100,0,0,0,0,0,0,58,62,81,50,66,285.97,7,9,5,-990,evil_twin,evil_twin
1683982046,-1,-100,-100,-100,0,0,0,0,0,0,58,62,82,50,66,286.01,7,-12,0,-1000,evil_twin,evil_twin
1683982046,-1,-100,-100,-100,0,0,0,0,0,0,58,62,81,50,66,285.99,7,10,0,-1001,evil_twin,evil_twin
1683982046,-1,-100,-100,-100,0,0,0,0,0,0,58,62,82,50,66,286.01,7,-17,-4,-999,evil_twin,evil_twin
1683982046,-1,-100,-100,-100,0,0,0,0,0,0,58,62,82,50,66,285.98,7,0,-2,-990,evil_twin,evil_twin
1683982047,-1,-100,-100,-100,0,0,0,0,0,0,58,62,82,50,66,285.98,7,0,-2,-990,evil_twin,evil_twin
1683982047,-1,-100,-100,-100,0,0,0,0,0,0,58,62,82,50,66,285.97,7,1,-1,-993,evil_twin,evil_twin
1683982047,-1,-100,-100,-100,0,0,0,0,0,0,58,62,82,50,66,285.96,7,8,-6,-998,evil_twin,evil_twin
1683982047,-1,-100,-100,-100,0,0,0,0,0,0,58,62,82,50,66,286.02,7,-7,-5,-996,evil_twin,evil_twin
1683982047,-1,-100,-100,-100,0,0,0,0,0,0,58,62,82,50,66,285.98,8,10,-6,-993,evil_twin,evil_twin
1683982047,-1,-100,-100,-100,0,0,0,0,0,0,58,62,82,50,66,285.98,8,-4,-8,-999,evil_twin,evil_twin
1683982047,-1,-100,-100,-100,0,0,0,0,0,0,58,61,81,50,66,286.01,8,8,-3,-1013,evil_twin,evil_twin
1683982047,-1,-100,-100,-100,0,0,0,0,0,0,58,61,82,50,66,285.99,8,9,-5,-1008,evil_twin,evil_twin
1683982047,-1,-100,-100,-100,0,0,0,0,0,0,58,61,82,50,66,285.95,8,0,-3,-1007,evil_twin,evil_twin
1683982047,-1,-100,-100,-100,0,0,0,0,0,0,58,61,82,50,66,285.97,8,-7,-1,-999,evil_twin,evil_twin
1683982048,-1,-100,-100,-100,0,0,0,0,0,0,58,61,82,50,66,285.97,8,-7,-1,-999,evil_twin,evil_twin
1683982048,-1,-100,-100,-100,0,0,0,0,0,0,58,61,82,50,66,285.94,8,-9,-5,-1005,evil_twin,evil_twin
1683982048,-1,-100,-100,-100,0,0,0,0,0,0,58,61,82,50,66,285.92,8,-4,-4,-994,evil_twin,evil_twin
1683982048,-1,-100,-100,-100,0,0,0,0,0,0,58,61,82,50,66,286,8,8,-1,-1025,evil_twin,evil_twin
1683982048,-1,-100,-100,-100,0,0,0,0,0,0,58,61,82,50,66,286.01,8,5,0,-1089,evil_twin,evil_twin
1683982048,-1,-100,-100,-100,0,0,0,0,0,0,58,61,83,50,66,286.01,9,5,-2,-1089,evil_twin,evil_twin
1683982048,-1,-100,-100,-100,0,0,0,0,0,1,58,61,85,50,66,286.02,9,29,2,-1086,evil_twin,evil_twin
1683982048,-1,-100,-100,-100,0,0,0,0,0,2,58,61,88,50,66,286.01,9,0,-9,-1044,evil_twin,evil_twin
1683982048,-1,-100,-100,-100,0,0,0,0,0,3,58,61,91,60,66,286.12,9,3,0,-1059,evil_twin,evil_twin
1683982048,-1,-100,-100,-100,0,0,0,0,0,3,58,61,95,60,66,286.04,9,-8,-4,-1025,evil_twin,evil_twin
1683982048,-1,-100,-100,-100,0,0,0,0,0,4,58,61,99,60,66,286.12,9,-7,-6,-1011,evil_twin,evil_twin
1683982048,-1,-100,-100,-100,0,0,0,0,0,4,58,61,105,70,66,286.21,9,-10,-1,-1008,evil_twin,evil_twin
1683982049,-1,-100,-100,-100,0,0,0,0,0,4,58,61,105,70,66,286.21,9,-10,-1,-1008,evil_twin,evil_twin
1683982049,-1,-100,-100,-100,0,0,0,0,0,4,58,61,109,70,66,286.21,9,1,-9,-996,evil_twin,evil_twin
1683982049,-1,-100,-100,-100,0,0,0,0,0,4,58,61,114,80,66,286.28,9,4,2,-987,evil_twin,evil_twin
1683982049,-1,-100,-100,-100,0,0,0,0,0,4,58,61,118,80,66,286.3,9,4,-8,-971,evil_twin,evil_twin
1683982049,-1,-100,-100,-100,0,0,0,0,0,4,58,61,124,90,66,286.38,10,17,-10,-997,evil_twin,evil_twin
1683982049,-1,-100,-100,-100,0,0,0,0,0,4,58,61,128,90,66,286.38,10,-3,0,-972,evil_twin,evil_twin
1683982049,-1,-100,-100,-100,0,0,0,0,0,4,58,61,134,90,66,286.43,10,-5,0,-974,evil_twin,evil_twin
1683982049,-1,-100,-100,-100,0,0,0,0,0,3,58,61,137,100,66,286.46,10,-2,-4,-967,evil_twin,evil_twin
1683982049,-1,-100,-100,-100,0,0,0,0,0,3,58,61,140,100,66,286.5,10,4,-3,-955,evil_twin,evil_twin
1683982049,-1,-100,-100,-100,0,0,0,0,0,3,58,61,145,110,66,286.53,10,1,-6,-973,evil_twin,evil_twin
1683982049,-1,-100,-100,-100,0,0,0,0,0,2,58,61,148,110,66,286.53,10,1,-8,-974,evil_twin,evil_twin
1683982050,-1,-100,-100,-100,0,0,0,0,0,2,58,61,148,110,66,286.53,10,1,-8,-974,evil_twin,evil_twin
1683982050,-1,-100,-100,-100,0,0,0,0,0,2,58,61,150,110,66,286.58,10,-2,1,-965,evil_twin,evil_twin
1683982050,-1,-100,-100,-100,0,0,0,0,0,2,58,61,152,110,66,286.67,10,-3,1,-965,evil_twin,evil_twin
1683982050,-1,-100,-100,-100,0,0,0,0,0,1,58,61,154,120,66,286.51,10,-5,0,-974,evil_twin,evil_twin
1683982050,-1,-100,-100,-100,0,0,0,0,0,1,58,61,156,120,66,286.64,11,0,0,-979,evil_twin,evil_twin
1683982050,-1,-100,-100,-100,0,0,0,0,0,1,58,61,157,120,66,286.67,11,1,3,-975,evil_twin,evil_twin
1683982050,-1,-100,-100,-100,0,0,0,0,0,1,59,62,158,120,66,286.62,11,-9,-6,-976,evil_twin,evil_twin
1683982050,-1,-100,-100,-100,0,0,0,0,0,1,59,62,160,120,66,286.74,11,-11,2,-958,evil_twin,evil_twin
1683982050,-1,-100,-100,-100,0,0,0,0,0,0,59,62,161,120,66,286.69,11,-11,1,-965,evil_twin,evil_twin
1683982050,-1,-100,-100,-100,0,0,0,0,0,0,59,62,162,130,66,286.66,11,9,-1,-1001,evil_twin,evil_twin
1683982051,-1,-100,-100,-100,0,0,0,0,0,0,59,62,162,130,66,286.66,11,9,-1,-1001,evil_twin,evil_twin
1683982051,-1,-100,-100,-100,-6,0,0,0,0,0,59,62,163,130,66,286.62,11,9,-7,-967,evil_twin,evil_twin
1683982051,-1,-100,-100,-100,-7,0,0,-1,0,0,59,62,164,130,66,286.66,11,-4,-9,-1001,evil_twin,evil_twin
1683982051,-1,-100,-100,-100,-4,0,0,-2,0,0,59,62,163,130,66,286.61,11,-17,-11,-990,evil_twin,evil_twin
1683982051,-1,-100,-100,-100,-2,0,0,-3,0,0,59,62,162,130,66,286.68,11,-14,-2,-988,evil_twin,evil_twin
1683982051,-1,-100,-100,-100,-1,0,0,-3,0,0,59,62,162,130,66,286.68,12,-29,-4,-993,evil_twin,evil_twin
1683982051,-1,-100,-100,-100,0,0,0,-3,0,0,59,62,161,130,66,286.68,12,-9,-14,-995,evil_twin,evil_twin
1683982051,-1,-100,-100,-100,0,0,0,-2,0,0,58,62,162,130,66,286.64,12,-2,-10,-1005,evil_twin,evil_twin
1683982051,-1,-100,-100,-100,0,0,0,-2,0,0,58,62,161,130,66,286.65,12,-17,-15,-1001,evil_twin,evil_twin
1683982051,-1,-100,-100,-100,0,0,0,-2,0,0,58,62,161,130,66,286.61,12,-22,-8,-986,evil_twin,evil_twin
1683982051,-1,-100,-100,-100,0,0,0,-2,0,0,58,62,161,130,66,286.61,12,-13,-9,-1004,evil_twin,evil_twin
1683982052,-1,-100,-100,-100,0,0,0,-2,0,0,58,62,161,130,66,286.61,12,-13,-9,-1004,evil_twin,evil_twin
1683982052,-1,-100,-100,-100,0,0,0,-2,0,0,58,62,161,130,66,286.64,12,-14,-2,-988,evil_twin,evil_twin
1683982052,-1,-100,-100,-100,0,-1,0,-2,0,0,58,62,161,130,66,286.66,12,-22,-5,-1003,evil_twin,evil_twin
1683982052,-1,-100,-100,-100,0,-2,0,-2,0,0,58,62,162,130,66,286.66,12,-11,-10,-997,evil_twin,evil_twin
1683982052,-1,-100,-100,-100,0,-2,0,-2,0,0,58,62,161,130,66,286.59,12,-19,-5,-999,evil_twin,evil_twin
1683982052,-1,-100,-100,-100,0,-1,0,-2,0,0,58,62,161,130,66,286.61,13,-11,-4,-996,evil_twin,evil_twin
1683982052,-1,-100,-100,-100,0,-1,0,-2,0,0,58,62,160,130,66,286.62,13,-26,-3,-1001,evil_twin,evil_twin
1683982052,-1,-100,-100,-100,0,-1,0,-1,0,0,59,62,161,130,66,286.61,13,-15,2,-1000,evil_twin,evil_twin
1683982052,-1,-100,-100,-100,-1,-1,0,-1,1,0,59,62,161,130,66,286.6,13,-17,2,-990,evil_twin,evil_twin
1683982052,-1,-100,-100,-100,0,0,0,-1,1,0,59,62,160,130,66,286.59,13,-12,-8,-1004,evil_twin,evil_twin
1683982052,-1,-100,-100,-100,0,2,0,-1,0,0,59,62,161,130,66,286.61,13,-6,0,-962,evil_twin,evil_twin
1683982053,-1,-100,-100,-100,0,2,0,-1,0,0,59,62,161,130,66,286.61,13,-6,0,-962,evil_twin,evil_twin
1683982053,-1,-100,-100,-100,2,1,0,-1,0,0,59,62,160,130,66,286.58,13,-20,-4,-1036,evil_twin,evil_twin
1683982053,-1,-100,-100,-100,3,0,0,0,0,0,59,62,160,130,66,286.64,13,-13,-4,-1006,evil_twin,evil_twin
1683982053,-1,-100,-100,-100,1,0,0,0,0,0,59,62,160,130,66,286.58,13,-11,-1,-1016,evil_twin,evil_twin
1683982053,-1,-100,-100,-100,0,0,0,0,0,0,59,62,160,130,66,286.65,13,0,-11,-998,evil_twin,evil_twin
1683982053,-1,-100,-100,-100,0,0,0,0,0,0,59,62,160,130,66,286.6,14,-14,-11,-977,evil_twin,evil_twin
1683982053,-1,-100,-100,-100,5,0,0,0,0,0,58,61,160,130,66,286.67,14,0,2,-1041,evil_twin,evil_twin
1683982053,-1,-100,-100,-100,6,0,0,1,0,0,58,61,160,130,66,286.62,14,15,-15,-1003,evil_twin,evil_twin
1683982053,-1,-100,-100,-100,4,0,0,2,0,0,58,61,159,130,66,286.63,14,24,-12,-1013,evil_twin,evil_twin
1683982053,-1,-100,-100,-100,2,0,0,3,0,0,58,61,160,130,66,286.58,14,19,-21,-992,evil_twin,evil_twin
1683982054,-1,-100,-100,-100,2,0,0,3,0,0,58,61,160,130,66,286.58,14,19,-21,-992,evil_twin,evil_twin
1683982054,-1,-100,-100,-100,0,0,0,3,0,0,58,61,159,130,66,286.62,14,3,-14,-993,evil_twin,evil_twin
1683982054,-1,-100,-100,-100,0,0,0,3,0,0,58,61,159,130,66,286.64,14,16,-8,-1002,evil_twin,evil_twin
1683982054,-1,-100,-100,-100,0,0,0,3,0,0,58,61,159,130,66,286.66,14,15,-5,-997,evil_twin,evil_twin
1683982054,-1,-100,-100,-100,0,0,0,2,0,0,58,61,159,130,66,286.61,14,12,-12,-993,evil_twin,evil_twin
1683982054,-1,-100,-100,-100,0,0,0,2,0,0,58,61,159,130,66,286.66,15,14,-12,-993,evil_twin,evil_twin
1683982054,-1,-100,-100,-100,0,-2,0,2,0,0,58,61,159,130,66,286.6,15,11,0,-994,evil_twin,evil_twin
1683982054,-1,-100,-100,-100,0,-2,0,2,0,0,59,62,159,130,66,286.62,15,39,-6,-988,evil_twin,evil_twin
1683982054,-1,-100,-100,-100,0,-3,0,2,0,0,59,62,159,130,66,286.63,15,8,-1,-992,evil_twin,evil_twin
1683982054,-1,-100,-100,-100,-1,-2,0,2,1,0,59,62,160,130,66,286.59,15,31,2,-989,evil_twin,evil_twin
1683982054,-1,-100,-100,-100,-1,-2,0,2,1,0,59,62,160,130,66,286.54,15,10,10,-1010,evil_twin,evil_twin
1683982055,-1,-100,-100,-100,-1,-2,0,2,1,0,59,62,160,130,66,286.54,15,10,10,-1010,evil_twin,evil_twin
1683982055,-1,-100,-100,-100,-4,-1,0,1,1,0,59,62,160,130,66,286.55,15,6,5,-989,evil_twin,evil_twin
1683982055,-1,-100,-100,-100,-2,4,0,0,1,0,59,62,159,130,66,286.6,15,0,16,-1000,evil_twin,evil_twin
1683982055,-1,-100,-100,-100,-1,2,0,0,0,0,59,62,159,130,66,286.63,15,9,-8,-1004,evil_twin,evil_twin
1683982055,-1,-100,-100,-100,-1,0,0,0,0,0,59,62,159,130,66,286.67,15,1,1,-998,evil_twin,evil_twin
1683982055,-1,-100,-100,-100,0,0,0,0,0,0,59,62,160,130,66,286.64,16,9,-5,-1004,evil_twin,evil_twin
1683982055,-1,-100,-100,-100,0,0,-5,0,0,0,59,62,160,130,66,286.64,16,-4,0,-985,evil_twin,evil_twin
1683982055,-1,-100,-100,-100,0,0,-17,0,0,0,59,62,159,130,66,286.63,16,-11,11,-998,evil_twin,evil_twin
1683982055,-1,-100,-100,-100,0,0,-23,0,0,0,59,62,160,130,66,286.58,16,9,-12,-993,evil_twin,evil_twin
1683982055,-1,-100,-100,-100,0,0,-29,0,0,0,59,62,159,130,66,286.58,16,1,-3,-961,evil_twin,evil_twin
1683982055,-1,-100,-100,-100,0,0,-34,0,0,0,59,62,159,130,66,286.59,16,15,-10,-989,evil_twin,evil_twin
1683982056,-1,-100,-100,-100,0,0,-34,0,0,0,59,62,159,130,66,286.59,16,15,-10,-989,evil_twin,evil_twin
1683982056,-1,-100,-100,-100,0,0,-40,0,0,0,59,62,159,130,66,286.56,16,10,-5,-1008,evil_twin,evil_twin
1683982056,-1,-100,-100,-100,0,0,-46,0,0,0,59,62,160,130,66,286.57,16,-1,-4,-1001,evil_twin,evil_twin
1683982056,-1,-100,-100,-100,0,0,-52,0,0,0,59,62,159,130,66,286.59,16,-10,-7,-1009,evil_twin,evil_twin
1683982056,-1,-100,-100,-100,0,0,-58,0,0,0,59,62,159,130,66,286.61,17,0,2,-1004,evil_twin,evil_twin
1683982056,-1,-100,-100,-100,0,0,-64,0,0,0,59,62,160,130,66,286.57,17,17,-4,-971,evil_twin,evil_twin
1683982056,-1,-100,-100,-100,0,0,-69,0,0,0,59,62,159,130,66,286.56,17,-3,-2,-1002,evil_twin,evil_twin
1683982056,-1,-100,-100,-100,0,0,-74,0,0,0,59,62,160,130,66,286.65,17,-10,7,-987,evil_twin,evil_twin
1683982056,-1,-100,-100,-100,0,0,-77,0,0,0,59,62,159,130,66,286.59,17,3,-10,-1012,evil_twin,evil_twin
1683982056,-1,-100,-100,-100,0,0,-80,0,0,0,59,62,159,130,66,286.58,17,10,-9,-991,evil_twin,evil_twin
1683982056,-1,-100,-100,-100,0,0,-82,0,0,0,59,62,159,130,66,286.55,17,8,-1,-1000,evil_twin,evil_twin
1683982057,-1,-100,-100,-100,0,0,-82,0,0,0,59,62,159,130,66,286.55,17,8,-1,-1000,evil_twin,evil_twin
1683982057,-1,-100,-100,-100,0,0,-84,0,0,0,59,62,158,130,66,286.58,17,-5,-4,-1004,evil_twin,evil_twin
1683982057,-1,-100,-100,-100,0,0,-85,0,0,0,59,62,159,130,66,286.56,17,-12,-2,-1010,evil_twin,evil_twin
1683982057,-1,-100,-100,-100,0,0,-86,0,0,0,59,62,158,130,66,286.61,17,17,-9,-1012,evil_twin,evil_twin
1683982057,-1,-100,-100,-100,0,0,-87,0,0,0,59,62,157,130,66,286.52,18,-15,-5,-1002,evil_twin,evil_twin
1683982057,-1,-100,-100,-100,0,0,-87,0,0,0,59,62,158,130,66,286.54,18,10,-2,-1004,evil_twin,evil_twin
1683982057,-1,-100,-100,-100,0,0,-88,0,0,0,59,62,157,130,66,286.51,18,-3,-2,-1003,evil_twin,evil_twin
1683982057,-1,-100,-100,-100,0,1,-88,0,0,0,58,62,157,120,66,286.58,18,0,-11,-1032,evil_twin,evil_twin
1683982057,-1,-100,-100,-100,0,5,-88,0,0,0,58,62,157,120,66,286.52,18,0,0,-992,evil_twin,evil_twin
1683982057,-1,-100,-100,-100,0,7,-88,-1,0,0,58,62,158,120,66,286.55,18,-10,-3,-1004,evil_twin,evil_twin
1683982057,-1,-100,-100,-100,0,5,-88,-2,0,0,58,62,157,120,66,286.48,18,-5,-7,-1009,evil_twin,evil_twin
1683982058,-1,-100,-100,-100,0,0,-88,-2,0,0,58,62,156,120,66,286.49,19,10,-24,-996,evil_twin,evil_twin
1683982058,-1,-100,-100,-100,0,1,-88,-2,0,0,59,62,157,120,66,286.51,19,6,-22,-1002,evil_twin,evil_twin
1683982058,-1,-100,-100,-100,0,1,-88,-2,0,0,59,62,157,120,66,286.52,19,12,-14,-1018,evil_twin,evil_twin
1683982058,-1,-100,-100,-100,0,0,-88,-2,0,0,59,62,157,120,66,286.49,19,-4,-25,-995,evil_twin,evil_twin
1683982059,-1,-100,-100,-100,-1,0,-88,-2,0,0,59,62,157,130,66,286.57,19,-9,-17,-987,evil_twin,evil_twin
1683982059,-1,-100,-100,-100,-3,0,-88,-2,0,0,59,62,158,130,66,286.57,19,17,-26,-992,evil_twin,evil_twin
1683982059,-1,-100,-100,-100,-3,0,-88,-1,0,0,59,62,157,130,66,286.55,20,-7,-21,-1004,evil_twin,evil_twin
1683982059,-1,-100,-100,-100,3,-1,-88,-1,1,0,59,62,159,130,66,286.52,20,-15,-20,-1018,evil_twin,evil_twin
1683982059,-1,-100,-100,-100,1,-3,-88,0,0,0,59,62,159,130,66,286.57,20,1,-19,-1020,evil_twin,evil_twin
1683982060,-1,-100,-100,-100,0,0,-88,0,0,0,59,62,159,130,66,286.58,20,6,0,-957,evil_twin,evil_twin
1683982060,-1,-100,-100,-100,0,-2,-88,3,0,0,59,62,159,130,66,286.55,21,4,8,-998,evil_twin,evil_twin
1683982060,-1,-100,-100,-100,0,0,-88,3,0,0,59,62,158,130,66,286.49,21,7,14,-992,evil_twin,evil_twin
1683982060,-1,-100,-100,-100,0,1,-88,3,0,0,59,62,158,130,66,286.55,21,8,11,-998,evil_twin,evil_twin
1683982060,-1,-100,-100,-100,0,0,-88,2,0,0,59,62,158,130,66,286.51,21,3,9,-1005,evil_twin,evil_twin
1683982060,-1,-100,-100,-100,0,0,-88,2,0,0,59,62,157,130,66,286.48,21,-13,10,-996,evil_twin,evil_twin
1683982061,-1,-100,-100,-100,0,0,-88,2,0,0,59,62,158,120,66,286.5,21,8,7,-1003,evil_twin,evil_twin
1683982061,-1,-100,-100,-100,0,0,-88,2,0,0,59,62,157,130,66,286.52,22,9,8,-1000,evil_twin,evil_twin
1683982061,-1,-100,-100,-100,-2,1,-88,1,0,0,59,62,157,130,66,286.52,22,3,5,-1009,evil_twin,evil_twin
1683982061,-1,-100,-100,-100,-4,2,-88,1,0,0,59,62,158,130,66,286.52,22,-1,-2,-1010,evil_twin,evil_twin
1683982061,-1,-100,-100,-100,-2,3,-88,1,1,0,59,62,157,120,66,286.51,22,14,-7,-948,evil_twin,evil_twin
1683982061,-1,-100,-100,-100,3,2,-88,0,1,0,59,62,156,120,66,286.47,22,-8,-10,-1062,evil_twin,evil_twin
1683982061,-1,-100,-100,-100,1,1,-88,0,0,0,59,62,156,120,66,286.5,22,-9,-4,-992,evil_twin,evil_twin
1683982062,-1,-100,-100,-100,1,1,-88,0,0,0,59,62,156,120,66,286.5,22,-9,-4,-992,evil_twin,evil_twin
1683982062,-1,-100,-100,-100,0,1,-88,0,0,0,59,62,156,120,66,286.53,22,-12,-8,-992,evil_twin,evil_twin
1683982062,-1,-100,-100,-100,-1,0,-88,0,0,0,59,62,156,120,66,286.46,22,-6,-7,-1045,evil_twin,evil_twin
1683982062,-1,-100,-100,-100,-3,0,-88,0,3,0,59,62,156,120,66,286.5,23,-23,-3,-999,evil_twin,evil_twin
1683982062,-1,-100,-100,-100,0,0,-88,0,3,0,59,61,156,120,66,286.46,23,-8,-10,-1001,evil_twin,evil_twin
1683982062,-1,-100,-100,-100,0,0,-88,0,3,0,59,61,155,120,66,286.48,23,-29,3,-1004,evil_twin,evil_twin
1683982062,-1,-100,-100,-100,0,0,-88,0,2,0,59,61,156,120,66,286.45,23,-30,-5,-1000,evil_twin,evil_twin
1683982062,-1,-100,-100,-100,0,0,-88,0,2,0,59,61,157,120,66,286.49,23,-14,-11,-1001,evil_twin,evil_twin
1683982063,-1,-100,-100,-100,-1,0,-88,0,2,0,59,61,156,120,66,286.35,23,0,-3,-990,evil_twin,evil_twin
1683982063,-1,-100,-100,-100,-1,0,-88,0,2,0,59,61,156,120,66,286.49,23,-17,-6,-1010,evil_twin,evil_twin
1683982063,-1,-100,-100,-100,-1,0,-88,0,2,0,59,61,157,130,66,286.45,23,-29,-9,-1003,evil_twin,evil_twin
1683982063,-1,-100,-100,-100,-1,0,-88,0,2,0,59,61,157,130,66,286.49,24,-7,-3,-1012,evil_twin,evil_twin
1683982063,-1,-100,-100,-100,0,0,-88,0,2,0,59,61,157,130,66,286.45,24,-19,-11,-968,evil_twin,evil_twin
1683982063,-1,-100,-100,-100,0,0,-88,0,2,0,59,61,157,130,66,286.49,24,-27,-14,-995,evil_twin,evil_twin
1683982063,-1,-100,-100,-100,0,0,-88,0,2,0,59,62,157,130,66,286.46,24,-28,-1,-992,evil_twin,evil_twin
1683982063,-1,-100,-100,-100,0,0,-88,0,2,0,59,62,156,130,66,286.54,24,-1,-7,-985,evil_twin,evil_twin
1683982063,-1,-100,-100,-100,0,0,-88,0,1,0,59,62,157,130,66,286.49,24,-21,1,-984,evil_twin,evil_twin
1683982064,-1,-100,-100,-100,0,0,-88,0,1,0,59,62,157,130,66,286.49,24,-21,1,-984,evil_twin,evil_twin
1683982064,-1,-100,-100,-100,3,0,-88,0,1,0,59,62,156,130,66,286.48,24,-13,-3,-1033,evil_twin,evil_twin
1683982064,-1,-100,-100,-100,2,0,-88,0,0,0,59,62,156,120,66,286.54,24,-2,-3,-1005,evil_twin,evil_twin
1683982064,-1,-100,-100,-100,0,0,-88,0,0,0,59,62,157,120,66,286.43,24,0,-14,-996,evil_twin,evil_twin
1683982064,-1,-100,-100,-100,0,0,-88,0,0,0,59,62,156,120,66,286.48,25,-4,-3,-1003,evil_twin,evil_twin
1683982064,-1,-100,-100,-100,4,0,-88,0,0,0,59,62,157,120,66,286.55,25,0,-7,-978,evil_twin,evil_twin
1683982064,-1,-100,-100,-100,7,0,-88,0,0,0,59,62,157,120,66,286.55,25,0,-11,-1030,evil_twin,evil_twin
1683982064,-1,-100,-100,-100,6,0,-88,0,-2,0,59,62,157,120,66,286.57,25,10,-7,-1020,evil_twin,evil_twin
1683982064,-1,-100,-100,-100,3,0,-88,0,-3,0,59,62,157,120,66,286.54,25,22,-2,-1011,evil_twin,evil_twin
1683982065,-1,-100,-100,-100,0,0,-88,0,-3,0,59,62,158,120,66,286.53,25,19,-17,-993,evil_twin,evil_twin
1683982065,-1,-100,-100,-100,0,0,-88,0,-2,0,59,62,158,130,66,286.57,25,32,-14,-997,evil_twin,evil_twin
1683982065,-1,-100,-100,-100,0,0,-88,0,-2,0,59,62,159,130,66,286.52,25,29,-7,-994,evil_twin,evil_twin
1683982065,-1,-100,-100,-100,0,0,-88,0,-2,0,59,62,159,130,66,286.48,26,23,-13,-997,evil_twin,evil_twin
1683982065,-1,-100,-100,-100,0,0,-88,0,-2,0,59,62,160,130,66,286.53,26,20,-16,-1001,evil_twin,evil_twin
1683982065,-1,-100,-100,-100,0,0,-88,0,-2,0,59,62,160,130,66,286.52,26,18,-8,-1000,evil_twin,evil_twin
1683982065,-1,-100,-100,-100,-1,0,-88,0,-2,0,59,62,160,130,66,286.47,26,35,0,-996,evil_twin,evil_twin
1683982066,-1,-100,-100,-100,-3,0,-88,0,-1,0,59,62,160,130,66,286.52,26,17,-11,-998,evil_twin,evil_twin
1683982066,-1,-100,-100,-100,-1,0,-88,0,0,0,59,62,160,130,66,286.53,26,15,-13,-1005,evil_twin,evil_twin
1683982066,-1,-100,-100,-100,0,0,-88,0,0,0,59,62,159,130,66,286.49,26,1,-15,-1004,evil_twin,evil_twin
1683982066,-1,-100,-100,-100,0,0,-88,0,0,0,59,62,160,130,66,286.54,27,5,-14,-991,evil_twin,evil_twin
1683982066,-1,-100,-100,-100,0,0,-88,0,0,0,59,62,160,130,66,286.5,27,2,-16,-991,evil_twin,evil_twin
1683982066,-1,-100,-100,-100,0,0,-88,0,0,0,59,62,159,130,66,286.52,27,9,-14,-1000,evil_twin,evil_twin
1683982066,-1,-100,-100,-100,0,0,-88,0,0,0,60,62,160,130,66,286.52,27,0,-14,-996,evil_twin,evil_twin
1683982066,-1,-100,-100,-100,0,0,-89,0,0,0,60,62,160,130,66,286.56,27,0,-12,-1004,evil_twin,evil_twin
1683982066,-1,-100,-100,-100,0,0,-95,0,0,0,60,62,160,130,66,286.55,27,-1,-11,-993,evil_twin,evil_twin
1683982066,-1,-100,-100,-100,0,0,-101,0,0,0,60,62,159,130,66,286.52,27,1,-14,-999,evil_twin,evil_twin
1683982067,-1,-100,-100,-100,0,0,-101,0,0,0,60,62,159,130,66,286.52,27,1,-14,-999,evil_twin,evil_twin
1683982067,-1,-100,-100,-100,0,0,-107,0,0,0,60,62,159,130,66,286.49,27,1,-16,-997,evil_twin,evil_twin
1683982067,-1,-100,-100,-100,0,0,-113,0,0,0,60,62,159,130,66,286.48,27,3,-13,-1009,evil_twin,evil_twin
1683982067,-1,-100,-100,-100,0,0,-119,0,0,0,60,62,158,130,66,286.47,27,8,-17,-999,evil_twin,evil_twin
1683982067,-1,-100,-100,-100,0,0,-125,0,0,0,60,62,159,130,66,286.53,28,11,-8,-999,evil_twin,evil_twin
1683982067,-1,-100,-100,-100,0,0,-131,0,0,0,60,62,159,130,66,286.56,28,11,-16,-991,evil_twin,evil_twin
1683982067,-1,-100,-100,-100,0,0,-137,0,0,0,60,62,159,130,66,286.6,28,21,-6,-994,evil_twin,evil_twin
1683982067,-1,-100,-100,-100,0,0,-143,0,0,0,60,62,159,130,66,286.52,28,14,-4,-998,evil_twin,evil_twin
1683982067,-1,-100,-100,-100,0,0,-149,0,0,0,60,62,158,130,66,286.5,28,11,-2,-1000,evil_twin,evil_twin
1683982067,-1,-100,-100,-100,0,0,-155,0,0,0,60,62,159,130,66,286.56,28,19,-3,-997,evil_twin,evil_twin
1683982068,-1,-100,-100,-100,0,0,-155,0,0,0,60,62,159,130,66,286.56,28,19,-3,-997,evil_twin,evil_twin
1683982068,-1,-100,-100,-100,0,0,-160,0,0,0,60,62,158,130,66,286.52,28,11,-4,-1000,evil_twin,evil_twin
1683982068,-1,-100,-100,-100,0,0,-164,0,0,0,60,62,158,130,66,286.5,28,4,-2,-997,evil_twin,evil_twin
1683982068,-1,-100,-100,-100,0,0,-168,0,0,0,60,62,157,130,66,286.53,28,13,0,-1008,evil_twin,evil_twin
1683982068,-1,-100,-100,-100,0,0,-170,0,0,0,60,62,157,130,66,286.49,28,3,-6,-1000,evil_twin,evil_twin
1683982068,-1,-100,-100,-100,0,0,-172,0,0,0,60,62,158,120,66,286.46,29,13,-4,-990,evil_twin,evil_twin
1683982068,-1,-100,-100,-100,0,0,-173,0,0,0,60,62,157,120,66,286.51,29,4,0,-1001,evil_twin,evil_twin
1683982068,-1,-100,-100,-100,0,0,-175,0,0,0,60,62,157,120,66,286.49,29,8,-7,-1005,evil_twin,evil_twin
1683982068,-1,-100,-100,-100,0,0,-175,0,0,0,60,63,157,120,66,286.52,29,-1,-1,-1002,evil_twin,evil_twin
1683982068,-1,-100,-100,-100,0,0,-176,0,0,0,60,63,157,120,66,286.47,29,1,6,-999,evil_twin,evil_twin
1683982068,-1,-100,-100,-100,0,0,-176,0,0,0,60,63,156,120,66,286.49,29,8,3,-1001,evil_twin,evil_twin
1683982069,-1,-100,-100,-100,0,0,-176,0,0,0,60,63,156,120,66,286.49,29,8,3,-1001,evil_twin,evil_twin
1683982069,-1,-100,-100,-100,0,0,-176,0,0,0,60,63,157,120,66,286.54,29,0,-4,-1014,evil_twin,evil_twin
1683982069,-1,-100,-100,-100,0,6,-176,0,0,0,60,63,157,120,66,286.56,29,8,5,-990,evil_twin,evil_twin
1683982069,-1,-100,-100,-100,0,7,-176,0,1,0,60,63,158,120,66,286.56,29,12,-6,-1014,evil_twin,evil_twin
1683982069,-1,-100,-100,-100,0,4,-176,0,2,0,60,63,157,120,66,286.55,29,13,-29,-1005,evil_twin,evil_twin
1683982069,-1,-100,-100,-100,0,2,-176,0,3,0,60,63,157,120,66,286.55,30,8,-13,-1008,evil_twin,evil_twin
1683982069,-1,-100,-100,-100,0,0,-176,0,3,0,60,63,157,120,66,286.56,30,10,-19,-1011,evil_twin,evil_twin
1683982069,-1,-100,-100,-100,0,0,-176,0,3,0,60,63,157,120,66,286.51,30,0,-10,-1008,evil_twin,evil_twin
1683982069,-1,-100,-100,-100,0,0,-176,0,3,0,59,63,157,120,66,286.51,30,4,-13,-995,evil_twin,evil_twin
1683982069,-1,-100,-100,-100,0,0,-176,0,2,0,59,63,157,120,66,286.57,30,13,-6,-1008,evil_twin,evil_twin
1683982069,-1,-100,-100,-100,0,0,-176,0,2,0,59,63,157,120,66,286.56,30,-1,-14,-969,evil_twin,evil_twin
1683982069,-1,-100,-100,-100,0,0,-176,0,2,0,59,63,157,130,66,286.56,30,9,-11,-1015,evil_twin,evil_twin
1683982070,-1,-100,-100,-100,0,0,-176,0,2,0,59,63,157,130,66,286.56,30,9,-11,-1015,evil_twin,evil_twin
1683982070,-1,-100,-100,-100,0,0,-176,0,2,0,59,63,158,130,66,286.54,30,9,-13,-1004,evil_twin,evil_twin
1683982070,-1,-100,-100,-100,0,0,-176,0,2,0,59,63,157,130,66,286.57,30,3,-9,-1018,evil_twin,evil_twin
1683982070,-1,-100,-100,-100,0,0,-176,0,2,0,59,63,156,130,66,286.54,30,3,-17,-1001,evil_twin,evil_twin
1683982070,-1,-100,-100,-100,0,0,-176,0,2,0,59,63,156,120,66,286.54,31,3,-9,-999,evil_twin,evil_twin
1683982070,-1,-100,-100,-100,0,-1,-176,0,2,0,59,63,156,120,66,286.5,31,-2,-19,-1025,evil_twin,evil_twin
1683982070,-1,-100,-100,-100,0,-6,-176,0,2,0,59,63,157,120,66,286.56,31,7,-14,-1024,evil_twin,evil_twin
1683982070,-1,-100,-100,-100,0,-3,-176,0,1,0,60,62,156,120,66,286.53,31,-2,-3,-999,evil_twin,evil_twin
1683982070,-1,-100,-100,-100,0,-1,-176,0,0,0,60,62,156,120,66,286.54,31,16,5,-1007,evil_twin,evil_twin
1683982070,-1,-100,-100,-100,0,0,-176,0,0,0,60,62,156,120,66,286.54,31,-4,2,-1010,evil_twin,evil_twin
1683982071,-1,-100,-100,-100,0,0,-176,0,0,0,60,62,156,120,66,286.54,31,-4,2,-1010,evil_twin,evil_twin
1683982071,-1,-100,-100,-100,0,0,-176,0,0,0,60,62,156,120,66,286.55,31,11,14,-996,evil_twin,evil_twin
1683982071,-1,-100,-100,-100,0,-4,-176,0,0,0,60,62,157,120,66,286.53,31,12,-14,-1014,evil_twin,evil_twin
1683982071,-1,-100,-100,-100,0,-8,-176,0,0,0,60,62,157,120,66,286.6,31,15,-4,-1024,evil_twin,evil_twin
1683982071,-1,-100,-100,-100,0,-6,-176,0,-2,0,60,62,156,120,66,286.53,31,14,13,-1012,evil_twin,evil_twin
1683982071,-1,-100,-100,-100,0,-3,-176,0,-3,0,60,62,156,120,66,286.52,32,13,28,-1008,evil_twin,evil_twin
1683982071,-1,-100,-100,-100,0,-1,-176,0,-3,0,60,62,156,120,66,286.47,32,19,9,-978,evil_twin,evil_twin
1683982071,-1,-100,-100,-100,0,0,-176,0,-3,0,60,62,156,120,65,286.55,32,13,21,-996,evil_twin,evil_twin
1683982071,-1,-100,-100,-100,0,0,-176,0,-3,0,60,63,156,120,65,286.55,32,12,7,-996,evil_twin,evil_twin
1683982071,-1,-100,-100,-100,0,0,-176,0,-2,0,60,63,156,120,65,286.58,32,20,23,-1009,evil_twin,evil_twin
1683982071,-1,-100,-100,-100,0,0,-176,0,-2,0,60,63,156,120,65,286.47,32,14,18,-1012,evil_twin,evil_twin
1683982072,-1,-100,-100,-100,0,0,-176,0,-2,0,60,63,156,120,65,286.47,32,14,18,-1012,evil_twin,evil_twin
1683982072,-1,-100,-100,-100,0,0,-176,0,-2,0,60,63,156,120,65,286.47,32,13,14,-985,evil_twin,evil_twin
1683982072,-1,-100,-100,-100,0,0,-176,0,-2,0,60,63,156,120,65,286.54,32,5,24,-1015,evil_twin,evil_twin
1683982072,-1,-100,-100,-100,0,0,-176,0,-2,0,60,63,157,120,65,286.57,32,25,15,-1009,evil_twin,evil_twin
1683982072,-1,-100,-100,-100,0,0,-176,0,-2,0,60,63,157,120,65,286.55,32,11,5,-982,evil_twin,evil_twin
1683982072,-1,-100,-100,-100,0,0,-176,0,-2,0,60,63,157,120,65,286.54,33,15,14,-1010,evil_twin,evil_twin
1683982072,-1,-100,-100,-100,0,0,-176,0,-2,0,60,63,158,120,65,286.54,33,25,22,-1006,evil_twin,evil_twin
1683982072,-1,-100,-100,-100,0,0,-176,0,-2,0,60,63,157,120,65,286.59,33,15,3,-986,evil_twin,evil_twin
1683982072,-1,-100,-100,-100,0,1,-176,0,-1,0,60,63,158,130,65,286.56,33,11,6,-980,evil_twin,evil_twin
1683982072,-1,-100,-100,-100,0,3,-176,0,-1,0,60,63,158,130,65,286.5,33,19,7,-1000,evil_twin,evil_twin
1683982072,-1,-100,-100,-100,0,2,-176,0,0,0,60,63,158,130,65,286.54,33,0,1,-1006,evil_twin,evil_twin
1683982072,-1,-100,-100,-100,0,0,-176,0,0,0,60,63,158,130,65,286.55,33,12,0,-978,evil_twin,evil_twin
1683982073,-1,-100,-100,-100,0,0,-176,0,0,0,60,63,158,130,65,286.55,33,12,0,-978,evil_twin,evil_twin
1683982073,-1,-100,-100,-100,0,0,-176,0,0,0,60,63,158,130,65,286.52,33,22,0,-1016,evil_twin,evil_twin
1683982073,-1,-100,-100,-100,-5,0,-176,0,0,0,60,63,160,130,65,286.51,33,7,5,-1005,evil_twin,evil_twin
1683982073,-1,-100,-100,-100,-6,0,-176,1,0,0,60,63,159,130,65,286.44,33,6,-6,-1003,evil_twin,evil_twin
1683982073,-1,-100,-100,-100,-4,0,-176,2,0,0,60,63,159,130,65,286.54,34,-2,4,-998,evil_twin,evil_twin
1683982073,-1,-100,-100,-100,-2,0,-176,3,0,0,60,63,159,130,65,286.54,34,-9,9,-998,evil_twin,evil_twin
1683982073,-1,-100,-100,-100,0,0,-176,3,0,0,60,63,159,130,65,286.51,34,-4,-1,-991,evil_twin,evil_twin
1683982073,-1,-100,-100,-100,1,0,-176,3,0,0,60,63,159,130,65,286.57,34,-3,19,-1018,evil_twin,evil_twin
1683982073,-1,-100,-100,-100,0,0,-176,3,0,0,60,63,159,130,65,286.55,34,1,0,-1014,evil_twin,evil_twin
1683982073,-1,-100,-100,-100,0,0,-176,2,0,0,60,63,160,130,65,286.52,34,14,3,-976,evil_twin,evil_twin
1683982074,-1,-100,-100,-100,0,0,-176,2,0,0,60,63,160,130,65,286.52,34,14,3,-976,evil_twin,evil_twin
1683982074,-1,-100,-100,-100,0,0,-176,2,0,0,60,63,160,130,65,286.54,34,-16,2,-996,evil_twin,evil_twin
1683982074,-1,-100,-100,-100,0,0,-176,2,0,0,60,63,159,130,65,286.51,34,-9,5,-991,evil_twin,evil_twin
1683982074,-1,-100,-100,-100,0,0,-176,2,0,0,60,63,159,130,65,286.55,34,-11,9,-977,evil_twin,evil_twin
1683982074,-1,-100,-100,-100,0,0,-176,2,0,0,60,63,159,130,65,286.56,34,0,5,-1010,evil_twin,evil_twin
1683982074,-1,-100,-100,-100,0,0,-176,2,0,0,60,63,159,130,65,286.52,35,-4,1,-1013,evil_twin,evil_twin
1683982074,-1,-100,-100,-100,0,0,-176,2,0,0,60,63,159,130,65,286.52,35,-1,-2,-989,evil_twin,evil_twin
1683982074,-1,-100,-100,-100,0,0,-176,2,0,0,60,63,158,130,65,286.49,35,-4,4,-989,evil_twin,evil_twin
1683982074,-1,-100,-100,-100,1,0,-176,2,0,0,60,62,159,130,65,286.49,35,2,3,-1019,evil_twin,evil_twin
1683982074,-1,-100,-100,-100,6,0,-176,1,0,0,60,62,159,130,65,286.51,35,-1,8,-1028,evil_twin,evil_twin
1683982074,-1,-100,-100,-100,3,0,-176,0,0,0,60,62,158,130,65,286.49,35,27,-2,-1012,evil_twin,evil_twin
1683982075,-1,-100,-100,-100,3,0,-176,0,0,0,60,62,158,130,65,286.49,35,27,-2,-1012,evil_twin,evil_twin
1683982075,-1,-100,-100,-100,2,0,-176,0,0,0,60,62,159,130,65,286.48,35,15,-3,-994,evil_twin,evil_twin
1683982075,-1,-100,-100,-100,1,0,-176,0,0,0,60,62,159,130,65,286.5,35,29,-8,-964,evil_twin,evil_twin
1683982075,-1,-100,-100,-100,5,0,-176,0,0,0,60,62,159,130,65,286.57,35,11,-8,-1035,evil_twin,evil_twin
1683982075,-1,-100,-100,-100,8,0,-176,0,0,0,60,62,160,130,65,286.61,35,28,-10,-1015,evil_twin,evil_twin
1683982075,-1,-100,-100,-100,7,0,-176,-2,0,0,60,62,160,130,65,286.58,36,44,-17,-1012,evil_twin,evil_twin
1683982075,-1,-100,-100,-100,4,0,-176,-3,0,0,60,62,158,130,65,286.45,36,29,-18,-999,evil_twin,evil_twin
1683982075,-1,-100,-100,-100,2,0,-176,-3,0,0,60,62,160,130,64,286.54,36,41,-10,-1005,evil_twin,evil_twin
1683982075,-1,-100,-100,-100,0,0,-176,-3,0,0,60,63,160,130,64,286.44,36,35,-13,-995,evil_twin,evil_twin
1683982075,-1,-100,-100,-100,0,0,-176,-2,0,0,60,63,161,130,64,286.54,36,33,-25,-995,evil_twin,evil_twin
1683982075,-1,-100,-100,-100,1,0,-176,-2,0,0,60,63,161,130,64,286.51,36,41,-18,-997,evil_twin,evil_twin
1683982076,-1,-100,-100,-100,1,0,-176,-2,0,0,60,63,161,130,64,286.51,36,41,-18,-997,evil_twin,evil_twin
1683982076,-1,-100,-100,-100,1,0,-176,-2,0,0,60,63,161,130,64,286.55,36,23,-11,-1002,evil_twin,evil_twin
1683982076,-1,-100,-100,-100,1,0,-176,-2,0,0,60,63,161,130,64,286.52,36,35,-4,-997,evil_twin,evil_twin
1683982076,-1,-100,-100,-100,1,0,-176,-2,0,0,60,63,162,130,64,286.47,36,29,-13,-990,evil_twin,evil_twin
1683982076,-1,-100,-100,-100,0,0,-176,-2,0,0,60,63,161,130,64,286.52,37,27,-16,-987,evil_twin,evil_twin
1683982076,-1,-100,-100,-100,0,0,-176,-2,0,0,60,63,162,130,64,286.51,37,23,-9,-986,evil_twin,evil_twin
1683982076,-1,-100,-100,-100,0,0,-176,-2,0,0,60,63,162,130,64,286.48,37,28,-7,-987,evil_twin,evil_twin
1683982076,-1,-100,-100,-100,-1,0,-176,-2,0,0,60,63,162,130,64,286.47,37,24,-7,-1001,evil_twin,evil_twin
1683982076,-1,-100,-100,-100,-3,0,-176,-1,0,0,60,63,162,130,64,286.45,37,39,-8,-1001,evil_twin,evil_twin
1683982076,-1,-100,-100,-100,-1,0,-176,0,0,0,60,63,162,130,64,286.52,37,23,-8,-998,evil_twin,evil_twin
1683982076,-1,-100,-100,-100,0,0,-176,0,0,0,60,63,162,130,64,286.55,37,24,-6,-987,evil_twin,evil_twin
1683982077,-1,-100,-100,-100,0,0,-176,0,0,0,60,63,162,130,64,286.55,37,24,-6,-987,evil_twin,evil_twin
1683982077,-1,-100,-100,-100,0,0,-176,0,0,0,60,63,162,130,64,286.54,37,17,-14,-1001,evil_twin,evil_twin
1683982077,-1,-100,-100,-100,0,0,177,0,0,0,60,63,161,130,64,286.47,37,22,-11,-1004,evil_twin,evil_twin
1683982077,-1,-100,-100,-100,0,0,171,0,0,0,60,63,161,130,64,286.5,37,-14,10,-976,evil_twin,evil_twin
1683982077,-1,-100,-100,-100,0,0,166,0,0,0,60,63,160,130,64,286.5,38,15,-4,-998,evil_twin,evil_twin
1683982077,-1,-100,-100,-100,0,0,160,0,0,0,60,63,160,130,64,286.49,38,6,-5,-979,evil_twin,evil_twin
1683982077,-1,-100,-100,-100,0,0,154,0,0,0,60,63,159,130,64,286.53,38,22,1,-1010,evil_twin,evil_twin
1683982077,-1,-100,-100,-100,1,0,148,0,0,0,60,63,159,130,64,286.5,38,18,-4,-1005,evil_twin,evil_twin
1683982077,-1,-100,-100,-100,1,0,141,0,0,0,60,63,159,130,64,286.5,38,3,-4,-1015,evil_twin,evil_twin
1683982077,-1,-100,-100,-100,1,0,135,0,0,0,60,63,159,130,64,286.54,38,7,2,-1001,evil_twin,evil_twin
1683982077,-1,-100,-100,-100,1,0,129,0,0,0,60,63,158,130,64,286.56,38,12,3,-1002,evil_twin,evil_twin
1683982078,-1,-100,-100,-100,1,0,129,0,0,0,60,63,158,130,64,286.56,38,12,3,-1002,evil_twin,evil_twin
1683982078,-1,-100,-100,-100,0,0,123,0,0,0,60,63,158,130,64,286.47,38,17,2,-1007,evil_twin,evil_twin
1683982078,-1,-100,-100,-100,0,0,117,0,0,0,60,63,159,130,64,286.46,38,18,6,-1008,evil_twin,evil_twin
1683982078,-1,-100,-100,-100,0,0,111,0,0,0,60,63,159,130,64,286.44,38,9,5,-1007,evil_twin,evil_twin
1683982078,-1,-100,-100,-100,0,0,107,0,0,0,60,63,159,130,64,286.54,39,9,8,-1000,evil_twin,evil_twin
1683982078,-1,-100,-100,-100,0,0,103,0,0,0,60,63,160,130,64,286.46,39,6,5,-988,evil_twin,evil_twin
1683982078,-1,-100,-100,-100,0,0,100,0,0,0,60,63,160,130,64,286.45,39,18,-2,-1002,evil_twin,evil_twin
1683982078,-1,-100,-100,-100,0,0,98,0,0,0,60,63,160,130,64,286.5,39,12,6,-995,evil_twin,evil_twin
1683982078,-1,-100,-100,-100,0,0,97,0,0,0,61,63,159,130,64,286.45,39,11,6,-997,evil_twin,evil_twin
1683982078,-1,-100,-100,-100,0,0,95,0,0,0,61,63,161,130,64,286.44,39,9,1,-982,evil_twin,evil_twin
1683982078,-1,-100,-100,-100,0,0,95,0,0,0,61,63,161,130,64,286.51,39,7,2,-1000,evil_twin,evil_twin
1683982079,-1,-100,-100,-100,0,0,95,0,0,0,61,63,161,130,64,286.51,39,7,2,-1000,evil_twin,evil_twin
1683982079,-1,-100,-100,-100,0,0,94,0,0,0,61,63,160,130,64,286.44,39,3,3,-993,evil_twin,evil_twin
1683982079,-1,-100,-100,-100,0,0,94,0,0,0,61,63,161,130,64,286.54,39,13,8,-987,evil_twin,evil_twin
1683982079,-1,-100,-100,-100,0,0,93,0,0,0,61,63,160,130,64,286.5,39,0,4,-1002,evil_twin,evil_twin
1683982079,-1,-100,-100,-100,0,4,93,0,0,0,61,63,161,130,64,286.47,40,5,3,-1007,evil_twin,evil_twin
1683982079,-1,-100,-100,-100,0,7,92,0,0,0,61,63,162,130,64,286.51,40,2,10,-1000,evil_twin,evil_twin
1683982079,-1,-100,-100,-100,0,5,92,2,0,0,61,63,160,130,64,286.48,40,11,0,-1015,evil_twin,evil_twin
1683982079,-1,-100,-100,-100,0,3,92,3,0,0,61,63,161,130,63,286.49,40,4,-15,-1011,evil_twin,evil_twin
1683982079,-1,-100,-100,-100,0,1,91,3,0,0,60,63,161,130,63,286.52,40,14,-8,-996,evil_twin,evil_twin
1683982079,-1,-100,-100,-100,0,0,91,3,0,0,60,63,160,130,63,286.49,40,5,-19,-1004,evil_twin,evil_twin
1683982079,-1,-100,-100,-100,0,0,90,3,0,0,60,63,160,130,63,286.43,40,6,-5,-1000,evil_twin,evil_twin
1683982080,-1,-100,-100,-100,0,0,90,3,0,0,60,63,160,130,63,286.43,40,6,-5,-1000,evil_twin,evil_twin
1683982080,-1,-100,-100,-100,0,0,91,2,0,0,60,63,160,130,63,286.42,40,9,-8,-1007,evil_twin,evil_twin
1683982080,-1,-100,-100,-100,0,0,91,2,0,0,60,63,159,130,63,286.51,40,-2,-9,-1003,evil_twin,evil_twin
1683982080,-1,-100,-100,-100,0,0,91,2,0,0,60,63,160,130,63,286.47,40,15,-5,-1006,evil_twin,evil_twin
1683982080,-1,-100,-100,-100,0,0,91,2,0,0,60,63,160,130,63,286.48,41,-14,-6,-1005,evil_twin,evil_twin
1683982080,-1,-100,-100,-100,0,0,91,2,0,0,60,63,160,130,63,286.47,41,8,-5,-995,evil_twin,evil_twin
1683982080,-1,-100,-100,-100,0,0,91,2,0,0,60,63,159,130,63,286.43,41,-5,-7,-987,evil_twin,evil_twin
1683982080,-1,-100,-100,-100,0,0,91,2,0,0,60,63,158,130,63,286.51,41,-2,-9,-1005,evil_twin,evil_twin
1683982080,-1,-100,-100,-100,0,0,91,2,0,0,60,63,158,130,63,286.46,41,-3,-7,-1007,evil_twin,evil_twin
1683982080,-1,-100,-100,-100,0,0,91,2,0,0,60,63,158,130,63,286.51,41,8,-4,-1000,evil_twin,evil_twin
1683982080,-1,-100,-100,-100,0,-2,91,2,0,0,60,63,158,130,63,286.49,41,-3,6,-965,evil_twin,evil_twin
1683982081,-1,-100,-100,-100,0,-2,91,2,0,0,60,63,158,130,63,286.49,41,-3,6,-965,evil_twin,evil_twin
1683982081,-1,-100,-100,-100,0,-5,91,1,0,0,60,63,159,130,63,286.51,41,6,-7,-1040,evil_twin,evil_twin
1683982081,-1,-100,-100,-100,0,-2,91,0,0,0,60,63,158,130,63,286.49,41,-10,13,-996,evil_twin,evil_twin
1683982081,-1,-100,-100,-100,0,-1,91,0,0,0,60,63,157,130,63,286.42,41,-17,11,-988,evil_twin,evil_twin
1683982081,-1,-100,-100,-100,0,-4,91,0,0,0,60,63,158,130,63,286.4,42,2,4,-972,evil_twin,evil_twin
1683982081,-1,-100,-100,-100,0,-7,91,-2,0,0,60,63,160,130,63,286.45,42,2,15,-1022,evil_twin,evil_twin
1683982081,-1,-100,-100,-100,0,-4,91,-3,0,0,60,63,160,130,63,286.43,42,9,24,-1004,evil_twin,evil_twin
1683982081,-1,-100,-100,-100,0,-2,91,-3,0,0,61,63,158,130,63,286.39,42,-1,30,-1010,evil_twin,evil_twin
1683982081,-1,-100,-100,-100,0,0,91,-3,0,0,61,63,159,130,63,286.41,42,2,29,-997,evil_twin,evil_twin
1683982081,-1,-100,-100,-100,0,0,91,-3,0,0,61,63,157,130,63,286.47,42,7,22,-992,evil_twin,evil_twin
1683982082,-1,-100,-100,-100,0,0,91,-3,0,0,61,63,157,130,63,286.47,42,7,22,-992,evil_twin,evil_twin
1683982082,-1,-100,-100,-100,0,0,91,-3,0,0,61,63,157,130,63,286.44,42,3,21,-995,evil_twin,evil_twin
1683982082,-1,-100,-100,-100,0,0,91,-2,0,0,61,63,157,120,63,286.41,42,-8,22,-1005,evil_twin,evil_twin
1683982082,-1,-100,-100,-100,0,0,91,-2,0,0,61,63,156,120,63,286.39,42,-4,25,-999,evil_twin,evil_twin
1683982082,-1,-100,-100,-100,0,-1,91,-2,0,0,61,63,156,120,63,286.44,43,-4,17,-1010,evil_twin,evil_twin
1683982082,-1,-100,-100,-100,0,0,91,-2,0,0,61,63,156,120,63,286.4,43,6,20,-1013,evil_twin,evil_twin
1683982082,-1,-100,-100,-100,0,0,91,-2,0,0,61,63,156,120,63,286.42,43,-6,15,-1007,evil_twin,evil_twin
1683982082,-1,-100,-100,-100,0,0,91,-2,0,0,61,63,156,120,63,286.34,43,8,20,-999,evil_twin,evil_twin
1683982082,-1,-100,-100,-100,0,0,91,-2,0,0,60,63,157,120,63,286.42,43,-5,13,-1001,evil_twin,evil_twin
1683982082,-1,-100,-100,-100,0,2,91,-2,0,0,60,63,156,120,63,286.37,43,-9,8,-1014,evil_twin,evil_twin
1683982082,-1,-100,-100,-100,0,4,91,-1,0,0,60,63,156,120,63,286.42,43,6,21,-987,evil_twin,evil_twin
1683982083,-1,-100,-100,-100,0,4,91,-1,0,0,60,63,156,120,63,286.42,43,6,21,-987,evil_twin,evil_twin
1683982083,-1,-100,-100,-100,0,1,91,0,0,0,60,63,156,120,63,286.37,43,0,16,-1004,evil_twin,evil_twin
1683982083,-1,-100,-100,-100,0,0,91,0,0,0,60,63,156,120,63,286.46,43,9,0,-1003,evil_twin,evil_twin
1683982083,-1,-100,-100,-100,0,0,91,0,0,0,60,63,157,120,63,286.39,43,0,3,-996,evil_twin,evil_twin
1683982083,-1,-100,-100,-100,0,0,91,0,0,0,60,63,156,120,63,286.39,44,0,0,-1007,evil_twin,evil_twin
1683982083,-1,-100,-100,-100,-1,0,91,0,0,0,60,63,156,120,63,286.43,44,-15,5,-1027,evil_twin,evil_twin
1683982083,-1,-100,-100,-100,-7,0,91,0,0,0,60,63,158,120,63,286.31,44,8,0,-977,evil_twin,evil_twin
1683982083,-1,-100,-100,-100,-6,0,91,0,-1,0,60,63,157,120,63,286.38,44,-4,6,-1005,evil_twin,evil_twin
1683982083,-1,-100,-100,-100,-4,0,91,0,-2,0,61,63,157,120,63,286.32,44,-7,8,-1011,evil_twin,evil_twin
1683982083,-1,-100,-100,-100,-2,0,91,0,-3,0,61,63,157,120,63,286.46,44,-20,9,-1001,evil_twin,evil_twin
1683982083,-1,-100,-100,-100,0,0,91,0,-3,0,61,63,156,120,63,286.43,44,-30,11,-990,evil_twin,evil_twin
1683982084,-1,-100,-100,-100,0,0,91,0,-3,0,61,63,156,120,63,286.43,44,-30,11,-990,evil_twin,evil_twin
1683982084,-1,-100,-100,-100,0,0,91,0,-2,0,61,63,158,120,63,286.42,44,-21,12,-1006,evil_twin,evil_twin
1683982084,-1,-100,-100,-100,0,0,91,0,-2,0,61,63,157,120,63,286.4,44,-33,7,-991,evil_twin,evil_twin
1683982084,-1,-100,-100,-100,-1,0,91,0,-2,0,61,63,158,120,63,286.42,45,-13,11,-1003,evil_twin,evil_twin
1683982084,-1,-100,-100,-100,-1,0,91,0,-2,0,61,63,158,130,63,286.39,45,-17,5,-997,evil_twin,evil_twin
1683982084,-1,-100,-100,-100,-1,0,91,0,-2,0,61,63,158,130,62,286.4,45,-25,11,-1000,evil_twin,evil_twin
1683982084,-1,-100,-100,-100,-1,0,91,0,-2,0,61,63,158,130,62,286.46,45,-22,17,-1016,evil_twin,evil_twin
1683982084,-1,-100,-100,-100,0,0,91,0,-2,0,60,63,157,130,62,286.44,45,-26,20,-1010,evil_twin,evil_twin
1683982084,-1,-100,-100,-100,0,0,91,0,-2,0,60,63,158,130,62,286.51,45,-33,15,-994,evil_twin,evil_twin
1683982084,-1,-100,-100,-100,0,0,91,0,-2,0,60,63,159,130,62,286.45,45,-14,14,-994,evil_twin,evil_twin
1683982085,-1,-100,-100,-100,0,0,91,0,-2,0,60,63,159,130,62,286.45,45,-14,14,-994,evil_twin,evil_twin
1683982087,-1,-100,-100,-100,0,0,91,0,2,0,60,63,162,130,62,286.5,47,10,13,-999,evil_twin,evil_twin
1683982087,-1,-100,-100,-100,-4,0,91,0,1,0,60,63,163,130,62,286.45,47,5,8,-985,evil_twin,evil_twin
1683982087,-1,-100,-100,-100,-3,0,91,0,1,0,60,63,163,130,62,286.45,47,1,14,-996,evil_twin,evil_twin
1683982087,-1,-100,-100,-100,-1,0,91,0,0,0,60,63,161,130,62,286.41,48,10,3,-984,evil_twin,evil_twin
1683982087,-1,-100,-100,-100,-1,0,91,0,0,0,60,63,162,130,62,286.41,48,6,19,-1016,evil_twin,evil_twin
1683982087,-1,-100,-100,-100,0,0,89,0,0,0,60,63,161,130,62,286.45,48,-14,12,-997,evil_twin,evil_twin
1683982087,-1,-100,-100,-100,0,0,83,0,0,0,60,63,162,130,62,286.44,48,1,6,-1001,evil_twin,evil_twin
1683982087,-1,-100,-100,-100,0,0,78,0,0,0,61,63,161,130,62,286.4,48,12,6,-994,evil_twin,evil_twin
1683982088,-1,-100,-100,-100,0,0,60,0,0,0,61,63,161,130,62,286.41,48,8,2,-985,evil_twin,evil_twin
1683982088,-1,-100,-100,-100,0,0,54,0,0,0,61,63,162,130,62,286.4,48,-5,10,-984,evil_twin,evil_twin
1683982088,-1,-100,-100,-100,0,0,48,0,0,0,61,63,161,130,62,286.49,48,-13,9,-1022,evil_twin,evil_twin
1683982088,-1,-100,-100,-100,0,0,42,0,0,0,61,63,162,130,62,286.43,49,-6,2,-1002,evil_twin,evil_twin
1683982088,-1,-100,-100,-100,0,0,36,0,0,0,61,63,162,130,62,286.45,49,-18,0,-995,evil_twin,evil_twin
1683982088,-1,-100,-100,-100,0,0,30,0,0,0,61,63,162,130,62,286.4,49,-28,8,-1001,evil_twin,evil_twin
1683982088,-1,-100,-100,-100,0,0,24,0,0,0,61,63,161,130,62,286.4,49,-12,3,-996,evil_twin,evil_twin
1683982088,-1,-100,-100,-100,0,0,19,0,0,0,61,64,162,130,62,286.41,49,12,-9,-998,evil_twin,evil_twin
1683982088,-1,-100,-100,-100,0,0,14,0,0,0,61,64,162,130,62,286.43,49,-9,-6,-1002,evil_twin,evil_twin
1683982089,-1,-100,-100,-100,0,0,14,0,0,0,61,64,162,130,62,286.43,49,-9,-6,-1002,evil_twin,evil_twin
1683982089,-1,-100,-100,-100,0,0,11,0,0,0,61,64,161,130,62,286.48,49,0,-8,-999,evil_twin,evil_twin
1683982089,-1,-100,-100,-100,0,0,9,0,0,0,61,64,162,130,62,286.42,49,0,-7,-998,evil_twin,evil_twin
1683982089,-1,-100,-100,-100,0,0,7,0,0,0,61,64,161,130,62,286.47,49,-15,-13,-987,evil_twin,evil_twin
1683982089,-1,-100,-100,-100,0,0,5,0,0,0,61,64,160,130,62,286.41,49,0,-2,-1002,evil_twin,evil_twin
1683982089,-1,-100,-100,-100,0,0,4,0,0,0,61,64,159,130,62,286.38,50,0,-11,-1000,evil_twin,evil_twin
1683982089,-1,-100,-100,-100,0,0,4,0,0,0,61,64,160,130,62,286.43,50,-7,2,-1001,evil_twin,evil_twin
1683982089,-1,-100,-100,-100,0,0,2,0,0,0,61,64,159,130,62,286.37,50,-5,-9,-989,evil_twin,evil_twin
1683982089,-1,-100,-100,-100,0,0,2,0,0,0,60,63,160,130,62,286.35,50,-10,-10,-1001,evil_twin,evil_twin
1683982089,-1,-100,-100,-100,0,1,2,0,0,0,60,63,160,130,62,286.4,50,-4,-12,-990,evil_twin,evil_twin
1683982090,-1,-100,-100,-100,0,7,2,0,0,0,60,63,162,130,62,286.45,50,-15,-4,-1009,evil_twin,evil_twin
1683982090,-1,-100,-100,-100,0,7,2,0,-1,0,60,63,161,130,62,286.44,50,-18,-8,-1006,evil_twin,evil_twin
1683982090,-1,-100,-100,-100,0,4,2,0,-2,0,60,63,160,130,62,286.32,50,-5,-27,-1005,evil_twin,evil_twin
1683982090,-1,-100,-100,-100,-1,2,2,0,-3,0,60,63,160,130,62,286.43,50,-6,-29,-992,evil_twin,evil_twin
1683982090,-1,-100,-100,-100,-1,0,2,0,-3,0,60,63,161,130,62,286.43,51,-20,-26,-1000,evil_twin,evil_twin
1683982090,-1,-100,-100,-100,0,0,2,0,-3,0,60,63,161,130,62,286.47,51,-5,-24,-993,evil_twin,evil_twin
1683982090,-1,-100,-100,-100,0,0,2,0,-2,0,60,63,161,130,61,286.4,51,-15,-21,-995,evil_twin,evil_twin
1683982090,-1,-100,-100,-100,0,0,2,0,-2,0,60,63,161,130,61,286.41,51,-24,-16,-994,evil_twin,evil_twin
1683982091,-1,-100,-100,-100,0,1,2,0,-2,0,61,64,160,130,61,286.43,51,-16,-19,-986,evil_twin,evil_twin
1683982091,-1,-100,-100,-100,0,1,2,0,-2,0,61,64,159,130,61,286.39,51,-5,-13,-1004,evil_twin,evil_twin
1683982091,-1,-100,-100,-100,0,0,2,0,-2,0,61,64,159,130,61,286.44,51,-19,-13,-991,evil_twin,evil_twin
1683982091,-1,-100,-100,-100,0,0,2,0,-2,0,61,64,159,130,61,286.35,52,-12,-16,-1006,evil_twin,evil_twin
1683982091,-1,-100,-100,-100,0,0,2,0,-2,0,61,64,159,130,61,286.45,52,-17,0,-978,evil_twin,evil_twin
1683982091,-1,-100,-100,-100,0,-5,2,0,-2,0,61,64,156,130,61,286.44,52,-14,-16,-1042,evil_twin,evil_twin
1683982091,-1,-100,-100,-100,0,-4,2,0,-1,0,61,64,157,130,61,286.37,52,-7,-2,-1006,evil_twin,evil_twin
1683982091,-1,-100,-100,-100,0,-1,2,0,0,0,61,63,156,120,61,286.37,52,-11,0,-1002,evil_twin,evil_twin
1683982091,-1,-100,-100,-100,0,0,2,0,0,0,61,63,157,120,61,286.3,52,0,16,-990,evil_twin,evil_twin
1683982092,-1,-100,-100,-100,0,0,2,0,0,0,61,63,157,120,61,286.3,52,0,16,-990,evil_twin,evil_twin
1683982092,-1,-100,-100,-100,0,-4,2,0,0,0,61,63,148,120,61,286.35,52,-23,-2,-1024,evil_twin,evil_twin
1683982092,-1,-100,-100,-100,0,-8,2,0,0,0,61,63,149,120,61,286.37,52,-14,4,-1007,evil_twin,evil_twin
1683982092,-1,-100,-100,-100,0,-6,2,0,2,0,61,63,155,120,61,286.38,52,-21,10,-1017,evil_twin,evil_twin
1683982092,-1,-100,-100,-100,0,-3,2,0,3,0,61,63,156,120,61,286.34,52,-8,18,-1015,evil_twin,evil_twin
1683982092,-1,-100,-100,-100,0,-1,2,0,3,0,61,63,155,120,61,286.35,53,-14,18,-1007,evil_twin,evil_twin
1683982092,-1,-100,-100,-100,0,0,2,0,3,0,61,63,155,120,61,286.36,53,-17,19,-998,evil_twin,evil_twin
1683982092,-1,-100,-100,-100,0,0,2,0,3,0,61,63,155,120,61,286.38,53,-10,12,-1012,evil_twin,evil_twin
1683982092,-1,-100,-100,-100,0,0,2,0,2,0,61,63,155,120,61,286.39,53,-5,12,-1012,evil_twin,evil_twin
1683982093,-1,-100,-100,-100,0,0,2,0,2,0,60,64,155,120,61,286.35,53,-3,13,-996,evil_twin,evil_twin
1683982093,-1,-100,-100,-100,0,0,2,0,2,0,60,64,156,120,61,286.34,53,-8,7,-1007,evil_twin,evil_twin
1683982093,-1,-100,-100,-100,0,0,2,0,2,0,60,64,157,120,61,286.45,53,-27,10,-1000,evil_twin,evil_twin
1683982093,-1,-100,-100,-100,0,0,2,0,2,0,60,64,157,120,61,286.49,53,0,9,-1010,evil_twin,evil_twin
1683982093,-1,-100,-100,-100,0,0,2,0,2,0,60,64,157,120,61,286.39,53,-14,2,-1013,evil_twin,evil_twin
1683982093,-1,-100,-100,-100,0,0,2,0,2,0,60,64,157,120,61,286.41,54,-5,-2,-997,evil_twin,evil_twin
1683982093,-1,-100,-100,-100,0,3,2,0,2,0,60,64,158,120,61,286.37,54,-11,18,-976,evil_twin,evil_twin
1683982093,-1,-100,-100,-100,0,5,2,0,1,0,60,64,158,130,61,286.35,54,-15,0,-1005,evil_twin,evil_twin
1683982093,-1,-100,-100,-100,0,2,3,0,0,0,60,64,158,130,61,286.39,54,-25,-1,-1011,evil_twin,evil_twin
1683982093,-1,-100,-100,-100,0,1,3,0,0,0,60,63,159,130,61,286.35,54,-15,-6,-1006,evil_twin,evil_twin
1683982093,-1,-100,-100,-100,0,1,3,0,0,0,60,63,158,130,61,286.4,54,-19,-13,-1017,evil_twin,evil_twin
1683982094,-1,-100,-100,-100,0,1,3,0,0,0,60,63,158,130,61,286.4,54,-19,-13,-1017,evil_twin,evil_twin
1683982094,-1,-100,-100,-100,-3,0,3,0,0,0,60,63,160,130,61,286.3,54,-1,-10,-982,evil_twin,evil_twin
1683982094,-1,-100,-100,-100,-8,0,2,0,0,0,60,63,160,130,61,286.26,54,-11,-9,-1000,evil_twin,evil_twin
1683982094,-1,-100,-100,-100,-6,0,2,-2,0,0,60,63,161,130,61,286.33,54,-22,1,-1010,evil_twin,evil_twin
1683982094,-1,-100,-100,-100,-4,0,3,-3,0,0,60,63,160,130,61,286.32,54,-34,5,-989,evil_twin,evil_twin
1683982094,-1,-100,-100,-100,0,0,3,-3,0,0,60,63,160,130,61,286.3,55,-34,-1,-991,evil_twin,evil_twin
1683982094,-1,-100,-100,-100,0,0,3,-3,0,0,60,63,160,130,61,286.29,55,-25,-14,-989,evil_twin,evil_twin
1683982094,-1,-100,-100,-100,0,0,3,-2,0,0,60,63,160,130,61,286.34,55,-34,-2,-981,evil_twin,evil_twin
1683982094,-1,-100,-100,-100,-1,0,3,-2,0,0,60,63,161,130,61,286.35,55,-33,2,-997,evil_twin,evil_twin
1683982095,-1,-100,-100,-100,-1,0,2,-2,0,0,60,63,159,130,61,286.29,55,-24,-1,-1005,evil_twin,evil_twin
1683982095,-1,-100,-100,-100,0,0,2,-2,0,0,60,63,160,130,61,286.25,55,-28,0,-994,evil_twin,evil_twin
1683982095,-1,-100,-100,-100,-1,0,2,-2,0,0,60,63,160,130,61,286.25,55,-38,14,-1022,evil_twin,evil_twin
1683982095,-1,-100,-100,-100,0,0,2,-2,0,0,60,63,159,130,61,286.37,56,-24,-9,-981,evil_twin,evil_twin
1683982095,-1,-100,-100,-100,1,0,2,-2,0,0,60,63,159,130,61,286.28,56,-21,4,-1020,evil_twin,evil_twin
1683982095,-1,-100,-100,-100,4,0,2,-1,0,0,60,63,160,130,61,286.31,56,-36,3,-1009,evil_twin,evil_twin
1683982095,-1,-100,-100,-100,2,0,2,0,0,0,60,63,160,130,60,286.34,56,-23,4,-1008,evil_twin,evil_twin
1683982095,-1,-100,-100,-100,1,0,2,0,0,0,61,63,159,130,60,286.37,56,-23,11,-1013,evil_twin,evil_twin
1683982095,-1,-100,-100,-100,7,0,2,0,0,0,61,63,159,130,60,286.37,56,-5,7,-990,evil_twin,evil_twin
1683982096,-1,-100,-100,-100,7,0,2,0,0,0,61,63,159,130,60,286.37,56,-5,7,-990,evil_twin,evil_twin
1683982096,-1,-100,-100,-100,7,0,2,1,0,0,61,63,159,130,60,286.39,56,-5,4,-974,evil_twin,evil_twin
1683982096,-1,-100,-100,-100,4,0,2,2,0,0,61,63,159,130,60,286.38,56,-23,4,-1037,evil_twin,evil_twin
1683982096,-1,-100,-100,-100,2,0,2,3,0,0,61,63,158,130,60,286.37,56,-4,-6,-1028,evil_twin,evil_twin
1683982096,-1,-100,-100,-100,0,0,2,3,0,0,61,63,158,130,60,286.37,57,-9,2,-1034,evil_twin,evil_twin
1683982096,-1,-100,-100,-100,0,0,2,3,0,0,61,63,159,130,60,286.44,57,22,-12,-987,evil_twin,evil_twin
1683982096,-1,-100,-100,-100,0,0,2,2,0,0,61,63,159,130,60,286.38,57,7,-1,-990,evil_twin,evil_twin
1683982096,-1,-100,-100,-100,0,0,2,2,0,0,61,63,158,130,60,286.41,57,9,-3,-992,evil_twin,evil_twin
1683982096,-1,-100,-100,-100,0,-1,2,2,0,0,61,64,158,130,60,286.3,57,5,-3,-1008,evil_twin,evil_twin
1683982097,-1,-100,-100,-100,0,-1,2,2,0,0,61,64,158,130,60,286.3,57,5,-3,-1008,evil_twin,evil_twin
1683982097,-1,-100,-100,-100,0,0,2,2,0,0,61,64,158,130,60,286.41,57,6,-8,-1004,evil_twin,evil_twin
1683982097,-1,-100,-100,-100,0,0,2,2,0,0,61,64,158,130,60,286.39,57,16,0,-1003,evil_twin,evil_twin
1683982097,-1,-100,-100,-100,0,0,2,2,0,0,61,64,158,130,60,286.37,58,13,-11,-994,evil_twin,evil_twin
1683982097,-1,-100,-100,-100,-1,0,2,2,0,0,61,64,158,130,60,286.39,58,1,4,-1012,evil_twin,evil_twin
1683982097,-1,-100,-100,-100,-2,0,2,1,0,0,61,64,158,130,60,286.35,58,-6,-4,-1004,evil_twin,evil_twin
1683982097,-1,-100,-100,-100,-4,0,2,1,0,0,61,64,158,130,60,286.33,58,12,6,-993,evil_twin,evil_twin
1683982097,-1,-100,-100,-100,-2,0,2,0,0,0,61,64,158,130,60,286.31,58,-7,-2,-992,evil_twin,evil_twin
1683982097,-1,-100,-100,-100,-1,0,2,0,0,0,61,63,159,130,60,286.33,58,-6,0,-995,evil_twin,evil_twin
1683982097,-1,-100,-100,-100,0,0,2,0,0,0,61,63,159,130,60,286.33,58,-27,36,-1009,evil_twin,evil_twin
1683982098,-1,-100,-100,-100,0,0,2,0,0,0,61,63,159,130,60,286.33,58,-27,36,-1009,evil_twin,evil_twin
1683982098,-1,-100,-100,-100,0,0,-3,0,0,0,61,63,158,130,60,286.29,58,-7,5,-996,evil_twin,evil_twin
1683982098,-1,-100,-100,-100,0,0,-16,0,0,0,61,63,159,130,60,286.25,58,-11,8,-1008,evil_twin,evil_twin
1683982098,-1,-100,-100,-100,0,0,-22,0,0,0,61,63,158,130,60,286.34,59,-9,-1,-1009,evil_twin,evil_twin
1683982098,-1,-100,-100,-100,0,0,-35,0,0,0,61,63,159,130,60,286.32,59,-4,-3,-1003,evil_twin,evil_twin
1683982098,-1,-100,-100,-100,0,0,-41,0,0,0,61,63,159,130,60,286.41,59,-6,0,-998,evil_twin,evil_twin
1683982098,-1,-100,-100,-100,0,0,-54,0,0,0,60,64,159,130,60,286.32,59,-4,0,-995,evil_twin,evil_twin
1683982098,-1,-100,-100,-100,0,0,-60,0,0,0,60,64,159,130,60,286.29,59,-22,4,-997,evil_twin,evil_twin
1683982099,-1,-100,-100,-100,0,0,-60,0,0,0,60,64,159,130,60,286.29,59,-22,4,-997,evil_twin,evil_twin
1683982099,-1,-100,-100,-100,0,0,-80,0,0,0,60,64,158,130,60,286.4,60,-5,-13,-1003,evil_twin,evil_twin
1683982099,-1,-100,-100,-100,0,0,-81,0,0,0,60,64,158,130,60,286.36,60,-3,-8,-1003,evil_twin,evil_twin
1683982099,-1,-100,-100,-100,0,0,-83,0,0,0,60,64,159,130,60,286.38,60,-2,-8,-995,evil_twin,evil_twin
1683982099,-1,-100,-100,-100,0,0,-84,0,0,0,60,64,158,130,60,286.37,60,6,-6,-1005,evil_twin,evil_twin
1683982099,-1,-100,-100,-100,0,0,-84,0,0,0,61,64,158,130,60,286.38,60,-18,-2,-994,evil_twin,evil_twin
1683982100,-1,-100,-100,-100,0,0,-85,0,0,0,61,64,159,130,60,286.3,60,-1,-4,-1011,evil_twin,evil_twin
1683982100,-1,-100,-100,-100,0,0,-85,0,0,0,61,64,158,120,60,286.37,60,-7,-10,-1007,evil_twin,evil_twin
1683982100,-1,-100,-100,-100,-1,8,-85,-1,0,0,61,64,159,120,60,286.37,60,2,-12,-986,evil_twin,evil_twin
1683982100,-1,-100,-100,-100,0,6,-85,-2,0,0,61,64,158,120,60,286.38,61,-2,-22,-1012,evil_twin,evil_twin
1683982100,-1,-100,-100,-100,0,3,-85,-3,0,0,61,64,158,120,60,286.45,61,-5,-27,-1022,evil_twin,evil_twin
1683982100,-1,-100,-100,-100,0,2,-85,-3,0,0,61,64,158,120,60,286.42,61,-19,-14,-1026,evil_twin,evil_twin
1683982100,-1,-100,-100,-100,0,0,-85,-3,0,0,61,64,159,120,60,286.39,61,0,-33,-1002,evil_twin,evil_twin
1683982100,-1,-100,-100,-100,0,0,-85,-3,0,0,61,64,158,120,60,286.38,61,-8,-28,-992,evil_twin,evil_twin
1683982100,-1,-100,-100,-100,0,0,-85,-2,0,0,61,64,159,130,60,286.34,61,-3,-22,-1008,evil_twin,evil_twin
1683982101,-1,-100,-100,-100,0,0,-85,-2,0,0,61,64,159,130,60,286.36,61,-8,-19,-992,evil_twin,evil_twin
1683982101,-1,-100,-100,-100,0,0,-85,-2,0,0,61,64,160,130,60,286.34,61,-3,-18,-987,evil_twin,evil_twin
1683982101,-1,-100,-100,-100,0,0,-85,-2,0,0,61,64,160,130,60,286.38,61,-1,-20,-994,evil_twin,evil_twin
1683982101,-1,-100,-100,-100,0,0,-85,-2,0,0,61,64,160,130,60,286.39,62,-2,-19,-994,evil_twin,evil_twin
1683982101,-1,-100,-100,-100,0,0,-85,-2,0,0,61,64,160,130,60,286.34,62,7,-22,-981,evil_twin,evil_twin
1683982101,-1,-100,-100,-100,0,0,-85,-2,0,0,61,64,161,130,60,286.33,62,-6,-25,-1008,evil_twin,evil_twin
1683982101,-1,-100,-100,-100,0,0,-85,-2,0,0,61,64,161,130,60,286.34,62,-8,-24,-995,evil_twin,evil_twin
1683982101,-1,-100,-100,-100,0,-4,-85,-1,0,0,61,64,162,130,60,286.37,62,6,-29,-1034,evil_twin,evil_twin
1683982101,-1,-100,-100,-100,0,-3,-85,0,0,0,61,63,160,130,60,286.34,62,2,-16,-1005,evil_twin,evil_twin
1683982102,-1,-100,-100,-100,0,0,-85,0,0,0,61,63,159,130,60,286.39,62,3,-8,-1017,evil_twin,evil_twin
1683982102,-1,-100,-100,-100,0,0,-85,0,0,0,61,63,160,130,60,286.35,62,3,-9,-1001,evil_twin,evil_twin
1683982102,-1,-100,-100,-100,0,-3,-85,0,0,0,61,63,160,130,60,286.37,62,8,0,-1007,evil_twin,evil_twin
1683982102,-1,-100,-100,-100,0,-7,-85,1,0,0,61,63,161,130,60,286.4,62,4,-9,-1021,evil_twin,evil_twin
1683982102,-1,-100,-100,-100,0,-5,-85,2,0,0,61,63,161,130,60,286.33,63,1,-6,-1003,evil_twin,evil_twin
1683982102,-1,-100,-100,-100,0,-1,-85,3,0,0,61,63,159,130,60,286.31,63,6,4,-1005,evil_twin,evil_twin
1683982102,-1,-100,-100,-100,0,0,-85,3,0,0,61,63,158,130,60,286.36,63,3,14,-999,evil_twin,evil_twin
1683982102,-1,-100,-100,-100,0,1,-85,3,0,0,61,63,158,130,60,286.3,63,3,5,-1004,evil_twin,evil_twin
1683982102,-1,-100,-100,-100,0,0,-85,2,0,0,61,63,157,130,60,286.33,63,11,2,-986,evil_twin,evil_twin
1683982102,-1,-100,-100,-100,0,0,-85,2,0,0,61,63,157,130,60,286.35,63,13,1,-1003,evil_twin,evil_twin
1683982103,-1,-100,-100,-100,0,0,-85,2,0,0,61,63,155,120,60,286.31,63,3,8,-1012,evil_twin,evil_twin
1683982103,-1,-100,-100,-100,0,0,-85,2,0,0,61,63,156,120,60,286.25,63,0,3,-991,evil_twin,evil_twin
1683982103,-1,-100,-100,-100,0,0,-85,2,0,0,61,63,155,120,60,286.28,63,-4,7,-1015,evil_twin,evil_twin
1683982103,-1,-100,-100,-100,0,0,-85,2,0,0,61,63,155,120,60,286.31,64,9,5,-1005,evil_twin,evil_twin
1683982103,-1,-100,-100,-100,0,0,-85,2,0,0,61,63,153,120,60,286.33,64,-3,8,-1020,evil_twin,evil_twin
1683982103,-1,-100,-100,-100,0,4,-85,1,0,0,61,63,154,120,59,286.31,64,7,-5,-1000,evil_twin,evil_twin
1683982103,-1,-100,-100,-100,-2,2,-85,0,0,0,61,63,154,120,59,286.29,64,4,-8,-1024,evil_twin,evil_twin
1683982104,-1,-100,-100,-100,2,1,-85,0,0,0,61,63,154,120,59,286.33,64,-21,-1,-1021,evil_twin,evil_twin
1683982104,-1,-100,-100,-100,0,0,-85,0,0,0,61,63,156,120,59,286.25,64,-13,-16,-1025,evil_twin,evil_twin
1683982104,-1,-100,-100,-100,-5,0,-85,0,0,0,61,63,157,120,59,286.32,65,2,-3,-990,evil_twin,evil_twin
1683982104,-1,-100,-100,-100,-6,0,-85,0,1,0,61,63,156,120,59,286.31,65,-13,-3,-995,evil_twin,evil_twin
1683982104,-1,-100,-100,-100,-4,0,-85,0,2,0,61,63,156,120,59,286.3,65,-5,-8,-1004,evil_twin,evil_twin
1683982104,-1,-100,-100,-100,-2,0,-85,0,3,0,61,63,157,120,59,286.32,65,-10,-4,-987,evil_twin,evil_twin
1683982104,-1,-100,-100,-100,0,0,-85,0,3,0,61,63,157,120,59,286.35,65,-22,-5,-1000,evil_twin,evil_twin
1683982104,-1,-100,-100,-100,0,0,-85,0,3,0,61,64,156,120,59,286.35,65,0,0,-991,evil_twin,evil_twin
1683982104,-1,-100,-100,-100,0,0,-85,0,2,0,61,64,157,130,59,286.37,65,-11,-6,-998,evil_twin,evil_twin
1683982105,-1,-100,-100,-100,0,0,-85,0,2,0,61,64,157,130,59,286.37,65,-11,-6,-998,evil_twin,evil_twin
1683982105,-1,-100,-100,-100,0,0,-85,0,2,0,61,64,156,130,59,286.28,65,-15,-11,-1002,evil_twin,evil_twin
1683982105,-1,-100,-100,-100,0,0,-85,0,2,0,61,64,157,130,59,286.34,65,-15,-16,-1002,evil_twin,evil_twin
1683982105,-1,-100,-100,-100,-1,0,-85,0,2,0,61,64,158,130,59,286.3,65,-18,-20,-1012,evil_twin,evil_twin
1683982105,-1,-100,-100,-100,-1,0,-85,0,2,0,61,64,158,130,59,286.3,66,-29,-13,-1004,evil_twin,evil_twin
1683982105,-1,-100,-100,-100,0,0,-85,0,2,0,61,64,157,130,59,286.3,66,-21,-17,-994,evil_twin,evil_twin
1683982105,-1,-100,-100,-100,0,0,-85,0,2,0,61,64,157,130,59,286.29,66,-9,-12,-985,evil_twin,evil_twin
1683982105,-1,-100,-100,-100,0,0,-85,0,2,0,61,64,158,130,59,286.31,66,-3,-15,-993,evil_twin,evil_twin
1683982105,-1,-100,-100,-100,0,0,-85,0,2,0,61,64,157,130,59,286.32,66,-10,-15,-1008,evil_twin,evil_twin
1683982105,-1,-100,-100,-100,0,0,-85,0,2,0,61,63,157,130,59,286.25,66,-9,-7,-1009,evil_twin,evil_twin
1683982105,-1,-100,-100,-100,0,0,-85,0,1,0,61,63,157,130,59,286.28,66,-8,-11,-984,evil_twin,evil_twin
1683982106,-1,-100,-100,-100,0,0,-85,0,1,0,61,63,157,130,59,286.28,66,-8,-11,-984,evil_twin,evil_twin
1683982106,-1,-100,-100,-100,2,0,-85,0,1,0,61,63,158,130,59,286.34,66,-28,-20,-996,evil_twin,evil_twin
1683982106,-1,-100,-100,-100,2,0,-85,0,0,0,61,63,156,130,59,286.34,66,2,0,-1009,evil_twin,evil_twin
1683982106,-1,-100,-100,-100,0,0,-85,0,0,0,61,63,157,130,59,286.33,66,-14,0,-1018,evil_twin,evil_twin
1683982106,-1,-100,-100,-100,0,0,-85,0,0,0,61,63,157,130,59,286.27,67,10,-10,-957,evil_twin,evil_twin
1683982106,-1,-100,-100,-100,2,0,-85,0,0,0,61,63,157,130,59,286.32,67,-7,-15,-1002,evil_twin,evil_twin
1683982106,-1,-100,-100,-100,7,1,-85,0,0,0,61,63,158,130,59,286.36,67,11,-15,-1029,evil_twin,evil_twin
1683982106,-1,-100,-100,-100,6,1,-85,0,-1,0,61,63,159,120,59,286.44,67,26,-19,-998,evil_twin,evil_twin
1683982106,-1,-100,-100,-100,4,1,-85,0,-2,0,61,63,157,120,59,286.39,67,22,-15,-1007,evil_twin,evil_twin
1683982106,-1,-100,-100,-100,2,0,-85,0,-3,0,61,63,157,120,59,286.31,67,15,-17,-999,evil_twin,evil_twin
1683982107,-1,-100,-100,-100,2,0,-85,0,-3,0,61,63,157,120,59,286.31,67,15,-17,-999,evil_twin,evil_twin
1683982107,-1,-100,-100,-100,0,0,-85,0,-3,0,61,63,157,120,59,286.35,67,27,-15,-998,evil_twin,evil_twin
1683982107,-1,-100,-100,-100,0,1,-85,0,-3,0,61,63,157,130,59,286.32,67,31,-16,-1002,evil_twin,evil_twin
1683982107,-1,-100,-100,-100,0,0,-85,0,-2,0,61,63,156,130,59,286.37,67,5,-15,-977,evil_twin,evil_twin
1683982107,-1,-100,-100,-100,0,0,-85,0,-2,0,61,63,157,130,59,286.31,67,15,-3,-989,evil_twin,evil_twin
1683982107,-1,-100,-100,-100,0,0,-85,0,-2,0,61,63,157,130,59,286.28,68,21,-18,-1013,evil_twin,evil_twin
1683982107,-1,-100,-100,-100,0,0,-85,0,-2,0,61,63,158,130,59,286.28,68,27,-18,-984,evil_twin,evil_twin
1683982107,-1,-100,-100,-100,0,0,-85,0,-2,0,61,63,158,130,59,286.35,68,20,-13,-999,evil_twin,evil_twin
1683982107,-1,-100,-100,-100,0,0,-85,0,-2,0,61,63,157,130,59,286.24,68,26,-14,-1009,evil_twin,evil_twin
1683982107,-1,-100,-100,-100,0,0,-85,0,-2,0,61,63,157,130,59,286.34,68,28,-15,-988,evil_twin,evil_twin
1683982107,-1,-100,-100,-100,0,0,-85,0,-2,0,61,63,158,130,59,286.29,68,26,-20,-998,evil_twin,evil_twin
1683982107,-1,-100,-100,-100,0,0,-85,0,-1,0,61,63,157,130,59,286.3,68,6,-16,-1025,evil_twin,evil_twin
1683982108,-1,-100,-100,-100,0,0,-85,0,-1,0,61,63,157,130,59,286.3,68,6,-16,-1025,evil_twin,evil_twin
1683982108,-1,-100,-100,-100,-3,0,-85,0,-1,0,61,63,158,130,59,286.35,68,37,-13,-997,evil_twin,evil_twin
1683982108,-1,-100,-100,-100,-2,0,-85,0,0,0,61,63,158,120,59,286.28,68,23,-25,-1003,evil_twin,evil_twin
1683982108,-1,-100,-100,-100,0,0,-85,0,0,0,61,63,157,120,59,286.23,68,9,-20,-994,evil_twin,evil_twin
1683982108,-1,-100,-100,-100,0,0,-85,0,0,0,61,63,157,120,59,286.23,69,-9,11,-1013,evil_twin,evil_twin
1683982108,-1,-100,-100,-100,0,0,-88,0,0,0,61,63,158,120,59,286.3,69,3,-10,-1003,evil_twin,evil_twin
1683982108,-1,-100,-100,-100,0,0,-94,0,0,0,61,63,158,120,59,286.28,69,10,-4,-995,evil_twin,evil_twin
1683982108,-1,-100,-100,-100,0,0,-100,0,0,0,61,63,157,120,59,286.28,69,13,-12,-1023,evil_twin,evil_twin
1683982108,-1,-100,-100,-100,0,0,-105,0,0,0,61,63,157,120,59,286.34,69,6,-3,-990,evil_twin,evil_twin
1683982108,-1,-100,-100,-100,0,0,-111,0,0,0,61,65,157,120,59,286.28,69,3,-3,-1001,evil_twin,evil_twin
1683982109,-1,-100,-100,-100,0,0,-111,0,0,0,61,65,157,120,59,286.28,69,3,-3,-1001,evil_twin,evil_twin
1683982109,-1,-100,-100,-100,0,0,-117,0,0,0,61,65,157,120,59,286.25,69,6,-3,-994,evil_twin,evil_twin
1683982109,-1,-100,-100,-100,0,0,-123,0,0,0,61,65,156,130,59,286.29,69,11,-1,-993,evil_twin,evil_twin
1683982109,-1,-100,-100,-100,0,0,-130,0,0,0,61,65,156,130,59,286.36,69,15,1,-995,evil_twin,evil_twin
1683982109,-1,-100,-100,-100,1,0,-136,0,0,0,61,65,157,130,59,286.28,69,17,-3,-995,evil_twin,evil_twin
1683982109,-1,-100,-100,-100,1,0,-142,0,0,0,61,65,156,120,59,286.28,70,19,6,-1003,evil_twin,evil_twin
1683982109,-1,-100,-100,-100,1,0,-148,0,0,0,61,65,156,120,59,286.29,70,14,-2,-993,evil_twin,evil_twin
1683982109,-1,-100,-100,-100,1,0,-154,0,0,0,61,65,156,120,59,286.28,70,4,10,-996,evil_twin,evil_twin
1683982109,-1,-100,-100,-100,0,0,-159,0,0,0,61,65,157,120,59,286.31,70,10,2,-999,evil_twin,evil_twin
1683982109,-1,-100,-100,-100,0,0,-163,0,0,0,61,65,156,120,59,286.25,70,11,9,-1020,evil_twin,evil_twin
1683982109,-1,-100,-100,-100,0,0,-165,0,0,0,61,64,156,120,59,286.31,70,14,0,-991,evil_twin,evil_twin
1683982110,-1,-100,-100,-100,0,0,-165,0,0,0,61,64,156,120,59,286.31,70,14,0,-991,evil_twin,evil_twin
1683982110,-1,-100,-100,-100,0,0,-168,0,0,0,61,64,157,120,59,286.27,70,2,7,-1013,evil_twin,evil_twin
1683982110,-1,-100,-100,-100,0,0,-169,0,0,0,61,64,156,120,59,286.28,70,16,1,-1001,evil_twin,evil_twin
1683982110,-1,-100,-100,-100,0,0,-170,0,0,0,61,64,156,120,59,286.29,70,3,13,-1001,evil_twin,evil_twin
1683982110,-1,-100,-100,-100,0,0,-171,0,0,0,61,64,157,120,59,286.3,70,6,4,-1002,evil_twin,evil_twin
1683982110,-1,-100,-100,-100,0,0,-172,0,0,0,61,64,157,120,59,286.24,71,-2,4,-1005,evil_twin,evil_twin
1683982110,-1,-100,-100,-100,0,0,-173,0,0,0,61,64,157,120,59,286.26,71,14,-11,-989,evil_twin,evil_twin
1683982110,-1,-100,-100,-100,0,0,-173,0,0,0,61,64,157,120,58,286.21,71,15,-3,-994,evil_twin,evil_twin
1683982110,-1,-100,-100,-100,0,0,-173,0,0,0,61,64,157,120,58,286.29,71,20,3,-1027,evil_twin,evil_twin
1683982110,-1,-100,-100,-100,0,6,-173,0,0,0,61,64,159,120,58,286.26,71,5,15,-992,evil_twin,evil_twin
1683982110,-1,-100,-100,-100,0,7,-173,0,1,0,61,64,158,120,58,286.27,71,16,-17,-991,evil_twin,evil_twin
1683982110,-1,-100,-100,-100,0,4,-173,0,2,0,61,64,159,120,58,286.23,71,2,-12,-1013,evil_twin,evil_twin
1683982111,-1,-100,-100,-100,0,4,-173,0,2,0,61,64,159,120,58,286.23,71,2,-12,-1013,evil_twin,evil_twin
1683982111,-1,-100,-100,-100,0,2,-173,0,3,0,61,64,159,130,58,286.35,71,26,-22,-991,evil_twin,evil_twin
1683982111,-1,-100,-100,-100,0,0,-173,0,3,0,61,64,159,130,58,286.33,71,-8,-28,-994,evil_twin,evil_twin
1683982111,-1,-100,-100,-100,0,0,-173,0,3,0,61,64,160,130,58,286.34,71,9,-30,-1004,evil_twin,evil_twin
1683982111,-1,-100,-100,-100,0,0,-173,0,2,0,61,64,160,130,58,286.26,72,23,-22,-997,evil_twin,evil_twin
1683982111,-1,-100,-100,-100,0,0,-173,0,2,0,61,64,161,130,58,286.34,72,7,-16,-985,evil_twin,evil_twin
1683982111,-1,-100,-100,-100,0,0,-173,0,2,0,61,64,160,130,58,286.34,72,10,-16,-978,evil_twin,evil_twin
1683982111,-1,-100,-100,-100,0,0,-173,0,2,0,61,64,161,130,58,286.25,72,3,-10,-996,evil_twin,evil_twin
1683982111,-1,-100,-100,-100,0,0,-173,0,2,0,61,64,160,130,58,286.32,72,10,-23,-998,evil_twin,evil_twin
1683982111,-1,-100,-100,-100,0,0,-173,0,2,0,61,64,160,130,58,286.33,72,0,-14,-998,evil_twin,evil_twin
1683982112,-1,-100,-100,-100,0,0,-173,0,2,0,61,64,160,130,58,286.26,72,-1,-14,-998,evil_twin,evil_twin
1683982112,-1,-100,-100,-100,0,0,-173,0,2,0,61,64,160,130,58,286.3,72,0,-9,-986,evil_twin,evil_twin
1683982112,-1,-100,-100,-100,0,0,-173,0,2,0,61,64,160,130,58,286.31,72,16,-26,-1003,evil_twin,evil_twin
1683982112,-1,-100,-100,-100,0,0,-173,0,2,0,61,64,158,130,58,286.31,72,-12,-13,-982,evil_twin,evil_twin
1683982112,-1,-100,-100,-100,0,0,-173,0,2,0,61,64,160,130,58,286.3,73,1,-11,-1022,evil_twin,evil_twin
1683982112,-1,-100,-100,-100,0,-4,-173,0,1,0,61,64,160,130,58,286.31,73,0,-19,-1013,evil_twin,evil_twin
1683982112,-1,-100,-100,-100,0,-2,-173,0,0,0,61,64,159,130,58,286.31,73,1,-11,-997,evil_twin,evil_twin
1683982112,-1,-100,-100,-100,0,0,-173,0,0,0,61,64,160,130,58,286.25,73,5,-7,-998,evil_twin,evil_twin
1683982112,-1,-100,-100,-100,0,0,-173,0,0,0,61,64,159,130,58,286.37,73,1,3,-970,evil_twin,evil_twin
1683982112,-1,-100,-100,-100,0,-3,-173,0,0,0,61,64,160,130,58,286.23,73,2,-17,-1033,evil_twin,evil_twin
1683982113,-1,-100,-100,-100,0,-3,-173,0,0,0,61,64,160,130,58,286.23,73,2,-17,-1033,evil_twin,evil_twin
1683982113,-1,-100,-100,-100,0,-7,-173,0,-1,0,61,64,161,130,58,286.26,73,-7,-4,-1012,evil_twin,evil_twin
1683982113,-1,-100,-100,-100,0,-5,-173,0,-2,0,61,64,160,130,58,286.3,73,17,5,-1004,evil_twin,evil_twin
1683982113,-1,-100,-100,-100,0,-3,-173,0,-3,0,61,64,158,130,58,286.34,73,24,15,-1008,evil_twin,evil_twin
1683982113,-1,-100,-100,-100,1,-1,-173,0,-3,0,61,64,158,130,58,286.31,73,0,25,-1014,evil_twin,evil_twin
1683982113,-1,-100,-100,-100,1,0,-173,0,-3,0,61,64,158,130,58,286.29,74,-1,18,-986,evil_twin,evil_twin
1683982113,-1,-100,-100,-100,0,0,-173,0,-3,0,61,64,158,130,58,286.23,74,0,13,-987,evil_twin,evil_twin
1683982113,-1,-100,-100,-100,0,0,-173,0,-2,0,61,64,159,130,58,286.38,74,3,17,-996,evil_twin,evil_twin
1683982113,-1,-100,-100,-100,0,0,-173,0,-2,0,61,64,158,130,58,286.3,74,5,16,-998,evil_twin,evil_twin
1683982113,-1,-100,-100,-100,-1,0,-173,0,-2,0,61,64,159,130,58,286.33,74,14,14,-998,evil_twin,evil_twin
1683982113,-1,-100,-100,-100,0,0,-173,0,-2,0,61,64,159,130,58,286.28,74,-2,8,-1002,evil_twin,evil_twin
1683982114,-1,-100,-100,-100,0,0,-173,0,-2,0,61,64,159,130,58,286.28,74,-2,8,-1002,evil_twin,evil_twin
1683982114,-1,-100,-100,-100,2,0,-173,0,-2,0,61,64,158,130,58,286.27,74,14,11,-1011,evil_twin,evil_twin
1683982114,-1,-100,-100,-100,1,0,-173,0,-2,0,61,64,158,130,58,286.26,74,-8,10,-1007,evil_twin,evil_twin
1683982114,-1,-100,-100,-100,0,0,-173,0,-2,0,61,64,158,130,58,286.29,74,-5,14,-1001,evil_twin,evil_twin
1683982114,-1,-100,-100,-100,0,2,-173,0,-2,0,61,64,159,130,58,286.29,75,14,3,-1001,evil_twin,evil_twin
1683982114,-1,-100,-100,-100,0,4,-173,0,-1,0,61,64,159,130,58,286.2,75,5,17,-995,evil_twin,evil_twin
1683982114,-1,-100,-100,-100,0,2,-173,0,0,0,61,64,159,130,58,286.29,75,15,4,-987,evil_twin,evil_twin
1683982114,-1,-100,-100,-100,0,1,-173,0,0,0,61,64,158,130,58,286.24,75,2,-3,-1006,evil_twin,evil_twin
1683982114,-1,-100,-100,-100,0,0,-173,0,0,0,61,64,159,130,58,286.27,75,3,-5,-1000,evil_twin,evil_twin
1683982114,-1,-100,-100,-100,0,0,-173,0,0,0,61,64,159,130,58,286.29,75,9,-3,-996,evil_twin,evil_twin
1683982114,-1,-100,-100,-100,0,0,-173,0,0,0,61,64,158,130,58,286.31,75,4,1,-999,evil_twin,evil_twin
1683982115,-1,-100,-100,-100,0,0,-173,0,0,0,61,64,158,130,58,286.31,75,4,1,-999,evil_twin,evil_twin
1683982115,-1,-100,-100,-100,0,0,-173,0,0,0,61,64,158,130,58,286.29,75,6,-1,-990,evil_twin,evil_twin
1683982115,-1,-100,-100,-100,0,0,-173,0,0,0,61,64,159,130,58,286.29,75,10,-3,-1000,evil_twin,evil_twin
1683982115,-1,-100,-100,-100,0,0,-173,0,0,0,61,64,159,130,58,286.27,75,2,-4,-996,evil_twin,evil_twin
1683982115,-1,-100,-100,-100,0,0,-173,0,0,0,61,64,159,130,58,286.27,76,8,-4,-997,evil_twin,evil_twin
1683982115,-1,-100,-100,-100,0,0,-173,0,0,0,61,64,159,130,58,286.24,76,7,-3,-994,evil_twin,evil_twin
1683982115,-1,-100,-100,-100,0,0,-173,0,0,0,61,64,160,130,57,286.26,76,20,-4,-1006,evil_twin,evil_twin
1683982115,-1,-100,-100,-100,0,0,-173,0,0,0,61,64,159,130,57,286.26,76,-9,-9,-1005,evil_twin,evil_twin
1683982115,-1,-100,-100,-100,0,0,-173,0,0,0,61,64,161,130,57,286.25,76,19,0,-995,evil_twin,evil_twin
1683982115,-1,-100,-100,-100,0,0,-173,0,0,0,62,64,160,130,57,286.25,76,2,-6,-996,evil_twin,evil_twin
1683982116,-1,-100,-100,-100,0,0,-173,0,0,0,62,64,160,130,57,286.25,76,2,-6,-996,evil_twin,evil_twin
1683982116,-1,-100,-100,-100,0,0,-173,0,0,0,62,64,160,130,57,286.23,76,6,-6,-993,evil_twin,evil_twin
1683982116,-1,-100,-100,-100,0,0,-173,0,0,0,62,64,160,130,57,286.23,76,0,-3,-999,evil_twin,evil_twin
1683982116,-1,-100,-100,-100,0,0,-173,0,0,0,62,64,159,130,57,286.26,76,5,-5,-1008,evil_twin,evil_twin
1683982116,-1,-100,-100,-100,0,0,-173,0,0,0,62,64,160,130,57,286.27,77,23,-6,-990,evil_twin,evil_twin
1683982116,-1,-100,-100,-100,0,0,-173,0,0,0,62,64,159,130,57,286.27,77,1,-5,-990,evil_twin,evil_twin
1683982116,-1,-100,-100,-100,0,0,-173,0,0,0,62,64,160,130,57,286.27,77,10,2,-994,evil_twin,evil_twin
1683982116,-1,-100,-100,-100,0,0,-173,0,0,0,62,64,159,130,57,286.3,77,9,-6,-997,evil_twin,evil_twin
1683982116,-1,-100,-100,-100,0,0,-173,0,0,0,62,64,160,130,57,286.25,77,3,-8,-995,evil_twin,evil_twin
1683982116,-1,-100,-100,-100,0,0,-173,0,0,0,62,64,159,130,57,286.28,77,2,-6,-1001,evil_twin,evil_twin
1683982116,-1,-100,-100,-100,0,0,-173,0,0,0,61,64,159,130,57,286.35,77,13,-8,-999,evil_twin,evil_twin
1683982117,-1,-100,-100,-100,0,0,-173,0,0,0,61,64,159,130,57,286.35,77,13,-8,-999,evil_twin,evil_twin
1683982117,-1,-100,-100,-100,0,0,-173,0,0,0,61,64,158,130,57,286.36,77,10,-7,-1004,evil_twin,evil_twin
1683982117,-1,-100,-100,-100,0,0,-173,0,0,0,61,64,159,130,57,286.33,77,5,0,-1013,evil_twin,evil_twin
1683982117,-1,-100,-100,-100,0,0,-173,0,0,0,61,64,158,130,57,286.35,77,7,5,-1000,evil_twin,evil_twin
1683982117,-1,-100,-100,-100,0,0,-173,0,0,0,61,64,158,130,57,286.26,78,15,-6,-1006,evil_twin,evil_twin
1683982117,-1,-100,-100,-100,0,0,-173,0,0,0,61,64,159,130,57,286.31,78,-2,6,-993,evil_twin,evil_twin
1683982117,-1,-100,-100,-100,0,0,-173,0,0,0,61,64,158,130,57,286.34,78,31,-13,-1025,evil_twin,evil_twin
1683982117,-1,-100,-100,-100,0,0,-173,0,0,0,61,64,159,130,57,286.27,78,-8,-8,-1002,evil_twin,evil_twin
1683982117,-1,-100,-100,-100,0,0,-173,0,0,0,61,64,158,130,57,286.41,78,16,-13,-987,evil_twin,evil_twin
1683982117,-1,-100,-100,-100,0,0,-173,0,0,0,61,64,159,130,57,286.32,78,13,-6,-1001,evil_twin,evil_twin
1683982117,-1,-100,-100,-100,0,0,-173,0,0,0,61,65,159,130,57,286.34,78,4,-7,-993,evil_twin,evil_twin
1683982118,-1,-100,-100,-100,0,0,-173,0,0,0,61,65,159,130,57,286.34,78,4,-7,-993,evil_twin,evil_twin
1683982118,-1,-100,-100,-100,0,0,-173,0,0,0,61,65,159,130,57,286.34,78,15,-8,-1004,evil_twin,evil_twin
1683982118,-1,-100,-100,-100,0,0,-173,0,0,0,61,65,158,130,57,286.34,78,24,-12,-1003,evil_twin,evil_twin
1683982118,-1,-100,-100,-100,0,0,-173,0,0,0,61,65,160,130,57,286.31,78,17,-5,-1011,evil_twin,evil_twin
1683982118,-1,-100,-100,-100,0,0,-173,0,0,0,61,65,158,130,57,286.31,79,4,-8,-1013,evil_twin,evil_twin
1683982118,-1,-100,-100,-100,0,0,-173,0,0,0,61,65,159,130,57,286.25,79,8,-10,-999,evil_twin,evil_twin
1683982118,-1,-100,-100,-100,0,0,-173,0,0,0,61,65,159,130,57,286.3,79,4,-10,-992,evil_twin,evil_twin
1683982118,-1,-100,-100,-100,0,0,-173,0,0,0,61,65,159,130,57,286.35,79,10,-10,-997,evil_twin,evil_twin
