mid,x,y,z,mpitch,mroll,myaw,pitch,roll,yaw,vgx,vgy,vgz,templ,temph,tof,h,bat,baro,flight_time,agx,agy,agz,est_x,est_y,cntl_x,cntl_y,residual1,residual2,residual3,residual4,class,class_raw
12,134,-2,80,0,176,-179,0,0,61,0,0,0,62,64,72,50,82,243.33,6,-3,18,-1027,115.5172414,-1.724137931,-18.34482759,-7.917241379,134,-2,134,-2,fdi,FDI
12,-3,-12,102,0,176,-179,0,0,61,0,-1,0,64,66,102,80,82,243.72,12,0,12,-953,9.840284153,-10.87591743,12.55506526,-4.78922588,-176.2758621,-9.413793103,-121.0842912,-10.23754789,fdi,FDI
12,-6,-9,104,-4,176,-178,-1,-1,61,0,0,0,64,66,105,80,82,243.77,14,0,5,-1017,-6.297393397,-9.307204232,12.99455859,-6.259777025,-31.11679357,7.225581944,0.751658432,3.583962361,fdi,FDI
12,-6,-9,104,-4,176,-178,0,0,61,0,0,0,64,66,107,80,82,243.94,14,20,18,-1018,-7.529600523,-9.062175168,14.22161451,-6.870733377,-1.094990866,5.612189899,16.4135381,1.114305783,fdi,FDI
12,25,-10,108,0,175,179,0,0,61,0,0,0,64,67,97,80,81,243.73,16,-22,17,-1050,21.35069007,-9.928999608,7.799410806,-7.243905825,34.49539451,4.28728386,43.49965261,-0.436379239,fdi,FDI
12,19,-6,103,0,175,-177,2,0,61,0,0,0,65,67,99,80,80,243.75,20,17,5,-979,19.3960619,-6.337150919,10.65020052,-8.895094692,-12.30017913,9.551638688,-5.500589314,4.605114245,fdi,FDI
12,19,-9,102,0,175,-178,0,1,61,0,-1,0,65,68,97,80,79,243.79,22,-1,27,-956,19.07234873,-8.682810291,11.56122694,-8.768603106,-11.33218109,1.435076793,-1.778912497,-3.471265185,fdi,FDI
12,20,-7,100,0,175,-176,0,0,61,0,-1,0,65,68,101,80,78,243.83,25,16,-2,-954,19.91848048,-7.132575669,12.23595393,-9.95946746,-10.06622549,6.562796946,0.070639666,2.061090996,fdi,FDI
12,21,-7,101,0,175,-179,1,-1,61,0,0,0,66,67,100,80,78,243.79,27,2,7,-1048,20.91106838,-6.953960378,12.90278149,-10.61799074,-10.33070208,4.444667869,0.132149014,-0.145152629,fdi,FDI
12,18,-7,102,-1,175,179,1,-1,61,0,0,0,65,68,100,80,77,243.82,28,7,-12,-1001,18.23889194,-6.947935595,14.57328824,-11.3021281,-14.8634751,4.083391472,-3.975427438,-0.244255481,fdi,FDI
12,18,-7,102,-1,175,179,0,0,61,0,0,0,67,67,101,80,77,243.97,29,74,-5,-927,17.9213294,-6.957547201,15.48143017,-11.99069755,-11.11397667,4.031917886,-0.05099923,-0.139489381,fdi,FDI
12,18,-8,102,0,175,-178,0,0,61,0,0,0,67,67,103,80,77,243.91,29,16,12,-997,17.90325407,-7.884426275,16.43297326,-12.42292557,-10.47391016,3.028929534,0.20864365,-1.055090577,fdi,FDI
12,26,-11,101,0,175,-179,0,0,61,0,0,0,66,69,97,80,77,243.87,31,23,10,-974,25.27027338,-10.74777363,15.33220646,-12.33099948,-2.37964379,1.362621949,8.084762762,-2.74856157,fdi,FDI
12,25,-9,104,0,175,-179,1,0,61,0,0,0,66,69,98,80,76,243.89,33,-1,44,-1064,25.16369674,-9.212698399,16.47229068,-13.4815547,-14.01971966,7.580030849,-3.050338712,3.059594887,fdi,FDI
12,26,-11,101,0,175,-179,0,1,61,0,0,0,66,69,101,80,76,243.79,35,-4,15,-923,25.98731138,-10.84388787,16.98143885,-13.57168694,-13.4683874,3.615789326,-1.000402296,-1.465603631,fdi,FDI
12,29,-8,99,4,175,-179,0,-1,61,0,0,0,68,70,99,80,75,243.9,37,7,24,-1028,28.78604368,-8.258050281,16.9593552,-14.9519643,-11.82044721,8.925349762,1.425297572,3.688953239,fdi,FDI
12,23,-8,101,0,174,-179,0,0,61,0,0,0,68,70,100,80,75,243.91,38,22,22,-934,23.53432798,-7.952101849,19.2061909,-15.56059647,-22.01352915,5.316976653,-7.938648375,-0.092128374,fdi,FDI
12,23,-8,101,0,174,-179,0,-1,61,0,0,0,68,70,101,80,75,243.9,39,12,19,-1028,22.90173879,-7.935703559,19.91470024,-16.21132751,-14.70581232,4.7008663,-0.133764291,-0.330708003,fdi,FDI
12,27,-12,103,0,174,178,2,0,61,0,0,0,67,70,102,80,74,243.93,41,8,25,-1034,26.53787758,-11.62535633,19.67789976,-15.83933372,-9.452672276,0.610543514,4.444762689,-4.202699418,fdi,FDI
12,29,-12,103,4,174,-179,0,-1,61,0,0,0,68,69,97,80,74,243.86,42,5,29,-984,28.79734108,-12.03680533,19.93092059,-16.45984995,-12.58956966,5.927276666,1.2316432,0.921654631,fdi,FDI
12,23,-10,101,0,175,-179,0,-1,61,0,0,0,69,70,96,80,74,243.87,43,15,16,-953,23.4977332,-10.20342229,22.16386374,-17.53266549,-22.12247658,8.818749706,-7.53232449,3.059521758,fdi,FDI
12,25,-15,95,0,174,178,0,0,61,0,0,0,68,70,96,80,74,243.89,44,-6,34,-989,24.71284169,-14.57166381,22.35372098,-16.81178604,-12.70539305,1.279854538,2.181404873,-4.755574224,fdi,FDI
12,35,-10,99,2,174,179,1,-1,61,-1,0,0,68,70,101,80,73,243.98,46,5,38,-1039,34.07660536,-10.4559787,20.55123732,-18.64544003,-4.103107857,12.49572178,10.13771625,6.240095791,fdi,FDI
12,31,-18,101,-1,173,177,0,1,61,0,0,0,68,71,105,80,73,243.99,48,-12,8,-975,31.42821338,-17.31138627,22.2386771,-17.1064623,-21.67296837,-1.116895087,-6.704635862,-7.915042951,fdi,FDI
12,29,-11,104,-1,174,-179,0,0,61,0,0,0,68,71,104,80,73,243.95,48,5,8,-989,29.19099193,-11.64321269,23.2898331,-19.41697969,-20.61560742,15.56280808,-3.920816928,8.627019971,fdi,FDI
12,37,-15,105,0,174,-178,1,-1,61,0,0,0,68,70,96,80,72,243.91,51,14,14,-1005,36.26842998,-14.63000897,21.82055962,-18.84797167,-9.373823967,3.876571625,7.511401947,-3.872326074,fdi,FDI
12,33,-18,94,0,174,-179,0,0,61,0,0,0,69,71,97,80,72,243.93,52,0,14,-972,33.36914961,-17.73977824,23.39817713,-18.58767582,-23.46705433,4.87193552,-6.186343164,-2.541165983,fdi,FDI
12,33,-18,94,0,174,-179,0,0,61,0,0,0,69,71,96,80,72,243.88,53,9,2,-1008,32.96959895,-18.05766452,23.8640128,-19.02196278,-19.83429271,9.552419315,-1.340209046,1.466591546,fdi,FDI
12,23,-18,99,0,174,-179,0,0,61,0,0,0,69,71,96,80,72,243.93,53,1,21,-1017,23.71673648,-18.04165914,26.94574879,-19.40060866,-29.17602927,10.31881459,-10.61878853,1.349954769,fdi,FDI
12,23,-18,99,0,174,-179,0,0,61,0,0,0,69,71,97,80,72,243.94,53,-20,6,-1015,22.70152144,-18.00521259,27.55586379,-19.76876365,-15.75243199,10.41606103,2.051034054,0.944318971,fdi,FDI
12,23,-18,99,0,174,-179,-1,0,61,0,0,0,68,71,99,80,72,243.94,54,-3,18,-985,22.69976515,-17.9799247,28.32454915,-20.13386556,-13.51145241,10.41411715,2.261410233,0.656975892,fdi,FDI
12,27,-18,99,0,174,-179,-1,-1,61,0,0,0,68,71,99,80,72,243.97,54,-5,23,-1041,26.45543461,-17.96429696,28.09188093,-20.49757919,-9.206946526,10.40335859,5.401894175,0.478587675,fdi,FDI
12,27,-18,99,0,174,-179,-1,-1,61,0,0,0,68,71,100,80,72,243.92,54,15,4,-974,26.91377997,-17.95483935,28.85766467,-20.86051703,-14.52204445,10.39541433,-0.254892023,0.370508713,fdi,FDI
12,35,-21,100,0,173,178,0,0,61,0,0,0,70,71,103,80,72,244.03,56,29,21,-1033,34.30375575,-20.70741653,27.50397532,-20.45067735,-7.432758908,7.390412313,7.275175934,-2.694664677,fdi,FDI
12,36,-18,106,-1,173,-179,0,0,61,0,0,0,69,71,98,80,71,244,57,13,24,-963,36.01570677,-18.24684082,27.86501515,-21.55604492,-17.2185934,14.3803817,-1.641551601,4.025206817,fdi,FDI
12,22,-35,98,0,174,-179,0,-1,61,1,0,0,70,71,104,80,71,244.02,59,-35,18,-954,23.23219183,-33.57324938,31.94952568,-17.49421651,-34.3405928,-5.948216253,-16.91134338,-16.70812764,fdi,FDI
12,27,-25,105,0,173,179,0,-2,61,0,0,0,70,71,103,80,71,244.07,60,67,15,-1077,26.35322658,-26.06084245,31.23949445,-20.25681339,-11.16644266,26.10155221,6.396091951,14.26531446,fdi,FDI
12,27,-25,105,0,173,179,0,-1,61,0,0,0,69,71,104,80,71,244,60,-28,35,-1056,26.79964888,-25.05931387,31.97995115,-20.27979578,-14.74524612,16.47848186,1.022252616,2.073876392,fdi,FDI
12,27,-25,105,0,173,179,0,-1,61,0,0,0,69,71,100,80,71,244.09,60,26,34,-983,26.87337705,-24.93165918,32.67763891,-20.41368325,-15.41564806,14.75836461,0.128001826,0.478016157,fdi,FDI
12,30,-19,105,0,173,178,0,-1,61,0,0,0,69,71,99,80,71,244.12,61,68,5,-1048,29.65026898,-19.40047551,32.59759427,-22.10808216,-12.53712359,20.47221368,2.906300971,6.287598893,fdi,FDI
12,30,-19,105,0,173,178,0,-1,61,0,0,0,70,71,99,80,71,244.02,61,24,25,-1073,29.95932206,-18.79725767,33.26039593,-22.31840971,-16.55432888,12.44132672,-0.944780528,-1.245187632,fdi,FDI
12,32,-18,101,0,173,-179,0,0,61,0,0,0,70,71,100,80,71,244.05,61,29,11,-1027,31.80190783,-17.87947589,33.36114491,-22.88130999,-15.22714716,12.10234682,0.955648851,-0.340294829,fdi,FDI
12,32,-18,101,0,173,-179,0,0,61,0,0,0,70,71,100,80,71,244.09,62,20,33,-1006,31.98127155,-17.82738912,33.94899512,-23.21362092,-17.98190988,10.59051872,-1.31535765,-1.060280218,fdi,FDI
12,32,-18,101,0,173,-179,0,-1,61,0,0,0,70,72,99,80,71,244.02,62,-11,25,-1025,31.96501191,-17.86259413,34.50307786,-23.5663375,-18.42977309,10.36396497,-1.168765551,-0.679731927,fdi,FDI
12,32,-18,101,0,173,-179,0,-1,61,0,0,0,70,72,97,80,71,243.98,62,-3,17,-1005,31.93913482,-17.8923694,35.0505601,-23.92388285,-18.48373526,10.34786527,-0.879482041,-0.342961884,fdi,FDI
12,32,-18,101,0,173,-179,0,0,61,0,0,0,70,72,97,80,71,244.03,63,-4,14,-1010,31.92154337,-17.91136607,35.59601781,-24.28328147,-18.48031053,10.3580403,-0.679416416,-0.126364534,fdi,FDI
12,31,-18,99,0,173,-179,0,0,61,0,0,0,70,71,100,80,70,244.11,64,40,15,-949,30.99128244,-17.92293427,36.397965,-24.64365122,-19.47254543,10.36730364,-1.55571402,0.005795063,fdi,FDI
12,31,-18,99,0,173,-179,0,0,61,0,0,0,70,71,99,80,70,244.08,64,6,28,-1041,30.88435003,-17.92991655,36.95165455,-25.00458657,-18.13599161,10.37336041,-0.227777087,0.085602816,fdi,FDI
12,34,-17,101,-1,173,179,0,0,61,0,0,0,70,71,97,80,70,244,64,17,16,-998,33.63888864,-17.01469773,36.74850662,-25.62329945,-14.91043502,11.37707924,2.833863604,1.133699718,fdi,FDI
12,37,-18,99,0,173,178,0,0,61,0,0,0,70,72,97,80,70,244.04,65,-5,9,-992,36.70391762,-17.8362793,36.51885878,-25.73705474,-15.87132107,9.048324962,2.013719384,-1.090370908,fdi,FDI
12,37,-18,99,0,173,178,0,-1,61,0,0,0,70,72,98,80,70,244.06,65,23,27,-982,37.00878817,-17.93839556,36.98562894,-26.11445289,-20.52856295,10.15860184,-1.844252001,0.163643915,fdi,FDI
12,37,-17,98,-1,174,-179,0,0,61,0,0,0,70,72,100,80,70,244.06,66,34,16,-951,36.98692648,-17.02767118,37.3967301,-26.73640966,-21.28640582,11.35148654,-1.660382281,1.278855771,fdi,FDI
12,37,-17,98,-1,174,-179,0,0,61,0,0,0,70,72,101,80,70,244.06,67,2,30,-1076,36.94722705,-16.92565031,37.79714506,-27.10860915,-21.38006244,10.05024001,-1.217500624,0.009696247,fdi,FDI
12,35,-18,101,0,174,-179,0,0,61,0,0,0,70,72,99,80,70,244.04,67,10,12,-1018,35.08116421,-17.84343258,38.70924087,-27.23875956,-23.37628192,8.831507925,-2.908169,-1.0275603,fdi,FDI
12,35,-18,101,0,174,-179,0,0,61,0,0,0,70,72,98,80,70,244.01,67,24,42,-1001,34.8636246,-17.95058328,39.12441389,-27.6193435,-20.70246738,10.13217988,-0.210502825,0.299806591,fdi,FDI
12,34,-22,101,-2,173,179,0,0,61,0,0,0,70,72,99,80,70,244.11,68,-7,21,-1064,33.93446684,-21.63312755,39.82779235,-26.95507114,-21.24973326,6.352963085,-1.061516312,-3.62647477,fdi,FDI
12,34,-22,101,-2,173,179,0,0,61,0,0,0,70,72,101,80,70,244.08,68,-2,2,-926,33.8439523,-22.02981003,40.28864453,-27.27913343,-19.8533193,11.70891815,0.085060441,1.333518684,fdi,FDI
12,36,-24,100,-1,173,-179,0,0,61,0,0,0,70,72,106,80,70,244.12,69,11,17,-905,35.69092118,-23.86394052,40.25164894,-27.02451672,-17.62646215,10.59957949,2.012165254,-0.644420115,fdi,FDI
12,36,-24,100,-1,173,-179,0,-1,61,0,0,0,71,72,107,80,70,244.18,69,27,23,-981,35.90466844,-24.03027661,40.71342052,-27.25373092,-20.26108805,13.38036289,-0.639103642,1.480851234,fdi,FDI
12,37,-22,108,0,173,-178,0,-2,61,0,0,0,71,73,103,80,70,244.12,70,-20,17,-1087,36.83250689,-22.16632676,40.88717306,-27.96304539,-19.70693603,15.82634657,0.227477632,3.233734967,fdi,FDI
12,38,-18,103,0,173,-178,0,0,61,0,0,0,71,72,98,80,69,244.12,71,-10,18,-1008,37.84176818,-18.25654461,41.04599662,-29.1995971,-20.10186898,17.21437695,0.088743121,4.376230008,fdi,FDI
12,38,-19,96,0,173,-178,-1,0,61,0,0,0,69,72,94,80,69,244.06,72,-3,23,-932,37.93363463,-18.75399133,41.43548403,-29.21712657,-21.65924795,10.43997454,-1.086864746,-1.906603359,fdi,FDI
12,38,-19,96,0,173,-178,0,-1,61,0,0,0,69,72,92,80,69,244.06,73,6,15,-1023,37.92019836,-18.85837684,41.80583047,-29.55015122,-21.90848586,10.8130961,-0.955457225,-0.689459264,fdi,FDI
12,38,-27,91,0,173,-179,0,-1,61,0,0,0,70,72,95,80,69,244.1,74,-21,25,-970,37.90323081,-26.24939005,42.17230362,-27.82013549,-21.93669505,2.906997168,-0.765165031,-8.277155893,fdi,FDI
12,38,-27,91,0,173,-179,0,0,61,0,0,0,70,72,96,80,69,244.15,75,-4,19,-1027,37.89190806,-27.07016562,42.53752869,-28.07238729,-21.93347703,13.58253872,-0.6363066,1.951024778,fdi,FDI
12,34,-30,96,0,173,178,0,-1,61,0,0,0,70,72,97,80,69,244.13,75,11,37,-904,34.20725225,-29.83696204,43.93190894,-27.4266181,-25.92834161,12.37030747,-4.556933596,-0.800326215,fdi,FDI
12,34,-30,98,1,173,178,0,-1,61,0,0,0,71,73,98,80,69,244.13,76,0,8,-959,33.80153356,-30.08024387,44.33505981,-27.50173015,-20.60074244,16.60919801,0.503268559,2.322672479,fdi,FDI
12,34,-30,98,1,173,178,0,-1,61,0,0,0,71,73,99,80,69,244.14,76,9,21,-1010,33.79984158,-30.0368971,44.80120162,-27.52362402,-19.71017466,17.28477033,0.598160818,1.887819662,fdi,FDI
12,34,-30,98,1,173,178,0,-1,61,0,0,0,71,73,101,80,69,244.15,77,9,18,-914,33.83028465,-29.98625237,45.27859772,-27.5345303,-19.58875113,17.35835792,0.262757108,1.318934071,fdi,FDI
12,40,-24,99,0,173,179,0,-1,61,0,0,0,70,72,99,80,69,244.15,77,25,29,-932,39.36910912,-24.43613642,44.21434048,-29.08644295,-13.5849261,23.34731438,6.010209518,6.936893156,fdi,FDI
12,40,-24,99,0,173,179,0,-1,61,0,0,0,70,72,98,80,69,244.14,78,1,24,-996,39.98526607,-23.81328402,44.63768448,-29.15025173,-21.57967634,15.34586239,-1.666447221,-0.816368892,fdi,FDI
12,39,-30,100,-1,173,176,0,-1,61,0,0,0,71,73,98,80,69,244.11,78,-8,12,-1013,39.07299324,-29.31866687,45.22437074,-27.7632034,-23.91912775,8.002723762,-2.861505901,-7.057406388,fdi,FDI
12,40,-24,99,0,173,-179,-1,-2,61,0,0,0,71,73,95,80,68,244.07,79,-10,7,-1017,39.84916092,-24.44484346,45.28924035,-29.42358309,-21.77266194,21.8020437,-0.137189896,6.904461206,fdi,FDI
12,39,-21,96,0,173,179,0,-1,61,0,0,0,70,73,95,80,68,244.1,80,14,18,-1007,38.99860175,-21.1132924,45.87073048,-30.27938091,-23.88880119,18.14000616,-2.014113674,2.828066004,fdi,FDI
12,42,-23,97,0,173,-179,0,-1,61,0,0,0,71,73,102,80,68,244.23,80,16,30,-979,41.64447249,-22.62324679,45.41740066,-29.95661736,-19.73767681,11.00599562,2.360248285,-3.34328442,fdi,FDI
12,42,-23,97,0,173,-179,0,-1,61,0,0,0,71,73,105,80,68,244.24,81,3,26,-972,41.93161289,-22.84929227,45.71996071,-30.19012494,-23.52799742,12.83556131,-1.222705364,-0.620764172,fdi,FDI
12,43,-22,108,-1,173,-179,-2,-1,61,0,0,0,72,73,102,80,68,244.25,83,3,36,-999,42.84896942,-21.97347429,45.71950952,-30.66117748,-23.16096596,14.17738304,-0.252988724,0.903512962,fdi,FDI
12,42,-24,107,-1,173,177,0,-1,61,0,0,0,71,73,97,80,68,244.22,83,18,29,-957,42.00595645,-23.72605584,46.21595189,-30.36745952,-25.57691389,10.91081271,-2.241086558,-2.183838091,fdi,FDI
12,43,-23,99,-1,173,-179,1,-2,61,0,0,0,71,73,98,80,68,244.27,84,-7,26,-1059,42.80751517,-23.01455392,46.18918611,-30.84252746,-23.46956206,14.3653269,0.191556336,1.385998114,fdi,FDI
12,43,-23,99,-1,173,-179,0,-1,61,0,0,0,71,73,101,80,68,244.22,85,-17,15,-935,42.88936528,-22.92574904,46.42212056,-31.04138111,-24.60154129,13.45333852,-0.834153349,0.300001746,fdi,FDI
12,44,-29,98,0,173,176,0,-1,61,0,0,0,71,73,100,80,68,244.22,85,42,23,-1016,43.8042652,-28.43471826,46.38336012,-29.70665701,-23.78895694,7.292857441,0.20132295,-5.799809216,fdi,FDI
12,44,-29,98,0,173,176,0,-1,61,0,0,0,71,73,99,80,68,244.25,85,18,26,-1069,43.89491366,-29.03843906,46.5895956,-29.8600221,-25.1434882,15.25398149,-0.94321551,1.732760851,fdi,FDI
12,44,-23,100,-1,173,-179,0,-1,61,0,0,0,71,73,101,80,68,244.31,86,-3,47,-1093,43.88796323,-23.52225266,46.77922673,-31.46358716,-25.3647235,22.58371338,-0.883083953,7.849970214,fdi,FDI
12,41,-22,102,0,173,-179,-1,0,61,0,0,0,71,73,100,80,68,244.2,87,34,10,-945,41.11752683,-21.95367266,47.73796251,-31.82131266,-28.39182856,15.77809235,-3.747320143,0.814661878,fdi,FDI
12,44,-26,101,0,173,-178,-1,0,61,0,0,0,71,72,101,80,67,244.18,88,16,34,-1017,43.56634998,-25.49813781,47.1802444,-30.99182324,-21.39744337,9.119579435,3.106392573,-4.924366238,fdi,FDI
12,44,-26,101,0,173,-178,0,-1,61,0,0,0,71,73,100,80,67,244.23,88,4,21,-1022,43.86298956,-25.92656347,47.41263597,-31.18414318,-24.72056516,14.02792419,-0.544735947,0.358077138,fdi,FDI
12,44,-26,101,0,173,-178,1,-1,61,0,0,0,71,73,100,80,67,244.25,88,-3,34,-1059,43.88323321,-25.95561276,47.60591004,-31.31963376,-25.29414474,14.87108367,-0.823370655,0.759619662,fdi,FDI
12,45,-27,101,0,173,-178,0,-1,61,0,0,0,71,73,101,80,67,244.18,89,10,19,-1042,44.79420224,-26.86275136,47.5353539,-31.18841903,-24.38029816,13.99743465,0.265351128,-0.369185904,fdi,FDI
12,45,-27,101,0,173,-178,0,0,61,0,0,0,72,73,101,80,67,244.26,89,18,21,-1059,44.88689129,-26.95199464,47.71112335,-31.3029053,-25.71947136,15.34046713,-0.901055972,0.758417798,fdi,FDI
12,41,-30,102,0,173,178,0,0,61,0,0,0,72,73,100,80,67,244.25,90,34,15,-988,41.20403204,-29.70290816,48.90035165,-30.62855184,-29.93947169,12.55956054,-4.861216617,-2.306605785,fdi,FDI
12,40,-40,99,-2,173,173,0,-3,61,0,0,0,71,73,97,80,67,244.33,91,47,14,-972,39.87208295,-39.18595591,49.35303348,-28.1197569,-25.6431365,6.57921682,-0.72640065,-8.685482352,fdi,FDI
12,43,-29,99,0,173,-178,0,-3,61,0,0,0,71,73,94,80,67,244.2,92,26,21,-912,42.5232073,-30.06700184,48.84795872,-30.87163775,-20.42297828,31.55400145,3.679142504,14.79859399,fdi,FDI
12,43,-15,95,-2,173,178,1,-1,61,0,0,0,71,73,96,80,67,244.21,93,-40,43,-975,42.85181926,-16.05959042,49.11280737,-34.33575519,-24.07056589,33.22014734,-0.36264734,14.85601104,fdi,FDI
12,43,-30,98,0,173,178,0,0,61,0,0,0,72,73,100,80,67,244.31,94,56,20,-972,42.87952012,-28.34753141,49.33592714,-30.61297343,-24.70139786,-2.557073424,-0.73083389,-18.98328968,fdi,FDI
12,47,-32,101,0,173,-179,0,-2,61,0,0,0,71,73,100,80,67,244.28,95,46,16,-990,46.55176346,-31.7122431,48.52269845,-30.33482526,-20.79840708,11.96756189,3.322946229,-2.250901183,fdi,FDI
12,20,-38,79,0,174,-179,1,0,61,0,0,0,80,81,83,30,65,244.61,113,3,2,-950,17.24137931,-32.75862069,9.172413793,31.57241379,20,-38,20,-38,fdi,FDI
12,-2,27,106,0,174,-179,0,0,61,1,0,0,79,81,99,40,65,244.75,117,14,1,-956,0.086021381,20.50227369,13.3207416,14.40419095,-27.86206897,76.13793103,-19.62452107,60.48659004,fdi,FDI
12,5,9,103,0,174,-179,0,-2,61,0,0,0,78,80,99,40,65,244.76,120,15,13,-1067,4.258437608,10.91699391,12.79211652,21.5360458,3.293942636,-18.28926544,7.642421827,-20.45325273,fdi,FDI
12,6,7,102,0,174,178,0,-2,61,0,0,0,78,81,106,50,65,244.81,122,15,5,-961,5.768200762,7.625721346,13.95025052,24.05082831,-0.735121025,-9.803603318,2.442355325,-7.524691664,fdi,FDI
12,7,13,103,0,174,-179,0,0,61,0,0,0,78,81,103,40,65,244.76,122,0,10,-1047,6.880775629,12.64343634,15.04117169,24.65253285,-2.002117977,0.907059269,1.162448966,4.046563621,fdi,FDI
12,7,18,104,0,174,-178,1,0,61,0,0,0,77,80,102,40,65,244.78,124,35,13,-1045,7.003123334,17.75147847,16.35611981,25.49386371,-3.721691467,-1.228218611,-0.348294154,2.698932441,fdi,FDI
12,8,21,102,0,174,-179,-1,0,61,0,0,0,78,80,99,40,65,244.72,125,-49,37,-1054,7.9227133,20.98348594,17.3946583,26.71175937,-3.005828186,-6.063148229,0.620930338,-0.326278131,fdi,FDI
12,8,22,100,-1,174,179,0,-2,61,0,0,0,78,80,98,40,65,244.7,126,10,13,-957,8.013959237,22.14222674,18.67740754,28.31940774,-4.375366408,-10.315054,-0.529682646,-2.489015918,fdi,FDI
12,11,22,101,-1,174,-176,0,0,61,0,0,0,77,80,103,40,65,244.73,127,8,-8,-1002,10.76523057,22.15976336,19.17119509,30.10816772,-1.598905028,-12.4573178,2.529403601,-2.871772383,fdi,FDI
12,13,25,103,1,174,178,0,0,61,0,0,0,78,80,102,40,65,244.84,128,-12,17,-1006,12.89306353,24.83865475,19.89000851,31.09416206,-3.619296511,-9.75497486,0.906754113,1.003263894,fdi,FDI
12,13,25,103,1,174,178,0,0,61,0,0,0,78,80,101,40,65,244.79,129,19,-1,-990,13.08488696,25.08051735,21.05589769,32.81522546,-6.946233206,-13.75537708,-1.554192249,-2.08315356,fdi,FDI
12,14,27,103,1,174,178,0,-1,61,0,0,0,77,80,99,40,65,244.76,129,-10,21,-1077,13.97478889,26.88161703,21.92376971,33.97059516,-6.476830672,-12.39803409,-0.26406592,0.290855231,fdi,FDI
12,14,27,103,1,174,178,0,0,61,0,0,0,77,80,98,40,64,244.76,130,-29,11,-917,14.03869232,27.0358746,23.03112818,35.61100952,-7.867506564,-15.13148939,-1.107950126,-1.693215785,fdi,FDI
12,16,27,98,0,174,179,0,-2,61,0,0,0,77,80,98,40,64,244.75,131,38,-3,-1026,15.85304474,27.00447788,23.6051439,37.21643724,-6.082541669,-15.56604474,1.151997451,-1.373600069,fdi,FDI
12,18,35,98,1,173,179,0,-1,61,0,0,0,77,80,101,40,64,244.88,132,17,-17,-906,17.8697587,34.32489012,24.15559028,36.75501764,-6.763531784,-7.611920619,0.904321274,7.019936939,fdi,FDI
12,18,35,98,1,173,179,0,0,61,0,0,0,77,80,102,40,64,244.82,132,-36,7,-1016,18.05529207,35.10483933,25.16838387,38.27290577,-9.862780399,-18.25165095,-1.466022133,-2.741556297,fdi,FDI
12,18,35,98,1,173,179,0,0,61,0,0,0,77,80,101,40,64,244.81,132,21,19,-945,18.02984921,35.0890144,26.14312577,39.66318903,-10.3599011,-20.01762147,-1.219328447,-2.711909999,fdi,FDI
12,19,35,103,1,174,-179,0,-1,61,0,0,0,77,80,104,40,64,244.85,133,7,-1,-1031,18.91624016,35.01653032,26.85276869,41.03002289,-9.416729143,-20.25044067,0.151002293,-1.90854057,fdi,FDI
12,20,33,104,-1,174,-176,0,0,61,0,0,0,77,80,104,40,63,244.82,134,0,6,-983,19.91394613,33.12615451,27.55024336,42.90520801,-9.741726647,-22.251918,0.149436906,-3.323549376,fdi,FDI
12,20,33,104,-1,174,-176,0,0,61,0,0,0,77,79,102,40,63,244.75,134,36,-6,-1008,20.00054274,32.89342312,28.47846322,44.28206937,-11.28482975,-19.56872574,-0.965111682,-0.452563277,fdi,FDI
12,23,38,104,0,174,-177,0,0,60,0,0,0,77,79,103,40,63,244.84,135,38,0,-991,22.74241447,37.47161012,28.61505269,44.40173775,-8.529945389,-14.10841548,2.200382209,4.801688745,fdi,FDI
12,23,38,104,0,174,-177,0,-1,60,0,0,0,77,79,104,40,63,244.79,135,1,-4,-961,23.02481839,37.97781553,29.49080074,45.76476128,-12.54937658,-20.69317848,-1.348251346,-1.506504686,fdi,FDI
12,24,39,101,1,174,-178,0,0,60,0,0,0,77,79,105,40,63,244.79,136,12,24,-1010,23.93122987,38.90075027,30.06038117,46.79231536,-12.21143656,-20.79586599,-0.256711067,-0.640051267,fdi,FDI
12,26,40,105,1,174,-179,0,-1,60,0,0,0,77,79,105,40,63,244.88,136,3,-14,-965,25.83889487,39.88357502,30.35361865,47.79624865,-11.62678553,-21.27780196,0.841558455,-0.485956664,fdi,FDI
12,26,40,105,1,174,-179,0,0,60,0,0,0,77,79,104,40,62,244.73,137,-35,-28,-991,26.01746714,39.95658278,31.12383482,49.02844047,-14.50921173,-22.83600288,-1.431308485,-1.447468584,fdi,FDI
12,29,41,105,1,174,-179,0,-1,61,0,0,0,77,79,100,40,62,244.72,138,-29,-22,-1010,28.75374301,40.85086295,31.08608218,49.98299492,-11.97405195,-22.07752542,1.779062542,-0.182425132,fdi,FDI
12,29,41,105,1,174,-179,0,0,61,0,0,0,77,79,99,40,62,244.74,138,14,-3,-976,29.02487406,40.92718185,31.78436698,51.18081375,-16.02094558,-23.43083348,-1.643886258,-1.164128353,fdi,FDI
12,35,39,101,0,174,179,0,0,60,0,0,0,78,80,99,40,62,244.69,139,29,16,-917,34.52064021,39.07251995,30.88836279,52.87611957,-10.68204975,-25.64595588,4.536047658,-3.002871333,fdi,FDI
12,37,42,99,0,175,-178,1,-1,61,0,-1,0,76,80,97,40,62,244.68,140,-10,-27,-1022,36.92539999,41.61252047,30.95419916,53.30001073,-16.74906457,-20.00654647,-0.576097832,2.700258572,fdi,FDI
12,37,42,99,0,175,-178,0,0,61,0,0,0,76,80,97,40,62,244.69,140,0,47,-1040,37.10001621,41.90252844,31.4177826,54.49743292,-20.73946619,-23.55118334,-2.898190722,-0.894382648,fdi,FDI
12,31,44,99,0,174,177,0,-1,61,0,0,0,77,80,99,40,62,244.81,141,5,-9,-982,31.51974357,43.74965889,33.37598927,55.13766093,-27.35285666,-22.15203822,-8.226742414,0.960550891,fdi,FDI
12,28,48,100,0,174,178,1,0,61,0,0,0,77,79,101,40,61,244.79,141,3,30,-966,28.09914436,47.61146327,34.60915111,55.23622247,-22.42353437,-20.89893206,-3.031396317,2.636432536,fdi,FDI
12,28,48,100,0,174,178,0,-1,61,0,0,0,77,79,101,40,61,244.81,141,22,25,-966,27.76042695,47.9998111,35.18998769,56.29223139,-17.08077944,-26.6717123,1.269204296,-2.264330289,fdi,FDI
12,28,48,100,0,174,178,0,-1,61,0,0,0,77,79,100,40,61,244.86,142,2,26,-985,27.78530098,47.97498158,35.83327428,57.27860672,-16.2159643,-27.61541748,1.060215475,-2.062550686,fdi,FDI
12,30,51,103,0,174,178,0,-1,61,0,0,0,77,79,97,40,61,244.8,142,16,4,-1005,29.66859291,50.68484006,35.97363721,57.47935542,-14.1090572,-24.73303703,2.564630316,1.477330857,fdi,FDI
12,31,53,100,0,174,179,0,-1,61,0,0,0,77,79,96,40,61,244.85,143,8,6,-956,30.81919223,52.7914965,36.35557621,57.90443934,-15.77501791,-26.72189918,0.712805011,0.097096861,fdi,FDI
12,31,53,100,0,174,179,0,-1,61,0,0,0,77,79,95,40,61,244.77,143,-21,30,-1056,30.93790138,52.9710507,36.95529185,58.77575209,-17.56335017,-30.03576518,-0.78726331,-2.22358359,fdi,FDI
12,31,53,100,0,174,179,0,0,61,0,0,0,77,79,95,40,61,244.75,144,14,20,-1100,30.93304871,52.93420561,37.53444901,59.6059149,-17.85503541,-30.55949694,-0.756941194,-1.849663129,fdi,FDI
12,32,57,98,0,174,178,0,-1,61,0,0,0,77,79,96,40,61,244.77,144,46,15,-1031,31.83972648,56.57103234,37.85234514,59.397735,-16.89256096,-26.61520006,0.384645901,2.609830041,fdi,FDI
12,32,57,98,0,174,178,0,-1,61,0,0,0,77,79,96,40,61,244.8,144,21,32,-942,31.93121064,56.94560943,38.41687167,60.17756378,-18.22336141,-31.92980379,-0.767366554,-2.095613062,fdi,FDI
12,31,58,98,0,174,178,0,0,61,0,0,0,77,79,97,40,60,244.75,145,46,41,-914,31.00607302,57.84769384,39.2225481,60.63534072,-19.44172672,-31.80568547,-1.721062048,-0.973102962,fdi,FDI
12,31,58,98,0,174,178,0,-1,61,0,0,0,77,79,97,40,60,244.75,145,0,24,-1018,30.89437199,57.90613415,39.77738531,61.32865083,-18.1379524,-33.24822331,-0.341756515,-1.759353366,fdi,FDI
12,31,58,98,0,174,178,0,-1,61,0,0,0,77,79,97,40,60,244.79,145,18,39,-975,30.88677834,57.87672896,40.34709532,62.00262228,-17.91486016,-33.46802126,-0.236562765,-1.444095647,fdi,FDI
12,33,58,99,0,174,179,0,-2,61,0,0,0,77,79,97,40,60,244.78,146,-6,14,-1030,32.72880502,57.850682,40.40434482,62.6721433,-15.88146725,-33.48561223,1.730227352,-1.14979228,fdi,FDI
12,33,58,99,0,174,179,1,0,61,0,0,0,77,79,98,40,60,244.81,146,-4,26,-996,32.93244482,57.8339573,40.95756286,63.34000341,-18.54026717,-33.47718669,-0.808311956,-0.959144874,fdi,FDI
12,35,59,99,0,174,178,0,0,61,0,0,0,77,79,101,40,60,244.72,147,7,31,-993,34.7727283,58.74318654,40.96449213,63.74956426,-16.98519723,-32.46910342,1.137628176,0.157342431,fdi,FDI
12,35,59,99,0,174,178,0,0,61,0,0,0,77,79,101,40,60,244.82,147,17,11,-908,34.95863063,58.83740979,41.4612718,64.40634762,-19.70811296,-33.79478027,-1.204926718,-1.025340668,fdi,FDI
12,35,59,99,0,174,178,0,0,61,0,0,0,76,78,101,40,60,244.83,147,36,5,-1021,34.94729822,58.83348999,41.92498108,65.04703403,-20.15437281,-34.01358782,-1.114153704,-0.999419665,fdi,FDI
12,37,60,102,0,174,179,0,-1,61,0,0,0,76,78,105,40,60,244.85,148,55,9,-1067,36.7633592,59.74268924,41.86749843,65.42725755,-18.21016255,-33.04162157,1.139933341,0.114339207,fdi,FDI
12,37,60,102,0,174,179,0,0,61,0,0,0,77,79,107,50,60,244.88,148,39,7,-989,36.94839813,59.83592577,42.30358981,66.05433061,-20.87027529,-34.37218183,-1.187479739,-1.057553284,fdi,FDI
12,38,60,104,0,174,178,0,0,61,0,0,-1,77,79,103,40,60,244.77,149,22,14,-1050,37.85769833,59.831296,42.44978575,66.665211,-20.30766352,-34.59124185,-0.109652843,-1.02359106,fdi,FDI
12,38,61,109,0,174,178,1,0,61,0,0,0,76,79,99,40,60,244.74,150,39,19,-975,37.93622031,60.74005466,42.83753366,67.01558821,-21.6937559,-33.61901516,-1.119160894,0.095193401,fdi,FDI
12,38,61,109,0,174,178,0,-1,61,0,0,0,76,79,99,40,60,244.76,150,10,14,-1021,37.92087669,60.83302448,43.20766936,67.61279295,-21.91423672,-34.94935726,-0.963649241,-1.073651793,fdi,FDI
12,38,62,102,-1,174,-179,0,0,61,0,0,0,76,79,101,40,60,244.82,150,22,17,-999,37.90353416,61.74766018,43.57413179,67.93635271,-21.93775614,-34.16827702,-0.768700151,-0.037851957,fdi,FDI
12,38,62,102,-1,174,-179,0,0,61,0,0,0,76,79,104,40,60,244.74,151,13,8,-1073,37.89207898,61.83727506,43.93936609,68.50456252,-21.93374677,-35.52696917,-0.638270601,-1.171006428,fdi,FDI
12,38,62,102,-1,174,-179,0,-1,61,0,0,0,76,79,104,40,59,244.78,151,3,9,-939,37.88505895,61.82959715,44.30399657,69.05607483,-21.92844911,-35.74833955,-0.558098467,-1.102624741,fdi,FDI
12,41,64,102,0,174,178,1,0,61,0,0,0,76,78,104,40,59,244.81,152,-10,6,-958,40.63909558,63.65584187,43.89596354,69.0894545,-18.92481751,-33.775161,2.490384437,1.038273923,fdi,FDI
12,41,64,102,0,174,178,0,-1,61,0,0,0,76,78,106,40,59,244.78,152,-35,9,-1067,40.93767676,63.84801052,44.23088978,69.61728426,-22.91557837,-36.43557341,-1.23952739,-1.370132142,fdi,FDI
12,41,63,105,0,174,178,1,-1,61,0,0,-1,76,79,103,40,59,244.79,153,-43,26,-951,40.93550621,62.92287135,44.51829629,70.37049134,-23.58046587,-37.87596127,-1.27137786,-2.342676855,fdi,FDI
12,42,67,108,0,174,178,0,-1,61,0,0,0,76,79,104,40,59,244.74,153,-33,25,-1088,41.83002809,66.48101121,44.53965645,69.84026908,-22.66969417,-32.60228267,0.003862135,3.123377987,fdi,FDI
12,42,67,108,0,174,178,0,-1,61,0,0,0,77,79,106,40,59,244.85,153,40,11,-1035,41.91245887,66.86921561,44.80640108,70.31504851,-24.00245823,-37.70402458,-1.045503981,-1.718733264,fdi,FDI
12,42,70,106,0,174,178,1,0,61,0,0,0,77,78,106,40,59,244.76,154,21,-1,-1013,41.90108599,69.62626606,45.05633326,69.95640813,-24.21733235,-35.55670734,-0.934608972,1.22275687,fdi,FDI
12,41,72,109,0,174,179,0,-1,61,0,0,0,77,78,108,50,59,244.79,155,2,10,-1018,40.96690416,71.73501016,45.56030295,69.81502432,-25.2417397,-37.66479708,-1.769113328,-0.19131695,fdi,FDI
12,41,72,109,0,174,179,0,0,61,0,0,-1,76,79,100,40,59,244.74,156,-9,3,-1035,40.85665017,71.91250183,45.81545785,70.11871356,-23.90791976,-40.99569145,-0.403687649,-2.490021571,fdi,FDI
12,43,74,111,0,174,179,1,0,61,0,0,0,76,79,95,40,59,244.72,156,28,7,-1049,42.68964704,73.71286662,45.57100652,69.86611094,-21.68135523,-39.5208755,1.682063072,-0.097570806,fdi,FDI
12,42,74,98,-1,174,179,0,0,61,0,0,0,77,79,95,40,59,244.7,157,50,13,-910,41.97530461,73.87171221,46.08198283,70.10026642,-25.3102221,-42.23810291,-1.870331194,-2.132376788,fdi,FDI
12,42,74,98,-1,174,179,1,0,61,0,0,0,77,79,95,40,58,244.77,157,28,-12,-899,41.87809138,73.84372388,46.31422628,70.29989407,-24.42068931,-42.6723625,-0.690754935,-1.851433651,fdi,FDI
12,42,74,98,-1,174,179,1,0,61,0,0,0,77,79,94,40,58,244.79,157,10,-8,-1002,41.86459428,73.81085939,46.55680206,70.49238499,-24.25976254,-42.71961294,-0.523802199,-1.482228464,fdi,FDI
12,45,75,94,0,174,179,1,0,60,0,0,0,77,79,96,40,58,244.75,159,32,-5,-940,44.62065683,74.70849409,46.02849186,70.42507827,-21.23234643,-41.71237847,2.503694856,-0.234141719,fdi,FDI
12,46,75,95,0,174,178,0,0,60,0,0,0,76,79,97,40,58,244.79,159,-17,-7,-1172,45.84063555,74.79550957,45.98608124,70.60434085,-24.22072397,-43.03335837,-0.248401296,-1.334571805,fdi,FDI
12,46,75,99,0,174,179,1,0,61,0,0,0,76,79,96,40,58,244.72,160,12,13,-1021,45.94012289,74.78722292,46.14400466,70.76714659,-26.21711111,-43.24853784,-1.547860019,-1.258751044,fdi,FDI
12,46,75,99,0,174,179,0,0,61,0,0,0,77,79,95,40,58,244.82,160,11,3,-955,45.91578908,74.77436287,46.27758881,70.92671639,-26.52902182,-43.27426744,-1.298022098,-1.11489425,fdi,FDI
12,44,74,97,0,174,179,0,-1,61,0,0,0,77,79,97,40,58,244.76,161,-6,28,-1002,44.05146728,73.8462075,46.92090855,71.342726,-28.56120392,-44.272418,-3.011518326,-2.015606042,fdi,FDI
12,44,74,97,0,174,179,0,0,61,0,0,0,77,79,99,40,58,244.8,161,9,16,-997,43.83403341,73.7404529,47.06702992,71.5105433,-25.89298688,-42.93753994,-0.315528556,-0.701187122,fdi,FDI
12,44,74,97,0,174,179,0,-1,61,0,0,0,77,79,100,40,58,244.92,162,24,11,-992,43.82425257,73.73741193,47.24387586,71.69389345,-25.44105541,-42.71269933,-0.166050415,-0.647546614,fdi,FDI
12,44,75,101,0,174,178,0,0,61,0,0,0,77,79,103,40,57,244.86,162,9,17,-1006,43.83407494,74.6628706,47.42590898,71.62249062,-25.37573437,-41.68095889,-0.272045832,0.286644177,fdi,FDI
12,49,80,106,0,174,178,1,1,61,0,0,0,77,79,104,40,57,244.83,164,-5,21,-1035,48.43908559,79.36499694,46.32197487,70.51228206,-20.37095626,-38.01016447,4.638877955,3.981331423,fdi,FDI
12,-50,-69,83,0,-170,-179,1,0,15,0,0,0,82,84,79,30,67,225.53,213,-17,6,-1080,-27.77777778,-38.33333333,-9.022222222,-6.066666667,-50,-69,-50,-69,fdi,FDI
12,-26,-25,101,0,-171,177,0,0,15,0,0,0,82,84,100,50,67,225.6,217,26,16,-980,-33.83563781,-30.8420206,-6.68157697,-7.730900899,15.66666667,32.5,4.864197531,17.59259259,fdi,FDI
12,-14,-9,101,0,-170,179,0,-1,15,0,0,0,82,84,103,50,67,225.71,218,1,12,-980,-30.16798371,-15.64744879,-8.796343984,-12.48555475,33.35881516,47.03694084,15.64785237,24.11979143,fdi,FDI
12,-14,-9,101,0,-170,179,0,-1,15,0,0,0,82,83,105,50,67,225.69,218,8,42,-983,-26.8648636,-8.335912844,-10.4327954,-15.10363276,25.19404282,30.43275409,4.284038201,5.255582995,fdi,FDI
12,-11,-8,106,0,-170,179,0,0,15,0,0,0,81,83,102,50,67,225.71,219,3,23,-980,-22.69056149,-5.064994377,-12.43049808,-17.20383575,22.57538042,20.700017,1.909668856,-1.967455611,fdi,FDI
12,-11,-8,106,0,-170,179,1,0,15,0,0,0,81,83,101,50,67,225.68,219,4,15,-1032,-19.89766942,-4.462847402,-14.1230759,-18.85694115,16.46537703,13.62658474,-2.357804816,-4.96777202,fdi,FDI
12,-14,-11,105,0,-170,178,1,0,15,0,0,0,81,83,101,50,67,225.7,220,31,16,-982,-19.92374127,-6.928941678,-15.1792011,-19.80244198,10.04662386,6.903783915,-6.275658783,-7.781690313,fdi,FDI
12,-14,-11,105,0,-170,178,1,0,15,0,0,0,81,83,102,50,67,225.67,220,28,6,-972,-20.14415564,-8.444833119,-16.32107643,-21.09342884,11.0517671,7.892018232,-3.299665406,-4.029834427,fdi,FDI
12,-14,-11,105,0,-170,178,1,0,15,0,0,0,81,84,104,50,67,225.72,220,32,7,-964,-20.39498564,-9.287497613,-17.45754008,-22.47993236,11.8617345,8.782273987,-1.611407463,-1.868144932,fdi,FDI
12,-19,-18,103,0,-170,179,0,0,15,0,0,0,81,83,103,50,67,225.65,221,-18,8,-1027,-23.49598538,-14.39506253,-17.78995208,-22.61332248,7.435733698,2.448022604,-5.744077411,-7.748125595,fdi,FDI
12,-26,-24,103,0,-170,178,-1,-1,15,0,0,0,82,84,101,50,67,225.7,223,0,15,-1010,-29.65801945,-20.48319118,-17.31475297,-22.53217283,5.370421896,3.280630882,-8.140789763,-7.345968814,fdi,FDI
12,-22,-27,102,0,-171,177,0,0,15,0,0,0,80,83,104,50,67,225.75,224,30,11,-991,-31.42981282,-24.68629278,-18.03701195,-22.84521508,18.6200824,9.720405374,3.382714243,-3.034598125,fdi,FDI
12,-17,-31,106,0,-171,177,1,-2,15,0,0,0,82,83,100,50,67,225.64,225,-9,-1,-1047,-29.4779991,-28.56186795,-19.52921507,-23.02962032,25.20366207,13.75991978,7.357848548,-2.361573977,fdi,FDI
12,-17,-31,106,0,-171,177,0,0,15,0,0,0,82,83,99,50,67,225.71,226,-24,15,-1045,-27.95979039,-29.56385969,-20.77238285,-23.88598536,21.27330011,21.74972649,2.055049472,1.853501746,fdi,FDI
12,-17,-31,106,0,-171,177,1,0,15,0,0,0,82,83,102,50,67,225.75,226,24,32,-983,-26.90559042,-29.38390256,-21.9528547,-24.89955715,18.80984896,26.01264846,-0.271493419,2.451361998,fdi,FDI
12,-21,-25,102,0,-171,177,0,0,15,0,0,0,81,82,105,50,67,225.77,226,5,18,-1006,-28.54632178,-24.84420422,-22.4335722,-27.08015775,13.37896027,34.0997462,-5.058708434,7.74856001,fdi,FDI
12,-22,-29,106,0,-171,177,0,0,15,0,0,0,81,83,102,50,67,225.71,227,-10,17,-1124,-30.30092275,-25.40293612,-22.96793085,-27.75140178,15.26322001,25.53154749,-2.776328407,-2.240263162,fdi,FDI
12,-22,-29,106,0,-171,177,0,0,15,0,0,0,81,83,101,50,67,225.7,228,18,28,-1023,-31.46724619,-25.67814724,-23.62006265,-28.74019117,17.91475727,26.33945032,-0.579466384,-1.412249141,fdi,FDI
12,-23,-31,105,0,-171,177,1,0,15,0,0,0,81,83,100,50,66,225.68,228,22,6,-994,-32.76348463,-27.14316563,-24.17141467,-29.37340216,18.42003038,24.81609904,-0.879755004,-3.0106147,fdi,FDI
12,-23,-31,105,0,-171,177,0,0,15,0,0,0,80,82,99,50,66,225.74,228,6,13,-967,-33.56755511,-27.73539424,-24.82818232,-30.26653411,20.12528885,26.913139,0.008530004,-1.143557178,fdi,FDI
12,-23,-31,105,0,-171,177,1,0,15,0,0,0,80,82,101,50,66,225.7,229,28,26,-979,-34.03206543,-27.90175543,-25.5312963,-31.21750258,21.03383283,28.11833322,0.130917804,-0.47258081,fdi,FDI
12,-24,-27,102,0,-171,-179,1,0,15,0,0,0,80,82,102,50,66,225.66,229,1,11,-1065,-34.85872822,-25.20964269,-26.10209428,-32.94255954,20.47807701,32.76534825,-1.020627187,3.654434899,fdi,FDI
12,-24,-27,102,0,-171,-179,1,0,15,0,0,0,80,82,102,50,66,225.75,229,39,5,-990,-35.37327832,-24.06094993,-26.75359154,-34.17329859,21.58414958,29.43486816,-0.37654389,0.208311794,fdi,FDI
12,-24,-30,103,0,-171,177,0,0,15,0,0,0,80,82,105,50,66,225.66,230,32,18,-1028,-35.67268496,-25.70771615,-27.43428684,-34.73294092,22.18116119,24.466228,-0.239502199,-4.09996057,fdi,FDI
12,-24,-30,103,0,-171,177,0,0,15,0,0,0,81,82,106,50,66,225.75,231,-1,18,-1009,-35.8350772,-26.50386617,-28.13360679,-35.62112574,22.47950295,26.12379269,-0.295116949,-1.866224203,fdi,FDI
12,-23,-31,105,0,-171,176,0,0,15,0,0,-1,81,82,100,50,65,225.67,231,-14,16,-1024,-35.33850005,-27.49986277,-29.00571569,-36.38693821,23.614509,26.16242939,0.60472964,-1.866287095,fdi,FDI
12,-24,-34,106,1,-170,179,1,0,15,0,0,0,81,82,96,50,65,225.68,232,20,10,-1016,-35.56014473,-29.87317073,-29.65867132,-36.74721592,21.75425016,24.68072353,-1.324354043,-3.666656239,fdi,FDI
12,-24,-34,106,1,-170,179,1,0,15,0,0,0,81,82,95,40,65,225.73,232,2,-4,-1024,-35.71998052,-30.75251916,-30.35819519,-37.52346864,22.15417463,28.27456617,-0.836779375,-0.780255948,fdi,FDI
12,-24,-34,106,1,-170,179,1,0,15,0,0,0,81,82,98,50,65,225.72,232,11,28,-1009,-35.82617524,-30.92930226,-31.06485304,-38.39536122,22.39894003,30.30443653,-0.619706574,0.110900194,fdi,FDI
12,-27,-36,97,0,-170,-179,1,0,15,0,0,1,81,82,102,50,65,225.69,233,24,16,-974,-37.62526899,-32.17314701,-31.29163127,-38.92804477,19.5395133,29.36706717,-3.541327284,-1.859169675,fdi,FDI
12,-27,-36,97,0,-170,-179,0,0,15,0,0,0,81,82,105,50,65,225.69,233,22,14,-959,-38.84123138,-32.55317842,-31.71235842,-39.71863381,22.3535212,31.69949099,-0.997767193,-0.426443736,fdi,FDI
12,-27,-40,105,0,-170,-179,0,0,15,0,0,-1,80,82,103,50,65,225.71,234,3,-10,-983,-39.60172534,-35.24077194,-32.19498129,-39.80851384,23.97509653,28.96689218,-0.113059761,-4.108674526,fdi,FDI
12,-28,-42,111,0,-170,-179,0,-1,15,0,0,0,80,82,98,50,65,225.72,235,18,5,-900,-40.6218286,-37.54934478,-32.55932532,-40.03926996,23.84359583,31.25466009,-0.979415263,-2.851679574,fdi,FDI
12,-28,-43,102,0,-170,-179,0,0,15,0,0,0,80,82,98,50,64,225.75,235,-9,10,-1006,-41.25287454,-38.93428069,-33.01498276,-40.4404362,25.18299162,34.4809666,-0.276741691,-1.195065847,fdi,FDI
12,-28,-43,102,0,-170,-179,0,0,15,0,0,0,79,82,97,50,64,225.69,236,3,38,-1069,-41.61696784,-39.22665794,-33.5070027,-41.05978895,25.89717175,37.69718567,-0.170383625,0.245282961,fdi,FDI
12,-28,-43,102,0,-170,-179,0,0,15,0,0,0,79,82,97,50,64,225.73,236,12,23,-987,-41.81209926,-39.09270972,-34.02206153,-41.73511358,26.24753138,39.38408445,-0.278693222,0.336907851,fdi,FDI
12,-28,-40,100,0,-170,179,0,0,15,0,0,0,80,82,99,50,64,225.52,237,37,18,-937,-41.90792376,-36.84441486,-34.55062426,-42.98515743,26.40119715,43.19352554,-0.42570882,2.979642225,fdi,FDI
12,-27,-39,101,2,-170,-179,0,0,15,0,0,0,80,82,98,50,64,225.64,237,6,47,-999,-41.37189515,-35.15156409,-35.24826578,-44.04140846,27.45730134,41.79786807,0.454874484,1.04686796,fdi,FDI
12,-29,-41,101,0,-170,179,1,0,15,0,0,0,80,82,99,50,64,225.59,238,-43,-20,-1066,-42.14964367,-35.85133063,-35.56253791,-44.50628437,24.55748256,37.41744421,-2.465443436,-2.999070416,fdi,FDI
12,-29,-41,101,0,-170,179,0,0,15,0,0,0,80,82,98,50,64,225.65,238,-5,37,-1047,-42.69119509,-36.25631713,-35.98530163,-45.15233656,25.85250557,37.88340291,-1.119571,-1.952508003,fdi,FDI
12,-29,-41,101,0,-170,179,0,0,15,0,0,0,80,81,100,50,64,225.63,239,-7,-5,-963,-43.03914805,-36.46961259,-36.43421652,-45.82517364,26.61865869,38.22288201,-0.59117312,-1.378942717,fdi,FDI
12,-31,-41,101,0,-170,-179,1,0,15,0,0,0,80,82,101,50,63,225.66,240,7,30,-976,-44.40269275,-36.56921109,-36.57864721,-46.51386246,25.04153046,38.44877426,-2.45436636,-1.095095547,fdi,FDI
12,-29,-40,104,3,-170,179,0,0,15,0,0,0,80,82,99,50,63,225.65,240,-12,-6,-969,-44.14801796,-35.93729771,-37.1860526,-47.39870179,29.08304445,39.58798544,1.208982911,0.026297965,fdi,FDI
12,-32,-41,102,2,-170,-179,1,0,15,0,0,0,80,82,100,50,62,225.6,241,-6,15,-999,-45.64864507,-36.34529267,-37.22870274,-47.9747486,25.41313545,37.75485999,-2.94809498,-1.777487018,fdi,FDI
12,-32,-41,102,2,-170,-179,0,0,15,0,0,0,80,82,99,50,62,225.65,241,19,36,-977,-46.64866207,-36.53836276,-37.45426998,-48.65072995,27.70303562,38.18185601,-0.980563586,-1.229843968,fdi,FDI
12,-34,-40,103,0,-171,179,1,0,15,0,0,0,80,82,102,50,62,225.66,242,-3,-4,-1005,-48.42275301,-35.9443283,-37.4080655,-49.53056222,27.01098502,39.4462612,-2.316740913,0.008842391,fdi,FDI
12,-34,-40,103,0,-171,179,0,0,15,0,0,0,80,82,101,50,62,225.65,243,-28,-8,-1009,-49.5643446,-35.69265132,-37.52444181,-50.2930002,29.53154563,38.68574775,-0.547897761,-0.753524631,fdi,FDI
12,-34,-42,104,0,-170,-179,0,0,15,0,0,0,80,82,99,50,62,225.7,243,40,36,-947,-50.2479966,-36.95405764,-37.7031685,-50.65644304,30.92620585,36.23899612,-0.074399647,-3.04193113,fdi,FDI
12,-34,-42,104,0,-170,-179,0,0,15,0,0,0,80,82,99,50,62,225.64,244,-6,11,-1081,-50.62897853,-37.49260963,-37.92323626,-51.26009707,31.64055619,37.82033651,-0.131280388,-1.421526568,fdi,FDI
12,-34,-43,101,0,-170,-179,0,1,15,0,0,0,80,82,100,50,62,225.61,244,-26,-18,-972,-50.82487441,-38.33417748,-38.16856515,-51.72660738,31.97247182,37.75326566,-0.341132863,-1.803548915,fdi,FDI
12,-34,-43,101,0,-170,-179,1,0,15,0,0,0,80,82,97,50,62,225.7,245,-37,-14,-1068,-50.91579699,-38.61410085,-38.42815539,-52.34028191,32.10587785,39.17814326,-0.543896147,-0.817937283,fdi,FDI
12,-34,-45,100,0,-170,-178,0,0,15,0,0,0,80,82,97,50,61,225.58,245,-20,-13,-1020,-50.95189013,-39.98242525,-38.69512153,-52.61272422,32.14605915,37.96492236,-0.689580197,-2.565978685,fdi,FDI
12,-34,-45,100,0,-170,-178,0,0,15,0,0,0,80,82,98,50,61,225.62,246,24,0,-957,-50.96215891,-40.46295993,-38.96549423,-53.14711797,32.1485596,40.19187812,-0.77660315,-0.92610882,fdi,FDI
12,-34,-45,100,0,-170,-178,0,0,15,0,0,0,80,82,98,50,61,225.6,246,30,15,-968,-50.96203176,-40.537146,-39.2371785,-53.73648381,32.13986848,41.43282867,-0.81971597,-0.459610017,fdi,FDI
12,-35,-46,99,0,-170,-179,1,0,15,0,0,0,81,82,101,50,61,225.6,246,-6,-20,-987,-51.53669245,-41.13109034,-39.3474062,-54.15777432,31.13085919,41.07357615,-1.835376109,-1.483269295,fdi,FDI
12,-35,-46,99,0,-170,-179,0,0,15,0,0,0,81,82,101,50,61,225.68,247,26,12,-1020,-51.92626104,-41.29616067,-39.52095925,-54.70731913,32.03765694,42.28724028,-0.993687959,-0.813261546,fdi,FDI
12,-35,-47,101,0,-170,-179,0,0,15,0,0,0,81,82,101,50,61,225.69,247,14,14,-987,-52.17081834,-41.95260337,-39.71417381,-55.09288387,32.56270141,41.93815739,-0.69090201,-1.690093761,fdi,FDI
12,-35,-47,101,0,-170,-179,0,0,15,0,0,0,80,82,100,50,61,225.68,247,15,-11,-969,-52.31373789,-42.1560032,-39.92125965,-55.61017595,32.845763,43.17330081,-0.635270628,-0.926414261,fdi,FDI
12,-37,-49,102,0,-171,-179,1,0,15,0,0,0,80,82,97,50,61,225.69,248,46,14,-993,-53.54683024,-43.5036429,-39.81372763,-55.77832673,30.98615561,41.84502216,-2.672267566,-2.749609223,fdi,FDI
12,-37,-49,102,0,-171,-179,0,0,15,0,0,0,80,82,95,50,60,225.63,248,9,-1,-1010,-54.37065424,-43.9879929,-39.83830662,-56.20498143,32.87414247,44.00894928,-1.043515846,-1.115911193,fdi,FDI
12,-37,-49,102,0,-171,-179,0,0,15,0,0,0,80,82,97,50,60,225.68,249,31,0,-1005,-54.88101536,-44.07382091,-39.90547708,-56.6855273,33.95326991,45.21934429,-0.496221529,-0.629778257,fdi,FDI
12,-35,-52,97,0,-170,-179,0,0,15,0,0,0,80,82,99,50,60,225.71,249,4,5,-945,-54.01972685,-46.01978399,-40.32572546,-56.62273441,36.5265345,42.84784646,1.569541449,-3.629154019,fdi,FDI
12,-35,-52,101,0,-171,-179,2,0,15,0,0,0,80,82,101,50,60,225.76,250,-3,-14,-1026,-53.39168671,-46.73557143,-40.63792047,-56.93901856,34.97985428,45.88415076,-0.220054507,-1.253254545,fdi,FDI
12,-35,-52,101,0,-171,-179,0,0,15,0,0,0,80,82,103,50,60,225.73,250,5,-18,-1036,-52.9750532,-46.87694648,-40.92142524,-57.33315578,34.0441427,47.59199613,-0.94629131,-0.520486308,fdi,FDI
12,-35,-52,101,0,-171,-179,0,0,15,0,0,0,80,82,105,50,60,225.75,250,2,1,-938,-52.71987813,-46.79713783,-41.18279099,-57.75626256,33.51850406,48.48411716,-1.148935915,-0.492755791,fdi,FDI
12,-38,-52,103,-1,-170,-178,1,0,15,0,0,-1,80,82,102,50,60,225.68,251,-6,16,-1060,-54.30853025,-46.66594745,-40.9436133,-58.1850913,30.24652524,48.90984031,-4.130828151,-0.694652276,fdi,FDI
12,-37,-50,109,1,-170,-179,0,0,15,0,0,0,80,82,100,50,60,225.62,252,7,0,-929,-54.83326067,-45.21162361,-41.04686548,-58.98576403,33.85827743,51.08858357,-0.516908182,1.084269207,fdi,FDI
12,-40,-50,102,0,-170,179,1,0,15,0,0,0,79,82,96,50,60,225.62,253,15,3,-890,-56.87864531,-44.59141912,-40.65539648,-59.53035639,31.47919129,49.32247684,-3.380699753,-0.768737171,fdi,FDI
12,-36,-48,100,0,-170,-179,0,0,15,0,0,0,80,81,99,50,60,225.69,254,12,13,-1041,-55.91690695,-43.05622808,-41.1205931,-60.39145708,38.52728751,50.27563228,3.060904209,0.531901159,fdi,FDI
12,-35,-51,101,1,-171,-179,2,0,15,0,0,0,79,81,98,50,60,225.67,255,1,-12,-1030,-54.59457824,-44.51847479,-41.56525101,-60.41358161,37.5968052,44.87471771,1.444988514,-4.305512437,fdi,FDI
12,-35,-51,101,1,-171,-179,0,0,15,0,0,0,79,81,97,40,60,225.65,256,-58,-7,-1179,-53.68556986,-45.23964165,-41.91581957,-60.74921298,35.47268127,46.26747658,-0.560966021,-2.308000195,fdi,FDI
12,-39,-53,100,0,-170,-179,0,-1,15,0,0,0,79,81,96,50,59,225.65,256,-4,20,-1051,-55.42135572,-46.88430268,-41.57378201,-60.76757698,30.23889576,45.15387401,-5.266087495,-3.393849516,fdi,FDI
12,-38,-55,99,0,-170,179,1,0,15,0,0,0,80,81,95,40,59,225.58,257,0,-1,-993,-56.07649073,-48.85927033,-41.61449283,-60.69029001,34.22583237,45.50316325,-1.004850662,-3.368632191,fdi,FDI
12,-38,-55,99,0,-170,179,0,0,15,0,0,0,80,81,95,40,59,225.62,257,0,5,-1011,-56.48728083,-49.55017702,-41.64993363,-60.92980641,35.09792067,48.67147486,-0.546485228,-1.018832331,fdi,FDI
12,-38,-55,99,0,-170,179,0,0,15,0,0,0,78,81,99,50,59,225.72,258,-22,0,-1025,-56.72614886,-49.65246602,-41.70897166,-61.24920551,35.56302399,50.43888709,-0.494279542,-0.362212064,fdi,FDI
12,-42,-54,96,1,-171,-178,0,1,15,0,0,0,79,82,100,50,59,225.57,259,6,18,-1035,-59.16558568,-48.86685562,-41.13608829,-61.7847169,31.78925663,52.3505821,-4.586730004,0.587736919,fdi,FDI
12,-34,-58,101,0,-170,-179,1,0,15,0,0,0,79,81,98,40,59,225.61,260,21,22,-995,-56.17656277,-51.11876972,-42.12001898,-61.44889476,43.53729563,47.86390783,6.668445109,-4.518275347,fdi,FDI
12,-34,-58,101,0,-170,-179,0,0,15,0,0,0,79,81,97,40,59,225.67,260,-2,21,-1032,-54.04888751,-51.9959322,-42.68102002,-61.58232188,38.37931532,51.15923927,1.023384382,-1.707908584,fdi,FDI
12,-34,-58,101,0,-170,-179,0,0,15,0,0,0,79,81,97,40,59,225.64,260,-12,-4,-965,-52.66071403,-52.21292816,-43.14185821,-61.80554317,35.29549312,53.03908365,-1.223583117,-0.759511053,fdi,FDI
12,-38,-59,99,0,-170,-178,1,0,15,0,0,0,80,81,97,40,59,225.6,261,-43,-8,-1057,-54.13242914,-52.83251898,-42.88054788,-61.87651969,29.57977108,53.03714645,-5.821910027,-1.638945899,fdi,FDI
12,-37,-58,99,0,-170,-179,0,0,15,0,0,0,80,81,96,40,59,225.64,261,7,35,-1021,-54.65426982,-52.30890845,-42.98404537,-62.26913461,33.35054519,55.43642907,-1.368465612,0.032323441,fdi,FDI
12,-37,-58,99,0,-170,-179,0,-1,15,0,0,0,79,81,98,50,59,225.63,262,-7,-12,-1095,-55.00521247,-51.99635427,-43.07224537,-62.561202,34.14205456,55.26256998,-0.739732677,-0.731206622,fdi,FDI
12,-39,-57,99,0,-170,-179,0,0,15,0,0,0,79,81,99,50,58,225.67,263,12,24,-1010,-56.37754343,-51.16048515,-42.85538346,-63.01972702,32.58832318,56.09357043,-2.568914703,-0.154362761,fdi,FDI
12,-39,-55,101,2,-170,179,0,1,15,0,0,0,79,81,100,50,58,225.64,264,17,12,-943,-57.28630824,-49.47417426,-42.77821956,-63.71528606,34.64477934,57.05265655,-0.905883325,0.798507991,fdi,FDI
12,-39,-55,101,2,-170,179,0,0,15,0,0,0,79,81,99,50,58,225.69,264,2,20,-1010,-57.84403112,-48.83258026,-42.74890615,-64.12639161,35.80759674,54.61508596,-0.391757875,-1.263587726,fdi,FDI
12,-41,-55,103,0,-170,-179,0,-1,15,0,0,0,79,81,100,50,58,225.67,264,2,7,-984,-59.31768503,-48.68993293,-42.42884826,-64.46927575,34.41673919,53.22645732,-2.374398011,-1.923389476,fdi,FDI
12,-41,-55,103,0,-170,-179,0,0,15,0,0,0,78,81,102,50,58,225.71,265,-3,2,-937,-60.27054536,-48.74634454,-42.25619951,-64.78565014,36.53293007,52.49382193,-0.835034206,-1.967257303,fdi,FDI
12,-39,-57,101,0,-170,-179,0,0,15,0,0,0,78,81,103,50,58,225.74,265,4,15,-1015,-59.68838725,-50.19452272,-42.45873044,-64.7205905,39.71000837,50.141812,1.599504482,-3.80157985,fdi,FDI
12,-39,-57,101,0,-170,-179,0,0,16,0,0,0,78,81,106,50,58,225.73,266,-14,12,-1024,-59.22439257,-50.83390212,-42.56888943,-64.90813749,38.49118947,51.81955946,-0.11114052,-1.925278755,fdi,FDI
12,-39,-57,105,0,-171,-179,0,-1,15,0,0,-1,79,81,102,50,58,225.74,267,-11,40,-1078,-58.89738892,-51.05238345,-42.66051894,-65.15391463,37.71973739,52.82719389,-0.87014256,-1.180851024,fdi,FDI
12,-39,-57,109,0,-171,-179,0,0,15,0,0,0,79,81,100,50,58,225.72,267,35,3,-974,-58.68723821,-51.07848898,-42.73608929,-65.42595764,37.26818627,53.38896499,-1.132242114,-0.986948567,fdi,FDI
12,-39,-57,109,0,-171,-179,0,0,15,0,0,0,79,81,100,50,57,225.77,267,39,12,-976,-58.56278974,-51.03433989,-42.79981018,-65.70727,37.02455387,53.67706682,-1.166161342,-1.020452124,fdi,FDI
12,-40,-57,102,0,-171,-178,0,0,15,0,0,0,79,81,99,50,57,225.69,268,-11,11,-988,-59.07278273,-50.97769628,-42.69390602,-65.98989255,35.90530186,53.80973167,-2.115981659,-1.119786714,fdi,FDI
12,-40,-57,102,0,-171,-178,0,0,15,0,0,0,79,81,99,50,57,225.65,268,-20,23,-1009,-59.43196793,-50.93098812,-42.64665034,-66.27080777,36.7673519,53.86129916,-1.207392354,-1.215448507,fdi,FDI
12,-39,-57,103,0,-170,178,0,0,15,0,0,0,78,81,98,50,57,225.67,269,18,11,-963,-59.08650269,-50.89936803,-42.77838082,-66.54939634,38.27879251,53.87486958,0.144936635,-1.285283052,fdi,FDI
12,-39,-57,103,0,-170,178,0,0,15,0,0,0,78,81,97,50,57,225.59,269,8,16,-1022,-58.83321527,-50.88089343,-42.85943296,-66.82600718,37.64819014,53.87337262,-0.611651165,-1.328326442,fdi,FDI
12,-38,-59,101,0,-170,179,0,-1,15,0,0,0,77,80,96,50,57,225.66,270,13,0,-1004,-58.08629653,-52.21191849,-43.09090938,-66.72596964,38.2636301,51.8677789,0.069570393,-3.350969284,fdi,FDI
12,-45,-58,96,2,-170,179,0,0,15,0,0,0,79,80,97,50,57,225.78,271,14,13,-1013,-61.63369181,-52.07978202,-42.11770387,-67.06316155,30.13245538,54.68824449,-7.872498913,-0.675006566,fdi,FDI
12,-37,-59,98,0,-170,-179,0,-1,15,0,0,0,79,80,97,50,57,225.69,272,-8,24,-1031,-59.45338788,-52.6274349,-42.85654798,-67.14081846,43.87963412,53.82790395,5.725386007,-1.924780177,fdi,FDI
12,-36,-60,101,0,-170,179,0,0,15,0,0,0,78,80,94,40,57,225.63,273,8,25,-1005,-57.28544753,-53.4784942,-43.37095444,-67.15108145,40.93445287,53.7785549,2.045853258,-2.280657495,fdi,FDI
12,-36,-60,101,0,-170,179,0,-1,15,0,0,0,78,80,93,40,57,225.67,273,-6,22,-1006,-55.83476177,-53.76679464,-43.75018601,-67.30855546,37.62183177,55.21479389,-0.761177932,-1.272988176,fdi,FDI
12,-40,-60,97,0,-170,178,0,0,15,0,0,0,78,80,93,40,57,225.62,273,-6,15,-1059,-57.24773716,-53.80149423,-43.40697576,-67.50025076,31.73417623,56.00945775,-5.666058188,-1.003848954,fdi,FDI
12,-40,-60,95,0,-170,179,0,-1,15,0,0,0,77,81,95,40,57,225.66,274,39,19,-1007,-58.30179393,-53.7452679,-43.26505652,-67.70368429,34.38872137,56.41641326,-2.362950806,-1.036996088,fdi,FDI
12,-40,-60,95,0,-170,179,0,0,15,0,0,0,77,81,96,50,57,225.81,275,-11,31,-1077,-59.01394676,-53.6737908,-43.16930275,-67.90852852,36.02095775,56.6054167,-0.954110971,-1.157208272,fdi,FDI
12,-40,-58,98,0,-170,179,1,0,15,0,0,0,78,80,99,50,57,225.7,275,34,19,-1034,-59.45759198,-52.27552125,-43.11027133,-68.48625642,36.95398637,58.6813012,-0.50403809,0.726773682,fdi,FDI
12,-40,-61,100,1,-170,-179,0,0,15,0,0,0,78,80,99,50,57,225.74,276,-18,25,-1023,-59.71368259,-53.70589367,-43.07702046,-68.24757302,37.44701461,53.87839519,-0.476691611,-4.042088864,fdi,FDI
12,-40,-61,100,1,-170,-179,0,0,15,0,0,0,78,80,99,50,57,225.76,276,-27,25,-1012,-59.84999137,-54.34763324,-43.06024805,-68.32822776,37.68365354,55.56219559,-0.593705138,-2.158895036,fdi,FDI
12,-41,-61,102,0,-171,-178,0,0,15,0,0,0,77,80,97,50,57,225.66,277,18,14,-958,-60.4934919,-54.57693622,-42.8913836,-68.4656809,36.78246481,56.57347935,-1.728105571,-1.388595009,fdi,FDI
12,-40,-61,100,1,-170,-179,0,0,15,0,0,0,77,80,97,50,57,225.74,278,12,18,-987,-60.33577346,-54.61552859,-42.95291503,-68.6290321,38.72685971,57.13991508,0.009128064,-1.164731232,fdi,FDI
12,-40,-61,100,1,-170,-179,0,0,15,0,0,0,77,80,97,50,56,225.77,278,4,26,-1086,-60.19840112,-54.58229754,-42.97342016,-68.80180056,38.34501699,57.43362649,-0.604458336,-1.171673641,fdi,FDI
12,-40,-62,99,1,-170,-178,0,0,15,0,0,0,78,80,98,50,56,225.71,279,64,17,-957,-60.09635485,-55.20406499,-42.98917247,-68.78857519,38.09451646,56.57196268,-0.891106557,-2.250512636,fdi,FDI
12,122,-15,82,1,152,-179,0,0,137,0,0,0,71,73,79,70,41,241.88,3,-8,18,-1052,105.1724138,-12.93103448,-15.44827586,26.02068966,122,-15,122,-15,fdi,FDI
12,-5,21,113,0,152,175,2,0,137,0,0,0,71,73,103,90,40,242.17,10,-42,14,-1085,6.938227971,17.30537315,13.16074444,15.69587483,-162.7586207,40.39655172,-112.5095785,34.2183908,fdi,FDI
12,-6,22,109,3,152,177,-1,-2,137,0,1,0,71,74,103,90,40,242.23,11,26,23,-1039,-6.438673879,22.03483875,13.28642083,17.76428365,-25.88201785,-2.382099276,2.5362262,-0.51788101,fdi,FDI
12,-3,22,104,-5,152,179,0,0,137,0,0,0,71,74,104,90,40,242.16,12,-18,-1,-1087,-4.649326296,22.39238264,13.80971863,19.63959948,2.675921675,-11.33818049,18.00311107,-5.128922051,fdi,FDI
12,-3,22,104,-5,152,179,0,-1,137,0,0,0,72,73,105,90,40,242.21,12,11,4,-960,-3.932595156,22.26197225,15.33798108,21.4222201,2.557195306,-12.70283086,10.59909645,-3.968189416,fdi,FDI
12,26,21,101,0,152,179,1,1,137,0,0,0,72,73,101,80,40,242.1,15,-3,21,-1026,23.09351799,21.21766031,9.424483813,23.44024776,31.2358981,-13.83157382,35.40023051,-3.61781172,fdi,FDI
12,20,19,105,0,152,179,0,0,137,0,-1,0,72,73,101,90,40,241.97,17,21,18,-934,20.72228173,19.19654252,12.24693008,25.71741533,-13.55677922,-14.46559057,-9.328958475,-3.450925724,fdi,FDI
12,22,24,100,1,152,178,0,-1,137,1,0,0,72,74,97,80,39,241.99,20,21,11,-985,22.09051477,23.54195819,12.62359457,26.22374678,-10.13772981,-6.542568753,-1.887263461,4.641544985,fdi,FDI
12,21,23,99,0,152,-179,0,0,137,0,0,0,72,74,100,90,38,242.13,22,5,23,-1011,21.2240669,23.10241206,13.77189618,28.25783173,-13.41181277,-13.69673861,-3.682845182,-2.325965547,fdi,FDI
12,23,27,108,1,152,179,0,-1,137,0,0,0,72,74,97,80,36,242.11,24,29,0,-1052,22.89166068,26.68202076,14.12492552,28.94049163,-10.41105239,-9.399181151,0.345643926,2.812060383,fdi,FDI
12,27,26,100,1,152,-179,2,1,137,0,0,0,72,75,105,90,35,242.08,27,-17,-14,-999,26.71439621,26.12849038,13.95118944,30.87399995,-8.866311555,-15.64213815,2.489885616,-2.78824755,fdi,FDI
12,28,26,101,-1,152,178,0,-1,138,0,-1,0,72,75,97,80,34,242.1,30,18,4,-989,28.00758549,26.00900403,14.47880133,32.49592489,-13.58334357,-15.17370512,-1.240383529,-1.391633332,fdi,FDI
12,20,33,100,0,151,178,0,1,137,0,-1,0,73,75,97,80,32,242,32,-16,22,-1004,20.72005631,32.40264442,17.2437414,32.31946115,-23.84444466,-8.060615596,-10.20336314,6.098774528,fdi,FDI
12,20,33,100,0,151,178,0,0,137,0,0,0,73,75,95,80,32,241.96,32,33,-4,-985,19.86389808,33.08378759,17.99748756,33.87634375,-13.53108516,-17.34474353,0.395792409,-2.425413873,fdi,FDI
12,20,33,100,0,151,178,0,0,137,0,0,0,73,75,95,80,32,242.03,33,20,33,-1056,19.82156044,33.06987908,18.87061724,35.32178166,-11.77772684,-18.88594833,1.025587131,-2.398434877,fdi,FDI
12,26,34,94,1,151,-179,0,-1,137,0,-1,0,73,75,101,90,31,242.06,35,3,19,-1031,25.37406401,33.92593311,18.21915255,36.48929473,-5.522478455,-18.08909463,6.639058895,-0.696023239,fdi,FDI
12,27,28,105,1,151,178,0,0,137,0,0,0,72,75,103,90,30,242.13,37,-26,-1,-1094,26.92510521,28.46471326,18.80126427,39.443461,-12.48882403,-25.42133583,-0.210728852,-7.437664199,fdi,FDI
12,24,31,106,1,151,-179,1,-2,138,0,0,0,74,75,100,90,29,242.12,38,23,-13,-1010,24.28453576,30.59255566,20.31042262,40.12066274,-18.16184505,-14.63886735,-4.774619682,3.38311368,fdi,FDI
12,31,38,102,0,152,-179,1,-1,137,1,0,0,73,76,101,90,28,242.04,41,-1,4,-974,30.38251954,37.30601741,19.24242262,39.8295089,-7.580025978,-10.31527933,6.368192963,7.004544428,fdi,FDI
12,28,41,102,0,151,-179,1,0,137,0,-1,0,72,75,100,90,27,242.07,42,32,20,-978,28.29157296,40.79827082,20.72131126,40.46817051,-19.27124506,-17.11027339,-4.9488099,0.836930086,fdi,FDI
12,28,41,102,0,151,-179,0,0,137,0,0,0,72,75,99,80,27,242.1,43,52,16,-969,27.98960019,41.09898287,21.35256912,41.73463568,-16.73333179,-22.73566845,-1.303840396,-3.056086502,fdi,FDI
12,28,41,102,0,151,-179,0,-1,137,0,0,0,72,75,100,80,27,242.04,43,2,13,-1017,27.93741966,41.04077888,22.01239302,42.93299891,-16.26397811,-23.62302389,-0.67137625,-2.470506719,fdi,FDI
12,29,34,104,0,152,-179,1,-1,137,0,0,0,73,75,101,90,26,242,44,1,25,-1087,28.84246468,34.53898814,22.4182488,45.91936676,-15.17869852,-30.71915374,0.499188436,-8.731347309,fdi,FDI
12,29,41,103,0,152,-179,2,0,137,0,0,0,73,75,100,80,26,242.01,45,9,15,-1017,28.93634589,40.22887893,23.07194037,45.36493815,-16.49217444,-14.38784122,-0.678573603,7.534482383,fdi,FDI
12,27,39,102,0,152,179,0,0,137,0,0,0,73,75,101,90,26,242.01,46,30,1,-958,27.0936323,39.06754051,24.22450386,47.16774108,-18.70918614,-24.13031707,-2.653166192,-2.817529093,fdi,FDI
12,28,44,102,1,151,-177,2,-1,137,0,0,0,73,75,100,90,25,242.06,47,19,15,-1053,27.80213863,43.50230836,24.62117744,47.09591295,-15.07499167,-17.7990268,0.965957471,4.139452856,fdi,FDI
12,28,44,102,1,151,-177,0,0,138,0,0,0,73,75,98,80,25,242.02,47,7,7,-1101,27.8958381,43.97956486,25.29630275,48.27895027,-15.96138016,-24.20620143,-0.173448106,-1.824895965,fdi,FDI
12,29,43,103,0,152,177,0,0,138,0,0,0,73,75,97,80,25,242.05,47,67,20,-1004,28.82664493,43.05391967,25.70348667,49.6426068,-15.12042241,-26.27280139,0.683795015,-2.844907508,fdi,FDI
12,30,42,100,0,152,179,0,0,137,0,0,0,73,75,96,80,24,242.05,49,53,18,-1000,29.84739164,41.9922768,26.09941858,51.00196695,-15.47770923,-26.08379925,0.417827188,-2.128809266,fdi,FDI
12,32,44,98,0,152,179,0,-1,137,0,0,0,73,76,98,80,24,242.04,49,41,14,-917,31.78623067,43.70099886,26.21215924,51.61067433,-15.03475178,-22.53259576,1.150033162,1.480812348,fdi,FDI
12,32,44,98,0,152,179,0,0,137,0,0,0,73,76,98,80,24,242.04,50,46,-1,-1016,31.97858601,43.89134441,26.80165478,52.73178371,-17.94932325,-24.93032366,-1.282090526,-0.884567893,fdi,FDI
12,31,52,99,1,151,-179,0,0,137,0,0,0,73,76,100,90,24,241.97,51,-5,19,-1042,31.04481939,51.24884582,27.61336961,51.76446026,-19.42424123,-17.33434657,-2.159593218,7.057347017,fdi,FDI
12,32,47,103,0,152,-178,0,0,137,0,0,0,73,76,98,80,24,242.01,51,28,13,-979,31.83839647,47.44137044,27.91313512,54.06096307,-17.15166279,-33.03801865,0.377732353,-7.819816981,fdi,FDI
12,32,49,100,0,152,177,1,-1,137,0,0,0,73,76,98,80,23,242.05,52,17,14,-1049,31.92154878,48.76675164,28.47437943,54.47624145,-18.25793209,-26.16166237,-0.660580848,0.42571505,fdi,FDI
12,32,49,100,0,152,177,0,0,137,0,0,0,73,76,99,80,23,241.99,53,23,11,-1021,31.91857872,48.89844379,29.0217222,55.44263416,-18.44240306,-27.94955234,-0.642527652,-1.221755071,fdi,FDI
12,31,49,101,0,152,179,0,0,137,0,0,0,73,76,100,80,23,242.12,53,16,16,-1009,30.9904524,48.88786504,29.82389171,56.3852275,-19.46617647,-28.24656587,-1.545746584,-1.126858453,fdi,FDI
12,32,50,102,0,152,178,0,0,137,0,0,0,73,75,100,90,23,242,54,16,18,-975,31.80339053,49.78916024,30.12014914,57.06569996,-17.13478377,-27.28243724,0.776706041,0.075995472,fdi,FDI
12,32,51,103,0,152,179,0,0,137,0,0,0,73,75,100,80,23,242.02,55,22,-9,-951,31.90019592,50.79655974,30.67958883,57.73501805,-18.24111577,-27.61077957,-0.416661468,-0.035937214,fdi,FDI
12,32,51,103,0,152,179,0,0,137,0,0,0,73,75,99,80,22,241.96,55,33,-12,-1024,31.90568679,50.88907645,31.22588577,58.63558655,-18.43126158,-29.15835912,-0.495175731,-1.218096859,fdi,FDI
12,31,52,101,-1,152,178,1,-1,137,0,0,0,74,76,99,80,22,242.04,56,-6,2,-1030,30.98268352,51.79567023,32.02743063,59.25969384,-19.45931573,-28.40653855,-1.456937595,-0.093456624,fdi,FDI
12,32,51,103,0,152,-179,1,-1,137,0,0,0,74,76,101,80,22,241.96,57,-7,-1,-1008,31.79871037,50.96004328,32.32331244,60.38512897,-17.1306295,-30.76585942,0.830208545,-2.160620633,fdi,FDI
12,32,51,103,0,152,-179,0,0,137,0,0,0,74,76,101,90,22,241.97,57,-9,25,-1011,31.89737659,50.848367,32.88252593,61.24581568,-18.23861026,-29.65389685,-0.384431383,-0.797895663,fdi,FDI
12,31,54,101,0,152,-179,0,0,137,0,0,0,74,76,100,90,22,242.01,58,1,15,-1003,30.98456221,53.59205502,33.68612597,61.34654821,-19.42975186,-26.45681602,-1.475760388,2.384548311,fdi,FDI
12,31,54,101,0,152,-179,0,0,137,0,0,0,74,76,96,80,22,241.97,58,23,-9,-967,30.88128114,53.89127277,34.23986708,62.19218999,-18.12740166,-30.41705887,-0.192195783,-1.349999261,fdi,FDI
12,30,60,102,1,151,-177,0,0,137,0,0,0,73,76,95,80,22,242.01,58,-1,17,-1034,29.95945171,59.40690696,35.06637684,61.44603512,-18.90799695,-25.07807368,-1.146259854,4.604313999,fdi,FDI
12,29,56,98,0,152,178,0,0,137,0,0,0,74,76,99,80,22,242,59,-23,4,-956,28.94596021,56.30742865,35.90527943,63.20746355,-18.54625349,-37.15332208,-0.962306067,-6.648433362,fdi,FDI
12,30,55,101,0,152,179,0,0,137,0,0,0,74,76,102,80,22,241.94,60,-13,15,-1002,29.76999116,54.96780299,36.25549739,64.13836196,-15.99161791,-34.16392521,1.25314322,-2.53749907,fdi,FDI
12,34,56,103,1,153,179,0,0,137,0,0,0,74,76,102,90,22,241.99,61,19,0,-1090,33.55926913,55.7288931,35.84260137,64.60924135,-13.0722919,-31.11774364,3.894249406,0.434497864,fdi,FDI
12,34,56,103,1,153,179,0,0,137,0,0,0,74,76,103,90,22,242.08,61,-17,16,-1040,33.97617989,55.82010057,36.40855218,65.34989097,-18.58910681,-32.10566398,-1.309132559,-0.685235636,fdi,FDI
12,32,57,103,0,152,177,0,0,138,0,0,0,73,75,102,90,22,242.04,62,32,2,-859,32.13899471,56.74488032,37.42452417,65.82091,-21.50996878,-31.27743518,-3.406318681,0.239371486,fdi,FDI
12,32,57,103,0,152,177,0,0,137,0,0,0,73,76,101,90,22,242.13,62,-21,7,-931,31.90692599,56.84199022,37.93347431,66.53761181,-18.97347947,-32.6339461,-0.555324336,-0.978713639,fdi,FDI
12,32,58,104,0,152,179,-1,-1,137,0,0,0,73,76,99,80,21,242.04,63,-7,20,-1066,31.8844542,57.75841591,38.4709552,66.9806084,-18.53333061,-31.85813141,-0.262724626,0.03631093,fdi,FDI
12,33,60,102,0,152,-179,-1,0,137,0,0,0,73,76,100,90,21,241.98,64,17,1,-993,32.80559556,59.68787524,38.7553784,67.1534286,-17.46433972,-31.21828023,0.723660356,0.891767357,fdi,FDI
12,33,60,102,0,152,-179,0,0,137,0,0,0,73,76,100,90,21,241.96,64,1,-3,-975,32.90891899,59.88154348,39.28833704,67.8050382,-18.78670401,-34.1022689,-0.562085945,-1.552667245,fdi,FDI
12,33,62,101,-1,153,-177,0,-1,137,0,0,0,74,76,95,80,21,241.98,65,13,0,-1020,32.9107109,61.70772086,39.80573391,67.90694564,-19.00883932,-32.57358609,-0.601311852,0.551224212,fdi,FDI
12,33,62,101,-1,153,-177,0,0,137,0,0,0,73,76,94,80,21,241.92,66,-2,-10,-1030,32.90395032,61.88411765,40.32039514,68.49763178,-19.03969465,-35.29422438,-0.527158457,-1.683188947,fdi,FDI
12,35,64,97,0,153,179,0,-1,137,0,0,0,74,76,98,80,20,242,66,12,-10,-994,34.73775075,63.70579211,40.31947448,68.53985924,-17.04107147,-33.73623049,1.530097215,0.474330065,fdi,FDI
12,35,64,97,0,153,179,0,0,138,0,0,0,74,76,101,90,20,242.01,67,22,0,-978,34.93534934,63.88022464,40.81370438,69.07092809,-19.70117052,-36.45102668,-0.939946457,-1.737279954,fdi,FDI
12,30,62,96,0,151,176,0,0,137,0,0,0,74,76,102,90,20,242.02,67,33,-13,-1018,30.33588141,62.0231018,42.56337484,70.08323738,-25.14376945,-38.89142565,-5.95101992,-3.567218927,fdi,FDI
12,34,66,105,0,152,179,0,-2,137,0,1,0,75,77,97,80,20,241.88,68,43,1,-986,33.49454968,65.47307443,42.03889789,69.56369585,-14.5477735,-32.28153237,4.503844052,3.240767067,fdi,FDI
12,38,67,103,0,152,179,0,0,137,0,0,0,75,77,98,80,20,241.98,69,26,-13,-980,37.56253285,66.77619882,41.55295953,69.80712742,-14.7622563,-36.15725118,3.713577847,-0.530963026,fdi,FDI
12,38,67,103,0,152,179,0,-1,137,0,0,0,75,77,99,80,20,242.01,69,-16,8,-1061,37.9955336,66.88049843,42.00824249,70.23979378,-20.81954521,-38.30842965,-1.718455333,-1.898225234,fdi,FDI
12,38,67,103,0,152,179,0,0,137,0,0,0,74,76,99,90,20,242.03,69,7,9,-1007,37.98708073,66.85312542,42.39239332,70.64625825,-21.82034909,-38.64332037,-1.707506695,-1.615825943,fdi,FDI
12,44,73,100,0,153,178,0,0,137,0,0,0,74,76,99,90,20,242.08,70,17,9,-976,43.46373726,72.34163068,41.21889443,69.50251436,-15.95250537,-32.6773562,4.734390828,4.699851396,fdi,FDI
12,40,74,101,0,152,178,0,0,137,0,0,0,74,76,98,80,20,242.07,70,13,9,-1026,40.35994097,73.84501037,42.5578781,69.58574439,-27.93988749,-39.65635505,-6.461853478,-1.609753059,fdi,FDI
12,40,74,101,0,152,178,0,0,138,0,0,0,74,76,100,90,19,242.08,71,45,11,-980,39.93956183,73.93292546,42.80959621,69.82094684,-23.9367878,-42.31131063,-1.34771394,-2.833756321,fdi,FDI
12,38,71,100,-1,152,179,0,0,138,0,0,0,74,76,101,90,19,242.07,71,-1,36,-1094,38.04293706,71.11971665,43.62144534,70.7950533,-25.21967872,-45.70769113,-2.630694321,-5.243634298,fdi,FDI
12,35,71,103,0,152,178,0,0,137,0,0,0,74,77,97,80,19,242.01,72,-25,14,-1013,35.07466233,70.7717293,44.71644291,71.01823782,-25.4364847,-41.74561169,-3.00940079,-0.95508638,fdi,FDI
12,35,71,103,0,152,178,0,0,137,0,0,0,75,77,100,80,19,241.98,73,29,11,-880,34.77160657,70.74245413,45.10064492,71.28588362,-20.97904065,-41.0641074,0.810983153,-0.564715481,fdi,FDI
12,37,72,100,0,152,177,0,0,137,0,0,0,75,77,102,90,19,242.04,73,0,3,-1025,36.62605471,71.66764699,45.02309845,71.30309224,-18.24903465,-39.9595759,2.695906807,0.37867946,fdi,FDI
12,38,73,104,0,152,178,0,-1,138,0,0,0,74,77,106,90,19,242.05,74,25,-3,-966,37.78123952,72.69385174,45.19358747,71.31198514,-19.81856006,-40.27880394,0.800201953,0.053962411,fdi,FDI
12,38,73,104,0,152,178,0,0,137,0,0,0,73,77,105,90,19,242.05,75,5,11,-996,37.90546704,72.79822454,45.58312582,71.55325544,-21.59572308,-41.83295262,-0.761585822,-1.263397311,fdi,FDI
12,38,72,109,0,152,178,0,-1,137,0,0,0,73,77,105,90,19,242.04,75,1,0,-983,37.90426889,71.87316717,45.95250867,72.03354341,-21.88818452,-43.08694308,-0.772831585,-2.221031423,fdi,FDI
12,39,72,107,0,152,179,0,0,137,0,0,0,75,76,104,90,19,242.06,76,8,3,-1009,38.81318524,71.7605519,46.06082412,72.2626278,-20.927332,-41.78803125,0.34319562,-0.831756702,fdi,FDI
12,39,72,107,0,152,179,0,0,137,0,0,0,75,76,106,90,19,242.05,76,40,-4,-995,38.90602167,71.75229245,46.41588018,72.50649312,-22.25928137,-41.56521872,-0.824271382,-0.719025647,fdi,FDI
12,41,72,107,0,152,179,0,0,137,0,0,-1,75,76,103,90,19,241.98,77,-5,-14,-960,40.73997766,71.75505271,46.23983367,72.75273851,-20.47836364,-41.5315874,1.212717704,-0.747514195,fdi,FDI
12,40,72,110,0,152,179,0,0,137,0,0,0,75,76,99,80,19,241.96,77,0,-34,-1039,40.01047922,71.75768324,46.81359171,72.99948839,-24.16803842,-41.52817407,-2.172726925,-0.777097405,fdi,FDI
12,40,72,110,0,152,179,0,0,137,0,0,0,75,77,96,80,19,241.91,78,10,-28,-1019,39.9021717,71.75938335,47.10712851,73.24641339,-23.28045837,-41.5288031,-0.867326085,-0.79645788,fdi,FDI
12,41,72,99,0,152,179,0,-1,137,0,0,0,75,77,95,80,18,241.94,78,27,-2,-1044,40.80118389,71.76042039,47.15292457,73.49342652,-22.11519192,-41.52959396,0.378546562,-0.808302033,fdi,FDI
12,41,72,99,0,152,179,0,0,137,0,0,0,74,77,96,80,18,241.97,79,7,13,-1057,40.89515429,71.76104639,47.44752795,73.74049048,-23.41532141,-41.53013156,-0.799094203,-0.815456811,fdi,FDI
12,41,72,99,0,152,179,0,0,137,0,0,0,74,77,97,80,18,241.93,79,3,-6,-1025,40.8918305,71.7614236,47.72630251,73.98758477,-23.63056095,-41.53046424,-0.779638435,-0.819768764,fdi,FDI
12,42,75,99,0,152,178,0,1,137,0,0,0,74,77,101,80,18,242.03,80,41,7,-1003,41.80147965,74.51992952,47.74467964,73.46237927,-22.65835839,-38.53066588,0.329031232,2.177633581,fdi,FDI
12,41,76,100,0,152,179,1,0,137,0,0,0,74,77,103,90,18,242.03,80,-6,21,-1021,40.97557137,75.74063053,48.26737202,73.42291039,-24.98907334,-41.52380122,-1.846070438,-0.583069385,fdi,FDI
12,41,76,100,0,152,179,0,0,137,0,0,0,75,77,104,90,18,242.06,81,33,0,-913,40.87073293,75.84046199,48.52616423,73.58377372,-23.87726655,-43.52113307,-0.561011539,-1.886516357,fdi,FDI
12,42,73,105,0,152,179,0,0,137,0,0,0,75,77,104,90,18,242.08,81,-6,-2,-1015,41.77980457,73.05804637,48.54026026,74.49262781,-22.6830447,-46.83331466,0.573083067,-4.638937352,fdi,FDI
12,42,73,105,0,152,179,0,0,137,0,0,0,75,77,106,90,18,242.07,81,18,-2,-1043,41.88082854,72.73155666,48.804033,74.65318275,-23.98342404,-42.87260149,-0.684681634,-0.594640033,fdi,FDI
12,42,74,107,0,152,179,0,0,137,0,0,-1,75,76,103,90,18,242.03,83,-16,2,-1045,41.88187187,73.6350086,49.05236721,74.60194503,-24.20162484,-41.20020442,-0.715072039,0.643907584,fdi,FDI
12,41,77,104,0,153,179,0,0,137,0,0,0,75,76,92,80,17,241.88,84,7,-1,-983,40.95531241,76.50748464,49.55539987,74.03377407,-25.23163615,-39.4334322,-1.636614904,2.242247742,fdi,FDI
12,42,76,88,0,153,179,0,1,137,0,0,0,75,77,95,80,17,241.94,86,10,25,-1015,41.76909194,75.90023947,49.55255425,74.45220198,-22.90173932,-44.6410112,0.676155386,-2.660533455,fdi,FDI
12,42,77,95,0,152,178,0,0,137,0,0,0,75,77,102,80,17,241.99,87,8,12,-1026,41.86639258,76.71779192,49.81292629,74.31591785,-24.0086233,-43.00992928,-0.522883331,-0.449992706,fdi,FDI
12,42,76,102,-1,152,-179,0,0,137,0,0,0,75,77,100,90,17,241.99,87,38,1,-967,41.87218061,75.87351483,50.0601789,74.6916593,-24.19904947,-45.21310727,-0.604795963,-2.405654137,fdi,FDI
12,42,78,105,-1,152,178,0,0,138,0,0,0,75,77,97,80,16,242,88,11,3,-1008,41.86878247,77.60138573,50.30525436,74.28943615,-24.22726495,-42.07638867,-0.56860321,0.951285089,fdi,FDI
12,41,76,99,-2,152,-178,1,0,137,0,0,0,75,77,98,80,16,241.99,89,43,12,-955,40.94644393,75.9498683,50.80727577,74.910213,-25.2296794,-46.53824948,-1.535735112,-3.385356561,fdi,FDI
12,41,76,99,-2,152,-178,1,0,137,0,0,0,75,77,97,80,16,241.84,89,14,8,-971,40.84420637,75.74756332,51.06139204,75.00578648,-23.89779345,-44.28770738,-0.261511185,-0.896668341,fdi,FDI
12,45,78,100,-1,152,178,0,0,137,0,0,0,75,77,97,80,16,241.95,90,28,-1,-1040,44.52099028,77.57104743,50.30145448,74.61266878,-19.67481809,-41.89867287,3.767895908,1.310918893,fdi,FDI
12,45,78,100,-1,152,178,1,0,137,0,0,0,75,77,95,80,16,241.94,90,48,-1,-967,44.92981707,77.7764201,50.53519246,74.71920721,-24.96822859,-44.50156803,-1.324697583,-1.242548958,fdi,FDI
12,46,76,92,0,153,179,1,0,137,0,0,1,75,78,96,80,16,241.92,92,21,14,-1036,45.85378816,75.94166912,50.44902739,75.30991352,-24.85545183,-46.93963908,-0.45170387,-3.326352651,fdi,FDI
12,116,-5,96,0,-169,179,0,0,-36,0,0,0,67,67,98,70,19,242.19,8,26,23,-937,100,-4.310344828,-19.6,15.20689655,116,-5,116,-5,fdi,FDI
12,4,18,103,-1,-169,179,1,0,-36,0,0,0,67,69,102,80,17,242.32,13,-22,5,-1062,14.39483536,15.56685675,5.769446099,8.555073214,-146,24.46551724,-98.22222222,22.40613027,fdi,FDI
12,-14,20,103,-5,-170,176,-1,0,-36,0,0,0,67,69,99,80,16,242.37,14,3,15,-1005,-12.80521729,19.89035701,9.573357548,9.371347518,-44.42444655,-2.603164646,-15.10280512,0.909592944,fdi,FDI
12,1,17,101,0,-170,-179,0,0,-36,0,0,0,67,69,98,80,16,242.39,15,23,17,-989,-1.739266388,17.52189543,6.399045182,11.15398106,15.45951348,-13.3062411,30.77096879,-6.681564652,fdi,FDI
12,1,17,101,0,-170,-179,0,0,-36,0,0,0,67,68,100,80,16,242.37,15,32,6,-925,0.105374588,17.13052515,7.388021245,12.1194848,2.749690085,-10.52425339,10.19208654,-2.323954291,fdi,FDI
12,1,17,101,0,-170,-179,0,0,-36,0,0,0,67,68,100,80,16,242.45,15,-11,14,-1030,0.558307348,17.03551433,8.250270884,13.11260356,0.246150811,-9.981346837,5.001097949,-1.240100336,fdi,FDI
12,7,13,102,0,-170,179,0,0,-36,0,0,0,67,68,101,80,16,242.4,16,12,11,-999,6.259985628,13.3198028,7.559698383,15.13718682,5.717059539,-13.86788597,8.866071298,-4.796474055,fdi,FDI
12,7,13,102,0,-170,179,0,0,-36,0,0,0,67,69,100,80,15,242.33,16,8,8,-1029,6.964517377,12.89658718,8.359713838,16.17030753,-2.4176479,-8.512739082,0.197403497,0.450866047,fdi,FDI
12,7,13,102,0,-170,179,0,0,-36,0,0,0,67,69,99,80,15,242.43,16,8,13,-1006,7.023500054,12.88465246,9.069489755,17.26559086,-3.812998109,-7.611027937,-0.590641655,0.663030916,fdi,FDI
12,10,16,103,0,-170,-179,0,0,-36,0,0,0,67,69,98,80,15,242.37,17,15,1,-1063,9.769906313,15.66721455,8.992740135,17.59933716,-1.026628375,-4.483842953,2.525472991,3.397799488,fdi,FDI
12,10,16,103,0,-170,-179,0,0,-36,0,0,0,67,69,98,80,15,242.35,17,28,8,-961,10.05801513,15.98695156,9.656292789,18.67892247,-5.043667549,-8.469691358,-1.087376888,-0.57150489,fdi,FDI
12,10,16,103,0,-170,-179,0,0,-36,0,0,0,67,69,99,80,15,242.34,17,14,15,-986,10.04883007,15.99799126,10.27152959,19.71220965,-5.707774844,-9.14269781,-1.039538721,-0.754087131,fdi,FDI
12,14,18,100,-1,-170,-178,1,0,-36,0,0,0,67,70,103,80,14,242.38,18,5,11,-983,13.69732354,17.81994705,9.848027267,20.22267428,-1.793985799,-7.238509001,3.284831056,1.429630877,fdi,FDI
12,18,21,101,0,-169,-177,1,0,-36,0,0,0,67,70,99,80,14,242.39,19,1,9,-1021,17.75599602,20.76586508,9.383103939,20.45431661,-3.117566575,-6.906493087,2.506066705,2.072020886,fdi,FDI
12,14,22,102,0,-169,-179,0,-1,-36,0,0,0,67,70,98,80,14,242.31,20,27,5,-949,14.46623853,21.97775618,10.87448978,21.13930705,-13.32133575,-10.33904128,-6.426762441,-0.625968952,fdi,FDI
12,14,22,102,0,-169,-179,0,0,-36,0,0,0,67,69,100,80,13,242.43,20,12,11,-1050,14.02420467,22.05651036,11.29978423,22.01851775,-8.999279507,-12.39228167,-1.039605667,-1.694806205,fdi,FDI
12,13,19,101,0,-170,179,0,0,-36,0,0,0,67,69,103,80,13,242.37,20,0,13,-1022,13.04581711,19.25942981,12.03090491,23.6439427,-9.22994686,-15.7032944,-1.304645531,-4.280587989,fdi,FDI
12,13,19,101,0,-170,179,0,-1,-36,0,0,0,67,69,104,80,13,242.39,21,22,10,-989,12.93698597,18.92387186,12.52108374,24.52026201,-7.77018474,-11.7363365,0.055323756,-0.132778537,fdi,FDI
12,17,23,106,0,-170,-179,1,-1,-36,0,0,0,67,70,101,80,13,242.44,22,-25,18,-1085,16.61321834,22.58011379,11.99818754,24.41202021,-3.527138579,-7.05932939,4.092699848,4.168492323,fdi,FDI
12,18,26,102,-2,-169,-179,1,0,-36,0,0,0,68,69,95,80,12,242.39,22,-32,-4,-1017,17.94155064,25.75041876,12.21166957,24.5297435,-7.817599464,-9.28266801,-0.000543312,2.045518802,fdi,FDI
12,18,26,102,-2,-169,-179,0,0,-36,0,0,0,68,69,93,80,12,242.39,23,48,0,-1007,18.04656907,26.05997602,12.6104345,25.32907016,-10.03546035,-14.15473419,-1.381635054,-1.883931466,fdi,FDI
12,16,28,94,-2,-169,-177,0,0,-36,0,0,0,68,70,100,80,12,242.43,24,6,35,-1008,16.17896033,27.8721566,13.4972188,25.55533818,-12.37968856,-12.94364276,-3.084320334,0.351924629,fdi,FDI
12,18,25,100,0,-170,179,0,0,-36,0,0,0,68,70,105,80,11,242.4,24,7,9,-954,17.78795102,25.27108325,13.36795216,27.03808305,-7.752406911,-18.70152329,1.74932628,-4.66770868,fdi,FDI
12,20,24,106,-1,-170,-178,0,0,-36,0,0,0,68,70,102,80,11,242.35,25,12,-8,-1012,19.80900232,24.02045273,13.2488688,28.00007343,-7.962875728,-16.1475992,1.492375565,-1.604438664,fdi,FDI
12,122,-6,82,0,169,-179,0,0,70,0,0,0,69,71,79,60,100,242.27,6,4,6,-944,105.1724138,-5.172413793,-21.04827586,15.44827586,122,-6,122,-6,fdi,FDI
12,-10,16,107,0,169,177,0,1,70,0,0,0,69,71,103,80,100,242.51,13,32,32,-981,2.48441023,13.69195223,9.207813411,9.062805101,-167.7586207,23.75862069,-117.5095785,21.28735632,fdi,FDI
12,-10,17,104,-1,169,178,-2,0,70,0,1,0,70,71,105,80,100,242.57,14,20,12,-1048,-10.5469599,16.98143322,8.547664563,10.17421016,-23.30210957,-2.754300299,3.8018838,-0.010951956,fdi,FDI
12,-10,17,104,-1,169,178,0,-1,70,0,0,0,70,71,104,80,100,242.53,15,-2,16,-1091,-11.43146723,17.24296487,9.360166907,11.25601235,2.072430315,-8.865793077,15.60532166,-3.321696664,fdi,FDI
12,17,12,100,0,169,-177,2,-1,70,0,0,0,69,72,101,80,100,242.48,18,3,3,-1111,13.77672126,12.57347637,3.50059278,13.55925677,32.88364229,-14.8046337,38.62106617,-7.611635663,fdi,FDI
12,15,13,104,0,169,179,0,0,70,-1,0,0,70,71,97,70,99,242.47,21,15,1,-983,15.06317348,12.90460141,4.887493945,14.35586304,-4.696493068,-7.246533815,-1.107403506,0.466091873,fdi,FDI
12,10,15,100,0,169,179,0,0,70,0,-1,0,70,72,99,80,97,242.52,23,1,9,-1023,10.52432908,14.78910186,6.670797782,14.95762112,-13.16295021,-5.442698599,-7.053432667,1.92801355,fdi,FDI
12,10,15,100,0,169,179,0,0,70,0,0,0,70,72,96,80,97,242.53,23,14,9,-982,9.966394432,14.99608985,7.184347392,16.05021645,-7.002125981,-8.150211917,-0.212945179,-0.647287968,fdi,FDI
12,10,15,100,0,169,179,0,-1,70,0,0,0,70,72,95,80,97,242.51,24,25,4,-925,9.923017642,14.99637827,7.769604328,17.1106024,-5.935233855,-8.603192212,0.369826526,-0.68960015,fdi,FDI
12,21,18,95,0,169,-178,0,-1,70,0,0,0,70,72,100,80,96,242.49,26,11,17,-1037,20.04860505,17.73864317,5.534580483,17.3928913,5.22739677,-5.664710085,11.24714936,2.48640419,fdi,FDI
12,17,19,101,2,169,178,2,-1,70,0,0,0,70,72,97,80,95,242.51,27,16,9,-1022,17.48718767,18.9475713,7.056598569,18.15934537,-13.39653176,-8.659410127,-6.670740422,-0.140429999,fdi,FDI
12,14,19,99,0,169,-179,0,0,70,0,0,0,70,72,99,80,95,242.49,28,4,12,-961,14.33293362,19.04007126,8.187103205,19.12546465,-13.51817049,-10.65207129,-4.92954943,-1.360212842,fdi,FDI
12,18,22,103,-1,169,-179,-1,0,70,0,0,0,70,72,98,80,94,242.51,30,30,3,-986,17.62721285,21.7697664,7.577004308,19.29457287,-4.970637776,-7.960577092,3.811087915,1.938137629,fdi,FDI
12,19,19,99,0,169,-179,0,0,70,0,0,0,70,72,98,80,93,242.56,32,-7,12,-1038,18.91988484,19.28459428,7.750953729,20.97381283,-8.519081463,-14.98354718,0.185891559,-4.505192168,fdi,FDI
12,13,19,99,-1,169,-177,0,0,70,0,0,0,71,73,104,80,92,242.6,33,9,19,-1031,13.51207616,18.96460629,9.662177212,21.86061303,-16.62155824,-11.64921479,-7.227751743,-0.587968547,fdi,FDI
12,16,22,102,0,169,179,0,0,70,0,0,0,71,73,105,80,92,242.66,33,12,-2,-996,15.64471836,21.68840718,9.289284677,22.0130112,-5.965666333,-8.064425311,3.527755787,2.853265152,fdi,FDI
12,19,22,101,0,169,-177,0,1,70,0,0,0,70,73,102,80,91,242.59,36,30,7,-978,18.67991769,21.98940954,8.976719426,22.91426836,-5.661228415,-11.9638585,3.153891018,-0.896380778,fdi,FDI
12,18,23,104,0,169,-179,2,-1,70,0,0,0,71,73,99,80,90,242.5,38,22,7,-1035,18.09219777,22.91071777,9.632643438,23.51166989,-11.13456874,-11.6173709,-1.993208734,0.026713134,fdi,FDI
12,19,25,99,0,169,177,2,1,70,0,0,0,71,73,96,70,90,242.56,41,-1,22,-1130,18.91115969,24.82779794,9.731182172,23.83363132,-9.547615659,-11.0377437,0.197575576,1.017633774,fdi,FDI
12,20,23,104,0,169,178,0,1,70,0,-1,0,72,73,99,80,89,242.53,43,-14,17,-1002,19.90526453,23.17323885,9.826446122,25.14792794,-9.757360512,-15.92475842,0.24669961,-3.320593753,fdi,FDI
12,18,24,103,0,169,-178,0,0,70,0,0,0,71,73,94,70,89,242.51,43,-10,12,-1021,18.15574431,23.873355,10.66885909,25.67397029,-13.28334594,-12.73058589,-2.897461204,0.356420012,fdi,FDI
12,14,21,97,-1,169,179,1,-1,70,0,0,0,71,73,98,80,89,242.63,45,3,23,-1037,14.26315045,21.18794846,12.02663703,27.24468928,-14.86526741,-16.67313964,-4.251628506,-3.551236147,fdi,FDI
12,16,27,99,0,169,-179,1,-1,70,0,0,0,72,73,98,80,89,242.6,46,17,27,-983,15.68362076,26.40023394,11.90638114,26.51534057,-7.124281519,-6.838137875,2.987512437,6.230065584,fdi,FDI
12,17,29,101,0,169,178,0,-1,70,0,0,0,72,74,99,80,88,242.59,48,-4,15,-976,16.80912766,28.83395601,12.0917541,26.80250565,-7.834430425,-12.17802998,1.501867053,0.850802885,fdi,FDI
12,19,27,99,0,169,-179,0,-1,70,0,0,0,72,74,100,80,88,242.61,48,-1,20,-1019,18.78444287,27.21296129,11.99066735,28.01305159,-7.482783259,-18.08188618,1.812077842,-3.955001136,fdi,FDI
12,18,28,102,0,169,179,1,-1,70,0,-1,0,71,74,97,80,88,242.55,49,-17,31,-1015,18.07571832,27.89716821,12.6243427,28.42403508,-11.42487081,-15.03948205,-1.830731515,-0.11021343,fdi,FDI
12,22,28,98,2,169,179,0,-2,70,0,0,0,72,73,97,80,88,242.55,51,-8,23,-1015,21.64927584,27.95592509,11.94603882,29.10487845,-6.580128331,-15.99600613,3.42378542,-0.858758841,fdi,FDI
12,22,28,99,0,169,177,2,0,70,0,0,0,72,73,100,80,88,242.63,53,-21,26,-1084,22.0318407,27.94374545,12.26812026,29.77254884,-11.74641356,-16.15005364,-1.359765872,-0.733533145,fdi,FDI
12,20,28,97,0,169,179,0,-1,70,0,0,0,72,73,100,80,88,242.63,53,-16,27,-1061,20.18649498,27.93019901,13.04299008,30.4374205,-14.60550497,-16.16588079,-3.359029038,-0.581040079,fdi,FDI
12,20,28,97,0,169,179,0,-1,70,0,0,0,72,73,100,80,88,242.59,53,34,9,-980,19.95109557,27.92125688,13.31103978,31.101341,-12.0572555,-16.16240416,-0.469210976,-0.479194863,fdi,FDI
12,16,29,102,0,169,179,1,-1,70,0,0,0,72,73,104,80,88,242.64,54,-8,12,-985,16.24910443,28.83520233,14.63729446,31.50735147,-15.61413018,-15.15822169,-4.155753055,0.583402254,fdi,FDI
12,16,29,102,0,169,179,0,-1,70,0,0,0,71,74,105,80,88,242.64,54,7,8,-1011,15.84823126,28.93226937,14.97696626,32.16081389,-10.21996452,-16.48638465,0.855078257,-0.631787259,fdi,FDI
12,18,31,106,0,169,179,0,0,70,0,0,0,71,74,104,80,88,242.64,55,8,26,-1072,17.69022528,30.76891535,14.86571734,32.28343829,-7.322384303,-14.70670945,2.895675089,1.374547819,fdi,FDI
12,18,31,106,0,169,179,0,0,70,0,0,0,71,74,104,80,88,242.61,55,29,13,-1029,17.92456744,30.96047907,15.26149448,32.89856529,-9.864025367,-17.39766907,0.018425078,-1.029584222,fdi,FDI
12,18,32,106,0,169,179,0,-1,70,0,0,0,71,75,105,80,87,242.73,56,0,15,-994,17.94833176,31.87296407,15.62882055,33.2238333,-10.3058161,-16.8419467,-0.28899255,0.01148956,fdi,FDI
12,18,32,106,0,169,179,0,0,70,0,0,0,71,75,104,80,87,242.63,56,9,9,-1011,17.94738621,31.95331389,15.99182357,33.79077068,-10.37556598,-18.23029474,-0.28418176,-1.018967801,fdi,FDI
12,20,33,107,0,169,179,0,0,70,0,0,0,72,74,103,80,87,242.66,57,18,-6,-982,19.78375717,32.85848719,15.83917084,34.08274023,-8.384628539,-17.45183993,1.743228954,0.124067204,fdi,FDI
12,20,33,107,0,169,179,0,0,70,0,0,0,72,74,102,80,87,242.64,57,26,7,-1027,19.98279234,32.94217989,16.18174682,34.61881032,-11.04683627,-18.80696085,-0.743308235,-0.941529497,fdi,FDI
12,20,33,107,0,169,179,0,0,70,0,0,0,72,74,101,80,87,242.6,57,7,-3,-1072,19.98130837,32.93090966,16.49263032,35.13788523,-11.49031725,-19.02538929,-0.764141282,-0.832102219,fdi,FDI
12,20,35,104,1,169,-177,0,0,70,0,0,0,72,74,100,80,87,242.71,57,21,2,-991,19.96468064,34.75498788,16.79777264,35.13865253,-11.54981763,-17.05032105,-0.580367229,1.333560496,fdi,FDI
12,20,35,104,1,169,-177,0,0,70,0,0,0,72,74,99,80,87,242.63,58,5,15,-1043,19.95269979,34.94585123,17.10135547,35.63376506,-11.55098233,-19.70957816,-0.444407652,-1.059924033,fdi,FDI
12,20,35,104,1,169,-177,0,0,70,0,0,0,72,74,99,80,87,242.61,58,13,6,-1007,19.9452488,34.93935199,17.40426171,36.09675248,-11.54616789,-20.14926768,-0.359382441,-1.023479764,fdi,FDI
12,20,31,102,0,169,-179,0,0,70,0,0,0,71,75,98,80,87,242.56,59,-18,10,-1042,19.94073433,31.24198762,17.70679575,37.58350898,-11.54242292,-24.20617265,-0.307796394,-4.805056019,fdi,FDI
12,25,30,99,0,170,179,0,0,70,0,0,0,72,74,98,80,87,242.6,60,-15,10,-1005,24.53514339,29.90723597,16.72191346,38.3351116,-6.540041666,-19.88170904,4.72331899,-0.63602303,fdi,FDI
12,25,30,99,0,170,179,0,-1,70,0,0,0,72,74,99,80,87,242.57,60,-11,7,-1005,25.03539989,29.79914516,16.97550779,38.90142236,-13.19361197,-17.65657472,-1.523163544,0.780577871,fdi,FDI
12,17,34,99,2,170,-179,0,-1,70,0,0,0,72,75,99,80,87,242.62,60,0,36,-1002,17.67795162,33.50385119,19.20954413,38.46472578,-22.30315774,-13.31008545,-9.594300148,4.503387562,fdi,FDI
12,17,34,99,2,170,-179,0,-1,70,0,0,0,72,75,99,80,87,242.58,61,3,37,-974,16.83436128,33.93342506,19.44753847,39.02456486,-11.8046802,-18.59834129,0.877926547,-0.824378837,fdi,FDI
12,16,35,101,0,170,179,0,0,70,0,0,0,72,75,103,80,87,242.64,61,21,18,-944,15.88727469,34.87036155,20.06551236,39.26569858,-11.03144478,-18.49347632,0.342730753,-0.099297036,fdi,FDI
12,16,35,101,0,170,179,0,-1,70,0,0,0,72,74,105,80,87,242.64,61,11,27,-1037,15.8325733,34.94999545,20.45685618,39.74413707,-9.448588804,-19.95308848,1.098444419,-1.127679913,fdi,FDI
12,16,35,101,0,170,179,0,-1,70,0,0,0,72,74,105,80,87,242.64,62,2,-1,-1024,15.86809116,34.93337831,20.8691989,40.2042717,-9.211321705,-20.18399678,0.715253626,-0.958591772,fdi,FDI
12,18,34,106,0,170,179,0,-1,70,0,0,0,72,74,103,80,87,242.59,63,-2,19,-971,17.73713367,33.99561053,20.77160016,40.91801447,-7.193899596,-21.20840115,2.373885647,-1.752372701,fdi,FDI
12,16,35,108,1,169,179,0,0,70,0,0,0,72,75,100,80,86,242.62,63,18,-1,-1016,16.11831178,34.8025746,21.68620841,41.12530783,-11.86607664,-18.87309256,-2.351929595,0.638256164,fdi,FDI
12,19,35,103,0,170,179,0,-1,70,0,0,0,72,75,99,80,86,242.62,64,-23,7,-1017,18.6871483,34.89576325,21.30244373,41.59548597,-6.657613459,-19.97641437,2.987108438,-0.513782642,fdi,FDI
12,19,35,103,0,170,179,0,-1,70,0,0,0,72,75,97,80,86,242.68,64,16,49,-1044,18.979806,34.89907371,21.68832695,42.05234558,-10.27263504,-20.1646511,-0.643605146,-0.56737311,fdi,FDI
12,19,35,103,0,170,179,0,0,70,0,0,0,72,74,96,80,86,242.62,65,1,39,-1034,18.98783566,34.89418307,22.03131735,42.50690827,-10.88413065,-20.19154153,-0.786755631,-0.514118437,fdi,FDI
12,20,41,100,0,169,-179,0,0,70,0,0,0,72,74,97,80,86,242.57,65,17,52,-928,19.89023259,40.40692907,22.10941263,41.41626936,-9.970354709,-14.19315695,0.399307909,5.529027738,fdi,FDI
12,20,41,100,0,169,-179,0,-1,70,0,0,0,72,74,99,80,86,242.67,65,16,27,-934,19.97761504,41.00680501,22.43335841,41.81173353,-11.30597986,-22.17782151,-0.706534175,-1.961879183,fdi,FDI
12,20,41,100,0,169,-179,0,-1,70,0,0,0,72,75,99,80,86,242.6,66,-11,-2,-1025,19.96924844,41.00408705,22.74074173,42.1122842,-11.52329687,-23.50914874,-0.629987148,-2.044145004,fdi,FDI
12,18,40,97,1,170,-179,0,-1,70,0,0,0,72,75,97,80,86,242.62,66,-1,28,-1031,18.11745374,40.03582871,23.55974846,42.65313803,-13.54928305,-24.68848938,-2.485218859,-2.504830643,fdi,FDI
12,18,40,97,1,170,-179,0,-1,70,0,0,0,72,75,97,80,86,242.64,66,24,11,-993,17.90791302,39.90014058,23.88230652,42.94164293,-10.88542515,-23.36152896,0.120763173,-0.8511491,fdi,FDI
12,21,39,100,0,169,179,0,0,70,0,0,0,73,75,98,80,86,242.61,67,16,24,-1016,20.66120439,38.9589532,23.4636705,43.50138677,-7.437360432,-24.12533851,3.215475939,-1.583951409,fdi,FDI
12,21,39,100,0,169,179,0,0,70,0,0,0,73,75,97,80,86,242.55,67,9,21,-996,20.97505614,38.85325264,23.79362045,43.81515496,-11.36756666,-22.75328567,-0.682707837,-0.266987096,fdi,FDI
12,21,39,100,0,169,179,0,-1,70,0,0,0,73,75,95,80,86,242.56,67,10,13,-1039,20.98404747,38.85123151,24.07754378,44.14483827,-12.0305833,-22.52342824,-0.841157494,-0.224501901,fdi,FDI
12,20,39,95,0,170,-178,0,-1,70,0,0,0,73,75,98,80,86,242.62,69,15,12,-941,20.04667444,38.85799585,24.61093637,44.47730626,-13.12419042,-22.491431,-1.645301957,-0.298601072,fdi,FDI
12,20,40,97,0,170,179,0,-1,70,0,0,0,73,75,101,80,86,242.61,69,-15,22,-1043,19.93256384,39.78249195,24.89461846,44.55304569,-11.79842648,-21.48990095,-0.236763903,0.643953769,fdi,FDI
12,20,40,97,0,170,179,0,0,70,0,0,0,73,74,102,80,86,242.63,69,1,22,-995,19.92415419,39.88604351,25.19329071,44.8768013,-11.5713534,-22.82280223,-0.121965071,-0.645278714,fdi,FDI
12,20,40,97,0,170,179,0,-1,70,0,0,0,73,74,102,80,86,242.6,70,-22,-13,-979,19.92691504,39.88775748,25.49437257,45.18491766,-11.53708221,-23.04646056,-0.150405976,-0.683748894,fdi,FDI
12,19,43,103,1,169,-179,0,0,70,0,0,0,73,74,99,80,86,242.63,70,39,55,-943,19.01013012,42.63920436,26.05340294,44.71796551,-12.53358238,-20.07749,-1.180104221,2.391198749,fdi,FDI
12,20,41,101,0,170,-178,0,-1,70,0,0,0,73,75,99,80,86,242.59,71,-1,50,-960,19.83088474,41.09639236,26.10744849,45.50834908,-10.2031996,-26.07187455,1.053495876,-3.310167711,fdi,FDI
12,20,41,101,0,170,-178,0,-1,70,0,0,0,73,75,99,80,86,242.58,71,-12,44,-1053,19.93251584,40.89181591,26.42510297,45.75559812,-11.31291252,-24.07418967,-0.194961367,-0.817170914,fdi,FDI
12,20,41,101,0,170,-178,0,-1,70,0,0,0,73,74,98,80,86,242.63,72,-6,55,-1023,19.94092673,40.86632642,26.72985401,46.02575187,-11.50551942,-23.71848863,-0.306845366,-0.497477284,fdi,FDI
12,21,47,98,3,169,-178,0,0,70,0,0,0,73,74,97,80,86,242.52,72,14,49,-1019,20.85853622,46.38031272,26.77511609,44.75457144,-10.53511904,-17.65969268,0.711270872,5.536717114,fdi,FDI
12,21,47,98,3,169,-178,0,-1,70,0,0,0,73,74,98,80,85,242.56,72,19,8,-986,20.95695593,46.98265308,27.06768296,44.97020607,-11.86938201,-25.63668291,-0.519798402,-1.981524492,fdi,FDI
12,25,43,99,0,170,179,0,-1,70,0,0,0,73,75,100,80,85,242.61,73,12,28,-890,24.63316643,43.30392122,26.31455633,46.12088842,-8.091095094,-30.96799263,3.478332328,-6.082992624,fdi,FDI
12,25,43,99,0,170,179,0,-1,70,0,0,0,73,75,100,80,85,242.62,73,3,25,-1007,25.02590608,42.85461389,26.54940476,46.26364024,-13.44454755,-25.82401445,-1.436672249,-0.543386545,fdi,FDI
12,25,43,99,0,170,179,0,-1,70,0,0,0,72,75,101,80,85,242.67,73,-4,1,-989,25.01879486,42.82077552,26.7202557,46.4650112,-14.33323328,-24.9402472,-1.431432415,-0.084006737,fdi,FDI
12,24,47,100,2,169,-177,0,0,70,0,0,0,72,75,101,80,85,242.63,74,16,11,-871,24.06350544,46.50885762,27.13681733,45.64603303,-15.45074814,-20.80640403,-2.034143903,3.809520058,fdi,FDI
12,24,47,100,2,169,-177,0,0,70,0,0,0,72,75,101,80,85,242.66,74,0,18,-913,23.93758099,46.92047625,27.30240654,45.81991819,-14.1207893,-26.11658589,-0.491087189,-1.316203785,fdi,FDI
12,24,47,100,2,169,-177,0,-1,70,0,0,0,73,75,104,80,85,242.6,74,-19,17,-1123,23.92193393,46.92618069,27.48236407,45.93128759,-13.88824456,-27.00724127,-0.293632927,-1.456670347,fdi,FDI
12,25,44,108,0,169,179,0,-1,70,0,0,0,73,75,105,80,85,242.64,75,13,55,-1035,24.8397479,44.13992731,27.40693578,46.80393834,-12.85022796,-30.13034193,0.727906934,-4.14944091,fdi,FDI
12,25,44,108,0,169,179,0,-1,70,0,0,0,73,75,105,80,85,242.67,76,-33,8,-1095,24.94013286,43.81801444,27.57952626,46.93056346,-14.17541005,-26.14240505,-0.524708593,-0.154806423,fdi,FDI
12,25,44,108,0,169,179,0,-1,70,0,0,0,73,75,104,80,85,242.68,76,-7,33,-999,24.94004264,43.80566283,27.73636678,47.10338583,-14.39670779,-25.46821716,-0.542489193,0.04275297,fdi,FDI
12,25,45,106,0,170,177,0,-1,70,0,0,0,73,75,104,80,85,242.62,76,6,19,-1028,24.93213568,44.7411933,27.89037494,47.02664983,-14.42666846,-24.37170111,-0.455240968,0.868069319,fdi,FDI
12,25,45,106,0,170,177,0,-1,70,0,0,0,73,75,103,80,85,242.73,77,7,29,-1013,24.92639178,44.85421476,28.04362381,47.19954455,-14.42744822,-25.69630604,-0.390077529,-0.528001614,fdi,FDI
12,25,45,106,0,170,177,0,0,70,0,0,0,73,75,105,80,85,242.66,77,9,28,-1010,24.92281489,44.8619705,28.19654639,47.35739757,-14.42517007,-25.92276998,-0.349263564,-0.635322605,fdi,FDI
12,24,46,103,1,169,179,0,0,70,0,0,-1,73,75,101,80,85,242.68,78,-1,20,-1051,24.00122095,45.77824216,28.60672941,47.25537018,-15.42337676,-24.95668722,-1.324493942,0.397619644,fdi,FDI
12,28,44,108,0,170,179,0,-1,70,0,0,0,73,75,96,80,85,242.71,78,-8,-24,-1045,27.57723945,44.03689051,27.7393279,47.91541496,-10.09122945,-28.29098023,3.943493305,-2.823016832,fdi,FDI
12,28,44,108,0,170,179,0,0,70,0,0,0,72,75,95,70,85,242.59,79,9,38,-1004,27.97817924,43.83407126,27.8785485,48.06403005,-15.19246566,-25.85030689,-1.043202312,-0.312331591,fdi,FDI
12,28,44,108,0,170,179,0,-1,70,0,0,0,72,75,93,70,85,242.6,79,-18,17,-1024,27.98485662,43.82537152,27.95738045,48.24130288,-16.05036535,-25.43528562,-1.191934448,-0.178267242,fdi,FDI
12,24,44,99,0,170,178,0,0,70,0,0,0,72,75,94,70,84,242.62,79,-1,11,-902,24.28069378,43.83487867,29.05533421,48.42344474,-20.16942959,-25.37541663,-4.901587004,-0.281146165,fdi,FDI
12,22,45,96,0,170,178,-1,-1,70,0,0,0,73,75,94,70,84,242.55,80,12,15,-878,22.02057456,44.76187912,29.67453864,48.34931361,-16.85057048,-24.37124675,-1.665558458,0.633192681,fdi,FDI
12,22,45,96,0,170,178,0,-1,70,0,0,0,73,76,95,70,84,242.58,80,11,26,-966,21.80830475,44.86704187,29.86035099,48.52336169,-13.29272553,-25.70482954,1.047384179,-0.674394966,fdi,FDI
12,22,46,96,-1,170,177,0,-1,70,0,0,0,73,76,95,80,84,242.53,81,7,0,-969,21.83320232,45.78916425,30.08851703,48.42441431,-12.72234336,-24.92924894,0.813108057,0.275916195,fdi,FDI
12,22,46,96,-1,170,177,0,0,70,0,0,0,73,75,97,80,84,242.55,81,6,22,-995,21.86785494,45.88330459,30.32506311,48.5704862,-12.65535802,-26.29179374,0.425273221,-0.908958268,fdi,FDI
12,21,46,97,1,170,178,0,-1,70,0,0,0,73,75,98,80,84,242.6,82,17,41,-1002,20.97173461,45.8783543,30.82167379,48.70008017,-13.66065944,-26.51556454,-0.839847027,-0.87175635,fdi,FDI
12,23,47,99,0,169,-177,0,-1,70,0,0,0,73,75,99,80,84,242.63,83,-7,27,-1043,22.72453295,46.786816,30.5569322,48.56911274,-10.340046,-25.5438434,2.249634478,0.250357475,fdi,FDI
12,23,47,99,0,169,-177,-1,0,70,0,0,0,73,75,103,80,84,242.65,83,16,29,-972,22.93416228,46.87959523,30.80413991,48.68495317,-12.78732432,-26.87413079,-0.338949605,-0.916318639,fdi,FDI
12,22,48,99,2,170,179,0,-1,70,0,0,0,74,76,103,80,84,242.72,84,25,2,-966,22.02752817,47.79411493,31.28045406,48.52713876,-14.20606728,-26.09296403,-1.519804752,0.120805947,fdi,FDI
12,26,49,103,0,169,179,-1,0,70,0,0,0,73,75,103,80,84,242.71,84,43,13,-1007,25.59781082,48.80308606,30.47461737,48.35652938,-8.937134629,-26.45159631,3.807949133,-0.01154871,fdi,FDI
12,-34,-68,79,1,-157,-179,-1,0,0,0,0,0,80,82,79,40,79,309.91,155,-10,2,-996,-49.59116022,-99.18232044,-7.791827957,1.216344086,-35.82795699,-71.65591398,-35.82795699,-71.65591398,fdi,FDI
12,-15,-28,96,2,-157,177,0,-1,0,0,0,0,80,82,98,60,79,310.08,157,-1,-16,-977,-43.24765079,-49.50377492,-2.667889597,-4.027943639,18.48411165,40.07138584,-6.264884079,-10.07522114,fdi,FDI
12,-5,-6,99,3,-157,179,0,0,0,0,0,0,80,82,99,60,79,310.06,158,-24,-4,-1009,-32.0126904,-6.741035969,-6.541077728,-14.39947623,28.79801148,62.18606643,-4.381636816,-4.897511532,fdi,FDI
12,-2,-3,100,2,-157,179,0,0,0,0,0,0,80,82,102,60,79,310.13,159,8,-9,-1001,-21.33764235,8.282017384,-10.31548537,-19.5313737,21.85996506,40.84180524,-8.417997875,-18.49067813,fdi,FDI
12,-6,-14,107,1,-157,179,0,0,0,0,0,0,79,82,104,60,79,310.2,160,-20,10,-1039,-17.45194166,-1.427931899,-12.96583023,-20.00811794,5.74194318,4.698336138,-16.91943646,-37.9252575,fdi,FDI
12,-6,-14,107,1,-157,179,0,0,0,0,0,0,78,81,102,60,79,310.14,160,0,-11,-985,-15.28897881,-7.711300429,-14.54255803,-19.48936046,3.188774652,2.72151761,-13.3618971,-28.12244952,fdi,FDI
12,-8,-16,103,1,-157,178,0,0,0,0,0,0,78,81,101,60,79,310.19,161,-25,0,-970,-15.86557175,-13.89146235,-15.87692543,-19.77300854,-1.231543458,-0.91588974,-13.66542954,-24.94328592,fdi,FDI
12,-9,-15,102,2,-157,180,0,0,0,0,0,0,78,81,100,60,79,310.1,162,14,-2,-1000,-17.41108236,-16.49427004,-16.77516417,-20.38545727,-1.668358977,2.585656587,-11.92596367,-18.1761144,fdi,FDI
12,-7,-20,102,0,-158,177,0,0,0,0,0,0,78,80,100,60,79,310.1,163,33,6,-1006,-16.96768316,-22.88399722,-17.88485638,-20.78296175,3.32634741,-4.677776159,-6.439331833,-23.5827661,fdi,FDI
12,-13,-16,100,0,-157,-178,0,0,0,0,0,0,78,80,99,60,79,310.09,164,9,11,-1002,-21.72264515,-21.9949349,-18.65602923,-21.60668946,-6.678038159,6.475642346,-15.79269257,-13.03482793,fdi,FDI
12,-13,-16,100,0,-157,-178,0,0,0,0,0,0,78,80,98,60,79,310.15,164,-2,14,-1008,-25.12575437,-21.40089728,-18.67249458,-23.19155015,-2.022122021,6.352547012,-12.04180004,-13.84346699,fdi,FDI
12,-13,-17,99,0,-157,-179,0,0,0,0,0,0,78,81,98,60,79,310.02,165,10,7,-978,-27.39467728,-21.99280477,-19.14226165,-24.4182253,0.991065109,4.592561681,-10.72715082,-15.8856209,fdi,FDI
12,-11,-19,98,3,-156,179,0,0,0,0,0,0,77,80,99,60,79,310.06,166,0,10,-965,-27.13191568,-24.11862144,-19.9922323,-25.31850303,6.030196377,2.049836596,-7.509557368,-18.62068091,fdi,FDI
12,-14,-21,98,3,-156,179,0,0,0,0,0,0,77,80,99,60,79,310.11,166,1,3,-992,-29.27313478,-26.89283787,-20.83965757,-25.97063799,0.614572827,0.8706185,-13.69078992,-20.37163638,fdi,FDI
12,-14,-21,98,3,-156,179,0,0,0,0,0,0,77,80,100,60,79,310.07,166,11,-2,-995,-30.70809872,-27.93775145,-21.2726588,-26.77453563,2.535217145,3.774394166,-12.64333927,-18.72983754,fdi,FDI
12,-14,-21,98,3,-156,179,0,0,0,0,0,0,77,80,101,60,78,310.06,167,-14,7,-986,-31.61204143,-28.12396708,-21.92207434,-27.84841899,3.715789153,5.573396075,-12.37668018,-18.33661714,fdi,FDI
12,-17,-25,102,1,-157,179,0,0,0,0,0,0,77,80,102,60,78,310.06,167,-28,3,-1006,-34.65970038,-31.78477161,-22.30877072,-28.48045475,-0.424001781,0.186888205,-17.05762717,-24.63046083,fdi,FDI
12,-15,-27,104,1,-157,179,0,0,0,0,0,0,77,80,104,70,78,310.18,168,-18,1,-999,-35.06545668,-35.11002273,-22.6305333,-28.72732809,5.590169407,0.776715573,-12.26763999,-25.49707401,fdi,FDI
12,-17,-27,105,0,-157,179,1,0,0,0,0,0,77,80,104,60,78,310.15,168,-28,7,-1019,-36.88168991,-36.23089984,-23.20892464,-29.3167162,2.499498467,4.759431938,-16.11360648,-23.66781169,fdi,FDI
12,-17,-27,105,0,-157,179,0,0,0,0,0,0,77,80,103,60,78,310.09,169,22,-10,-1001,-38.08276415,-36.30683407,-23.51166589,-30.21634439,4.098570759,7.174790946,-15.35101241,-23.37542141,fdi,FDI
12,-17,-27,105,0,-157,179,0,0,0,0,0,0,77,80,103,60,78,310.11,169,0,-5,-955,-38.82942107,-35.99034178,-23.97701666,-31.20205723,5.068734059,8.542473872,-15.19783245,-23.6962453,fdi,FDI
12,-17,-29,105,1,-157,179,0,0,0,0,0,0,77,79,102,60,78,310.14,170,-13,-10,-978,-39.26461286,-37.52106679,-24.49898247,-31.94732166,5.620449541,6.042559752,-15.29304163,-27.23345337,fdi,FDI
12,-14,-31,105,3,-157,179,-1,0,0,0,0,0,77,80,100,60,77,310.12,170,-1,1,-990,-36.98714456,-39.95346023,-25.38662834,-32.34895752,10.73232961,4.786146365,-10.83848283,-29.45307005,fdi,FDI
12,-16,-32,102,3,-157,179,0,-1,0,0,0,0,77,80,99,60,77,310.07,171,-13,-20,-983,-36.99234549,-41.78851787,-26.40290298,-32.73783829,5.222863447,5.978632087,-15.93691136,-29.58260397,fdi,FDI
12,-19,-32,100,1,-157,179,0,0,0,0,0,0,78,80,99,60,77,310.11,172,6,-12,-969,-39.5640592,-42.33154582,-26.64889713,-33.33771883,0.515172871,8.498545123,-20.03770025,-28.65002938,fdi,FDI
12,-19,-32,100,1,-157,179,0,0,0,0,0,0,76,79,100,60,77,310.15,173,2,-9,-1026,-41.42471709,-42.29052235,-26.64314384,-34.10642887,3.068435628,9.997772549,-17.83587286,-28.58781664,fdi,FDI
12,-20,-31,100,0,-157,179,0,0,0,0,0,0,77,79,99,60,77,310.11,174,-20,5,-988,-43.51430608,-41.09483465,-26.761385,-35.04883649,3.130467449,12.43726751,-18.54718445,-27.30803979,fdi,FDI
12,-20,-34,101,2,-157,179,0,0,0,0,0,0,77,79,97,60,77,310.11,174,-12,0,-1016,-44.89684908,-43.29660892,-26.85735855,-35.64546266,4.963374663,7.230088875,-17.77360141,-32.85588313,fdi,FDI
12,-20,-34,101,2,-157,179,-1,0,0,0,0,0,76,79,98,60,77,310.07,174,4,-8,-1014,-45.75258063,-44.22360029,-27.09070031,-36.01626434,6.068383106,9.336157335,-17.69037435,-31.43630224,fdi,FDI
12,-19,-32,99,0,-157,-178,0,0,0,0,0,0,77,79,98,60,76,310.07,176,-22,-1,-985,-45.40867277,-42.57595873,-27.50020502,-36.91936292,8.295862444,13.87579595,-16.33545455,-27.89712534,fdi,FDI
12,-19,-32,99,0,-157,-178,0,0,0,0,0,0,77,79,99,60,76,310.07,176,-12,2,-1015,-45.07580394,-41.71346636,-28.0603695,-37.95841605,7.804196789,13.03727909,-17.19758026,-29.12991293,fdi,FDI
12,-22,-34,100,0,-157,-178,0,0,0,0,0,0,76,79,100,60,76,310.04,176,-14,14,-1028,-47.32025116,-43.24360422,-28.23674806,-38.55044916,2.607454824,9.212183606,-22.22194917,-32.77196687,fdi,FDI
12,-22,-34,100,0,-157,-178,0,0,0,0,0,0,76,79,101,60,76,310.12,177,-6,-8,-977,-48.91371249,-43.95686408,-28.06967546,-39.01459225,4.782497188,10.42676023,-20.49148915,-31.71156251,fdi,FDI
12,-23,-37,102,0,-156,179,-1,0,0,0,0,0,76,79,103,60,76,310.1,177,-8,-10,-945,-50.80784598,-47.0901327,-28.01206166,-39.27354735,4.578536465,6.398644236,-21.40432173,-35.90651968,fdi,FDI
12,-23,-37,102,0,-156,179,0,0,0,0,0,0,76,79,102,60,76,310.09,178,23,2,-1010,-52.05933994,-48.38292902,-27.91959585,-39.46701196,6.238935341,9.319777252,-20.68755926,-33.92800855,fdi,FDI
12,-25,-36,104,2,-156,-179,0,0,0,0,0,0,76,79,101,60,76,310.14,178,19,-4,-1002,-54.50948478,-47.76628295,-27.73489592,-40.12377612,4.026620383,12.77362296,-23.66960359,-31.78514547,fdi,FDI
12,-25,-36,104,2,-156,-179,0,0,0,0,0,0,76,79,102,60,76,310.06,178,24,-5,-989,-56.14846041,-47.26867093,-27.39114815,-40.90680303,6.21352541,13.05496346,-22.56423191,-32.43632189,fdi,FDI
12,-25,-36,104,2,-156,-179,0,0,0,0,0,0,76,78,103,60,76,310.14,179,-9,0,-1017,-57.17637845,-46.92576891,-27.2397182,-41.61551807,7.550559135,13.13321482,-22.33435078,-32.89412263,fdi,FDI
12,-26,-36,103,1,-156,-179,0,0,0,0,0,0,76,78,104,60,76,310.1,179,-34,11,-991,-58.61735585,-46.71848769,-27.05589765,-42.29827331,6.708257204,13.11977684,-24.00490541,-33.17562833,fdi,FDI
12,-26,-36,103,1,-156,-179,0,0,0,0,0,0,76,78,104,70,76,310.16,179,-10,-2,-974,-59.54139715,-46.61030125,-26.8119995,-42.96141742,7.924454836,13.07586883,-23.60664344,-33.32545171,fdi,FDI
12,-26,-37,104,0,-156,-179,0,-1,0,0,0,0,77,79,103,60,76,310.15,180,2,1,-1019,-60.09849885,-47.52233699,-26.67461535,-43.48217029,8.64038478,11.42396618,-23.5988518,-34.92716774,fdi,FDI
12,-26,-37,104,0,-156,-179,0,0,0,0,0,0,77,79,101,60,76,310.06,180,-16,-1,-975,-60.41266551,-47.92993013,-26.58094078,-43.95840889,9.03416879,12.20078587,-23.72799287,-34.31470118,fdi,FDI
12,-25,-34,104,0,-157,-179,0,1,0,0,0,0,76,78,99,60,75,310.11,181,-18,13,-995,-59.73862222,-45.19587374,-26.62380573,-44.92423014,10.84059446,17.52149911,-22.33471419,-29.47811863,fdi,FDI
12,-25,-37,101,1,-156,-178,0,0,0,0,0,0,76,79,100,60,75,310.08,181,-2,14,-1029,-59.21982517,-46.82460837,-26.79087685,-45.63928291,10.11928136,10.56795085,-23.07479315,-35.93840466,fdi,FDI
12,-25,-37,101,1,-156,-178,0,0,0,0,0,0,76,79,99,60,75,310.06,182,-5,9,-988,-58.85597744,-47.64988585,-26.88802602,-45.93895358,9.630733973,11.60592356,-23.36125917,-34.74030764,fdi,FDI
12,-23,-40,100,0,-156,-178,0,0,0,0,0,0,76,79,99,60,75,310.1,182,-1,-5,-1015,-56.94487763,-50.87394682,-27.18062701,-46.08302905,12.53805408,7.49734262,-20.34108173,-38.81874117,fdi,FDI
12,-23,-40,100,0,-156,-178,-1,0,0,0,0,0,76,77,100,60,75,310.12,183,14,-9,-973,-55.61255094,-52.22809552,-27.67415082,-46.16709114,10.73698469,10.3890326,-21.5527169,-36.75953235,fdi,FDI
12,-23,-40,100,0,-156,-178,0,0,0,0,0,0,76,77,100,60,75,310.02,183,-25,17,-975,-54.74627658,-52.60372514,-28.00094296,-46.59004993,9.597859151,12.23047691,-21.91211371,-36.10671942,fdi,FDI
12,-24,-40,101,1,-156,-178,0,0,0,0,0,0,76,77,102,60,75,310.06,183,-9,1,-987,-55.05797733,-52.53969338,-28.15453763,-47.106039,7.317549434,13.32716251,-23.42101899,-36.10724385,fdi,FDI
12,-27,-39,102,1,-156,-178,0,0,0,0,0,0,75,78,101,60,75,310.02,184,-35,-3,-975,-57.8701184,-51.37391158,-27.82692391,-47.78453341,2.939234257,15.54058075,-27.24464738,-34.8047557,fdi,FDI
12,-27,-39,102,1,-156,-178,0,-2,0,0,0,0,76,78,100,60,74,310.01,184,-7,12,-1002,-59.89824406,-50.74422944,-27.22330236,-48.50346391,5.712551263,15.0349954,-24.97550187,-35.69641074,fdi,FDI
12,-26,-42,101,1,-156,-178,0,0,0,0,0,0,76,78,99,60,74,310.13,185,5,-2,-1007,-60.41792182,-53.32221936,-26.97596715,-48.72066327,9.121924559,9.826964814,-22.64091883,-40.73530286,fdi,FDI
12,-26,-42,101,1,-156,-178,0,0,0,0,0,0,76,78,98,60,74,310.11,185,-25,-5,-1024,-60.66937676,-54.47126699,-26.93369929,-48.78783311,9.404348804,11.99391352,-23.18384639,-39.01050058,fdi,FDI
12,-26,-42,101,1,-156,-178,0,0,0,0,0,0,75,78,100,60,74,310.08,186,-24,8,-978,-60.76648585,-54.85118648,-26.87929188,-49.14973015,9.498627923,13.39166442,-23.59199463,-38.38672169,fdi,FDI
12,-25,-43,101,1,-156,-179,0,0,0,0,0,0,75,78,100,60,74,310.09,186,-14,10,-1017,-59.94687073,-55.82559698,-26.94815453,-49.45779014,11.10895818,12.6304106,-22.32181599,-39.83411239,fdi,FDI
12,-25,-43,101,1,-156,-179,-1,0,0,0,0,0,75,78,99,60,74,310.1,186,-9,10,-1055,-59.33569277,-56.12574441,-27.13145294,-49.75839563,10.26592017,13.91949791,-23.1035323,-39.32679686,fdi,FDI
12,-23,-43,101,1,-156,-179,0,0,0,0,0,0,76,77,101,60,74,310.04,187,-31,-2,-996,-57.24092718,-56.11698349,-27.45822613,-50.16993818,12.91983911,14.69029331,-20.31905918,-39.27812854,fdi,FDI
12,-23,-43,101,1,-156,-179,0,0,0,0,0,0,76,77,101,60,74,310.06,187,-23,15,-985,-55.7828155,-56.00028974,-27.97471561,-50.60546382,10.95059373,15.12057136,-21.62008401,-39.40222982,fdi,FDI
12,-24,-44,102,2,-156,-178,0,0,0,0,0,0,75,78,103,60,74,310.17,188,-9,-8,-960,-55.67421452,-56.82981926,-28.20576886,-50.91521292,8.100474707,13.7347461,-23.53317048,-41.09468437,fdi,FDI
12,-24,-44,102,2,-156,-178,0,0,0,0,0,0,75,78,104,70,74,310.12,188,-8,-3,-984,-55.6964197,-57.14664013,-28.25827166,-51.18333084,8.178964002,14.64789835,-22.86250369,-40.59432764,fdi,FDI
12,-26,-44,104,1,-156,-178,0,1,0,0,0,0,76,77,105,70,74,310.06,189,-9,2,-954,-57.44381539,-57.2103145,-28.12255746,-51.54971762,5.087070227,15.20911917,-25.53871696,-40.46411021,fdi,FDI
12,-26,-44,104,1,-156,-178,0,0,0,0,0,0,76,77,104,60,74,310.04,189,-4,7,-1028,-58.71332875,-57.17010561,-27.7683536,-51.9382616,6.826345483,15.53310455,-24.07396577,-40.49307378,fdi,FDI
12,-27,-45,107,2,-156,179,0,0,0,0,0,0,75,78,103,60,74,310.08,190,-28,-3,-1010,-60.40545225,-58.05989229,-27.46242182,-52.20369862,6.355292529,14.10027209,-25.09013281,-42.10769157,fdi,FDI
12,-28,-44,105,1,-156,-178,0,-1,0,0,0,0,75,78,101,60,74,310.08,190,-13,0,-997,-62.37435721,-57.45992827,-26.99708986,-52.56075696,6.252151603,16.60439109,-25.93842914,-40.01682902,fdi,FDI
12,-28,-44,105,1,-156,-178,0,0,0,0,0,0,75,78,99,60,74,310.09,191,-10,10,-983,-63.67632924,-57.12968013,-26.54117975,-53.0564588,7.977824853,16.35226516,-25.21552371,-40.48344989,fdi,FDI
12,-27,-46,102,1,-156,179,0,0,0,0,0,0,75,78,99,60,74,310.04,191,-10,6,-992,-63.64397246,-58.88509133,-26.32704695,-53.21291717,10.62454527,12.94321783,-23.60305087,-43.78804245,fdi,FDI
12,-27,-46,102,1,-156,179,0,0,0,0,0,0,75,78,99,60,74,310.09,191,-26,1,-1013,-63.51283942,-59.65957142,-26.28451905,-53.27523877,10.39642942,14.42998781,-24.40465523,-42.62343513,fdi,FDI
12,-27,-49,100,1,-156,-178,0,0,0,0,0,0,74,77,99,60,73,310.11,192,-18,0,-983,-63.3653549,-62.77882891,-26.20336303,-53.14844692,10.17449137,10.56658443,-24.8415948,-46.8244163,fdi,FDI
12,-27,-49,100,1,-156,-178,0,0,0,0,0,0,74,77,100,60,73,310.11,192,-16,1,-989,-63.23922364,-64.03218497,-26.11662699,-52.96207654,9.997364209,13.57924181,-25.04513893,-44.89208129,fdi,FDI
12,-27,-49,100,1,-156,-178,0,0,0,0,0,0,74,77,101,60,73,310.02,192,-23,-5,-1002,-63.14605706,-64.33192726,-26.02279617,-53.11029405,9.872555425,15.47177138,-25.11462242,-44.33793243,fdi,FDI
12,-27,-50,101,1,-156,-178,0,0,0,0,0,0,75,78,102,60,73,310.06,193,-13,1,-992,-63.08432008,-65.17603491,-25.92261991,-53.21691445,9.793123842,14.97697809,-25.11674137,-45.94070021,fdi,FDI
12,-27,-50,101,1,-156,-178,0,0,0,0,0,0,75,78,103,60,73,310.03,193,-2,0,-1000,-63.04731325,-65.3570982,-25.8176381,-53.31523148,9.747468551,16.39483023,-25.09173354,-45.58439456,fdi,FDI
12,-28,-50,103,1,-156,-179,0,0,0,0,0,0,75,78,104,70,73,310.1,194,-11,-9,-992,-63.865253,-65.26107337,-25.59936807,-53.5188594,8.117337146,17.21797997,-26.5987669,-45.64968314,fdi,FDI
12,-28,-50,103,1,-156,-179,0,0,0,0,0,0,75,78,104,70,73,310.1,194,-8,-4,-1000,-64.45184114,-65.08963071,-25.26979627,-53.74026313,8.919283994,17.6624359,-25.94475807,-45.84674622,fdi,FDI
12,-30,-50,105,1,-156,-178,0,0,0,0,0,0,75,78,103,70,73,310.16,194,-21,6,-1021,-66.51879491,-64.93308768,-24.79658895,-53.96030036,6.225448779,17.88151831,-28.78565195,-46.04134621,fdi,FDI
12,-30,-51,104,1,-156,-179,0,0,0,0,0,0,74,77,99,60,73,310.16,195,-3,8,-1008,-67.95408167,-65.77772026,-24.13227151,-54.04275738,8.164242406,16.36919977,-27.49996971,-47.72329846,fdi,FDI
12,-30,-51,104,1,-156,-179,0,0,0,0,0,0,74,77,98,60,73,310.11,195,-25,7,-1024,-68.88465615,-66.12709164,-23.64177302,-54.07945575,9.387495626,17.21283661,-27.11960099,-47.1843593,fdi,FDI
12,-29,-51,100,1,-156,-179,0,1,0,0,0,0,75,77,99,60,73,310.12,196,0,1,-987,-68.61084008,-66.22272276,-23.32924401,-54.21411799,11.71630564,17.73986003,-25.61265125,-47.01358964,fdi,FDI
12,-29,-51,100,1,-156,-179,0,0,0,0,0,0,75,77,99,60,73,310.1,196,-19,15,-1007,-68.33288297,-66.20710504,-23.17078832,-54.37216807,11.29990213,18.04973612,-26.41100066,-47.01038931,fdi,FDI
12,-29,-51,100,1,-156,-179,0,0,0,0,0,0,74,77,99,60,73,310.04,197,-12,6,-1018,-68.10232178,-66.15632045,-22.96211986,-54.5381345,10.97437078,18.22005208,-26.80658477,-47.06572766,fdi,FDI
12,-28,-51,101,3,-156,-178,0,0,0,0,0,0,75,77,99,60,72,310.11,198,-15,10,-994,-67.09530986,-66.10573725,-22.85082024,-54.70460593,12.3521991,18.30630797,-25.42735965,-47.12739381,fdi,FDI
12,-29,-52,101,1,-156,-179,0,0,0,0,0,0,75,77,98,60,72,310.15,198,0,5,-1018,-67.2243806,-67.02485394,-22.72769604,-54.73929546,9.785947829,16.73841276,-27.62649658,-48.71293318,fdi,FDI
12,-29,-52,101,1,-156,-179,0,0,0,0,0,0,75,76,99,60,72,310.06,199,-1,13,-1037,-67.35635586,-67.41835127,-22.409309,-54.73416756,9.987719415,17.56473564,-27.19293483,-48.11565128,fdi,FDI
12,-29,-51,101,1,-156,-179,0,0,0,0,0,0,75,77,96,60,72,310.11,200,19,7,-1022,-67.46812743,-66.57850165,-22.13468524,-54.96109621,10.1487221,19.69776122,-26.95833544,-46.37849064,fdi,FDI
12,-27,-54,99,1,-156,179,0,0,0,0,0,0,75,77,99,60,72,310.11,200,-34,18,-969,-65.87695889,-69.02332746,-22.0857335,-54.86307333,13.47922287,14.37934528,-23.77214061,-51.60622051,fdi,FDI
12,-27,-54,99,1,-156,179,0,0,0,0,0,0,74,76,99,60,72,310.1,201,-4,9,-1015,-64.74399902,-70.09297388,-22.26055008,-54.55876735,11.93397917,16.46631824,-24.98608811,-49.99512731,fdi,FDI
12,-27,-54,99,1,-156,179,0,0,0,0,0,0,74,76,100,60,72,310.2,201,-6,9,-1010,-63.99245427,-70.42859859,-22.28431894,-54.54252571,10.93737055,17.80824111,-25.40992915,-49.43566259,fdi,FDI
12,-126,-107,81,0,35,-179,0,0,0,0,0,0,72,74,79,50,59,317.84,6,13,-4,-992,-183.7790055,-156.0662983,62.78322581,22.18924731,-132.7741935,-112.7526882,-132.7741935,-112.7526882,fdi,FDI
12,51,22,104,0,34,180,1,0,0,0,0,0,72,74,102,80,59,318.07,12,-14,-8,-997,-62.47884174,9.098954893,61.84195447,-1.803741747,233.8802521,165.5491372,107.5959944,65.21858746,fdi,FDI
12,56,18,104,0,35,-179,0,0,0,0,0,0,72,74,104,80,59,318.11,14,24,-12,-1022,14.16392068,47.9171983,36.28283863,-17.93220275,129.477391,81.9517739,11.54574651,-14.59017985,fdi,FDI
12,51,-3,107,0,34,180,-2,0,0,1,0,0,71,74,103,80,59,318.1,16,-20,5,-974,61.01648595,27.73522584,26.84649431,-14.85973832,52.22450131,7.050520882,-11.62066537,-50.66256747,fdi,FDI
12,51,-3,107,0,34,180,0,1,0,0,0,0,72,73,103,80,59,318.05,16,-4,21,-961,89.50830431,15.40988555,21.73234818,-11.60131527,16.03333828,0.620671555,-0.533308479,-30.82442215,fdi,FDI
12,32,-14,102,2,34,-179,0,1,0,0,0,0,71,73,101,80,59,318.01,17,-16,7,-985,89.70119357,-3.782769336,20.68621703,-9.138562077,-34.20483834,-19.24618894,-15.0130349,-35.46944671,fdi,FDI
12,32,-14,102,2,34,-179,-1,0,0,0,0,0,71,73,102,80,59,317.99,18,26,0,-972,86.93594701,-13.18311187,23.02733309,-6.902783032,-28.75715125,-10.63914094,9.301606383,-21.22797808,fdi,FDI
12,22,-11,102,-1,34,-178,0,0,0,0,0,0,71,74,100,80,59,317.99,19,1,-2,-993,75.09429377,-14.56433088,25.73630825,-6.635458926,-39.42117249,0.292579351,7.008050941,-10.09856065,fdi,FDI
12,24,-10,102,2,34,180,0,0,0,0,0,0,71,74,100,70,59,318.02,19,-18,-5,-968,67.78557325,-14.02039865,29.19847483,-7.118669174,-23.70117002,3.53966437,22.74808547,-7.826355494,fdi,FDI
12,24,-10,102,2,34,180,0,0,0,0,0,0,71,74,100,80,59,318.01,20,5,-2,-1024,62.72535698,-13.58930896,31.50209371,-7.583565552,-16.94883392,3.728175936,26.21761649,-8.385267834,fdi,FDI
12,29,-7,99,2,34,-179,0,0,0,0,0,0,71,74,101,80,59,318.01,20,-28,11,-1007,63.68504215,-10.41492524,32.98413137,-8.368359201,-4.741264358,8.594336814,34.27536652,-4.175200802,fdi,FDI
12,29,-7,99,2,34,-179,0,0,0,0,0,0,71,74,101,80,59,318.01,20,-9,-5,-988,64.75795795,-8.976109694,33.67120026,-9.24330592,-6.420959716,6.140605241,30.27130748,-6.3151556,fdi,FDI
12,29,-7,99,2,34,-179,0,0,0,0,0,0,71,73,101,80,59,318.04,20,-13,17,-1035,65.70716626,-8.484058923,34.58481985,-9.787510249,-7.805732528,4.533544342,28.05623788,-7.107110602,fdi,FDI
12,24,-10,103,0,34,179,0,0,0,0,0,0,71,73,102,80,59,318.04,21,-10,13,-985,62.25457113,-11.31730849,36.09284402,-9.848438175,-16.8665986,-1.271368273,19.28750419,-11.84751188,fdi,FDI
12,23,-11,105,0,34,180,0,0,0,-1,0,0,72,74,99,80,59,318,22,-13,15,-1055,58.95815442,-13.66172618,38.30052904,-9.630485214,-15.11431403,-1.00423342,20.46160286,-11.36051812,fdi,FDI
12,31,-3,100,2,35,178,0,0,0,0,0,0,71,73,101,80,59,318.02,23,-1,-15,-970,63.43052368,-6.979810129,39.3844211,-10.71710186,0.724742076,13.93732603,34.37611013,2.420012539,fdi,FDI
12,34,-6,103,0,34,-179,0,-1,0,0,0,0,71,73,101,80,59,318.02,24,-23,-14,-1005,69.2976023,-6.772739159,39.07105446,-11.90449264,0.892041739,3.953977038,34.33060931,-6.762003966,fdi,FDI
12,34,-6,103,0,34,-179,0,0,0,0,0,0,71,73,101,80,59,318.07,24,0,2,-1039,73.40509543,-6.930765894,38.94398819,-12.20934839,-4.663181608,3.000434457,30.55996115,-6.623062753,fdi,FDI
12,35,-8,104,0,34,179,0,0,0,0,0,0,71,73,101,80,59,318.08,24,0,7,-1054,76.92061182,-9.102969668,39.09594862,-12.36938906,-6.57712908,-0.727609971,30.99016142,-9.388783192,fdi,FDI
12,35,-8,104,0,34,179,0,0,0,0,0,0,71,73,102,80,59,318.03,25,-7,1,-984,79.14471507,-10.17401105,39.33380201,-12.45678213,-9.471879481,0.647509633,30.46841466,-7.831696031,fdi,FDI
12,35,-8,104,0,34,179,0,0,0,0,0,0,71,73,102,80,59,318.04,25,-10,-1,-1003,80.45797726,-10.60644894,39.77859217,-12.76498836,-11.13541866,1.592451485,30.77387049,-7.172413851,fdi,FDI
12,34,-10,105,0,34,-179,0,0,0,0,0,0,71,73,101,80,59,318.03,25,-11,-12,-988,80.33779937,-12.62124097,40.44083773,-12.88259172,-13.62423595,-1.018079422,29.76710465,-10.06336686,fdi,FDI
12,34,-10,105,0,34,-179,0,0,0,0,0,0,71,73,102,80,59,318.02,26,-4,-9,-982,80.09761241,-13.41042776,41.27612408,-12.95741486,-13.23290537,0.963054667,30.87982203,-8.840044642,fdi,FDI
12,34,-11,105,0,34,-179,0,-1,0,0,0,0,72,74,100,80,59,318.06,27,4,-15,-1005,79.85519833,-14.53588893,42.06852023,-13.12314908,-12.87951308,0.596556043,31.44504548,-10.05206881,fdi,FDI
12,34,-11,105,0,34,-179,0,0,0,0,0,0,71,73,101,80,59,317.98,27,-24,0,-1007,79.65944732,-14.85778988,42.84967336,-13.30837036,-12.61091261,2.133543547,31.67647171,-9.495856068,fdi,FDI
12,34,-11,105,0,34,-179,0,0,0,0,0,0,71,73,101,80,59,318,28,19,-4,-1040,79.52122264,-14.81761066,43.61867197,-13.61616243,-12.42964114,3.048508355,31.72724273,-9.478376581,fdi,FDI
12,44,-13,99,4,35,179,0,0,0,0,0,0,71,73,103,80,59,318.05,28,-9,1,-984,87.81114091,-16.57012378,43.27706867,-13.69233651,3.750178527,0.341524132,47.07160922,-12.73176518,fdi,FDI
12,44,-13,99,4,35,179,0,0,0,0,0,0,71,73,103,80,59,317.99,28,13,-10,-1020,93.71755487,-17.23699244,41.83486064,-13.69764277,-4.305972893,2.221949168,40.73768745,-11.6818464,fdi,FDI
12,44,-13,99,4,35,179,0,0,0,0,0,0,71,73,104,80,59,318.02,29,13,-5,-1019,97.63697535,-17.3658616,41.16325815,-13.906263,-9.503226031,3.382295376,38.53014853,-11.41637819,fdi,FDI
12,41,-15,103,2,35,-179,0,0,0,0,0,0,71,73,104,80,59,318.05,29,-14,2,-987,97.55426602,-19.18702505,41.09957671,-13.90336219,-17.46196644,0.839374834,33.69086696,-14.56400114,fdi,FDI
12,41,-15,103,2,35,-179,0,0,0,0,0,0,71,74,104,80,59,318.02,29,-6,-21,-928,97.17142363,-19.87112675,41.55179056,-13.84013114,-16.79005279,2.822784386,36.11073016,-13.48267993,fdi,FDI
12,41,-13,105,2,34,-179,0,0,0,0,0,0,71,74,101,80,59,317.99,30,-10,-9,-965,96.73507365,-18.08126276,41.88914095,-14.24389089,-16.13059688,7.257650032,37.44139797,-10.14415598,fdi,FDI
12,41,-13,105,2,34,-179,0,0,0,0,0,0,71,74,99,80,59,317.95,30,-7,-12,-1027,96.35925975,-17.14343145,42.21049359,-14.7706329,-15.60115637,6.338656489,38.07043857,-11.48519575,fdi,FDI
12,38,-16,104,0,34,-179,0,0,0,0,0,0,72,73,99,80,59,318.02,30,7,-14,-1005,93.56683265,-19.59569952,42.84115497,-14.71283276,-20.0469846,0.849624851,33.68051315,-16.7162528,fdi,FDI
12,38,-16,104,0,34,-179,0,0,0,0,0,0,72,73,104,80,59,318.04,31,-21,-4,-1032,91.59392268,-20.71346831,43.78099527,-14.48559376,-17.37213308,2.838213979,35.57974021,-15.04777521,fdi,FDI
12,37,-17,102,0,34,-178,0,0,0,0,0,0,71,73,108,80,59,318.05,32,3,-2,-1013,89.46066682,-22.06047161,44.58394886,-14.41475319,-17.27263251,2.523374425,34.61879806,-15.95599766,fdi,FDI
12,46,-15,108,1,34,-179,0,0,0,0,0,-1,70,73,104,80,59,318.05,33,-16,9,-1014,95.6120659,-20.60439051,44.41192549,-14.63846396,-0.98288022,7.336741193,49.0515213,-12.13614754,fdi,FDI
12,46,-16,109,0,34,180,0,0,0,0,0,0,70,73,101,80,59,317.96,33,14,-7,-1043,100.1283765,-20.76235474,43.11565195,-14.94103726,-7.205378505,5.077869174,43.37091521,-14.80577742,fdi,FDI
12,46,-16,109,0,34,180,0,0,0,0,0,0,70,73,100,80,59,318.03,33,2,-7,-1027,103.2008481,-20.79666892,42.45035242,-15.03175284,-11.31346099,5.395205193,41.18540578,-14.73443368,fdi,FDI
12,-125,127,84,0,-59,-178,0,0,-100,0,0,0,80,82,82,70,61,321.66,138,0,-1,-998,-182.320442,185.2375691,43.75827957,-11.52817204,-131.7204301,133.827957,-131.7204301,133.827957,fdi,FDI
12,40,0,100,1,-59,178,0,0,-100,0,0,0,79,81,98,90,61,321.93,144,9,-2,-1023,-71.70382638,23.58808182,45.47812088,10.24201696,215.5846867,-155.9777791,93.73880284,-45.36222822,fdi,FDI
12,40,-7,101,0,-59,-178,-1,0,-100,0,-1,0,79,81,99,90,61,321.86,145,-23,-7,-996,-5.930112015,-29.27221615,21.13887572,29.48512848,113.1506513,-97.92626182,-1.781205356,19.11801858,fdi,FDI
12,34,10,102,0,-59,-178,-2,0,-100,0,-1,0,78,80,101,90,61,321.87,147,-3,-1,-991,32.61804265,-18.79036226,12.46740296,29.99911203,44.26602958,-24.73212219,-22.36168352,56.95535908,fdi,FDI
12,22,25,102,0,-59,180,0,0,-100,0,0,0,78,80,100,90,61,321.94,147,-1,9,-1022,45.70906885,6.864888311,8.856471305,26.64374927,-4.316626214,12.15316002,-28.13836153,63.23337152,fdi,FDI
12,17,30,102,0,-59,180,0,-1,-100,0,0,0,77,80,101,90,61,321.83,148,-6,-2,-1014,47.41982562,25.15746923,8.622355882,24.06110568,-18.43715988,14.20238742,-15.26152652,49.89142827,fdi,FDI
12,17,30,102,0,-59,180,0,1,-100,0,0,0,77,80,102,90,61,321.94,148,2,9,-1008,46.62520972,33.9865211,9.029774815,23.44753812,-16.17106329,5.16762214,0.711886445,36.15068696,fdi,FDI
12,17,30,102,0,-59,180,0,0,-100,0,0,0,78,79,102,90,61,321.95,149,1,4,-998,45.00019944,38.00120808,9.326247009,24.0269013,-13.40353142,-1.112006796,9.576042957,29.85713519,fdi,FDI
12,10,27,104,0,-59,180,0,0,-100,0,0,0,78,79,102,90,61,321.85,149,1,12,-1002,37.4481313,36.6644647,10.3752972,25.48508706,-22.15520026,-10.04967538,3.456768033,22.70639988,fdi,FDI
12,9,27,105,0,-59,179,0,0,-100,0,0,0,78,79,103,90,61,321.9,150,-12,-1,-1029,31.07324634,35.78494207,12.22637387,27.29634569,-16.16181014,-10.17853437,8.408675868,23.85829226,fdi,FDI
12,9,27,105,0,-59,179,0,0,-100,0,0,0,77,80,103,90,61,321.9,150,25,-8,-1013,26.73450992,35.26361558,13.56088892,28.90062936,-10.37952849,-10.12156895,11.21993176,24.55875485,fdi,FDI
12,9,27,105,0,-59,179,0,0,-100,0,0,0,77,80,104,90,61,321.85,150,-22,8,-999,23.99188808,34.99039941,14.55353013,30.45767229,-6.832595814,-10.00756235,11.55872717,24.93483846,fdi,FDI
12,9,28,106,0,-59,180,0,0,-100,0,0,0,76,80,103,90,61,321.93,151,-10,2,-1003,22.38501808,35.82897192,15.335422,31.85451871,-4.817537328,-8.290449375,10.9118208,26.64057222,fdi,FDI
12,8,27,106,1,-59,179,0,0,-100,0,0,0,76,80,102,90,61,321.82,151,22,-11,-1040,20.68467672,35.25734579,16.09227174,33.32596747,-5.381363083,-10.62483798,8.509179258,24.52456607,fdi,FDI
12,8,27,106,1,-59,179,0,-1,-100,0,0,0,77,80,102,90,60,321.85,152,-24,-8,-959,19.67706725,34.97967866,16.87879774,34.93025853,-4.096450213,-10.28046627,8.389030947,24.9272581,fdi,FDI
12,10,29,105,0,-59,-178,0,1,-100,0,0,0,77,80,102,90,60,321.88,152,-24,2,-1010,20.79621418,36.78561348,17.32502519,36.19505167,-0.191569506,-6.827249435,11.14928282,28.16693669,fdi,FDI
12,10,29,105,0,-59,-178,0,0,-100,0,0,0,77,80,102,90,60,321.85,153,12,7,-1040,21.70571288,37.59887913,17.50449057,37.36766073,-1.475653419,-8.297041095,9.58936649,26.95116843,fdi,FDI
12,10,29,105,0,-59,-178,0,0,-100,0,0,0,77,80,102,90,60,321.87,153,0,0,-1023,22.36810889,37.87353742,17.81263799,38.7419511,-2.374893328,-9.251292266,8.935983,26.50462164,fdi,FDI
12,13,35,104,0,-59,180,0,1,-100,0,0,0,76,79,99,90,60,321.93,154,4,13,-1003,25.32343338,43.63259535,17.8336888,39.39294324,1.865590992,-0.189922379,13.37723509,35.66007218,fdi,FDI
12,13,35,104,0,-59,180,0,0,-100,0,0,0,76,79,100,90,60,321.86,154,15,-7,-1047,27.38235288,46.05435904,17.55908566,39.84322121,-0.914932757,-5.388565471,11.54200176,31.97524479,fdi,FDI
12,21,37,102,0,-59,-178,0,0,-100,0,0,0,76,79,101,90,60,321.81,155,-7,-5,-1011,35.42118301,48.64436239,16.6586882,40.66884356,10.18515416,-5.481250063,23.31778397,33.87568637,fdi,FDI
12,21,37,102,0,-59,-178,0,2,-100,0,0,0,76,79,101,90,60,321.87,155,-3,-2,-965,40.99612902,49.37001891,14.98148553,41.58622644,2.657465063,-9.072699345,18.36392432,32.61188054,fdi,FDI
12,22,39,103,0,-59,-178,0,1,-100,0,0,0,76,79,99,90,59,321.86,156,2,-9,-981,45.4444881,51.17403953,13.87903623,42.51344547,-0.48024103,-7.992419546,18.44608005,35.66785312,fdi,FDI
12,22,39,103,0,-59,-178,0,0,-100,0,0,0,76,79,99,90,59,321.82,156,-8,0,-983,48.2259771,51.62300317,12.93107212,43.42898071,-4.088963123,-10.79506996,17.94771963,34.84034697,fdi,FDI
12,19,40,102,1,-59,180,0,0,-100,0,0,0,76,79,100,90,59,321.81,157,4,2,-999,47.33718723,52.44446803,12.56435028,44.43127555,-10.96213833,-10.82989685,13.78630692,36.43216526,fdi,FDI
12,19,40,102,1,-59,180,0,0,-100,0,0,0,76,79,100,90,59,321.87,157,4,5,-991,46.42809066,52.55084077,12.65952257,45.43681073,-9.6036466,-12.53744156,16.35162073,36.15416931,fdi,FDI
12,19,40,102,1,-59,180,0,0,-100,0,0,0,76,79,100,90,59,321.87,157,-5,6,-1011,45.67418869,52.38221393,12.600517,46.5478839,-8.542830846,-13.50782457,17.59647793,36.30612752,fdi,FDI
12,16,42,102,0,-59,180,0,0,-100,0,0,0,76,79,101,90,59,321.77,158,18,1,-1007,42.60938575,54.07230816,12.82955559,47.41394314,-12.62010118,-10.80639781,13.45900592,39.64353225,fdi,FDI
12,16,42,102,0,-59,180,0,0,-100,0,0,0,76,78,102,90,59,321.85,158,0,-6,-985,40.4562692,54.71912127,13.34984917,48.20023673,-9.709268702,-12.6760293,15.41977228,38.62159602,fdi,FDI
12,17,45,103,0,-59,180,0,0,-100,0,0,0,76,78,101,90,59,321.84,158,27,-6,-1012,39.88847983,57.72142657,13.49986079,48.79636972,-6.256299732,-9.003320311,17.51035611,42.96583992,fdi,FDI
12,17,45,103,0,-59,180,0,0,-100,0,0,0,76,78,101,90,59,321.87,159,-13,-6,-999,39.62973124,58.89212882,13.43770328,49.32652756,-5.977085709,-12.10075393,16.79866793,41.13867865,fdi,FDI
12,17,45,103,0,-59,180,0,0,-100,0,0,0,76,78,101,90,59,321.86,159,33,-10,-981,39.54332054,59.1437525,13.38480554,50.18442615,-5.904315957,-14.02454783,16.28622191,40.64717923,fdi,FDI
12,17,44,103,1,-59,180,0,0,-100,0,0,0,76,79,100,90,59,321.82,160,15,9,-1005,39.54100877,58.05231913,13.31809515,51.25427379,-5.925538883,-16.7510361,15.96158319,39.20381242,fdi,FDI
12,17,43,104,0,-59,180,0,0,-100,0,0,0,76,79,98,90,58,321.82,160,7,0,-986,39.57127799,56.43777543,13.24673535,52.51574301,-5.977877386,-18.15141787,15.78080542,38.57233567,fdi,FDI
12,17,43,104,0,-59,180,0,0,-100,0,0,0,76,79,98,90,58,321.88,161,-3,8,-1019,39.60742942,55.67120289,13.1752528,53.70767767,-6.030602926,-17.11511484,15.69619335,39.69087405,fdi,FDI
12,14,47,101,0,-59,180,0,0,-100,0,0,0,76,79,99,90,58,321.8,161,-21,1,-1021,37.12466846,59.2149121,13.43557327,54.23760792,-10.89273763,-9.977809769,11.05561539,46.28062743,fdi,FDI
12,14,47,101,0,-59,180,0,0,-100,0,0,0,76,79,100,90,58,321.89,162,5,3,-982,35.35939928,60.84180664,14.02588708,54.56870466,-8.485633358,-12.77531128,12.93974543,43.85979024,fdi,FDI
12,14,48,101,0,-59,180,0,0,-100,0,0,0,75,78,101,90,58,321.91,162,-5,-13,-981,34.18951965,62.37393549,14.38531531,55.16793226,-6.934374623,-12.99617326,13.59822879,44.47547608,fdi,FDI
12,14,48,101,0,-59,180,0,0,-100,0,0,0,75,78,100,90,58,321.83,162,0,-2,-1019,33.46459556,62.857087,14.66182067,55.83592368,-5.998304841,-14.9271092,13.66837642,43.67015975,fdi,FDI
12,11,49,103,0,-60,-179,0,0,-100,0,0,0,76,77,102,90,58,321.86,163,-1,6,-1020,30.53269267,63.81002152,15.21245936,56.52273973,-10.29333584,-14.48242636,8.898710968,45.12175063,fdi,FDI
12,11,49,103,0,-60,-179,0,0,-100,0,0,0,76,77,103,90,57,321.89,163,9,-4,-985,28.52304845,64.04840928,16.05603242,57.21132491,-7.587544459,-15.9460131,10.58015203,44.6842942,fdi,FDI
12,13,51,104,0,-59,-179,0,0,-100,0,0,0,75,78,103,90,57,321.89,164,16,0,-1031,28.9089045,65.89129441,16.42663466,57.75270996,-2.682122507,-13.59058273,14.13180898,47.78780635,fdi,FDI
12,12,51,107,1,-59,178,0,0,-100,0,0,0,75,78,101,90,57,321.85,164,12,-10,-1021,28.48756017,66.56079411,16.59377618,58.24154252,-4.921850038,-15.68260542,11.27817512,46.71771342,fdi,FDI
12,12,51,107,1,-59,178,0,0,-100,0,0,0,75,77,103,90,57,321.8,165,27,-5,-1002,28.24758135,66.66041074,16.96356189,58.94071364,-4.616654195,-16.96193231,11.23858456,46.48248155,fdi,FDI
12,15,52,104,0,-59,179,0,0,-100,0,0,0,75,77,104,90,57,321.91,165,26,7,-1019,30.63255388,67.49111782,16.94445255,59.55914383,0.364238946,-16.08767917,15.78781112,48.13317492,fdi,FDI
12,15,52,104,0,-59,179,-1,0,-100,0,0,0,75,77,104,90,57,321.91,166,20,11,-1032,32.35588321,67.73146862,16.58635906,60.15315623,-1.992818223,-17.28821181,13.85260624,47.71371714,fdi,FDI
12,15,52,104,0,-59,179,0,0,-100,0,0,0,75,78,103,90,57,321.89,166,-7,5,-1017,33.51063726,67.70870434,16.45511412,60.84856278,-3.526079819,-17.99786343,13.17500087,47.68879624,fdi,FDI
12,15,53,106,0,-59,180,0,0,-100,0,0,0,75,78,103,90,57,321.91,166,9,7,-1005,34.23168206,68.55602228,16.40531117,61.43385725,-4.457092824,-16.78323469,13.10586713,49.34374101,fdi,FDI
12,15,53,106,0,-59,180,0,0,-100,0,0,0,75,78,101,90,57,321.89,167,7,7,-1017,34.65012408,68.85973429,16.41120631,61.98412214,-4.981888265,-17.79492411,13.27370889,48.85338351,fdi,FDI
12,15,55,105,0,-59,179,0,0,-100,0,0,0,75,78,100,90,57,321.85,167,22,-6,-1036,34.87319437,70.81622504,16.45228183,62.37556207,-5.25227256,-15.19499489,13.48909736,51.82238548,fdi,FDI
12,15,55,105,0,-59,179,0,0,-100,0,0,0,75,78,99,90,57,321.88,167,-19,13,-974,34.9793967,71.59113328,16.51384947,62.71484202,-5.375070412,-17.16796732,13.67122565,50.61902291,fdi,FDI
12,15,55,105,0,-59,179,0,0,-100,0,0,0,75,78,98,90,57,321.86,168,-11,5,-987,35.02138142,71.7685692,16.58627698,63.26931551,-5.419571381,-18.39814443,13.79750053,50.28236106,fdi,FDI
12,15,56,101,0,-59,180,0,0,-100,0,0,0,75,78,98,90,57,321.81,168,0,16,-1032,35.03172334,72.64835367,16.66375452,63.74852897,-5.42728697,-17.50989078,13.87216733,51.86775223,fdi,FDI
12,15,56,101,0,-59,180,0,0,-100,0,0,0,75,78,99,90,57,321.88,168,-6,-7,-983,35.02893316,72.91507634,16.74308667,64.20782807,-5.420983461,-18.71156273,13.90867895,51.41252398,fdi,FDI
12,15,56,101,0,-59,180,0,0,-100,0,0,0,75,78,98,90,57,321.8,168,5,-10,-1004,35.02249124,72.9034414,16.82271524,64.77164266,-5.411793301,-19.42705751,13.92100325,51.37208633,fdi,FDI
12,15,57,101,0,-59,180,0,0,-100,0,0,0,75,78,97,90,57,321.84,169,3,0,-1006,35.0165584,73.7530158,16.902018,65.22722883,-5.404235913,-18.21825102,13.92018856,53.02352097,fdi,FDI
12,16,58,100,0,-59,-178,1,0,-100,0,0,0,75,77,97,90,57,321.85,170,-4,-7,-986,35.8502094,75.01144809,16.87080359,65.51929299,-3.792483992,-17.62714163,15.4513051,54.07327194,fdi,FDI
12,16,58,100,0,-59,-178,0,0,-100,0,0,0,75,77,98,90,56,321.81,170,19,-6,-1013,36.44356509,75.46747156,16.7298518,65.87485028,-4.601732838,-19.05509903,14.8159213,53.34415291,fdi,FDI
12,17,60,99,0,-59,179,0,0,-100,0,0,0,75,77,100,90,56,321.82,171,-19,-6,-965,37.67482733,77.44755323,16.5561003,66.09831426,-3.516596956,-16.71443243,16.13150189,56.2608795,fdi,FDI
12,17,60,99,0,-59,179,0,0,-100,0,0,0,74,77,101,90,56,321.85,171,-1,12,-986,38.51440765,78.19341164,16.30090192,66.28106556,-4.643181546,-18.83761673,15.48042091,55.0850268,fdi,FDI
12,22,59,98,3,-58,178,0,0,-100,0,0,0,74,76,101,90,56,321.86,172,-2,-3,-1009,43.23850205,77.37218595,15.59184416,66.81170882,2.692205825,-21.75479341,23.0065878,53.26109759,fdi,FDI
12,19,62,105,-2,-59,180,0,0,-100,0,0,0,74,76,101,90,56,321.88,172,-1,-9,-978,44.02236269,79.71188158,14.70612841,67.04459516,-6.592481884,-16.87916582,15.30592768,58.596301,fdi,FDI
12,19,62,105,-2,-59,180,0,0,-100,0,0,0,75,77,100,90,56,321.8,173,-5,-10,-1001,44.38392633,80.65693226,14.56181793,67.07675125,-6.9880905,-19.19667417,16.22730556,57.13568397,fdi,FDI
12,19,65,101,2,-58,178,0,0,-100,0,0,0,75,77,101,90,56,321.82,173,-5,-2,-984,44.50968088,83.76148723,14.34059508,67.00487909,-7.100092516,-15.82533518,16.89122425,61.31792135,fdi,FDI
12,19,65,101,2,-58,178,0,0,-100,0,0,0,74,77,101,90,56,321.8,174,-33,2,-961,44.51965351,84.93847689,14.13836124,66.88719164,-7.081632391,-19.11044707,17.31079546,59.46751699,fdi,FDI
12,19,68,104,0,-59,180,0,0,-100,0,0,0,74,77,101,90,56,321.84,174,12,-4,-1021,44.4838901,88.02916067,13.94269159,66.71722272,-7.018409789,-16.32113802,17.54296022,63.62282183,fdi,FDI
12,19,68,104,0,-59,180,0,0,-100,0,0,0,74,77,101,90,56,321.87,175,7,12,-1038,44.43878623,89.10599804,13.7474285,66.52081725,-6.952515743,-19.93161573,17.65002441,61.88237579,fdi,FDI
12,10,65,105,0,-60,-176,0,0,-100,0,0,0,75,77,103,90,55,321.94,175,0,10,-1004,36.86045782,86.3475241,14.54055034,67.05198326,-21.36325855,-26.95050474,3.844714847,56.94549164,fdi,FDI
12,10,65,105,0,-60,-176,0,0,-100,0,0,0,75,77,103,90,55,321.85,175,-30,0,-989,31.47250968,84.83825822,16.31510378,67.7749892,-14.02427979,-25.76659356,9.488413259,59.08048085,fdi,FDI
12,16,66,106,0,-59,180,0,-1,-100,0,0,0,75,77,104,90,55,321.84,176,-4,-7,-1004,32.93251035,85.07849542,16.72940628,68.07265136,0.339933926,-23.24986533,20.63035354,61.65904228,fdi,FDI
12,16,66,106,0,-59,180,0,0,-100,0,0,0,74,76,102,90,55,321.82,176,0,1,-1002,34.30116756,85.23318624,16.23370522,68.2409561,-1.687524616,-23.42887539,17.00669403,61.43569065,fdi,FDI
12,16,66,106,0,-59,180,0,0,-100,0,0,0,74,76,102,90,55,321.85,176,3,-5,-1013,35.3987663,85.32981451,16.03185092,68.4659748,-3.232529958,-23.54773116,15.18661902,61.29562063,fdi,FDI
12,18,66,105,0,-59,-178,0,0,-100,0,0,0,74,76,104,90,55,321.81,177,9,-14,-1010,37.86708596,85.38831152,15.67119788,68.69796314,-1.092984961,-23.62609487,17.50529865,61.21032143,fdi,FDI
12,18,66,105,0,-59,-178,0,0,-100,0,0,0,74,76,104,90,55,321.85,177,15,-2,-1017,39.58436738,85.42261754,15.14376122,68.93441854,-3.406091612,-23.67716335,16.05567819,61.1598957,fdi,FDI
12,19,65,106,0,-59,180,0,0,-100,0,0,0,74,76,105,90,55,321.84,177,-18,9,-990,41.5332372,84.48531874,14.6999584,69.30309382,-3.253503786,-25.31692229,17.2222966,59.593314,fdi,FDI
12,20,65,108,0,-59,179,0,0,-100,0,0,0,74,77,104,90,55,321.81,178,1,9,-1046,43.63595708,84.07936242,14.11897867,69.71040191,-3.309736743,-24.52604591,18.23769217,60.20466966,fdi,FDI
12,20,65,108,0,-59,179,0,0,-100,0,0,0,74,77,102,90,55,321.77,179,0,-5,-1030,44.99885919,83.95655249,13.56022583,70.01370384,-5.103566661,-24.01640997,17.65006883,60.41084688,fdi,FDI
12,19,67,104,0,-59,180,1,0,-100,0,0,0,73,76,101,90,55,321.84,179,0,-3,-1009,44.98805868,85.87808986,13.24989985,70.03052862,-7.771104079,-20.49558982,16.12968718,63.49944771,fdi,FDI
12,19,67,104,0,-59,180,0,0,-100,0,0,0,73,76,101,90,55,321.84,180,-17,-4,-974,44.85970789,86.76540737,13.11414548,69.9630192,-7.542525931,-21.94713475,16.98543763,62.18493767,fdi,FDI
12,15,65,104,2,-59,180,0,0,-100,0,0,0,74,76,101,90,55,321.92,180,3,6,-1002,41.3567841,85.16727822,13.38092588,70.36266621,-13.7407935,-26.11833786,11.29856128,58.60769975,fdi,FDI
12,15,65,104,2,-59,180,0,0,-100,0,0,0,74,76,100,90,55,321.78,181,16,15,-1012,38.84230757,84.37029583,14.07947784,70.8944018,-10.30914212,-25.08514945,14.02173267,59.76713797,fdi,FDI
12,11,64,105,0,-59,-177,0,0,-100,0,0,0,74,76,99,90,55,321.81,181,-3,6,-998,33.81561267,83.08249261,14.90068111,71.36983819,-14.51607032,-25.98566768,8.800962065,58.73283139,fdi,FDI
12,11,64,105,0,-59,-177,0,0,-100,0,0,0,74,76,99,90,55,321.78,181,7,5,-1021,30.39204352,82.57822888,16.04028999,71.83232708,-9.927696822,-24.72327566,11.38184572,59.51421931,fdi,FDI
12,17,64,99,1,-58,178,0,0,-100,0,0,0,74,77,98,90,55,321.78,182,-13,10,-965,33.23980929,82.47083213,16.12866736,72.16675742,2.556685149,-23.93242122,21.21047875,59.72162346,fdi,FDI
12,21,64,97,2,-58,178,0,0,-100,0,0,0,73,76,96,90,54,321.74,183,5,2,-986,38.86984204,82.53199547,14.95790623,72.46503516,5.759390196,-23.46982442,23.35139411,59.67519219,fdi,FDI
12,18,70,99,0,-59,179,0,0,-100,0,0,0,73,76,96,80,54,321.74,184,29,-9,-1018,40.39267808,88.38125538,14.04003686,71.97523142,-4.563880602,-13.57771887,14.44702308,68.77383123,fdi,FDI
12,18,70,99,0,-59,179,0,0,-100,0,0,0,74,75,96,90,54,321.84,184,6,2,-1007,41.29079499,90.98196644,13.86578797,71.26390258,-5.683509206,-18.32461906,14.89796327,64.88236043,fdi,FDI
12,-96,-69,85,1,23,-178,-1,0,0,0,0,0,71,73,82,70,59,311.81,3,-17,0,-1006,-90.83870968,-65.29032258,53.43483871,30.04129032,-96,-69,-96,-69,fdi,FDI
12,44,23,104,2,24,-178,0,0,0,0,0,0,71,74,105,90,59,311.99,8,-3,-2,-1030,-29.61386477,6.761940937,32.47510794,7.720850086,180.2580645,120.9354839,147.7419355,97.56451613,fdi,FDI
12,44,24,107,-2,24,-178,-2,0,0,1,0,0,71,73,106,90,59,312.04,10,-4,-1,-1003,6.848800827,31.03306208,29.21521976,5.584691115,63.98416549,47.08861035,-19.00906036,-10.70335078,fdi,FDI
12,44,24,107,-2,24,-178,-1,0,0,0,0,0,71,74,104,90,59,312.02,10,-4,5,-1032,32.87753846,35.88385084,26.54484248,5.769034454,9.753091358,11.54113409,-44.98230512,-29.17678634,fdi,FDI
12,32,12,105,3,24,179,0,0,0,0,0,0,71,74,104,90,59,312.03,11,1,-2,-1019,43.89901479,25.96979999,26.77393984,8.970992608,-31.559666,-19.64406482,-51.79062899,-38.38611452,fdi,FDI
12,32,12,105,3,24,179,0,0,0,0,0,0,71,74,103,90,59,312.07,11,-5,-11,-993,50.00806069,19.39579192,27.29751036,10.79691832,-36.97492668,-19.54448388,-30.32613349,-20.91397562,fdi,FDI
12,32,12,105,3,24,179,0,0,0,0,0,0,71,73,105,90,59,312.07,11,5,13,-1045,53.0953993,15.00563417,28.23826602,12.37558833,-38.74333053,-18.50762579,-16.47772557,-10.8642709,fdi,FDI
12,24,8,107,2,24,180,0,0,0,0,0,0,71,73,104,90,59,312.07,12,1,11,-1020,50.07366039,9.748144263,30.64585787,14.43800859,-46.59406831,-21.14224737,-15.2608662,-8.770026478,fdi,FDI
12,25,7,104,2,24,180,0,0,0,0,0,0,71,73,102,80,59,311.98,13,-2,-2,-997,47.67120876,6.285665434,32.66524757,16.11218384,-37.8857346,-17.43823526,-2.392509172,-3.157372014,fdi,FDI
12,22,6,104,1,24,179,0,0,0,0,0,0,71,74,98,80,59,312.04,15,-5,-1,-1012,43.98300429,4.049904405,35.14768597,17.63650303,-36.14434147,-14.28532513,0.056510603,-0.101691829,fdi,FDI
12,28,10,99,2,24,180,0,0,0,0,0,0,71,74,97,80,59,312.02,16,-21,0,-1014,44.33614137,5.472269079,36.54490724,18.26495573,-24.42716533,-6.695862613,10.55664183,6.322950859,fdi,FDI
12,31,11,99,2,24,-179,0,0,0,0,0,0,71,73,98,80,59,311.97,17,7,0,-1017,46.30260973,7.072391448,37.68186871,18.98387163,-22.63318923,-6.692092114,10.95264824,5.26664641,fdi,FDI
12,29,11,101,0,23,180,0,0,0,0,0,0,71,73,97,80,59,311.98,18,-9,4,-998,46.81476112,8.048534201,39.24771145,19.83838604,-28.11382686,-8.34228296,4.959276511,3.152326802,fdi,FDI
12,30,13,101,0,23,179,0,0,0,0,0,0,70,73,97,80,59,311.98,19,15,-8,-1011,47.73825206,9.722072667,40.61029872,20.43714638,-27.95493271,-7.543302207,5.077635483,3.920235723,fdi,FDI
12,35,17,101,2,24,-178,0,0,0,0,0,0,71,74,101,80,59,311.92,20,1,-8,-987,51.07398145,12.81062675,41.29032148,20.62436598,-24.35670443,-6.000515826,8.882268882,5.894683204,fdi,FDI
12,35,17,101,2,24,-178,0,0,0,0,0,0,71,73,101,80,59,311.95,20,0,-9,-972,53.56354266,14.23310483,42.22781136,21.25618102,-29.35769585,-10.87834776,4.841215952,2.213126877,fdi,FDI
12,35,19,103,-1,24,180,1,0,0,0,0,0,71,73,99,80,59,311.99,21,-9,0,-983,55.32219789,15.80937826,43.25295968,21.71895522,-32.65233828,-12.05321369,3.036209829,2.671177219,fdi,FDI
12,34,19,104,1,24,180,1,0,0,0,0,0,71,73,99,80,59,311.95,22,-22,6,-1005,55.967201,16.30308721,44.50062563,22.44524903,-35.6971072,-15.62100447,1.512194899,0.937884082,fdi,FDI
12,36,19,101,3,24,179,0,0,0,0,0,0,71,73,99,80,59,312.02,23,-6,0,-999,57.36173035,16.23616005,45.46339154,23.25958147,-34.06550518,-17.80258882,4.321931012,0.525293512,fdi,FDI
12,36,19,101,3,24,179,0,0,1,0,0,0,71,74,102,80,59,311.9,23,2,0,-989,58.30459484,15.93886616,46.54826404,24.1123926,-35.772412,-19.04173625,3.617392143,0.745965273,fdi,FDI
12,40,20,102,0,24,180,0,0,0,0,0,0,71,74,104,90,59,311.97,24,15,-8,-1011,61.0252208,16.1679768,47.08449415,24.81521094,-32.79785254,-18.67892325,7.472318653,2.186948045,fdi,FDI
12,41,20,105,0,23,179,0,0,0,0,0,0,71,73,105,90,59,311.98,24,-10,0,-1015,63.51851209,16.16041247,47.69164727,25.60374518,-35.62604371,-19.77182468,5.807029123,1.934711555,fdi,FDI
12,41,20,105,0,23,179,0,0,0,0,0,0,71,73,104,90,59,311.94,25,7,-3,-1015,65.26560268,16.05876317,48.4215711,26.40701639,-38.89803975,-20.39926504,4.021061139,1.960665325,fdi,FDI
12,48,21,105,2,23,180,0,0,0,0,0,0,71,74,101,80,59,311.9,26,0,-3,-997,70.12851062,16.50995249,48.18934333,27.05383802,-33.92749913,-19.73446859,10.46828221,3.085284363,fdi,FDI
12,43,18,104,0,23,179,0,0,0,0,0,0,71,73,99,80,59,311.86,26,11,2,-1016,71.00837397,14.98981253,49.08227167,28.2667381,-45.79754601,-23.71054791,0.679558205,-0.477691813,fdi,FDI
12,41,19,102,2,24,179,0,-1,0,0,0,0,71,73,98,80,59,311.89,27,1,18,-991,70.37487548,14.7531836,50.17339319,29.06729283,-48.14474545,-20.88071505,0.216149925,2.379963626,fdi,FDI
12,44,21,99,2,24,179,0,0,0,0,0,0,71,73,98,80,59,311.87,28,2,14,-998,71.30910347,15.8280798,50.76888817,29.57189494,-43.48081052,-18.43317673,5.828617573,4.598045761,fdi,FDI
12,44,21,99,2,24,179,0,0,0,0,0,0,71,73,98,80,59,311.92,28,-1,12,-1002,71.9339899,16.4230914,51.50135826,30.24419411,-44.6387888,-19.78587533,5.244095084,3.22522755,fdi,FDI
12,46,25,100,0,24,179,0,0,0,0,0,0,71,73,99,80,59,311.98,29,2,-2,-1034,73.39351786,18.9798937,51.96591506,30.3253473,-43.35006168,-16.71782412,7.014059979,6.503265597,fdi,FDI
12,46,25,100,0,24,179,-2,0,0,0,0,0,71,74,99,80,59,311.94,29,12,-4,-966,74.44000086,20.20604282,52.54407068,30.80046885,-45.39450268,-20.57999967,5.571986004,3.413201442,fdi,FDI
12,46,26,101,0,24,179,0,0,0,0,0,0,71,74,101,80,59,311.89,30,-25,12,-994,75.15565427,21.20081167,53.16281185,31.23705974,-46.71034255,-22.119353,4.948080231,3.048407694,fdi,FDI
12,47,30,103,0,24,179,0,0,0,0,0,0,71,74,104,90,59,311.94,30,-4,13,-1046,76.14973446,23.75696558,53.66558244,31.19505074,-46.5126765,-20.50449608,5.775615875,5.974541327,fdi,FDI
12,47,30,103,0,24,179,0,0,0,0,0,0,71,74,104,90,59,312,31,12,-8,-976,76.83496427,24.80713114,54.23893007,31.57610311,-47.78466121,-25.20337519,5.125031975,2.990041469,fdi,FDI
12,47,30,103,0,24,179,0,0,0,0,0,0,71,74,104,90,59,311.97,31,26,-4,-1030,77.28413545,25.01386632,54.8423747,32.08651161,-48.56720812,-28.17933415,4.924195012,1.904254191,fdi,FDI
12,48,30,106,0,24,179,-1,0,0,0,0,0,70,73,102,90,59,312.05,32,2,-16,-1002,78.09142132,24.81731075,55.32026915,32.66146794,-48.01943452,-29.94628192,5.943888526,1.819924837,fdi,FDI
12,48,30,106,0,24,179,0,0,0,0,0,0,70,73,102,80,59,311.99,32,8,-13,-1032,78.65251537,24.48422176,55.86078447,33.26038575,-49.07410991,-30.9133114,5.353387083,2.169532984,fdi,FDI
12,48,31,105,2,24,-179,0,0,0,0,0,0,70,73,102,90,59,311.91,32,-13,4,-994,79.02390422,24.72643779,56.42527484,33.70138416,-49.73044437,-30.38458436,5.146381836,3.627824074,fdi,FDI
12,48,31,105,2,24,-179,0,0,0,0,0,0,70,73,103,90,59,312.01,33,15,-7,-1031,79.25680884,24.75187968,57.00791386,34.2245781,-50.11538205,-31.38530507,5.133952024,3.340058573,fdi,FDI
12,48,31,105,2,24,-179,0,0,0,0,0,0,70,73,105,90,59,311.99,33,-4,1,-995,79.39394471,24.68633614,57.60345678,34.761646,-50.32518351,-31.96814338,5.200832767,3.313485391,fdi,FDI
12,51,34,104,0,24,-179,0,0,0,0,0,0,70,73,104,90,59,311.98,34,-13,3,-994,81.05528961,26.30563452,57.76331866,34.82437519,-47.42874202,-29.28694173,8.283630863,6.387866466,fdi,FDI
12,52,37,108,0,24,180,0,0,0,0,0,0,70,73,104,90,59,311.86,34,-1,-4,-1000,82.81955706,28.78487233,57.92073233,34.68198449,-48.91223643,-28.88796255,7.272730522,7.398684962,fdi,FDI
12,52,37,108,0,24,180,0,0,0,0,0,0,70,73,104,90,59,311.96,34,18,-1,-980,84.09036273,29.90343137,58.1685334,34.88920367,-51.36184037,-33.02433117,5.667185363,4.430818413,fdi,FDI
12,52,37,108,0,24,180,0,0,0,0,0,0,70,73,105,90,59,311.98,35,-15,0,-991,84.95730516,30.23080467,58.46661892,35.21636416,-52.9205338,-35.69393082,5.066872432,3.207749974,fdi,FDI
12,54,36,106,0,24,180,0,0,0,0,0,0,70,73,105,90,59,311.96,35,15,-4,-1030,86.57312205,29.58704029,58.50881816,35.76606271,-51.85062498,-38.31546238,7.002371426,1.945708596,fdi,FDI
12,54,35,107,0,24,179,0,0,0,0,0,0,70,73,103,90,59,312.01,36,6,0,-1028,87.70839929,28.50139381,58.67453772,36.4102443,-53.98904556,-39.4167316,5.7879282,1.828465471,fdi,FDI
12,54,35,107,0,24,179,0,0,0,0,0,0,70,73,101,90,59,311.99,36,-11,-4,-991,88.46529964,27.85443913,58.8881175,36.94206747,-55.32231912,-38.528918,5.385213899,3.179498664,fdi,FDI
12,54,35,107,0,24,179,0,0,0,0,0,0,70,73,101,90,59,311.97,36,11,3,-1018,88.94167426,27.52121683,59.13861864,37.42738881,-56.10167246,-37.8513363,5.394943649,3.928886263,fdi,FDI
12,53,34,105,0,24,180,1,0,0,0,0,0,71,73,102,90,59,311.93,37,-14,3,-977,88.69294682,26.82300585,59.56383082,38.04059026,-57.52132969,-38.37547097,4.571240687,3.271939923,fdi,FDI
12,53,34,105,0,24,180,0,0,0,0,0,0,71,73,100,80,59,311.89,37,-5,-2,-1051,88.44431186,26.52888875,59.96022384,38.54334233,-56.90902202,-37.25488856,5.471121802,4.060325094,fdi,FDI
12,53,30,105,2,24,-176,0,0,0,0,0,0,70,73,100,80,59,311.84,38,-6,-4,-986,88.23042742,24.19358162,60.35435037,39.6466558,-56.44637988,-40.53395884,5.963067627,0.342318035,fdi,FDI
12,53,30,105,2,24,-176,0,0,0,0,0,0,70,73,100,80,59,311.95,38,0,-1,-990,88.06449506,23.11848441,60.74320439,40.36511022,-56.12435571,-36.8502427,6.182275628,3.123944684,fdi,FDI
12,55,38,102,2,24,179,0,0,0,0,0,0,71,73,100,80,59,311.88,38,-25,11,-1020,89.0042878,27.33614402,60.82983095,39.69685613,-53.9182575,-26.45249021,8.236967119,12.28765631,fdi,FDI
12,55,38,102,2,24,179,0,0,0,0,0,0,71,73,99,80,59,311.87,39,-5,7,-1026,89.72653567,29.65095635,61.00446255,39.69950734,-55.42533887,-31.49231883,6.818685534,7.000987015,fdi,FDI
12,59,37,103,0,24,179,0,0,0,0,0,0,71,73,99,80,59,311.9,39,-13,-17,-1005,92.36751619,30.15236649,60.60930433,40.04532443,-52.44735973,-35.98971216,10.1133799,3.273543961,fdi,FDI
12,59,37,103,0,24,179,0,0,0,0,0,0,71,73,100,80,59,311.91,39,-3,8,-1004,94.32783319,30.19874742,60.42143911,40.41283728,-56.35576115,-37.46563475,7.065666439,2.833585789,fdi,FDI
12,59,37,103,0,24,179,0,0,0,0,0,0,71,73,102,90,59,311.89,40,-27,-2,-944,95.70457803,30.03251544,60.30413141,40.81573886,-58.91388669,-38.32751641,5.747572764,2.915920109,fdi,FDI
12,60,38,102,0,24,-179,0,0,0,0,0,0,71,73,103,90,59,311.89,40,5,11,-1007,97.14652323,30.36966923,60.09808666,41.07204874,-59.48910833,-37.7811284,6.407364668,4.21189479,fdi,FDI
12,60,38,102,0,24,-179,0,0,0,0,0,0,71,73,103,90,59,311.95,40,5,10,-1022,98.11446563,30.43434328,59.98476435,41.41970761,-61.20325308,-38.79608293,5.852199233,3.851822476,fdi,FDI
12,60,38,102,0,24,-179,0,0,0,0,0,0,71,73,105,90,59,311.89,41,6,1,-995,98.72760311,30.370986,59.918049,41.78765106,-62.210721,-39.3972032,5.845484979,3.816971155,fdi,FDI
12,61,37,106,0,24,179,0,0,0,0,0,0,71,73,105,90,59,311.87,41,-9,2,-973,99.61946727,29.69727834,59.73715582,42.32199176,-61.75603662,-40.72709181,7.066275121,2.921272083,fdi,FDI
12,61,36,109,0,24,178,0,0,0,0,0,0,70,73,102,90,59,311.87,42,-20,-2,-996,100.2161411,28.74484817,59.62609634,42.92406847,-62.83155135,-41.07682836,6.64103346,2.752825653,fdi,FDI
12,61,36,109,0,24,178,0,0,0,0,0,0,70,73,102,80,59,311.89,42,-29,7,-982,100.5957594,28.27705114,59.54315268,43.40508469,-63.47493809,-39.79046397,6.550480903,3.886278514,fdi,FDI
12,61,36,109,0,24,178,0,0,0,0,0,0,70,73,102,80,59,311.87,42,-19,-3,-968,100.8237874,28.10812706,59.48041296,43.84068204,-63.83582224,-38.92941741,6.608729415,4.391909263,fdi,FDI
12,61,38,103,0,24,179,0,0,0,0,0,0,70,73,102,90,59,311.92,43,-7,11,-1058,100.9515093,29.24053389,59.4313386,43.93191812,-64.02227474,-36.39013189,6.710410475,6.531354926,fdi,FDI
12,62,39,103,0,24,179,0,0,0,0,0,0,70,73,101,90,59,311.9,43,-2,9,-1012,101.5456355,30.44399228,59.24282409,44.03435409,-63.10812033,-36.70477834,7.803458881,6.097863308,fdi,FDI
12,62,39,103,0,24,179,0,0,0,0,0,0,70,73,98,80,59,311.87,44,-19,11,-956,101.974252,31.03135149,59.10614871,44.27674666,-63.95409621,-38.43827852,7.174874734,4.645961677,fdi,FDI
12,62,39,103,0,24,179,0,0,0,0,0,0,70,73,98,80,59,311.94,44,-13,-2,-1027,102.2695201,31.24341389,58.98567692,44.57579661,-64.50324923,-39.58755747,6.8899122,3.994603341,fdi,FDI
12,65,43,101,0,24,179,0,0,0,0,0,0,70,73,98,80,59,311.92,45,-28,4,-983,104.0498974,33.52628896,58.43384908,44.26989229,-61.84169621,-36.30392025,9.798364753,7.805733331,fdi,FDI
12,65,43,101,0,24,179,0,0,0,0,0,0,71,74,96,80,59,311.93,45,-26,4,-1005,105.3691378,34.57344599,58.03198369,44.34504341,-64.47763824,-39.9715283,7.722269017,5.077052467,fdi,FDI
12,63,45,98,3,25,179,0,0,0,0,0,0,71,74,98,80,59,311.86,46,0,3,-973,105.2377104,36.03141625,57.97367126,44.21196621,-68.20593557,-40.35282216,4.804808821,5.935632262,fdi,FDI
12,63,42,100,0,24,-179,0,0,0,0,0,0,71,73,97,80,59,311.89,47,-2,-4,-979,105.0535793,34.83625767,57.86152528,44.79856663,-67.64767195,-46.43306995,5.932688705,1.291153115,fdi,FDI
12,63,42,100,0,24,-179,0,0,0,0,0,0,71,73,96,80,59,311.87,47,-1,-14,-995,104.8667381,33.99564098,57.75302689,45.18909365,-67.18083255,-45.89853126,6.638462769,2.896219862,fdi,FDI
12,63,42,100,0,24,-179,0,0,0,0,0,0,70,73,96,80,59,311.83,48,0,-6,-1033,104.7043555,33.46235234,57.64314981,45.5365144,-66.82521918,-45.37461234,7.031201589,3.959374255,fdi,FDI
12,61,45,97,2,24,179,0,0,0,0,0,0,70,72,97,80,59,311.89,48,16,-9,-1003,103.5194271,34.87010068,57.82567996,45.37180987,-68.57555414,-41.93581023,5.212424395,7.589059287,fdi,FDI
12,63,44,99,0,24,180,0,0,0,0,0,0,70,72,96,80,59,311.85,49,-15,5,-1035,103.6866769,35.01324477,57.61402079,45.61601392,-64.78766857,-45.04616107,8.651008452,4.827311305,fdi,FDI
12,63,44,99,0,24,180,0,0,0,0,0,0,70,72,96,80,58,311.78,49,-19,21,-1045,103.8548484,35.01689466,57.46469495,45.83175181,-65.23740293,-45.63121405,7.885683845,4.678772006,fdi,FDI
12,63,44,99,0,24,180,0,0,0,0,0,0,70,72,97,80,58,311.78,49,-4,6,-1035,104.0044846,34.96174486,57.31555994,46.05686941,-65.59249742,-45.9690745,7.403155192,4.693474236,fdi,FDI
12,62,43,98,0,24,180,-1,0,0,0,0,0,71,73,97,80,58,311.8,50,2,0,-980,103.5973994,34.32492461,57.31689106,46.44356924,-66.85503447,-47.14946598,6.127325244,3.769360332,fdi,FDI
12,65,46,98,0,25,177,0,0,0,0,0,0,70,73,96,80,58,311.78,50,-27,18,-1004,104.8766423,35.68924941,56.83042682,46.25996955,-63.22406248,-43.42259184,9.684027949,7.54523453,fdi,FDI
12,62,44,98,0,24,180,-2,0,0,0,0,0,70,73,97,80,58,311.82,51,28,-2,-1005,104.2686283,35.25060414,56.91833361,46.64032898,-68.24127487,-47.35588445,4.872551894,3.849638146,fdi,FDI
12,62,44,98,0,24,180,0,0,0,0,0,0,71,73,98,80,58,311.87,52,-17,-8,-980,103.7765185,34.97133592,56.8976648,46.8990737,-67.15684272,-47.02236012,6.092380398,4.420755259,fdi,FDI
12,58,43,98,2,24,178,0,0,0,0,0,0,71,73,98,80,58,311.83,52,-22,12,-991,101.2863717,34.24360394,57.45700487,47.29973516,-70.39224734,-47.75850098,2.753831402,3.764110284,fdi,FDI
12,58,43,98,2,24,178,0,0,0,0,0,0,71,72,100,80,58,311.86,53,0,7,-1029,99.41881415,33.88447137,57.81682249,47.59659756,-66.62935599,-46.75242077,5.83093662,4.638774186,fdi,FDI
12,58,43,98,2,24,178,0,0,0,0,0,0,71,72,101,80,58,311.87,53,-19,7,-1024,98.09484878,33.75214368,58.11159049,47.85915855,-64.14554385,-46.08071822,7.203093737,5.034181986,fdi,FDI
12,59,44,101,0,24,180,0,0,0,0,0,0,71,72,102,90,58,311.86,53,7,3,-1002,97.73773632,34.312917,58.20253825,47.94296132,-61.60255435,-44.65988012,8.596361007,6.150165868,fdi,FDI
12,59,44,101,0,24,180,0,0,0,0,0,0,71,74,104,90,58,311.86,53,18,5,-1011,97.58073907,34.64441357,58.29650976,48.10879344,-61.5244993,-45.22873664,7.805948184,5.430220714,fdi,FDI
12,61,45,104,0,24,179,0,0,0,0,0,0,71,74,103,90,58,311.97,54,-15,8,-984,98.59964697,35.38533489,58.07594352,48.13857789,-59.59810554,-44.64154535,9.200630612,6.027533453,fdi,FDI
12,61,45,104,0,24,179,0,0,0,0,0,0,71,74,103,90,57,311.88,54,-4,-15,-982,99.42059381,35.73885964,57.93903439,48.27507698,-61.35298816,-45.73679353,7.40427046,5.141048091,fdi,FDI
12,61,45,104,0,24,179,0,0,0,0,0,0,71,74,104,90,57,311.86,54,-22,3,-1005,100.0368534,35.8589358,57.82491123,48.4469661,-62.56427604,-46.45840489,6.522716201,4.755015641,fdi,FDI
12,61,46,106,0,24,180,0,0,0,0,0,0,71,74,105,90,57,311.93,55,13,-9,-1037,100.4699346,36.42296432,57.73335588,48.47927385,-63.34786103,-45.90483529,6.201081795,5.654590795,fdi,FDI
12,62,51,106,1,25,178,1,0,0,0,0,0,70,73,101,90,57,311.89,56,10,-14,-997,101.2833859,39.48975811,57.51314552,47.81608409,-62.81834261,-41.97397398,7.184936734,10.00216155,fdi,FDI
