timestamp_c,frame.number,frame.len,wlan.ta,wlan.sa,wlan.ra,wlan.da,wlan.bssid,wlan.duration,wlan.frag,wlan.seq,wlan.fc.type,wlan.fc.subtype,wlan.flags,wlan.fcs,wlan.fcs.status,wlan.qos,wlan.qos.priority,wlan.qos.ack,wlan.ccmp.extiv,wlan.wep.key,data.len,radiotap.hdr_length,radiotap.antenna_signal,radiotap.signal_quality,radiotap.channel.flags.ofdm,radiotap.channel.flags.cck,wlan_radio.datarate,wlan_radio.channel,wlan_radio.frequency,wlan_radio.signal_strength (dbm),wlan_radio.Noise level (dbm),wlan_radio.SNR (db),wlan_radio.preamble,class,class_raw
1693963539,1,140,0,0,41,41,0,0,0,1561,0,8,0,3250454999,2,0,0,0,0,0,0,32,-86,100,0,1,1,2,2417,-86,0,0,192,fdi,FDI
1693963539,3,134,0,0,15,15,0,320,0,1562,0,5,0,1980100656,2,0,0,0,0,0,0,32,-68,100,0,1,1,2,2417,-68,0,0,192,fdi,FDI
1693963539,4,134,0,0,15,15,0,320,0,1562,0,5,8,2992310796,2,0,0,0,0,0,0,32,-78,100,0,1,1,2,2417,-78,0,0,192,fdi,FDI
1693963539,5,134,0,0,15,15,0,320,0,1562,0,5,8,1260420132,2,0,0,0,0,0,0,32,-78,100,0,1,1,2,2417,-78,0,0,192,fdi,FDI
1693963539,6,60,2,2,8,8,0,344,0,171,2,4,17,699611704,2,0,0,0,0,0,0,32,-32,45,1,0,24,2,2417,-32,0,0,20,fdi,FDI
1693963540,7,140,0,0,41,41,0,0,0,1563,0,8,0,203746533,2,0,0,0,0,0,0,32,-82,100,0,1,1,2,2417,-82,0,0,192,fdi,FDI
1693963540,8,62,1,1,8,8,0,60,0,0,2,12,1,2671372690,2,0,0,0,0,0,0,32,-36,51,1,0,6,2,2417,-36,0,0,20,fdi,FDI
1693963540,10,60,2,2,8,8,0,44,0,2989,2,4,1,2919272324,2,0,0,0,0,0,0,32,-34,87,1,0,24,2,2417,-34,0,0,20,fdi,FDI
1693963540,12,140,0,0,41,41,0,0,0,1564,0,8,0,2797764313,2,0,0,0,0,0,0,32,-82,100,0,1,1,2,2417,-82,0,0,192,fdi,FDI
1693963540,13,62,1,1,8,8,0,60,0,0,2,12,1,2671372690,2,0,0,0,0,0,0,32,-36,51,1,0,6,2,2417,-36,0,0,20,fdi,FDI
1693963540,15,60,2,2,8,8,0,44,0,2990,2,4,1,1900460407,2,0,0,0,0,0,0,32,-34,81,1,0,24,2,2417,-34,0,0,20,fdi,FDI
1693963540,17,140,0,0,41,41,0,0,0,1565,0,8,0,3512866055,2,0,0,0,0,0,0,32,-56,100,0,1,1,2,2417,-56,0,0,192,fdi,FDI
1693963540,18,62,1,1,8,8,0,60,0,0,2,12,1,2671372690,2,0,0,0,0,0,0,32,-36,45,1,0,6,2,2417,-36,0,0,20,fdi,FDI
1693963540,20,60,2,2,8,8,0,44,0,2991,2,4,1,998550310,2,0,0,0,0,0,0,32,-34,93,1,0,24,2,2417,-34,0,0,20,fdi,FDI
1693963540,22,140,0,0,41,41,0,0,0,1566,0,8,0,3584573321,2,0,0,0,0,0,0,32,-84,100,0,1,1,2,2417,-84,0,0,192,fdi,FDI
1693963540,23,60,2,2,8,8,0,44,0,2992,2,4,1,1480555021,2,0,0,0,0,0,0,32,-34,90,1,0,24,2,2417,-34,0,0,20,fdi,FDI
1693963540,25,62,1,1,8,8,0,60,0,0,2,12,1,2671372690,2,0,0,0,0,0,0,32,-32,45,1,0,6,2,2417,-32,0,0,20,fdi,FDI
1693963540,27,60,2,2,8,8,0,44,0,2993,2,4,1,318597212,2,0,0,0,0,0,0,32,-34,84,1,0,24,2,2417,-34,0,0,20,fdi,FDI
1693963540,29,140,0,0,41,41,0,0,0,1568,0,8,0,950644567,2,0,0,0,0,0,0,32,-56,100,0,1,1,2,2417,-56,0,0,192,fdi,FDI
1693963540,30,62,1,1,8,8,0,60,0,0,2,12,1,2671372690,2,0,0,0,0,0,0,32,-32,45,1,0,6,2,2417,-32,0,0,20,fdi,FDI
1693963540,32,60,2,2,8,8,0,44,0,2994,2,4,1,3451608751,2,0,0,0,0,0,0,32,-34,84,1,0,24,2,2417,-34,0,0,20,fdi,FDI
1693963540,34,140,0,0,41,41,0,0,0,1569,0,8,0,18649087,2,0,0,0,0,0,0,32,-80,100,0,1,1,2,2417,-80,0,0,192,fdi,FDI
1693963540,35,62,1,1,8,8,0,60,0,0,2,12,1,2671372690,2,0,0,0,0,0,0,32,-32,45,1,0,6,2,2417,-32,0,0,20,fdi,FDI
1693963540,37,60,2,2,8,8,0,44,0,2995,2,4,1,2272873726,2,0,0,0,0,0,0,32,-32,87,1,0,24,2,2417,-32,0,0,20,fdi,FDI
1693963540,39,140,0,0,41,41,0,0,0,1570,0,8,0,2518936988,2,0,0,0,0,0,0,32,-86,100,0,1,1,2,2417,-86,0,0,192,fdi,FDI
1693963540,40,60,2,2,8,8,0,44,0,2996,2,4,1,2823173384,2,0,0,0,0,0,0,32,-34,93,1,0,24,2,2417,-34,0,0,20,fdi,FDI
1693963540,42,62,1,1,8,8,0,60,0,0,2,12,1,2671372690,2,0,0,0,0,0,0,32,-32,54,1,0,6,2,2417,-32,0,0,20,fdi,FDI
1693963540,44,140,0,0,41,41,0,0,0,1571,0,8,0,2066767487,2,0,0,0,0,0,0,32,-84,100,0,1,1,2,2417,-84,0,0,192,fdi,FDI
1693963540,45,62,1,1,8,8,0,60,0,0,2,12,1,2671372690,2,0,0,0,0,0,0,32,-32,51,1,0,6,2,2417,-32,0,0,20,fdi,FDI
1693963540,47,60,2,2,8,8,0,44,0,2997,2,4,1,3800311641,2,0,0,0,0,0,0,32,-34,93,1,0,24,2,2417,-34,0,0,20,fdi,FDI
1693963540,50,140,0,0,41,41,0,0,0,1572,0,8,0,3755601046,2,0,0,0,0,0,0,32,-80,100,0,1,1,2,2417,-80,0,0,192,fdi,FDI
1693963540,51,62,1,1,8,8,0,60,0,0,2,12,1,2671372690,2,0,0,0,0,0,0,32,-34,48,1,0,6,2,2417,-34,0,0,20,fdi,FDI
1693963540,53,60,2,2,8,8,0,44,0,2998,2,4,1,1036128682,2,0,0,0,0,0,0,32,-32,90,1,0,24,2,2417,-32,0,0,20,fdi,FDI
1693963541,56,140,0,0,41,41,0,0,0,1573,0,8,0,1714169037,2,0,0,0,0,0,0,32,-68,100,0,1,1,2,2417,-68,0,0,192,fdi,FDI
1693963541,57,62,1,1,8,8,0,60,0,0,2,12,1,2671372690,2,0,0,0,0,0,0,32,-32,57,1,0,6,2,2417,-32,0,0,20,fdi,FDI
1693963541,59,60,2,2,8,8,0,44,0,2999,2,4,1,1996489723,2,0,0,0,0,0,0,32,-32,84,1,0,24,2,2417,-32,0,0,20,fdi,FDI
1693963541,61,140,0,0,41,41,0,0,0,1574,0,8,0,39259956,2,0,0,0,0,0,0,32,-58,100,0,1,1,2,2417,-58,0,0,192,fdi,FDI
1693963541,62,62,1,1,8,8,0,60,0,0,2,12,1,2671372690,2,0,0,0,0,0,0,32,-32,45,1,0,6,2,2417,-32,0,0,20,fdi,FDI
1693963541,64,60,2,2,8,8,0,44,0,3000,2,4,1,1673323078,2,0,0,0,0,0,0,32,-32,87,1,0,24,2,2417,-32,0,0,20,fdi,FDI
1693963541,66,62,1,1,8,8,0,60,0,0,2,12,1,2671372690,2,0,0,0,0,0,0,32,-34,57,1,0,6,2,2417,-34,0,0,20,fdi,FDI
1693963541,68,60,2,2,8,8,0,44,0,3001,2,4,1,696184855,2,0,0,0,0,0,0,32,-32,81,1,0,24,2,2417,-32,0,0,20,fdi,FDI
1693963541,70,140,0,0,41,41,0,0,0,1576,0,8,0,3190102291,2,0,0,0,0,0,0,32,-50,100,0,1,1,2,2417,-50,0,0,192,fdi,FDI
1693963541,71,62,1,1,8,8,0,60,0,0,2,12,1,2671372690,2,0,0,0,0,0,0,32,-32,54,1,0,6,2,2417,-32,0,0,20,fdi,FDI
1693963541,73,140,0,0,41,41,0,0,0,1577,0,8,0,3340112583,2,0,0,0,0,0,0,32,-82,100,0,1,1,2,2417,-82,0,0,192,fdi,FDI
1693963541,74,62,1,1,8,8,0,60,0,0,2,12,1,2671372690,2,0,0,0,0,0,0,32,-34,63,1,0,6,2,2417,-34,0,0,20,fdi,FDI
1693963541,76,60,2,2,8,8,0,44,0,3003,2,4,1,3170555061,2,0,0,0,0,0,0,32,-30,93,1,0,24,2,2417,-30,0,0,20,fdi,FDI
1693963541,78,60,2,2,8,8,0,344,0,175,2,4,17,3653924157,2,0,0,0,0,0,0,32,-32,84,1,0,24,2,2417,-32,0,0,20,fdi,FDI
1693963541,80,60,2,2,8,8,0,344,0,176,2,4,1,3137544794,2,0,0,0,0,0,0,32,-32,66,1,0,24,2,2417,-32,0,0,20,fdi,FDI
1693963541,82,140,0,0,41,41,0,0,0,1578,0,8,0,1256468028,2,0,0,0,0,0,0,32,-82,100,0,1,1,2,2417,-82,0,0,192,fdi,FDI
1693963541,83,62,1,1,8,8,0,60,0,0,2,12,1,2671372690,2,0,0,0,0,0,0,32,-32,48,1,0,6,2,2417,-32,0,0,20,fdi,FDI
1693963541,85,60,2,2,8,8,0,44,0,3004,2,4,1,2479205699,2,0,0,0,0,0,0,32,-32,84,1,0,24,2,2417,-32,0,0,20,fdi,FDI
1693963541,87,140,0,0,41,41,0,0,0,1579,0,8,0,350060627,2,0,0,0,0,0,0,32,-84,100,0,1,1,2,2417,-84,0,0,192,fdi,FDI
1693963541,88,62,1,1,8,8,0,60,0,0,2,12,1,2671372690,2,0,0,0,0,0,0,32,-32,63,1,0,6,2,2417,-32,0,0,20,fdi,FDI
1693963541,90,60,2,2,8,8,0,44,0,3005,2,4,1,3641163538,2,0,0,0,0,0,0,32,-32,87,1,0,24,2,2417,-32,0,0,20,fdi,FDI
1693963541,92,140,0,0,41,41,0,0,0,1580,0,8,0,2967227856,2,0,0,0,0,0,0,32,-86,100,0,1,1,2,2417,-86,0,0,192,fdi,FDI
1693963541,93,62,1,1,8,8,0,60,0,0,2,12,1,2671372690,2,0,0,0,0,0,0,32,-32,48,1,0,6,2,2417,-32,0,0,20,fdi,FDI
1693963541,95,60,2,2,8,8,0,44,0,3006,2,4,1,104958433,2,0,0,0,0,0,0,32,-32,87,1,0,24,2,2417,-32,0,0,20,fdi,FDI
1693963541,97,62,1,1,8,8,0,60,0,0,2,12,1,2671372690,2,0,0,0,0,0,0,32,-32,42,1,0,6,2,2417,-32,0,0,20,fdi,FDI
1693963541,99,60,2,2,8,8,0,44,0,3007,2,4,1,1283693488,2,0,0,0,0,0,0,32,-32,87,1,0,24,2,2417,-32,0,0,20,fdi,FDI
1693963541,101,140,0,0,41,41,0,0,0,1582,0,8,0,3982915892,2,0,0,0,0,0,0,32,-90,100,0,1,1,2,2417,-90,0,0,192,fdi,FDI
1693963541,102,60,2,2,8,8,0,44,0,3008,2,4,1,3327913902,2,0,0,0,0,0,0,32,-32,87,1,0,24,2,2417,-32,0,0,20,fdi,FDI
1693963541,104,60,2,2,8,8,0,344,0,177,2,4,17,4038309447,2,0,0,0,0,0,0,32,-32,84,1,0,24,2,2417,-32,0,0,20,fdi,FDI
1693963541,106,60,2,2,8,8,0,344,0,178,2,4,1,780601080,2,0,0,0,0,0,0,32,-32,78,1,0,24,2,2417,-32,0,0,20,fdi,FDI
1693963541,108,60,2,2,8,8,0,344,0,179,2,4,1,1682248873,2,0,0,0,0,0,0,32,-32,81,1,0,24,2,2417,-32,0,0,20,fdi,FDI
1693963541,110,60,2,2,8,8,0,344,0,180,2,4,1,1266314591,2,0,0,0,0,0,0,32,-32,78,1,0,24,2,2417,-32,0,0,20,fdi,FDI
1693963542,111,140,0,0,41,41,0,0,0,1583,0,8,0,3234281197,2,0,0,0,0,0,0,32,-80,100,0,1,1,2,2417,-80,0,0,192,fdi,FDI
1693963542,112,62,1,1,8,8,0,60,0,0,2,12,1,2671372690,2,0,0,0,0,0,0,32,-32,48,1,0,6,2,2417,-32,0,0,20,fdi,FDI
1693963542,114,60,2,2,8,8,0,44,0,3009,2,4,1,2358902271,2,0,0,0,0,0,0,32,-32,81,1,0,24,2,2417,-32,0,0,20,fdi,FDI
1693963542,116,140,0,0,41,41,0,0,0,1584,0,8,0,4068478949,2,0,0,0,0,0,0,32,-68,100,0,1,1,2,2417,-68,0,0,192,fdi,FDI
1693963542,117,60,2,2,8,8,0,44,0,3010,2,4,1,1407175436,2,0,0,0,0,0,0,32,-32,81,1,0,24,2,2417,-32,0,0,20,fdi,FDI
1693963542,119,62,1,1,8,8,0,60,0,0,2,12,1,2671372690,2,0,0,0,0,0,0,32,-32,45,1,0,6,2,2417,-32,0,0,20,fdi,FDI
1693963542,121,140,0,0,41,41,0,0,0,1585,0,8,0,1489004448,2,0,0,0,0,0,0,32,-84,100,0,1,1,2,2417,-84,0,0,192,fdi,FDI
1693963542,122,60,2,2,8,8,0,44,0,3011,2,4,1,421386589,2,0,0,0,0,0,0,32,-32,84,1,0,24,2,2417,-32,0,0,20,fdi,FDI
1693963542,124,62,1,1,8,8,0,60,0,0,2,12,1,2671372690,2,0,0,0,0,0,0,32,-30,54,1,0,6,2,2417,-30,0,0,20,fdi,FDI
1693963542,126,140,0,0,41,41,0,0,0,1586,0,8,0,3777982583,2,0,0,0,0,0,0,32,-86,100,0,1,1,2,2417,-86,0,0,192,fdi,FDI
1693963542,127,62,1,1,8,8,0,60,0,0,2,12,1,2671372690,2,0,0,0,0,0,0,32,-32,39,1,0,6,2,2417,-32,0,0,20,fdi,FDI
1693963542,129,60,2,2,8,8,0,44,0,3012,2,4,1,908239019,2,0,0,0,0,0,0,32,-32,90,1,0,24,2,2417,-32,0,0,20,fdi,FDI
1693963542,131,140,0,0,41,41,0,0,0,1587,0,8,0,2435765446,2,0,0,0,0,0,0,32,-68,100,0,1,1,2,2417,-68,0,0,192,fdi,FDI
1693963542,132,62,1,1,8,8,0,60,0,0,2,12,1,2671372690,2,0,0,0,0,0,0,32,-32,33,1,0,6,2,2417,-32,0,0,20,fdi,FDI
1693963542,134,60,2,2,8,8,0,44,0,3013,2,4,1,2095100666,2,0,0,0,0,0,0,32,-32,90,1,0,24,2,2417,-32,0,0,20,fdi,FDI
1693963542,136,140,0,0,41,41,0,0,0,1588,0,8,0,3692165884,2,0,0,0,0,0,0,32,-78,100,0,1,1,2,2417,-78,0,0,192,fdi,FDI
1693963542,137,62,1,1,8,8,0,60,0,0,2,12,1,2671372690,2,0,0,0,0,0,0,32,-32,54,1,0,6,2,2417,-32,0,0,20,fdi,FDI
1693963542,139,60,2,2,8,8,0,44,0,3014,2,4,1,2745598985,2,0,0,0,0,0,0,32,-32,90,1,0,24,2,2417,-32,0,0,20,fdi,FDI
1693963542,141,140,0,0,41,41,0,0,0,1589,0,8,0,549035367,2,0,0,0,0,0,0,32,-80,100,0,1,1,2,2417,-80,0,0,192,fdi,FDI
1693963542,142,62,1,1,8,8,0,60,0,0,2,12,1,2671372690,2,0,0,0,0,0,0,32,-32,54,1,0,6,2,2417,-32,0,0,20,fdi,FDI
1693963542,144,60,2,2,8,8,0,44,0,3015,2,4,1,3915683416,2,0,0,0,0,0,0,32,-32,90,1,0,24,2,2417,-32,0,0,20,fdi,FDI
1693963542,146,60,2,2,8,8,0,344,0,181,2,4,17,13302082,2,0,0,0,0,0,0,32,-32,84,1,0,24,2,2417,-32,0,0,20,fdi,FDI
1693963542,148,60,2,2,8,8,0,344,0,182,2,4,1,3741207037,2,0,0,0,0,0,0,32,-32,84,1,0,24,2,2417,-32,0,0,20,fdi,FDI
1693963542,150,140,0,0,41,41,0,0,0,1590,0,8,0,1389931913,2,0,0,0,0,0,0,32,-60,100,0,1,1,2,2417,-60,0,0,192,fdi,FDI
1693963542,152,140,0,0,41,41,0,0,0,1591,0,8,0,752232941,2,0,0,0,0,0,0,32,-80,100,0,1,1,2,2417,-80,0,0,192,fdi,FDI
1693963542,153,62,1,1,8,8,0,60,0,0,2,12,1,2671372690,2,0,0,0,0,0,0,32,-32,51,1,0,6,2,2417,-32,0,0,20,fdi,FDI
1693963542,155,60,2,2,8,8,0,44,0,3017,2,4,1,3071960500,2,0,0,0,0,0,0,32,-32,87,1,0,24,2,2417,-32,0,0,20,fdi,FDI
1693963542,157,140,0,0,41,41,0,0,0,1592,0,8,0,333566689,2,0,0,0,0,0,0,32,-54,100,0,1,1,2,2417,-54,0,0,192,fdi,FDI
1693963542,158,62,1,1,8,8,0,60,0,0,2,12,1,2671372690,2,0,0,0,0,0,0,32,-32,45,1,0,6,2,2417,-32,0,0,20,fdi,FDI
1693963542,160,60,2,2,8,8,0,44,0,3018,2,4,1,1750881095,2,0,0,0,0,0,0,32,-32,90,1,0,24,2,2417,-32,0,0,20,fdi,FDI
1693963543,164,140,0,0,41,41,0,0,0,1593,0,8,0,390404182,2,0,0,0,0,0,0,32,-54,100,0,1,1,2,2417,-54,0,0,192,fdi,FDI
1693963543,165,62,1,1,8,8,0,60,0,0,2,12,1,2671372690,2,0,0,0,0,0,0,32,-34,42,1,0,6,2,2417,-34,0,0,20,fdi,FDI
1693963543,170,140,0,0,41,41,0,0,0,1594,0,8,0,1035417606,2,0,0,0,0,0,0,32,-70,100,0,1,1,2,2417,-70,0,0,192,fdi,FDI
1693963543,171,62,1,1,8,8,0,60,0,0,2,12,1,2671372690,2,0,0,0,0,0,0,32,-36,51,1,0,6,2,2417,-36,0,0,20,fdi,FDI
1693963543,173,60,2,2,8,8,0,44,0,3020,2,4,1,228669664,2,0,0,0,0,0,0,32,-32,84,1,0,24,2,2417,-32,0,0,20,fdi,FDI
1693963543,176,140,0,0,41,41,0,0,0,1595,0,8,0,221296587,2,0,0,0,0,0,0,32,-78,100,0,1,1,2,2417,-78,0,0,192,fdi,FDI
1693963543,177,62,1,1,8,8,0,60,0,0,2,12,1,2671372690,2,0,0,0,0,0,0,32,-50,27,1,0,6,2,2417,-50,0,0,20,fdi,FDI
1693963543,179,60,2,2,8,8,0,44,0,3021,2,4,1,1197681329,2,0,0,0,0,0,0,32,-32,87,1,0,24,2,2417,-32,0,0,20,fdi,FDI
1693963543,182,140,0,0,41,41,0,0,0,1596,0,8,0,874736922,2,0,0,0,0,0,0,32,-68,100,0,1,1,2,2417,-68,0,0,192,fdi,FDI
1693963543,183,62,1,1,8,8,0,60,0,0,2,12,1,2671372690,2,0,0,0,0,0,0,32,-34,45,1,0,6,2,2417,-34,0,0,20,fdi,FDI
1693963543,185,60,2,2,8,8,0,44,0,3022,2,4,1,2552568898,2,0,0,0,0,0,0,32,-32,87,1,0,24,2,2417,-32,0,0,20,fdi,FDI
1693963543,187,140,0,0,41,41,0,0,0,1597,0,8,0,1298422139,2,0,0,0,0,0,0,32,-56,100,0,1,1,2,2417,-56,0,0,192,fdi,FDI
1693963543,188,62,1,1,8,8,0,60,0,0,2,12,1,2671372690,2,0,0,0,0,0,0,32,-36,54,1,0,6,2,2417,-36,0,0,20,fdi,FDI
1693963543,190,60,2,2,8,8,0,44,0,3023,2,4,1,3538357779,2,0,0,0,0,0,0,32,-34,93,1,0,24,2,2417,-34,0,0,20,fdi,FDI
1693963543,192,140,0,0,41,41,0,0,0,1598,0,8,0,487825308,2,0,0,0,0,0,0,32,-80,100,0,1,1,2,2417,-80,0,0,192,fdi,FDI
1693963543,193,62,1,1,8,8,0,60,0,0,2,12,1,2671372690,2,0,0,0,0,0,0,32,-40,48,1,0,6,2,2417,-40,0,0,20,fdi,FDI
1693963543,195,60,2,2,8,8,0,44,0,3024,2,4,1,2975653688,2,0,0,0,0,0,0,32,-32,90,1,0,24,2,2417,-32,0,0,20,fdi,FDI
1693963543,197,140,0,0,41,41,0,0,0,1599,0,8,0,1829911341,2,0,0,0,0,0,0,32,-82,100,0,1,1,2,2417,-82,0,0,192,fdi,FDI
1693963543,198,62,1,1,8,8,0,60,0,0,2,12,1,2671372690,2,0,0,0,0,0,0,32,-38,27,1,0,6,2,2417,-38,0,0,20,fdi,FDI
1693963543,200,60,2,2,8,8,0,44,0,3025,2,4,1,4221488489,2,0,0,0,0,0,0,32,-34,90,1,0,24,2,2417,-34,0,0,20,fdi,FDI
1693963543,203,140,0,0,41,41,0,0,0,1600,0,8,0,453818814,2,0,0,0,0,0,0,32,-78,100,0,1,1,2,2417,-78,0,0,192,fdi,FDI
1693963543,204,62,1,1,8,8,0,60,0,0,2,12,1,2671372690,2,0,0,0,0,0,0,32,-32,39,1,0,6,2,2417,-32,0,0,20,fdi,FDI
1693963543,206,60,2,2,8,8,0,44,0,3026,2,4,1,618199962,2,0,0,0,0,0,0,32,-34,87,1,0,24,2,2417,-34,0,0,20,fdi,FDI
1693963543,208,140,0,0,41,41,0,0,0,1601,0,8,0,4291156562,2,0,0,0,0,0,0,32,-76,100,0,1,1,2,2417,-76,0,0,192,fdi,FDI
1693963543,209,60,2,2,8,8,0,44,0,3027,2,4,1,1847257547,2,0,0,0,0,0,0,32,-32,84,1,0,24,2,2417,-32,0,0,20,fdi,FDI
1693963543,211,60,2,2,8,8,0,344,0,183,2,4,17,2504973792,2,0,0,0,0,0,0,32,-34,84,1,0,24,2,2417,-34,0,0,20,fdi,FDI
1693963543,212,60,2,2,8,8,0,344,0,184,2,4,1,2155919889,2,0,0,0,0,0,0,32,-30,84,1,0,24,2,2417,-30,0,0,20,fdi,FDI
1693963543,214,60,2,2,8,8,0,344,0,185,2,4,1,3393366080,2,0,0,0,0,0,0,32,-32,84,1,0,24,2,2417,-32,0,0,20,fdi,FDI
1693963543,216,60,2,2,8,8,0,344,0,187,2,4,1,1606847714,2,0,0,0,0,0,0,32,-32,90,1,0,24,2,2417,-32,0,0,20,fdi,FDI
1693963544,218,140,0,0,41,41,0,0,0,1602,0,8,0,4212125916,2,0,0,0,0,0,0,32,-78,100,0,1,1,2,2417,-78,0,0,192,fdi,FDI
1693963544,219,62,1,1,8,8,0,60,0,0,2,12,1,2671372690,2,0,0,0,0,0,0,32,-32,54,1,0,6,2,2417,-32,0,0,20,fdi,FDI
1693963544,221,60,2,2,8,8,0,44,0,3028,2,4,1,1092980797,2,0,0,0,0,0,0,32,-34,90,1,0,24,2,2417,-34,0,0,20,fdi,FDI
1693963544,223,105,1,1,8,8,0,44,0,85,2,8,1,760741526,2,0,0,0,0,0,7,32,-38,100,1,0,54,2,2417,-38,0,0,20,fdi,FDI
1693963544,224,105,1,1,8,8,0,44,0,85,2,8,9,2992190212,2,0,0,0,0,0,7,32,-36,90,1,0,48,2,2417,-36,0,0,20,fdi,FDI
1693963544,226,100,0,0,13,13,0,48,0,4,2,8,34,2577016536,2,0,0,0,0,0,2,32,-26,81,1,0,12,2,2417,-26,0,0,20,fdi,FDI
1693963544,228,140,0,0,41,41,0,0,0,1603,0,8,0,2552738988,2,0,0,0,0,0,0,32,-54,100,0,1,1,2,2417,-54,0,0,192,fdi,FDI
1693963544,229,62,1,1,8,8,0,60,0,0,2,12,1,2671372690,2,0,0,0,0,0,0,32,-34,45,1,0,6,2,2417,-34,0,0,20,fdi,FDI
1693963544,231,60,2,2,8,8,0,44,0,3029,2,4,1,199721580,2,0,0,0,0,0,0,32,-34,81,1,0,24,2,2417,-34,0,0,20,fdi,FDI
1693963544,235,134,0,0,33,33,0,320,0,1604,0,5,0,2126251414,2,0,0,0,0,0,0,32,-84,100,0,1,1,2,2417,-84,0,0,192,fdi,FDI
1693963544,236,134,0,0,33,33,0,320,0,1604,0,5,8,1433762073,2,0,0,0,0,0,0,32,-84,100,0,1,1,2,2417,-84,0,0,192,fdi,FDI
1693963544,237,134,0,0,33,33,0,320,0,1604,0,5,8,1886525819,2,0,0,0,0,0,0,32,-84,100,0,1,1,2,2417,-84,0,0,192,fdi,FDI
1693963544,239,134,0,0,33,33,0,320,0,1605,0,5,0,717033173,2,0,0,0,0,0,0,32,-68,100,0,1,1,2,2417,-68,0,0,192,fdi,FDI
1693963544,240,134,0,0,33,33,0,320,0,1605,0,5,8,1039354211,2,0,0,0,0,0,0,32,-24,100,0,1,1,2,2417,-24,0,0,192,fdi,FDI
1693963544,241,134,0,0,33,33,0,320,0,1605,0,5,8,1350241646,2,0,0,0,0,0,0,32,-24,100,0,1,1,2,2417,-24,0,0,192,fdi,FDI
1693963544,242,264,0,0,13,13,0,48,0,5,2,8,42,1332948431,2,0,0,0,0,0,166,32,-26,78,1,0,18,2,2417,-26,0,0,20,fdi,FDI
1693963544,243,264,0,0,13,13,0,48,0,5,2,8,42,1332948431,2,0,0,0,0,0,166,32,-26,75,1,0,12,2,2417,-26,0,0,20,fdi,FDI
1693963544,245,140,0,0,41,41,0,0,0,1606,0,8,0,3788916769,2,0,0,0,0,0,0,32,-80,100,0,1,1,2,2417,-80,0,0,192,fdi,FDI
1693963544,246,101,1,1,8,8,0,44,0,86,2,8,1,2216773940,2,0,0,0,0,0,3,32,-40,93,1,0,54,2,2417,-40,0,0,20,fdi,FDI
1693963544,248,264,0,0,13,13,0,48,0,7,2,8,34,1031819285,2,0,0,0,0,0,166,32,-26,75,1,0,18,2,2417,-26,0,0,20,fdi,FDI
1693963544,250,140,0,0,41,41,0,0,0,1607,0,8,0,1258971323,2,0,0,0,0,0,0,32,-74,100,0,1,1,2,2417,-74,0,0,192,fdi,FDI
1693963544,251,62,1,1,8,8,0,60,0,0,2,12,1,2671372690,2,0,0,0,0,0,0,32,-36,63,1,0,6,2,2417,-36,0,0,20,fdi,FDI
1693963544,253,60,2,2,8,8,0,44,0,3031,2,4,1,2657330894,2,0,0,0,0,0,0,32,-32,81,1,0,24,2,2417,-32,0,0,20,fdi,FDI
1693963544,255,110,1,1,8,8,0,44,0,87,2,8,1,625240299,2,0,0,0,0,0,12,32,-34,69,1,0,54,2,2417,-34,0,0,20,fdi,FDI
1693963544,256,110,1,1,8,8,0,44,0,87,2,8,9,4142043551,2,0,0,0,0,0,12,32,-34,100,1,0,48,2,2417,-34,0,0,20,fdi,FDI
1693963544,258,100,0,0,13,13,0,48,0,8,2,8,34,1915624638,2,0,0,0,0,0,2,32,-28,81,1,0,18,2,2417,-28,0,0,20,fdi,FDI
1693963544,260,263,0,0,13,13,0,48,0,9,2,8,34,2578904667,2,0,0,0,0,0,165,32,-28,78,1,0,18,2,2417,-28,0,0,20,fdi,FDI
1693963544,262,140,0,0,41,41,0,0,0,1608,0,8,0,2061157384,2,0,0,0,0,0,0,32,-56,100,0,1,1,2,2417,-56,0,0,192,fdi,FDI
1693963544,263,62,1,1,8,8,0,60,0,0,2,12,1,2671372690,2,0,0,0,0,0,0,32,-34,45,1,0,6,2,2417,-34,0,0,20,fdi,FDI
1693963544,265,60,2,2,8,8,0,44,0,3032,2,4,1,2329888627,2,0,0,0,0,0,0,32,-32,84,1,0,24,2,2417,-32,0,0,20,fdi,FDI
1693963544,268,105,1,1,8,8,0,44,0,88,2,8,1,1190397249,2,0,0,0,0,0,7,32,-10,63,1,0,54,2,2417,-10,0,0,20,fdi,FDI
1693963544,270,264,0,0,13,13,0,48,0,10,2,8,34,801497543,2,0,0,0,0,0,166,32,-28,84,1,0,18,2,2417,-28,0,0,20,fdi,FDI
1693963544,272,140,0,0,41,41,0,0,0,1609,0,8,0,1785356750,2,0,0,0,0,0,0,32,-86,100,0,1,1,2,2417,-86,0,0,192,fdi,FDI
1693963544,273,62,1,1,8,8,0,60,0,0,2,12,1,2671372690,2,0,0,0,0,0,0,32,-36,48,1,0,6,2,2417,-36,0,0,20,fdi,FDI
1693963544,275,60,2,2,8,8,0,44,0,3033,2,4,1,3223147810,2,0,0,0,0,0,0,32,-32,93,1,0,24,2,2417,-32,0,0,20,fdi,FDI
1693963544,277,140,0,0,41,41,0,0,0,1610,0,8,0,2306471750,2,0,0,0,0,0,0,32,-86,100,0,1,1,2,2417,-86,0,0,192,fdi,FDI
1693963544,278,60,2,2,8,8,0,44,0,3034,2,4,1,526083025,2,0,0,0,0,0,0,32,-32,93,1,0,24,2,2417,-32,0,0,20,fdi,FDI
1693963544,280,263,0,0,13,13,0,48,0,13,2,8,34,1404597324,2,0,0,0,0,0,165,32,-30,87,1,0,18,2,2417,-30,0,0,20,fdi,FDI
1693963544,282,140,0,0,41,41,0,0,0,1611,0,8,0,3441608245,2,0,0,0,0,0,0,32,-84,100,0,1,1,2,2417,-84,0,0,192,fdi,FDI
1693963544,283,60,2,2,8,8,0,44,0,3035,2,4,1,1436119424,2,0,0,0,0,0,0,32,-32,87,1,0,24,2,2417,-32,0,0,20,fdi,FDI
1693963544,285,62,1,1,8,8,0,60,0,0,2,12,1,2671372690,2,0,0,0,0,0,0,32,-36,45,1,0,6,2,2417,-36,0,0,20,fdi,FDI
1693963544,287,267,0,0,13,13,0,48,0,14,2,8,34,2728979926,2,0,0,0,0,0,169,32,-30,84,1,0,18,2,2417,-30,0,0,20,fdi,FDI
1693963544,289,140,0,0,41,41,0,0,0,1612,0,8,0,1521249966,2,0,0,0,0,0,0,32,-54,100,0,1,1,2,2417,-54,0,0,192,fdi,FDI
1693963544,290,62,1,1,8,8,0,60,0,0,2,12,1,2671372690,2,0,0,0,0,0,0,32,-32,45,1,0,6,2,2417,-32,0,0,20,fdi,FDI
1693963544,292,60,2,2,8,8,0,44,0,3036,2,4,1,2057701494,2,0,0,0,0,0,0,32,-32,93,1,0,24,2,2417,-32,0,0,20,fdi,FDI
1693963544,294,265,0,0,13,13,0,48,0,15,2,8,34,3092683648,2,0,0,0,0,0,167,32,-30,69,1,0,18,2,2417,-30,0,0,20,fdi,FDI
1693963544,296,62,1,1,8,8,0,60,0,0,2,12,1,2671372690,2,0,0,0,0,0,0,32,-32,42,1,0,6,2,2417,-32,0,0,20,fdi,FDI
1693963544,298,60,2,2,8,8,0,44,0,3037,2,4,1,811866663,2,0,0,0,0,0,0,32,-34,87,1,0,24,2,2417,-34,0,0,20,fdi,FDI
1693963545,300,265,0,0,13,13,0,48,0,16,2,8,34,1739701649,2,0,0,0,0,0,167,32,-30,81,1,0,18,2,2417,-30,0,0,20,fdi,FDI
1693963545,303,140,0,0,41,41,0,0,0,1614,0,8,0,709361555,2,0,0,0,0,0,0,32,-52,100,0,1,1,2,2417,-52,0,0,192,fdi,FDI
1693963545,304,62,1,1,8,8,0,60,0,0,2,12,1,2671372690,2,0,0,0,0,0,0,32,-32,45,1,0,6,2,2417,-32,0,0,20,fdi,FDI
1693963545,306,60,2,2,8,8,0,44,0,3038,2,4,1,4011994324,2,0,0,0,0,0,0,32,-34,93,1,0,24,2,2417,-34,0,0,20,fdi,FDI
1693963545,308,266,0,0,13,13,0,48,0,17,2,8,34,3624148645,2,0,0,0,0,0,168,32,-28,84,1,0,18,2,2417,-28,0,0,20,fdi,FDI
1693963545,310,265,0,0,13,13,0,48,0,18,2,8,34,1259362612,2,0,0,0,0,0,167,32,-28,69,1,0,18,2,2417,-28,0,0,20,fdi,FDI
1693963545,312,140,0,0,41,41,0,0,0,1616,0,8,0,1486780557,2,0,0,0,0,0,0,32,-86,100,0,1,1,2,2417,-86,0,0,192,fdi,FDI
1693963545,313,62,1,1,8,8,0,60,0,0,2,12,1,2671372690,2,0,0,0,0,0,0,32,-32,45,1,0,6,2,2417,-32,0,0,20,fdi,FDI
1693963545,316,60,2,2,8,8,0,344,0,190,2,4,17,3826210810,2,0,0,0,0,0,0,32,-34,81,1,0,24,2,2417,-34,0,0,20,fdi,FDI
1693963545,318,266,0,0,13,13,0,48,0,19,2,8,34,2700738364,2,0,0,0,0,0,168,32,-28,75,1,0,18,2,2417,-28,0,0,20,fdi,FDI
1693963545,320,60,2,2,8,8,0,344,0,191,2,4,1,2948580327,2,0,0,0,0,0,0,32,-32,81,1,0,24,2,2417,-32,0,0,20,fdi,FDI
1693963545,322,140,0,0,41,41,0,0,0,1617,0,8,0,4211392711,2,0,0,0,0,0,0,32,-86,100,0,1,1,2,2417,-86,0,0,192,fdi,FDI
1693963545,323,62,1,1,8,8,0,60,0,0,2,12,1,2671372690,2,0,0,0,0,0,0,32,-32,48,1,0,6,2,2417,-32,0,0,20,fdi,FDI
1693963545,325,60,2,2,8,8,0,44,0,3041,2,4,1,1654103251,2,0,0,0,0,0,0,32,-32,93,1,0,24,2,2417,-32,0,0,20,fdi,FDI
1693963545,327,267,0,0,13,13,0,48,0,20,2,8,34,3633886716,2,0,0,0,0,0,169,32,-30,78,1,0,18,2,2417,-30,0,0,20,fdi,FDI
1693963545,329,140,0,0,41,41,0,0,0,1618,0,8,0,582134029,2,0,0,0,0,0,0,32,-80,100,0,1,1,2,2417,-80,0,0,192,fdi,FDI
1693963545,330,62,1,1,8,8,0,60,0,0,2,12,1,2671372690,2,0,0,0,0,0,0,32,-32,66,1,0,6,2,2417,-32,0,0,20,fdi,FDI
1693963545,332,60,2,2,8,8,0,44,0,3042,2,4,1,3184634400,2,0,0,0,0,0,0,32,-34,93,1,0,24,2,2417,-34,0,0,20,fdi,FDI
1693963545,335,134,0,0,32,32,0,320,0,1619,0,5,0,823117689,2,0,0,0,0,0,0,32,-28,100,0,1,1,2,2417,-28,0,0,192,fdi,FDI
1693963545,336,134,0,0,32,32,0,320,0,1619,0,5,8,1561455158,2,0,0,0,0,0,0,32,-28,100,0,1,1,2,2417,-28,0,0,192,fdi,FDI
1693963545,339,134,0,0,32,32,0,320,0,1620,0,5,8,53926641,2,0,0,0,0,0,0,32,-54,100,0,1,1,2,2417,-54,0,0,192,fdi,FDI
1693963545,340,134,0,0,32,32,0,320,0,1620,0,5,8,4254561911,2,0,0,0,0,0,0,32,-54,100,0,1,1,2,2417,-54,0,0,192,fdi,FDI
1693963545,342,110,0,0,13,13,0,48,0,21,2,8,34,769847082,2,0,0,0,0,0,12,32,-28,78,1,0,18,2,2417,-28,0,0,20,fdi,FDI
1693963545,344,266,0,0,13,13,0,48,0,22,2,8,34,2027907219,2,0,0,0,0,0,168,32,-30,81,1,0,18,2,2417,-30,0,0,20,fdi,FDI
1693963545,346,140,0,0,41,41,0,0,0,1621,0,8,0,3675874047,2,0,0,0,0,0,0,32,-58,100,0,1,1,2,2417,-58,0,0,192,fdi,FDI
1693963545,347,60,2,2,8,8,0,44,0,3043,2,4,1,4145264753,2,0,0,0,0,0,0,32,-32,93,1,0,24,2,2417,-32,0,0,20,fdi,FDI
1693963545,349,62,1,1,8,8,0,60,0,0,2,12,1,2671372690,2,0,0,0,0,0,0,32,-30,42,1,0,6,2,2417,-30,0,0,20,fdi,FDI
1693963545,351,268,0,0,13,13,0,48,0,23,2,8,34,2795859898,2,0,0,0,0,0,170,32,-20,84,1,0,18,2,2417,-20,0,0,20,fdi,FDI
1693963545,353,140,0,0,41,41,0,0,0,1622,0,8,0,746552961,2,0,0,0,0,0,0,32,-54,100,0,1,1,2,2417,-54,0,0,192,fdi,FDI
1693963545,354,62,1,1,8,8,0,60,0,0,2,12,1,2671372690,2,0,0,0,0,0,0,32,-30,54,1,0,6,2,2417,-30,0,0,20,fdi,FDI
1693963545,356,60,2,2,8,8,0,44,0,3044,2,4,1,3626811783,2,0,0,0,0,0,0,32,-34,90,1,0,24,2,2417,-34,0,0,20,fdi,FDI
1693963545,358,62,1,1,8,8,0,60,0,0,2,12,1,2671372690,2,0,0,0,0,0,0,32,-30,48,1,0,6,2,2417,-30,0,0,20,fdi,FDI
1693963545,359,60,2,2,8,8,0,44,0,3045,2,4,1,2465125334,2,0,0,0,0,0,0,32,-34,90,1,0,24,2,2417,-34,0,0,20,fdi,FDI
1693963545,362,266,0,0,13,13,0,48,0,26,2,8,34,3100019634,2,0,0,0,0,0,168,32,-20,69,1,0,18,2,2417,-20,0,0,20,fdi,FDI
1693963545,364,140,0,0,41,41,0,0,0,1624,0,8,0,3933288265,2,0,0,0,0,0,0,32,-84,100,0,1,1,2,2417,-84,0,0,192,fdi,FDI
1693963545,365,62,1,1,8,8,0,60,0,0,2,12,1,2671372690,2,0,0,0,0,0,0,32,-32,42,1,0,6,2,2417,-32,0,0,20,fdi,FDI
1693963545,367,60,2,2,8,8,0,44,0,3046,2,4,1,1302914341,2,0,0,0,0,0,0,32,-34,84,1,0,24,2,2417,-34,0,0,20,fdi,FDI
1693963545,370,140,0,0,41,41,0,0,0,1625,0,8,0,3545782078,2,0,0,0,0,0,0,32,-80,100,0,1,1,2,2417,-80,0,0,192,fdi,FDI
1693963545,371,62,1,1,8,8,0,60,0,0,2,12,1,2671372690,2,0,0,0,0,0,0,32,-32,51,1,0,6,2,2417,-32,0,0,20,fdi,FDI
1693963545,373,60,2,2,8,8,0,44,0,3047,2,4,1,124450676,2,0,0,0,0,0,0,32,-34,84,1,0,24,2,2417,-34,0,0,20,fdi,FDI
1693963545,375,60,2,2,8,8,0,344,0,192,2,4,17,605368757,2,0,0,0,0,0,0,32,-32,100,1,0,24,2,2417,-32,0,0,20,fdi,FDI
1693963545,377,60,2,2,8,8,0,344,0,193,2,4,1,1873126824,2,0,0,0,0,0,0,32,-34,90,1,0,24,2,2417,-34,0,0,20,fdi,FDI
1693963545,379,60,2,2,8,8,0,344,0,195,2,4,1,4196499722,2,0,0,0,0,0,0,32,-34,96,1,0,24,2,2417,-34,0,0,20,fdi,FDI
1693963546,381,265,0,0,13,13,0,48,0,28,2,8,34,1958992739,2,0,0,0,0,0,167,32,-26,72,1,0,18,2,2417,-26,0,0,20,fdi,FDI
1693963546,383,140,0,0,41,41,0,0,0,1626,0,8,0,3072556231,2,0,0,0,0,0,0,32,-68,100,0,1,1,2,2417,-68,0,0,192,fdi,FDI
1693963546,385,134,0,0,25,25,0,320,0,1627,0,5,0,653603787,2,0,0,0,0,0,0,32,-68,100,0,1,1,2,2417,-68,0,0,192,fdi,FDI
1693963546,387,266,0,0,13,13,0,48,0,29,2,8,34,162959761,2,0,0,0,0,0,168,32,-26,81,1,0,18,2,2417,-26,0,0,20,fdi,FDI
1693963546,390,140,0,0,41,41,0,0,0,1628,0,8,0,763757970,2,0,0,0,0,0,0,32,-82,100,0,1,1,2,2417,-82,0,0,192,fdi,FDI
1693963546,391,62,1,1,8,8,0,60,0,0,2,12,1,2671372690,2,0,0,0,0,0,0,32,-32,45,1,0,6,2,2417,-32,0,0,20,fdi,FDI
1693963546,393,60,2,2,8,8,0,44,0,3049,2,4,1,1494484120,2,0,0,0,0,0,0,32,-34,81,1,0,24,2,2417,-34,0,0,20,fdi,FDI
1693963546,395,267,0,0,13,13,0,48,0,30,2,8,34,728366832,2,0,0,0,0,0,169,32,-24,75,1,0,18,2,2417,-24,0,0,20,fdi,FDI
1693963546,397,62,1,1,8,8,0,60,0,0,2,12,1,2671372690,2,0,0,0,0,0,0,32,-32,51,1,0,6,2,2417,-32,0,0,20,fdi,FDI
1693963546,399,60,2,2,8,8,0,44,0,3050,2,4,1,2253533803,2,0,0,0,0,0,0,32,-34,81,1,0,24,2,2417,-34,0,0,20,fdi,FDI
1693963546,401,140,0,0,41,41,0,0,0,1630,0,8,0,1240063532,2,0,0,0,0,0,0,32,-86,100,0,1,1,2,2417,-86,0,0,192,fdi,FDI
1693963546,402,62,1,1,8,8,0,60,0,0,2,12,1,2671372690,2,0,0,0,0,0,0,32,-32,54,1,0,6,2,2417,-32,0,0,20,fdi,FDI
1693963546,404,60,2,2,8,8,0,44,0,3051,2,4,1,3431997498,2,0,0,0,0,0,0,32,-32,87,1,0,24,2,2417,-32,0,0,20,fdi,FDI
1693963546,407,140,0,0,41,41,0,0,0,1631,0,8,0,2967793575,2,0,0,0,0,0,0,32,-54,100,0,1,1,2,2417,-54,0,0,192,fdi,FDI
1693963546,408,62,1,1,8,8,0,60,0,0,2,12,1,2671372690,2,0,0,0,0,0,0,32,-32,48,1,0,6,2,2417,-32,0,0,20,fdi,FDI
1693963546,410,60,2,2,8,8,0,44,0,3052,2,4,1,3819919820,2,0,0,0,0,0,0,32,-32,93,1,0,24,2,2417,-32,0,0,20,fdi,FDI
1693963546,412,266,0,0,13,13,0,48,0,33,2,8,34,3502667380,2,0,0,0,0,0,168,32,-20,81,1,0,18,2,2417,-20,0,0,20,fdi,FDI
1693963546,414,140,0,0,41,41,0,0,0,1632,0,8,0,1676584853,2,0,0,0,0,0,0,32,-82,100,0,1,1,2,2417,-82,0,0,192,fdi,FDI
1693963546,415,62,1,1,8,8,0,60,0,0,2,12,1,2671372690,2,0,0,0,0,0,0,32,-32,51,1,0,6,2,2417,-32,0,0,20,fdi,FDI
1693963546,417,60,2,2,8,8,0,44,0,3053,2,4,1,2842512285,2,0,0,0,0,0,0,32,-32,90,1,0,24,2,2417,-32,0,0,20,fdi,FDI
1693963546,419,60,2,2,8,8,0,344,0,196,2,4,17,3563880112,2,0,0,0,0,0,0,32,-32,81,1,0,24,2,2417,-32,0,0,20,fdi,FDI
1693963546,422,60,2,2,8,8,0,344,0,197,2,4,1,2682055341,2,0,0,0,0,0,0,32,-32,69,1,0,24,2,2417,-32,0,0,20,fdi,FDI
1693963546,424,268,0,0,13,13,0,48,0,34,2,8,34,4208582142,2,0,0,0,0,0,170,32,-20,66,1,0,18,2,2417,-20,0,0,20,fdi,FDI
1693963546,426,111,0,0,13,13,0,48,0,35,2,8,34,1491531574,2,0,0,0,0,0,13,32,-20,66,1,0,18,2,2417,-20,0,0,20,fdi,FDI
1693963546,428,140,0,0,41,41,0,0,0,1633,0,8,0,1201657178,2,0,0,0,0,0,0,32,-54,100,0,1,1,2,2417,-54,0,0,192,fdi,FDI
1693963546,429,62,1,1,8,8,0,60,0,0,2,12,1,2671372690,2,0,0,0,0,0,0,32,-30,54,1,0,6,2,2417,-30,0,0,20,fdi,FDI
1693963546,431,60,2,2,8,8,0,44,0,3054,2,4,1,1982561646,2,0,0,0,0,0,0,32,-34,81,1,0,24,2,2417,-34,0,0,20,fdi,FDI
1693963546,433,268,0,0,13,13,0,48,0,36,2,8,34,1419646900,2,0,0,0,0,0,170,32,-20,66,1,0,18,2,2417,-20,0,0,20,fdi,FDI
1693963546,435,140,0,0,41,41,0,0,0,1634,0,8,0,3073576661,2,0,0,0,0,0,0,32,-56,100,0,1,1,2,2417,-56,0,0,192,fdi,FDI
1693963546,436,62,1,1,8,8,0,60,0,0,2,12,1,2671372690,2,0,0,0,0,0,0,32,-30,48,1,0,6,2,2417,-30,0,0,20,fdi,FDI
1693963546,438,60,2,2,8,8,0,44,0,3055,2,4,1,1021931327,2,0,0,0,0,0,0,32,-34,81,1,0,24,2,2417,-34,0,0,20,fdi,FDI
1693963546,440,269,0,0,13,13,0,48,0,37,2,8,34,2839287850,2,0,0,0,0,0,171,32,-20,72,1,0,18,2,2417,-20,0,0,20,fdi,FDI
1693963546,442,62,1,1,8,8,0,60,0,0,2,12,1,2671372690,2,0,0,0,0,0,0,32,-34,45,1,0,6,2,2417,-34,0,0,20,fdi,FDI
1693963546,443,62,1,1,8,8,0,60,0,0,2,12,1,2671372690,2,0,0,0,0,0,0,32,-2,48,1,0,6,2,2417,-2,0,0,20,fdi,FDI
1693963546,445,60,2,2,8,8,0,44,0,3056,2,4,1,1599258132,2,0,0,0,0,0,0,32,-36,78,1,0,24,2,2417,-36,0,0,20,fdi,FDI
1693963546,447,60,2,2,8,8,0,44,0,3056,2,4,9,1609301298,2,0,0,0,0,0,0,32,-34,81,1,0,24,2,2417,-34,0,0,20,fdi,FDI
1693963546,450,268,0,0,13,13,0,48,0,38,2,8,34,2041192125,2,0,0,0,0,0,170,32,-20,78,1,0,18,2,2417,-20,0,0,20,fdi,FDI
1693963546,451,140,0,0,41,41,0,0,0,1636,0,8,0,1292594489,2,0,0,0,0,0,0,32,-78,100,0,1,1,2,2417,-78,0,0,192,fdi,FDI
1693963546,452,62,1,1,8,8,0,60,0,0,2,12,1,2671372690,2,0,0,0,0,0,0,32,-36,51,1,0,6,2,2417,-36,0,0,20,fdi,FDI
1693963546,454,60,2,2,8,8,0,44,0,3057,2,4,1,361802821,2,0,0,0,0,0,0,32,-34,84,1,0,24,2,2417,-34,0,0,20,fdi,FDI
1693963547,456,269,0,0,13,13,0,48,0,39,2,8,34,666705498,2,0,0,0,0,0,171,32,-18,72,1,0,18,2,2417,-18,0,0,20,fdi,FDI
1693963547,458,140,0,0,41,41,0,0,0,1637,0,8,0,704394378,2,0,0,0,0,0,0,32,-68,100,0,1,1,2,2417,-68,0,0,192,fdi,FDI
1693963547,459,62,1,1,8,8,0,60,0,0,2,12,1,2671372690,2,0,0,0,0,0,0,32,-34,51,1,0,6,2,2417,-34,0,0,20,fdi,FDI
1693963547,461,60,2,2,8,8,0,44,0,3058,2,4,1,3403061942,2,0,0,0,0,0,0,32,-36,84,1,0,24,2,2417,-36,0,0,20,fdi,FDI
1693963547,464,134,0,0,26,26,0,320,0,1638,0,5,0,2515220047,2,0,0,0,0,0,0,32,-86,100,0,1,1,2,2417,-86,0,0,192,fdi,FDI
1693963547,466,268,0,0,13,13,0,48,0,40,2,8,34,3645746258,2,0,0,0,0,0,170,32,-18,66,1,0,18,2,2417,-18,0,0,20,fdi,FDI
1693963547,468,140,0,0,41,41,0,0,0,1639,0,8,0,2749201780,2,0,0,0,0,0,0,32,-82,100,0,1,1,2,2417,-82,0,0,192,fdi,FDI
1693963547,469,62,1,1,8,8,0,60,0,0,2,12,1,2671372690,2,0,0,0,0,0,0,32,-32,36,1,0,6,2,2417,-32,0,0,20,fdi,FDI
1693963547,471,60,2,2,8,8,0,44,0,3059,2,4,1,2148829415,2,0,0,0,0,0,0,32,-34,90,1,0,24,2,2417,-34,0,0,20,fdi,FDI
1693963547,473,267,0,0,13,13,0,48,0,41,2,8,34,1777842163,2,0,0,0,0,0,169,32,-18,69,1,0,18,2,2417,-18,0,0,20,fdi,FDI
1693963547,475,140,0,0,41,41,0,0,0,1640,0,8,0,2717609063,2,0,0,0,0,0,0,32,-68,100,0,1,1,2,2417,-68,0,0,192,fdi,FDI
1693963547,476,62,1,1,8,8,0,60,0,0,2,12,1,2671372690,2,0,0,0,0,0,0,32,-32,54,1,0,6,2,2417,-32,0,0,20,fdi,FDI
1693963547,478,60,2,2,8,8,0,44,0,3060,2,4,1,2938892561,2,0,0,0,0,0,0,32,-34,90,1,0,24,2,2417,-34,0,0,20,fdi,FDI
1693963547,480,266,0,0,13,13,0,48,0,42,2,8,34,2925966603,2,0,0,0,0,0,168,32,-18,78,1,0,18,2,2417,-18,0,0,20,fdi,FDI
1693963547,482,140,0,0,41,41,0,0,0,1641,0,8,0,3522873558,2,0,0,0,0,0,0,32,-84,100,0,1,1,2,2417,-84,0,0,192,fdi,FDI
1693963547,483,62,1,1,8,8,0,60,0,0,2,12,1,2671372690,2,0,0,0,0,0,0,32,-34,54,1,0,6,2,2417,-34,0,0,20,fdi,FDI
1693963547,485,60,2,2,8,8,0,44,0,3061,2,4,1,3857310528,2,0,0,0,0,0,0,32,-34,90,1,0,24,2,2417,-34,0,0,20,fdi,FDI
1693963547,487,266,0,0,13,13,0,48,0,43,2,8,34,3685995036,2,0,0,0,0,0,168,32,-18,75,1,0,18,2,2417,-18,0,0,20,fdi,FDI
1693963547,489,62,1,1,8,8,0,60,0,0,2,12,1,2671372690,2,0,0,0,0,0,0,32,-34,54,1,0,6,2,2417,-34,0,0,20,fdi,FDI
1693963547,491,60,2,2,8,8,0,44,0,3062,2,4,1,984602035,2,0,0,0,0,0,0,32,-34,90,1,0,24,2,2417,-34,0,0,20,fdi,FDI
1693963547,493,110,0,0,13,13,0,48,0,44,2,8,34,2157093038,2,0,0,0,0,0,12,32,-18,75,1,0,18,2,2417,-18,0,0,20,fdi,FDI
1693963547,495,266,0,0,13,13,0,48,0,45,2,8,34,3450802816,2,0,0,0,0,0,168,32,-20,72,1,0,18,2,2417,-20,0,0,20,fdi,FDI
1693963547,497,140,0,0,41,41,0,0,0,1643,0,8,0,1362935670,2,0,0,0,0,0,0,32,-54,100,0,1,1,2,2417,-54,0,0,192,fdi,FDI
1693963547,498,62,1,1,8,8,0,60,0,0,2,12,1,2671372690,2,0,0,0,0,0,0,32,-36,57,1,0,6,2,2417,-36,0,0,20,fdi,FDI
1693963547,500,60,2,2,8,8,0,44,0,3063,2,4,1,1886242786,2,0,0,0,0,0,0,32,-34,84,1,0,24,2,2417,-34,0,0,20,fdi,FDI
1693963547,502,265,0,0,13,13,0,48,0,46,2,8,34,784776941,2,0,0,0,0,0,167,32,-18,81,1,0,18,2,2417,-18,0,0,20,fdi,FDI
1693963547,504,111,0,0,13,13,0,48,0,47,2,8,34,2322926270,2,0,0,0,0,0,13,32,-20,81,1,0,18,2,2417,-20,0,0,20,fdi,FDI
1693963547,506,140,0,0,41,41,0,0,0,1644,0,8,0,675361201,2,0,0,0,0,0,0,32,-80,100,0,1,1,2,2417,-80,0,0,192,fdi,FDI
1693963547,507,267,0,0,13,13,0,48,0,48,2,8,34,3152854017,2,0,0,0,0,0,169,32,-18,81,1,0,18,2,2417,-18,0,0,20,fdi,FDI
1693963547,510,140,0,0,41,41,0,0,0,1645,0,8,0,3743468392,2,0,0,0,0,0,0,32,-80,100,0,1,1,2,2417,-80,0,0,192,fdi,FDI
1693963547,511,62,1,1,8,8,0,60,0,0,2,12,1,2671372690,2,0,0,0,0,0,0,32,-42,63,1,0,6,2,2417,-42,0,0,20,fdi,FDI
1693963547,513,60,2,2,8,8,0,44,0,3065,2,4,1,773010446,2,0,0,0,0,0,0,32,-32,90,1,0,24,2,2417,-32,0,0,20,fdi,FDI
1693963547,515,266,0,0,13,13,0,48,0,49,2,8,34,3162935173,2,0,0,0,0,0,168,32,-18,75,1,0,18,2,2417,-18,0,0,20,fdi,FDI
1693963547,517,60,2,2,8,8,0,344,0,198,2,4,17,1105746450,2,0,0,0,0,0,0,32,-32,84,1,0,24,2,2417,-32,0,0,20,fdi,FDI
1693963547,519,60,2,2,8,8,0,344,0,199,2,4,1,173592079,2,0,0,0,0,0,0,32,-32,75,1,0,24,2,2417,-32,0,0,20,fdi,FDI
1693963547,521,140,0,0,41,41,0,0,0,1646,0,8,0,3143360657,2,0,0,0,0,0,0,32,-84,100,0,1,1,2,2417,-84,0,0,192,fdi,FDI
1693963547,522,62,1,1,8,8,0,60,0,0,2,12,1,2671372690,2,0,0,0,0,0,0,32,-36,39,1,0,6,2,2417,-36,0,0,20,fdi,FDI
1693963547,524,60,2,2,8,8,0,44,0,3066,2,4,1,4048880381,2,0,0,0,0,0,0,32,-32,87,1,0,24,2,2417,-32,0,0,20,fdi,FDI
1693963547,526,266,0,0,13,13,0,48,0,50,2,8,34,2333446226,2,0,0,0,0,0,168,32,-20,81,1,0,18,2,2417,-20,0,0,20,fdi,FDI
1693963547,528,60,2,2,8,8,0,344,0,200,2,4,17,529967614,2,0,0,0,0,0,0,32,-32,93,1,0,24,2,2417,-32,0,0,20,fdi,FDI
1693963547,530,60,2,2,8,8,0,344,0,201,2,4,1,1411792355,2,0,0,0,0,0,0,32,-32,84,1,0,24,2,2417,-32,0,0,20,fdi,FDI
1693963547,531,60,2,2,8,8,0,344,0,203,2,4,1,3248625985,2,0,0,0,0,0,0,32,-32,87,1,0,24,2,2417,-32,0,0,20,fdi,FDI
1693963548,533,140,0,0,41,41,0,0,0,1647,0,8,0,1601895447,2,0,0,0,0,0,0,32,-88,100,0,1,1,2,2417,-88,0,0,192,fdi,FDI
1693963548,534,62,1,1,8,8,0,60,0,0,2,12,1,2671372690,2,0,0,0,0,0,0,32,-36,57,1,0,6,2,2417,-36,0,0,20,fdi,FDI
1693963548,536,60,2,2,8,8,0,44,0,3067,2,4,1,3147239596,2,0,0,0,0,0,0,32,-32,90,1,0,24,2,2417,-32,0,0,20,fdi,FDI
1693963548,538,266,0,0,13,13,0,48,0,51,2,8,34,3568994582,2,0,0,0,0,0,168,32,-20,81,1,0,18,2,2417,-20,0,0,20,fdi,FDI
1693963548,541,140,0,0,41,41,0,0,0,1648,0,8,0,57383895,2,0,0,0,0,0,0,32,-60,100,0,1,1,2,2417,-60,0,0,192,fdi,FDI
1693963548,542,62,1,1,8,8,0,60,0,0,2,12,1,2671372690,2,0,0,0,0,0,0,32,-36,51,1,0,6,2,2417,-36,0,0,20,fdi,FDI
1693963548,544,60,2,2,8,8,0,44,0,3068,2,4,1,2494064986,2,0,0,0,0,0,0,32,-34,93,1,0,24,2,2417,-34,0,0,20,fdi,FDI
1693963548,546,265,0,0,13,13,0,48,0,52,2,8,34,3083227580,2,0,0,0,0,0,167,32,-20,84,1,0,18,2,2417,-20,0,0,20,fdi,FDI
1693963548,549,140,0,0,41,41,0,0,0,1649,0,8,0,333135377,2,0,0,0,0,0,0,32,-54,100,0,1,1,2,2417,-54,0,0,192,fdi,FDI
1693963548,550,266,0,0,13,13,0,48,0,53,2,8,34,2209592808,2,0,0,0,0,0,168,32,-20,72,1,0,18,2,2417,-20,0,0,20,fdi,FDI
1693963548,555,140,0,0,41,41,0,0,0,1650,0,8,0,704708224,2,0,0,0,0,0,0,32,-80,100,0,1,1,2,2417,-80,0,0,192,fdi,FDI
1693963548,556,62,1,1,8,8,0,60,0,0,2,12,1,2671372690,2,0,0,0,0,0,0,32,-40,45,1,0,6,2,2417,-40,0,0,20,fdi,FDI
1693963548,558,60,2,2,8,8,0,44,0,3070,2,4,1,19680760,2,0,0,0,0,0,0,32,-32,84,1,0,24,2,2417,-32,0,0,20,fdi,FDI
1693963548,560,266,0,0,13,13,0,48,0,54,2,8,34,3679404815,2,0,0,0,0,0,168,32,-18,69,1,0,18,2,2417,-18,0,0,20,fdi,FDI
1693963548,563,140,0,0,41,41,0,0,0,1651,0,8,0,1397213921,2,0,0,0,0,0,0,32,-86,100,0,1,1,2,2417,-86,0,0,192,fdi,FDI
1693963548,564,60,2,2,8,8,0,44,0,3071,2,4,1,1273913257,2,0,0,0,0,0,0,32,-32,90,1,0,24,2,2417,-32,0,0,20,fdi,FDI
1693963548,566,264,0,0,13,13,0,48,0,55,2,8,34,393878904,2,0,0,0,0,0,166,32,-18,84,1,0,18,2,2417,-18,0,0,20,fdi,FDI
1693963548,568,140,0,0,41,41,0,0,0,1652,0,8,0,1790734170,2,0,0,0,0,0,0,32,-82,100,0,1,1,2,2417,-82,0,0,192,fdi,FDI
1693963548,569,62,1,1,8,8,0,60,0,0,2,12,1,2671372690,2,0,0,0,0,0,0,32,-36,60,1,0,6,2,2417,-36,0,0,20,fdi,FDI
1693963548,571,60,2,2,8,8,0,44,0,3072,2,4,1,2682835641,2,0,0,0,0,0,0,32,-34,84,1,0,24,2,2417,-34,0,0,20,fdi,FDI
1693963548,573,267,0,0,13,13,0,48,0,56,2,8,34,3753478287,2,0,0,0,0,0,169,32,-18,78,1,0,18,2,2417,-18,0,0,20,fdi,FDI
1693963548,575,140,0,0,41,41,0,0,0,1653,0,8,0,1523818493,2,0,0,0,0,0,0,32,-80,100,0,1,1,2,2417,-80,0,0,192,fdi,FDI
1693963548,576,62,1,1,8,8,0,60,0,0,2,12,1,2671372690,2,0,0,0,0,0,0,32,-30,66,1,0,6,2,2417,-30,0,0,20,fdi,FDI
1693963548,578,60,2,2,8,8,0,44,0,3073,2,4,1,3576348904,2,0,0,0,0,0,0,32,-32,90,1,0,24,2,2417,-32,0,0,20,fdi,FDI
1693963548,580,267,0,0,13,13,0,48,0,57,2,8,34,1389031321,2,0,0,0,0,0,169,32,-18,72,1,0,18,2,2417,-18,0,0,20,fdi,FDI
1693963548,582,111,0,0,13,13,0,48,0,58,2,8,34,3778953333,2,0,0,0,0,0,13,32,-18,72,1,0,18,2,2417,-18,0,0,20,fdi,FDI
1693963548,585,140,0,0,41,41,0,0,0,1654,0,8,0,2374150536,2,0,0,0,0,0,0,32,-76,100,0,1,1,2,2417,-76,0,0,192,fdi,FDI
1693963548,586,62,1,1,8,8,0,60,0,0,2,12,1,2671372690,2,0,0,0,0,0,0,32,-34,54,1,0,6,2,2417,-34,0,0,20,fdi,FDI
1693963548,588,60,2,2,8,8,0,44,0,3074,2,4,1,174913051,2,0,0,0,0,0,0,32,-34,84,1,0,24,2,2417,-34,0,0,20,fdi,FDI
1693963548,589,268,0,0,13,13,0,48,0,59,2,8,34,1616165569,2,0,0,0,0,0,170,32,-18,84,1,0,18,2,2417,-18,0,0,20,fdi,FDI
1693963548,591,140,0,0,41,41,0,0,0,1655,0,8,0,861877329,2,0,0,0,0,0,0,32,-84,100,0,1,1,2,2417,-84,0,0,192,fdi,FDI
1693963548,592,62,1,1,8,8,0,60,0,0,2,12,1,2671372690,2,0,0,0,0,0,0,32,-36,48,1,0,6,2,2417,-36,0,0,20,fdi,FDI
1693963548,594,60,2,2,8,8,0,44,0,3075,2,4,1,1085203530,2,0,0,0,0,0,0,32,-32,96,1,0,24,2,2417,-32,0,0,20,fdi,FDI
1693963548,596,266,0,0,13,13,0,48,0,60,2,8,34,1724188742,2,0,0,0,0,0,168,32,-18,72,1,0,18,2,2417,-18,0,0,20,fdi,FDI
1693963548,598,140,0,0,41,41,0,0,0,1656,0,8,0,1290724385,2,0,0,0,0,0,0,32,-80,100,0,1,1,2,2417,-80,0,0,192,fdi,FDI
1693963548,599,62,1,1,8,8,0,60,0,0,2,12,1,2671372690,2,0,0,0,0,0,0,32,-38,48,1,0,6,2,2417,-38,0,0,20,fdi,FDI
1693963548,601,60,2,2,8,8,0,44,0,3076,2,4,1,1871814076,2,0,0,0,0,0,0,32,-34,90,1,0,24,2,2417,-34,0,0,20,fdi,FDI
1693963548,603,266,0,0,13,13,0,48,0,61,2,8,34,183209124,2,0,0,0,0,0,168,32,-16,78,1,0,18,2,2417,-16,0,0,20,fdi,FDI
1693963549,605,140,0,0,41,41,0,0,0,1657,0,8,0,1433132730,2,0,0,0,0,0,0,32,-68,100,0,1,1,2,2417,-68,0,0,192,fdi,FDI
1693963549,606,60,2,2,8,8,0,44,0,3077,2,4,1,626233325,2,0,0,0,0,0,0,32,-36,75,1,0,24,2,2417,-36,0,0,20,fdi,FDI
1693963549,608,62,1,1,8,8,0,60,0,0,2,12,1,2671372690,2,0,0,0,0,0,0,32,-42,42,1,0,6,2,2417,-42,0,0,20,fdi,FDI
1693963549,610,98,1,1,8,8,0,44,0,89,2,8,1,1893076869,2,0,0,0,0,0,0,32,-8,66,1,0,54,2,2417,-8,0,0,20,fdi,FDI
1693963549,612,98,0,0,13,13,0,48,0,62,2,8,34,276481261,2,0,0,0,0,0,0,32,-16,81,1,0,18,2,2417,-16,0,0,20,fdi,FDI
1693963549,614,266,0,0,13,13,0,48,0,63,2,8,34,2326553703,2,0,0,0,0,0,168,32,-18,21,1,0,18,2,2417,-18,0,0,20,fdi,FDI
1693963549,615,266,0,0,13,13,0,48,0,63,2,8,42,1476483946,2,0,0,0,0,0,168,32,-18,72,1,0,18,2,2417,-18,0,0,20,fdi,FDI
1693963549,617,140,0,0,41,41,0,0,0,1658,0,8,0,918697377,2,0,0,0,0,0,0,32,-88,100,0,1,1,2,2417,-88,0,0,192,fdi,FDI
1693963549,618,60,2,2,8,8,0,44,0,3078,2,4,1,4195727646,2,0,0,0,0,0,0,32,-34,87,1,0,24,2,2417,-34,0,0,20,fdi,FDI
1693963549,620,60,2,2,8,8,0,344,0,204,2,4,17,4025476859,2,0,0,0,0,0,0,32,-34,87,1,0,24,2,2417,-34,0,0,20,fdi,FDI
1693963549,622,266,0,0,13,13,0,48,0,64,2,8,34,2244527976,2,0,0,0,0,0,168,32,-18,33,1,0,18,2,2417,-18,0,0,20,fdi,FDI
1693963549,623,266,0,0,13,13,0,48,0,64,2,8,42,1466300517,2,0,0,0,0,0,168,32,-18,81,1,0,18,2,2417,-18,0,0,20,fdi,FDI
1693963549,624,266,0,0,13,13,0,48,0,64,2,8,42,1466300517,2,0,0,0,0,0,168,32,-18,69,1,0,12,2,2417,-18,0,0,20,fdi,FDI
1693963549,626,62,1,1,8,8,0,60,0,0,2,12,1,2671372690,2,0,0,0,0,0,0,32,-40,54,1,0,6,2,2417,-40,0,0,20,fdi,FDI
1693963549,628,60,2,2,8,8,0,344,0,205,2,4,1,2757718758,2,0,0,0,0,0,0,32,-34,63,1,0,24,2,2417,-34,0,0,20,fdi,FDI
1693963549,630,140,0,0,41,41,0,0,0,1659,0,8,0,2619219259,2,0,0,0,0,0,0,32,-84,100,0,1,1,2,2417,-84,0,0,192,fdi,FDI
1693963549,631,62,1,1,8,8,0,60,0,0,2,12,1,2671372690,2,0,0,0,0,0,0,32,-42,54,1,0,6,2,2417,-42,0,0,20,fdi,FDI
1693963549,633,140,0,0,41,41,0,0,0,1660,0,8,0,4132074301,2,0,0,0,0,0,0,32,-56,100,0,1,1,2,2417,-56,0,0,192,fdi,FDI
1693963549,634,62,1,1,8,8,0,60,0,0,2,12,1,2671372690,2,0,0,0,0,0,0,32,-40,45,1,0,6,2,2417,-40,0,0,20,fdi,FDI
1693963549,636,60,2,2,8,8,0,44,0,3080,2,4,1,2758494962,2,0,0,0,0,0,0,32,-34,87,1,0,24,2,2417,-34,0,0,20,fdi,FDI
1693963549,638,267,0,0,13,13,0,48,0,66,2,8,34,608885405,2,0,0,0,0,0,169,32,-18,72,1,0,18,2,2417,-18,0,0,20,fdi,FDI
1693963549,640,140,0,0,41,41,0,0,0,1661,0,8,0,3335388400,2,0,0,0,0,0,0,32,-56,100,0,1,1,2,2417,-56,0,0,192,fdi,FDI
1693963549,641,62,1,1,8,8,0,60,0,0,2,12,1,2671372690,2,0,0,0,0,0,0,32,-42,48,1,0,6,2,2417,-42,0,0,20,fdi,FDI
1693963549,643,60,2,2,8,8,0,44,0,3081,2,4,1,4004075683,2,0,0,0,0,0,0,32,-36,87,1,0,24,2,2417,-36,0,0,20,fdi,FDI
1693963549,645,265,0,0,13,13,0,48,0,67,2,8,34,3793230341,2,0,0,0,0,0,167,32,-16,87,1,0,18,2,2417,-16,0,0,20,fdi,FDI
1693963549,647,110,0,0,13,13,0,48,0,68,2,8,34,2324101153,2,0,0,0,0,0,12,32,-18,75,1,0,18,2,2417,-18,0,0,20,fdi,FDI
1693963549,649,140,0,0,41,41,0,0,0,1662,0,8,0,1067761755,2,0,0,0,0,0,0,32,-54,100,0,1,1,2,2417,-54,0,0,192,fdi,FDI
1693963549,650,62,1,1,8,8,0,60,0,0,2,12,1,2671372690,2,0,0,0,0,0,0,32,-40,45,1,0,6,2,2417,-40,0,0,20,fdi,FDI
1693963549,652,60,2,2,8,8,0,44,0,3082,2,4,1,837774928,2,0,0,0,0,0,0,32,-34,90,1,0,24,2,2417,-34,0,0,20,fdi,FDI
1693963549,654,266,0,0,13,13,0,48,0,69,2,8,34,2642397325,2,0,0,0,0,0,168,32,-18,78,1,0,18,2,2417,-18,0,0,20,fdi,FDI
1693963549,656,140,0,0,41,41,0,0,0,1663,0,8,0,1749532219,2,0,0,0,0,0,0,32,-86,100,0,1,1,2,2417,-86,0,0,192,fdi,FDI
1693963549,657,60,2,2,8,8,0,44,0,3083,2,4,9,2073313063,2,0,0,0,0,0,0,32,-34,84,1,0,24,2,2417,-34,0,0,20,fdi,FDI
1693963549,659,62,1,1,8,8,0,60,0,0,2,12,1,2671372690,2,0,0,0,0,0,0,32,-4,42,1,0,6,2,2417,-4,0,0,20,fdi,FDI
1693963549,661,266,0,0,13,13,0,48,0,70,2,8,34,1325552809,2,0,0,0,0,0,168,32,-18,75,1,0,18,2,2417,-18,0,0,20,fdi,FDI
1693963549,663,111,0,0,13,13,0,48,0,71,2,8,34,3637723734,2,0,0,0,0,0,13,32,-18,75,1,0,18,2,2417,-18,0,0,20,fdi,FDI
1693963549,665,265,0,0,13,13,0,48,0,72,2,8,34,2464748876,2,0,0,0,0,0,167,32,-18,81,1,0,18,2,2417,-18,0,0,20,fdi,FDI
1693963549,667,140,0,0,41,41,0,0,0,1664,0,8,0,1437080629,2,0,0,0,0,0,0,32,-80,100,0,1,1,2,2417,-80,0,0,192,fdi,FDI
1693963549,668,60,2,2,8,8,0,44,0,3084,2,4,1,1410467319,2,0,0,0,0,0,0,32,-32,90,1,0,24,2,2417,-32,0,0,20,fdi,FDI
1693963549,671,266,0,0,13,13,0,48,0,73,2,8,34,3275777304,2,0,0,0,0,0,168,32,-18,78,1,0,18,2,2417,-18,0,0,20,fdi,FDI
1693963549,673,140,0,0,41,41,0,0,0,1665,0,8,0,4164781226,2,0,0,0,0,0,0,32,-74,100,0,1,1,2,2417,-74,0,0,192,fdi,FDI
1693963549,674,60,2,2,8,8,0,44,0,3085,2,4,1,516954022,2,0,0,0,0,0,0,32,-32,78,1,0,24,2,2417,-32,0,0,20,fdi,FDI
1693963549,676,267,0,0,13,13,0,48,0,74,2,8,34,523937296,2,0,0,0,0,0,169,32,-18,72,1,0,18,2,2417,-18,0,0,20,fdi,FDI
1693963549,677,140,0,0,41,41,0,0,0,1666,0,8,0,2790565034,2,0,0,0,0,0,0,32,-58,100,0,1,1,2,2417,-58,0,0,192,fdi,FDI
1693963549,678,62,1,1,8,8,0,60,0,0,2,12,1,2671372690,2,0,0,0,0,0,0,32,-38,45,1,0,6,2,2417,-38,0,0,20,fdi,FDI
1693963549,680,60,2,2,8,8,0,44,0,3086,2,4,1,3247841621,2,0,0,0,0,0,0,32,-32,90,1,0,24,2,2417,-32,0,0,20,fdi,FDI
1693963550,682,60,2,2,8,8,0,344,0,206,2,4,17,2053882457,2,0,0,0,0,0,0,32,-32,81,1,0,24,2,2417,-32,0,0,20,fdi,FDI
1693963550,684,60,2,2,8,8,0,344,0,207,2,4,1,836458052,2,0,0,0,0,0,0,32,-32,100,1,0,24,2,2417,-32,0,0,20,fdi,FDI
1693963550,687,60,2,2,8,8,0,344,0,209,2,4,1,413308222,2,0,0,0,0,0,0,32,-32,96,1,0,24,2,2417,-32,0,0,20,fdi,FDI
1693963550,689,268,0,0,13,13,0,48,0,75,2,8,34,3409542190,2,0,0,0,0,0,170,32,-16,72,1,0,18,2,2417,-16,0,0,20,fdi,FDI
1693963550,691,140,0,0,41,41,0,0,0,1667,0,8,0,2442828642,2,0,0,0,0,0,0,32,-56,100,0,1,1,2,2417,-56,0,0,192,fdi,FDI
1693963550,692,60,2,2,8,8,0,44,0,3087,2,4,1,2337551108,2,0,0,0,0,0,0,32,-32,84,1,0,24,2,2417,-32,0,0,20,fdi,FDI
1693963550,694,267,0,0,13,13,0,48,0,76,2,8,34,3798083610,2,0,0,0,0,0,169,32,-18,75,1,0,18,2,2417,-18,0,0,20,fdi,FDI
1693963550,697,140,0,0,41,41,0,0,0,1668,0,8,0,1428838294,2,0,0,0,0,0,0,32,-82,100,0,1,1,2,2417,-82,0,0,192,fdi,FDI
1693963550,698,62,1,1,8,8,0,60,0,0,2,12,1,2671372690,2,0,0,0,0,0,0,32,-38,66,1,0,6,2,2417,-38,0,0,20,fdi,FDI
1693963550,700,60,2,2,8,8,0,44,0,3088,2,4,1,3908035119,2,0,0,0,0,0,0,32,-32,84,1,0,24,2,2417,-32,0,0,20,fdi,FDI
1693963550,702,140,0,0,41,41,0,0,0,1669,0,8,0,4138790876,2,0,0,0,0,0,0,32,-56,100,0,1,1,2,2417,-56,0,0,192,fdi,FDI
1693963550,703,62,1,1,8,8,0,60,0,0,2,12,1,2671372690,2,0,0,0,0,0,0,32,-30,45,1,0,6,2,2417,-30,0,0,20,fdi,FDI
1693963550,705,60,2,2,8,8,0,44,0,3089,2,4,1,2720919678,2,0,0,0,0,0,0,32,-32,96,1,0,24,2,2417,-32,0,0,20,fdi,FDI
1693963550,706,267,0,0,13,13,0,48,0,78,2,8,34,2739166148,2,0,0,0,0,0,169,32,-18,84,1,0,18,2,2417,-18,0,0,20,fdi,FDI
1693963550,708,140,0,0,41,41,0,0,0,1670,0,8,0,1331689483,2,0,0,0,0,0,0,32,-84,100,0,1,1,2,2417,-84,0,0,192,fdi,FDI
1693963550,709,62,1,1,8,8,0,60,0,0,2,12,1,2671372690,2,0,0,0,0,0,0,32,-32,51,1,0,6,2,2417,-32,0,0,20,fdi,FDI
1693963550,711,60,2,2,8,8,0,44,0,3090,2,4,1,2104215181,2,0,0,0,0,0,0,32,-34,81,1,0,24,2,2417,-34,0,0,20,fdi,FDI
1693963550,714,60,2,2,8,8,0,344,0,210,2,4,17,3331728769,2,0,0,0,0,0,0,32,-34,100,1,0,24,2,2417,-34,0,0,20,fdi,FDI
1693963550,716,60,2,2,8,8,0,344,0,211,2,4,1,2368123292,2,0,0,0,0,0,0,32,-34,75,1,0,24,2,2417,-34,0,0,20,fdi,FDI
1693963550,718,140,0,0,41,41,0,0,0,1671,0,8,0,3059229849,2,0,0,0,0,0,0,32,-72,100,0,1,1,2,2417,-72,0,0,192,fdi,FDI
1693963550,719,62,1,1,8,8,0,60,0,0,2,12,1,2671372690,2,0,0,0,0,0,0,32,-38,39,1,0,6,2,2417,-38,0,0,20,fdi,FDI
1693963550,721,60,2,2,8,8,0,44,0,3091,2,4,1,933876956,2,0,0,0,0,0,0,32,-34,90,1,0,24,2,2417,-34,0,0,20,fdi,FDI
1693963550,723,265,0,0,13,13,0,48,0,80,2,8,34,2365092605,2,0,0,0,0,0,167,32,-18,84,1,0,18,2,2417,-18,0,0,20,fdi,FDI
1693963550,725,140,0,0,41,41,0,0,0,1672,0,8,0,977650201,2,0,0,0,0,0,0,32,-82,100,0,1,1,2,2417,-82,0,0,192,fdi,FDI
1693963550,726,62,1,1,8,8,0,60,0,0,2,12,1,2671372690,2,0,0,0,0,0,0,32,-36,63,1,0,6,2,2417,-36,0,0,20,fdi,FDI
1693963550,728,60,2,2,8,8,0,44,0,3092,2,4,1,412527914,2,0,0,0,0,0,0,32,-34,81,1,0,24,2,2417,-34,0,0,20,fdi,FDI
1693963550,730,266,0,0,13,13,0,48,0,81,2,8,34,3975692738,2,0,0,0,0,0,168,32,-16,78,1,0,18,2,2417,-16,0,0,20,fdi,FDI
1693963550,732,140,0,0,41,41,0,0,0,1673,0,8,0,2537039340,2,0,0,0,0,0,0,32,-56,100,0,1,1,2,2417,-56,0,0,192,fdi,FDI
1693963550,733,62,1,1,8,8,0,60,0,0,2,12,1,2671372690,2,0,0,0,0,0,0,32,-34,48,1,0,6,2,2417,-34,0,0,20,fdi,FDI
1693963550,735,60,2,2,8,8,0,44,0,3093,2,4,1,1381285755,2,0,0,0,0,0,0,32,-34,81,1,0,24,2,2417,-34,0,0,20,fdi,FDI
1693963550,737,111,0,0,13,13,0,48,0,82,2,8,34,3766561199,2,0,0,0,0,0,13,32,-16,75,1,0,18,2,2417,-16,0,0,20,fdi,FDI
1693963550,739,265,0,0,13,13,0,48,0,83,2,8,34,554915942,2,0,0,0,0,0,167,32,-18,72,1,0,18,2,2417,-18,0,0,20,fdi,FDI
1693963550,741,140,0,0,41,41,0,0,0,1674,0,8,0,3016041833,2,0,0,0,0,0,0,32,-82,100,0,1,1,2,2417,-82,0,0,192,fdi,FDI
1693963550,742,62,1,1,8,8,0,60,0,0,2,12,1,2671372690,2,0,0,0,0,0,0,32,-32,39,1,0,6,2,2417,-32,0,0,20,fdi,FDI
1693963550,744,60,2,2,8,8,0,44,0,3094,2,4,1,2366802312,2,0,0,0,0,0,0,32,-34,90,1,0,24,2,2417,-34,0,0,20,fdi,FDI
1693963550,746,266,0,0,13,13,0,48,0,84,2,8,34,2837679000,2,0,0,0,0,0,168,32,-18,87,1,0,18,2,2417,-18,0,0,20,fdi,FDI
1693963550,748,140,0,0,41,41,0,0,0,1675,0,8,0,3397521672,2,0,0,0,0,0,0,32,-86,100,0,1,1,2,2417,-86,0,0,192,fdi,FDI
1693963550,749,62,1,1,8,8,0,60,0,0,2,12,1,2671372690,2,0,0,0,0,0,0,32,-34,45,1,0,6,2,2417,-34,0,0,20,fdi,FDI
1693963550,751,60,2,2,8,8,0,44,0,3095,2,4,1,3352337369,2,0,0,0,0,0,0,32,-32,84,1,0,24,2,2417,-32,0,0,20,fdi,FDI
1693963550,754,267,0,0,13,13,0,48,0,85,2,8,34,3993128684,2,0,0,0,0,0,169,32,-20,66,1,0,18,2,2417,-20,0,0,20,fdi,FDI
1693963550,756,100,0,0,13,13,0,48,0,86,2,8,34,2386841920,2,0,0,0,0,0,2,32,-18,78,1,0,18,2,2417,-18,0,0,20,fdi,FDI
1693963550,758,140,0,0,41,41,0,0,0,1676,0,8,0,882320062,2,0,0,0,0,0,0,32,-86,100,0,1,1,2,2417,-86,0,0,192,fdi,FDI
1693963551,760,267,0,0,13,13,0,48,0,87,2,8,34,1071192789,2,0,0,0,0,0,169,32,-20,81,1,0,18,2,2417,-20,0,0,20,fdi,FDI
1693963551,762,117,1,1,8,8,0,44,0,90,2,8,1,913814560,2,0,0,0,0,0,19,32,-10,90,1,0,54,2,2417,-10,0,0,20,fdi,FDI
1693963551,764,140,0,0,41,41,0,0,0,1677,0,8,0,3107295274,2,0,0,0,0,0,0,32,-90,100,0,1,1,2,2417,-90,0,0,192,fdi,FDI
1693963551,765,62,1,1,8,8,0,60,0,0,2,12,1,2671372690,2,0,0,0,0,0,0,32,-36,42,1,0,6,2,2417,-36,0,0,20,fdi,FDI
1693963551,766,60,2,2,8,8,0,44,0,3097,2,4,1,2578343989,2,0,0,0,0,0,0,32,-34,87,1,0,24,2,2417,-34,0,0,20,fdi,FDI
1693963551,768,266,0,0,13,13,0,48,0,88,2,8,34,3821580737,2,0,0,0,0,0,168,32,-18,78,1,0,18,2,2417,-18,0,0,20,fdi,FDI
1693963551,770,140,0,0,41,41,0,0,0,1678,0,8,0,3551126636,2,0,0,0,0,0,0,32,-54,100,0,1,1,2,2417,-54,0,0,192,fdi,FDI
1693963551,771,62,1,1,8,8,0,60,0,0,2,12,1,2671372690,2,0,0,0,0,0,0,32,-36,48,1,0,6,2,2417,-36,0,0,20,fdi,FDI
1693963551,773,60,2,2,8,8,0,44,0,3098,2,4,1,1189633734,2,0,0,0,0,0,0,32,-34,87,1,0,24,2,2417,-34,0,0,20,fdi,FDI
1693963551,775,265,0,0,13,13,0,48,0,89,2,8,34,2724826817,2,0,0,0,0,0,167,32,-18,81,1,0,18,2,2417,-18,0,0,20,fdi,FDI
1693963551,779,140,0,0,41,41,0,0,0,1679,0,8,0,2862280632,2,0,0,0,0,0,0,32,-54,100,0,1,1,2,2417,-54,0,0,192,fdi,FDI
1693963551,780,62,1,1,8,8,0,60,0,0,2,12,1,2671372690,2,0,0,0,0,0,0,32,-36,45,1,0,6,2,2417,-36,0,0,20,fdi,FDI
1693963551,782,60,2,2,8,8,0,44,0,3099,2,4,1,204098711,2,0,0,0,0,0,0,32,-36,90,1,0,24,2,2417,-36,0,0,20,fdi,FDI
1693963551,784,268,0,0,13,13,0,48,0,90,2,8,34,4041369686,2,0,0,0,0,0,170,32,-18,84,1,0,18,2,2417,-18,0,0,20,fdi,FDI
1693963551,785,140,0,0,41,41,0,0,0,1680,0,8,0,1702805653,2,0,0,0,0,0,0,32,-84,100,0,1,1,2,2417,-84,0,0,192,fdi,FDI
1693963551,786,62,1,1,8,8,0,60,0,0,2,12,1,2671372690,2,0,0,0,0,0,0,32,-34,54,1,0,6,2,2417,-34,0,0,20,fdi,FDI
1693963551,788,60,2,2,8,8,0,44,0,3100,2,4,1,588592481,2,0,0,0,0,0,0,32,-32,84,1,0,24,2,2417,-32,0,0,20,fdi,FDI
1693963551,790,268,0,0,13,13,0,48,0,91,2,8,34,271342272,2,0,0,0,0,0,170,32,-20,81,1,0,18,2,2417,-20,0,0,20,fdi,FDI
1693963551,792,140,0,0,41,41,0,0,0,1681,0,8,0,4227175104,2,0,0,0,0,0,0,32,-56,100,0,1,1,2,2417,-56,0,0,192,fdi,FDI
1693963551,793,62,1,1,8,8,0,60,0,0,2,12,1,2671372690,2,0,0,0,0,0,0,32,-34,57,1,0,6,2,2417,-34,0,0,20,fdi,FDI
1693963551,795,60,2,2,8,8,0,44,0,3101,2,4,1,1775707952,2,0,0,0,0,0,0,32,-34,81,1,0,24,2,2417,-34,0,0,20,fdi,FDI
1693963551,797,110,0,0,13,13,0,48,0,92,2,8,34,3713944723,2,0,0,0,0,0,12,32,-24,81,1,0,18,2,2417,-24,0,0,20,fdi,FDI
1693963551,799,270,0,0,13,13,0,48,0,93,2,8,34,3448660799,2,0,0,0,0,0,172,32,-28,78,1,0,18,2,2417,-28,0,0,20,fdi,FDI
1693963551,801,140,0,0,41,41,0,0,0,1682,0,8,0,2676930873,2,0,0,0,0,0,0,32,-86,100,0,1,1,2,2417,-86,0,0,192,fdi,FDI
1693963551,802,62,1,1,8,8,0,60,0,0,2,12,1,2671372690,2,0,0,0,0,0,0,32,-34,54,1,0,6,2,2417,-34,0,0,20,fdi,FDI
1693963551,804,60,2,2,8,8,0,44,0,3102,2,4,1,3062960579,2,0,0,0,0,0,0,32,-34,96,1,0,24,2,2417,-34,0,0,20,fdi,FDI
1693963551,806,272,0,0,13,13,0,48,0,94,2,8,42,2780171459,2,0,0,0,0,0,174,32,-22,81,1,0,12,2,2417,-22,0,0,20,fdi,FDI
1693963551,807,272,0,0,13,13,0,48,0,94,2,8,42,2780171459,2,0,0,0,0,0,174,32,-22,78,1,0,12,2,2417,-22,0,0,20,fdi,FDI
1693963551,809,111,0,0,13,13,0,48,0,95,2,8,34,1243180761,2,0,0,0,0,0,13,32,-22,72,1,0,18,2,2417,-22,0,0,20,fdi,FDI
1693963551,812,140,0,0,41,41,0,0,0,1683,0,8,0,906567828,2,0,0,0,0,0,0,32,-56,100,0,1,1,2,2417,-56,0,0,192,fdi,FDI
1693963551,813,60,2,2,8,8,0,44,0,3103,2,4,1,4233298834,2,0,0,0,0,0,0,32,-34,93,1,0,24,2,2417,-34,0,0,20,fdi,FDI
1693963551,815,60,2,2,8,8,0,344,0,212,2,4,17,2741718566,2,0,0,0,0,0,0,32,-36,84,1,0,24,2,2417,-36,0,0,20,fdi,FDI
1693963551,817,62,1,1,8,8,0,60,0,0,2,12,1,2671372690,2,0,0,0,0,0,0,32,-32,45,1,0,6,2,2417,-32,0,0,20,fdi,FDI
1693963551,819,60,2,2,8,8,0,344,0,213,2,4,1,3906722363,2,0,0,0,0,0,0,32,-34,57,1,0,24,2,2417,-34,0,0,20,fdi,FDI
1693963551,821,271,0,0,13,13,0,48,0,96,2,8,34,197846543,2,0,0,0,0,0,173,32,-20,75,1,0,18,2,2417,-20,0,0,20,fdi,FDI
1693963551,823,140,0,0,41,41,0,0,0,1684,0,8,0,38693799,2,0,0,0,0,0,0,32,-86,100,0,1,1,2,2417,-86,0,0,192,fdi,FDI
1693963551,824,62,1,1,8,8,0,60,0,0,2,12,1,2671372690,2,0,0,0,0,0,0,32,-36,51,1,0,6,2,2417,-36,0,0,20,fdi,FDI
1693963551,826,60,2,2,8,8,0,44,0,3104,2,4,1,1910944661,2,0,0,0,0,0,0,32,-34,96,1,0,24,2,2417,-34,0,0,20,fdi,FDI
1693963551,828,271,0,0,13,13,0,48,0,97,2,8,34,686517049,2,0,0,0,0,0,173,32,-18,66,1,0,18,2,2417,-18,0,0,20,fdi,FDI
1693963551,830,140,0,0,41,41,0,0,0,1685,0,8,0,4015904836,2,0,0,0,0,0,0,32,-68,100,0,1,1,2,2417,-68,0,0,192,fdi,FDI
1693963551,831,62,1,1,8,8,0,60,0,0,2,12,1,2671372690,2,0,0,0,0,0,0,32,-34,39,1,0,6,2,2417,-34,0,0,20,fdi,FDI
1693963551,833,60,2,2,8,8,0,44,0,3105,2,4,1,992256452,2,0,0,0,0,0,0,32,-34,87,1,0,24,2,2417,-34,0,0,20,fdi,FDI
1693963551,835,270,0,0,13,13,0,48,0,98,2,8,34,3322488566,2,0,0,0,0,0,172,32,-24,72,1,0,18,2,2417,-24,0,0,20,fdi,FDI
1693963551,837,140,0,0,41,41,0,0,0,1686,0,8,0,3822540523,2,0,0,0,0,0,0,32,-58,100,0,1,1,2,2417,-58,0,0,192,fdi,FDI
1693963551,838,60,2,2,8,8,0,44,0,3106,2,4,1,3831666487,2,0,0,0,0,0,0,32,-32,84,1,0,24,2,2417,-32,0,0,20,fdi,FDI
1693963552,840,62,1,1,8,8,0,60,0,0,2,12,1,2671372690,2,0,0,0,0,0,0,32,-32,66,1,0,6,2,2417,-32,0,0,20,fdi,FDI
1693963552,842,60,2,2,8,8,0,344,0,214,2,4,17,921660036,2,0,0,0,0,0,0,32,-34,100,1,0,24,2,2417,-34,0,0,20,fdi,FDI
1693963552,844,60,2,2,8,8,0,344,0,215,2,4,1,2103443097,2,0,0,0,0,0,0,32,-34,87,1,0,24,2,2417,-34,0,0,20,fdi,FDI
1693963552,846,60,2,2,8,8,0,344,0,216,2,4,1,1776492324,2,0,0,0,0,0,0,32,-34,90,1,0,24,2,2417,-34,0,0,20,fdi,FDI
1693963552,848,60,2,2,8,8,0,344,0,217,2,4,1,589368693,2,0,0,0,0,0,0,32,-34,81,1,0,24,2,2417,-34,0,0,20,fdi,FDI
1693963552,850,271,0,0,13,13,0,48,0,99,2,8,34,2701622937,2,0,0,0,0,0,173,32,-26,66,1,0,18,2,2417,-26,0,0,20,fdi,FDI
1693963552,852,140,0,0,41,41,0,0,0,1687,0,8,0,167340728,2,0,0,0,0,0,0,32,-54,100,0,1,1,2,2417,-54,0,0,192,fdi,FDI
1693963552,853,62,1,1,8,8,0,60,0,0,2,12,1,2671372690,2,0,0,0,0,0,0,32,-34,48,1,0,6,2,2417,-34,0,0,20,fdi,FDI
1693963552,855,60,2,2,8,8,0,44,0,3107,2,4,1,2929755494,2,0,0,0,0,0,0,32,-32,90,1,0,24,2,2417,-32,0,0,20,fdi,FDI
1693963552,858,271,0,0,13,13,0,48,0,100,2,8,34,3352505441,2,0,0,0,0,0,173,32,-26,75,1,0,18,2,2417,-26,0,0,20,fdi,FDI
1693963552,863,140,0,0,41,41,0,0,0,1688,0,8,0,3948588442,2,0,0,0,0,0,0,32,-84,100,0,1,1,2,2417,-84,0,0,192,fdi,FDI
1693963552,864,62,1,1,8,8,0,60,0,0,2,12,1,2671372690,2,0,0,0,0,0,0,32,-32,42,1,0,6,2,2417,-32,0,0,20,fdi,FDI
1693963552,866,60,2,2,8,8,0,44,0,3108,2,4,1,2174745744,2,0,0,0,0,0,0,32,-32,84,1,0,24,2,2417,-32,0,0,20,fdi,FDI
1693963552,868,271,0,0,13,13,0,48,0,101,2,8,34,2895845893,2,0,0,0,0,0,173,32,-24,78,1,0,18,2,2417,-24,0,0,20,fdi,FDI
1693963552,870,140,0,0,41,41,0,0,0,1689,0,8,0,3677707581,2,0,0,0,0,0,0,32,-84,100,0,1,1,2,2417,-84,0,0,192,fdi,FDI
1693963552,872,60,2,2,8,8,0,44,0,3109,2,4,1,3411930817,2,0,0,0,0,0,0,32,-32,93,1,0,24,2,2417,-32,0,0,20,fdi,FDI
1693963552,874,62,1,1,8,8,0,60,0,0,2,12,1,2671372690,2,0,0,0,0,0,0,32,-38,45,1,0,6,2,2417,-38,0,0,20,fdi,FDI
1693963552,877,140,0,0,41,41,0,0,0,1690,0,8,0,207907656,2,0,0,0,0,0,0,32,-80,100,0,1,1,2,2417,-80,0,0,192,fdi,FDI
1693963552,878,271,0,0,13,13,0,48,0,103,2,8,34,2746629967,2,0,0,0,0,0,173,32,-22,72,1,0,18,2,2417,-22,0,0,20,fdi,FDI
1693963552,880,60,2,2,8,8,0,44,0,3110,2,4,1,337369138,2,0,0,0,0,0,0,32,-32,84,1,0,24,2,2417,-32,0,0,20,fdi,FDI
1693963552,882,62,1,1,8,8,0,60,0,0,2,12,1,2671372690,2,0,0,0,0,0,0,32,-32,45,1,0,6,2,2417,-32,0,0,20,fdi,FDI
1693963552,885,140,0,0,41,41,0,0,0,1691,0,8,0,3529527450,2,0,0,0,0,0,0,32,-56,100,0,1,1,2,2417,-56,0,0,192,fdi,FDI
1693963552,886,62,1,1,8,8,0,60,0,0,2,12,1,2671372690,2,0,0,0,0,0,0,32,-32,54,1,0,6,2,2417,-32,0,0,20,fdi,FDI
1693963552,888,60,2,2,8,8,0,44,0,3111,2,4,1,1591331427,2,0,0,0,0,0,0,32,-32,90,1,0,24,2,2417,-32,0,0,20,fdi,FDI
1693963552,890,272,0,0,13,13,0,48,0,104,2,8,34,880846950,2,0,0,0,0,0,174,32,-18,81,1,0,18,2,2417,-18,0,0,20,fdi,FDI
1693963552,892,272,0,0,13,13,0,48,0,105,2,8,34,3317706369,2,0,0,0,0,0,174,32,-22,81,1,0,18,2,2417,-22,0,0,20,fdi,FDI
1693963552,894,140,0,0,41,41,0,0,0,1692,0,8,0,3204778323,2,0,0,0,0,0,0,32,-2,100,0,1,1,2,2417,-2,0,0,192,fdi,FDI
1693963552,895,60,2,2,8,8,0,44,0,3112,2,4,1,1248144350,2,0,0,0,0,0,0,32,-32,63,1,0,24,2,2417,-32,0,0,20,fdi,FDI
1693963552,897,60,2,2,8,8,0,44,0,3112,2,4,9,1255958776,2,0,0,0,0,0,0,32,-32,93,1,0,24,2,2417,-32,0,0,20,fdi,FDI
1693963552,899,62,1,1,8,8,0,60,0,0,2,12,1,2671372690,2,0,0,0,0,0,0,32,-32,48,1,0,6,2,2417,-32,0,0,20,fdi,FDI
1693963552,901,111,0,0,13,13,0,48,0,106,2,8,34,2983816363,2,0,0,0,0,0,13,32,-20,90,1,0,18,2,2417,-20,0,0,20,fdi,FDI
1693963552,903,272,0,0,13,13,0,48,0,107,2,8,34,2283391874,2,0,0,0,0,0,174,32,-24,78,1,0,18,2,2417,-24,0,0,20,fdi,FDI
1693963552,905,140,0,0,41,41,0,0,0,1693,0,8,0,4234912281,2,0,0,0,0,0,0,32,-8,100,0,1,1,2,2417,-8,0,0,192,fdi,FDI
1693963552,906,62,1,1,8,8,0,60,0,0,2,12,1,2671372690,2,0,0,0,0,0,0,32,-38,51,1,0,6,2,2417,-38,0,0,20,fdi,FDI
1693963552,908,60,2,2,8,8,0,44,0,3113,2,4,1,10959247,2,0,0,0,0,0,0,32,-32,81,1,0,24,2,2417,-32,0,0,20,fdi,FDI
1693963552,910,272,0,0,13,13,0,48,0,108,2,8,34,1809225084,2,0,0,0,0,0,174,32,-22,78,1,0,18,2,2417,-22,0,0,20,fdi,FDI
1693963552,912,140,0,0,41,41,0,0,0,1694,0,8,0,3632193014,2,0,0,0,0,0,0,32,-8,100,0,1,1,2,2417,-8,0,0,192,fdi,FDI
1693963552,913,62,1,1,8,8,0,60,0,0,2,12,1,2671372690,2,0,0,0,0,0,0,32,-36,48,1,0,6,2,2417,-36,0,0,20,fdi,FDI
1693963552,914,272,0,0,13,13,0,48,0,109,2,8,34,2064766265,2,0,0,0,0,0,174,32,-26,78,1,0,18,2,2417,-26,0,0,20,fdi,FDI
1693963552,916,140,0,0,41,41,0,0,0,1695,0,8,0,476638075,2,0,0,0,0,0,0,32,-6,100,0,1,1,2,2417,-6,0,0,192,fdi,FDI
1693963552,917,62,1,1,8,8,0,60,0,0,2,12,1,2671372690,2,0,0,0,0,0,0,32,-36,63,1,0,6,2,2417,-36,0,0,20,fdi,FDI
1693963552,919,60,2,2,8,8,0,44,0,3115,2,4,1,2502106413,2,0,0,0,0,0,0,32,-32,96,1,0,24,2,2417,-32,0,0,20,fdi,FDI
1693963552,921,60,2,2,8,8,0,344,0,218,2,4,17,4246060490,2,0,0,0,0,0,0,32,-32,84,1,0,24,2,2417,-32,0,0,20,fdi,FDI
1693963553,923,273,0,0,13,13,0,48,0,110,2,8,34,1757649963,2,0,0,0,0,0,175,32,-28,72,1,0,18,2,2417,-28,0,0,20,fdi,FDI
1693963553,925,140,0,0,41,41,0,0,0,1696,0,8,0,3253662824,2,0,0,0,0,0,0,32,-8,100,0,1,1,2,2417,-8,0,0,192,fdi,FDI
1693963553,926,62,1,1,8,8,0,60,0,0,2,12,1,2671372690,2,0,0,0,0,0,0,32,-40,51,1,0,6,2,2417,-40,0,0,20,fdi,FDI
1693963553,928,60,2,2,8,8,0,44,0,3116,2,4,1,3122423003,2,0,0,0,0,0,0,32,-32,90,1,0,24,2,2417,-32,0,0,20,fdi,FDI
1693963553,930,272,0,0,13,13,0,48,0,111,2,8,34,3458383752,2,0,0,0,0,0,174,32,-24,81,1,0,18,2,2417,-24,0,0,20,fdi,FDI
1693963553,932,140,0,0,41,41,0,0,0,1697,0,8,0,4050221989,2,0,0,0,0,0,0,32,-2,100,0,1,1,2,2417,-2,0,0,192,fdi,FDI
1693963553,933,60,2,2,8,8,0,44,0,3117,2,4,1,4041111178,2,0,0,0,0,0,0,32,-34,84,1,0,24,2,2417,-34,0,0,20,fdi,FDI
1693963553,936,272,0,0,13,13,0,48,0,112,2,8,34,971990123,2,0,0,0,0,0,174,32,-24,69,1,0,18,2,2417,-24,0,0,20,fdi,FDI
1693963553,938,140,0,0,41,41,0,0,0,1698,0,8,0,134235918,2,0,0,0,0,0,0,32,-2,100,0,1,1,2,2417,-2,0,0,192,fdi,FDI
1693963553,939,62,1,1,8,8,0,60,0,0,2,12,1,2671372690,2,0,0,0,0,0,0,32,-32,51,1,0,6,2,2417,-32,0,0,20,fdi,FDI
1693963553,941,60,2,2,8,8,0,44,0,3118,2,4,1,798507129,2,0,0,0,0,0,0,32,-32,87,1,0,24,2,2417,-32,0,0,20,fdi,FDI
1693963553,943,272,0,0,13,13,0,48,0,113,2,8,34,2899652202,2,0,0,0,0,0,174,32,-26,84,1,0,18,2,2417,-26,0,0,20,fdi,FDI
1693963553,945,140,0,0,41,41,0,0,0,1699,0,8,0,824780665,2,0,0,0,0,0,0,32,-84,100,0,1,1,2,2417,-84,0,0,192,fdi,FDI
1693963553,946,62,1,1,8,8,0,60,0,0,2,12,1,2671372690,2,0,0,0,0,0,0,32,-32,54,1,0,6,2,2417,-32,0,0,20,fdi,FDI
1693963553,948,60,2,2,8,8,0,44,0,3119,2,4,1,1700418088,2,0,0,0,0,0,0,32,-34,87,1,0,24,2,2417,-34,0,0,20,fdi,FDI
1693963553,950,140,0,0,41,41,0,0,0,1700,0,8,0,686139593,2,0,0,0,0,0,0,32,-56,100,0,1,1,2,2417,-56,0,0,192,fdi,FDI
1693963553,951,62,1,1,8,8,0,60,0,0,2,12,1,2671372690,2,0,0,0,0,0,0,32,-36,51,1,0,6,2,2417,-36,0,0,20,fdi,FDI
1693963553,953,60,2,2,8,8,0,44,0,3120,2,4,1,115442435,2,0,0,0,0,0,0,32,-34,96,1,0,24,2,2417,-34,0,0,20,fdi,FDI
1693963553,956,110,0,0,13,13,0,48,0,115,2,8,34,468891597,2,0,0,0,0,0,12,32,-30,81,1,0,18,2,2417,-30,0,0,20,fdi,FDI
1693963553,958,272,0,0,13,13,0,48,0,116,2,8,34,1836977570,2,0,0,0,0,0,174,32,-30,78,1,0,18,2,2417,-30,0,0,20,fdi,FDI
1693963553,959,140,0,0,41,41,0,0,0,1701,0,8,0,2555834434,2,0,0,0,0,0,0,32,-82,100,0,1,1,2,2417,-82,0,0,192,fdi,FDI
1693963553,960,62,1,1,8,8,0,60,0,0,2,12,1,2671372690,2,0,0,0,0,0,0,32,-36,54,1,0,6,2,2417,-36,0,0,20,fdi,FDI
1693963553,962,60,2,2,8,8,0,44,0,3121,2,4,1,1277399378,2,0,0,0,0,0,0,32,-32,93,1,0,24,2,2417,-32,0,0,20,fdi,FDI
1693963553,964,273,0,0,13,13,0,48,0,117,2,8,34,1859780752,2,0,0,0,0,0,175,32,-30,84,1,0,18,2,2417,-30,0,0,20,fdi,FDI
1693963553,966,140,0,0,41,41,0,0,0,1702,0,8,0,1865477180,2,0,0,0,0,0,0,32,-78,100,0,1,1,2,2417,-78,0,0,192,fdi,FDI
1693963553,967,62,1,1,8,8,0,60,0,0,2,12,1,2671372690,2,0,0,0,0,0,0,32,-34,48,1,0,6,2,2417,-34,0,0,20,fdi,FDI
1693963553,969,60,2,2,8,8,0,44,0,3122,2,4,1,2472912801,2,0,0,0,0,0,0,32,-32,90,1,0,24,2,2417,-32,0,0,20,fdi,FDI
1693963553,972,273,0,0,13,13,0,48,0,119,2,8,34,2181492787,2,0,0,0,0,0,175,32,-32,81,1,0,18,2,2417,-32,0,0,20,fdi,FDI
1693963553,974,140,0,0,41,41,0,0,0,1703,0,8,0,3415727046,2,0,0,0,0,0,0,32,-2,100,0,1,1,2,2417,-2,0,0,192,fdi,FDI
1693963553,975,62,1,1,8,8,0,60,0,0,2,12,1,2671372690,2,0,0,0,0,0,0,32,-36,57,1,0,6,2,2417,-36,0,0,20,fdi,FDI
1693963553,977,273,0,0,13,13,0,48,0,120,2,8,34,1862232934,2,0,0,0,0,0,175,32,-30,81,1,0,18,2,2417,-30,0,0,20,fdi,FDI
1693963553,979,140,0,0,41,41,0,0,0,1704,0,8,0,3565122987,2,0,0,0,0,0,0,32,-82,100,0,1,1,2,2417,-82,0,0,192,fdi,FDI
1693963553,980,62,1,1,8,8,0,60,0,0,2,12,1,2671372690,2,0,0,0,0,0,0,32,-36,66,1,0,6,2,2417,-36,0,0,20,fdi,FDI
1693963553,982,60,2,2,8,8,0,44,0,3124,2,4,1,4137208838,2,0,0,0,0,0,0,32,-34,87,1,0,24,2,2417,-34,0,0,20,fdi,FDI
1693963553,984,274,0,0,13,13,0,48,0,121,2,8,34,3078205764,2,0,0,0,0,0,176,32,-28,81,1,0,18,2,2417,-28,0,0,20,fdi,FDI
1693963553,986,140,0,0,41,41,0,0,0,1705,0,8,0,2011549153,2,0,0,0,0,0,0,32,-82,100,0,1,1,2,2417,-82,0,0,192,fdi,FDI
1693963553,987,62,1,1,8,8,0,60,0,0,2,12,1,2671372690,2,0,0,0,0,0,0,32,-32,57,1,0,6,2,2417,-32,0,0,20,fdi,FDI
1693963553,989,60,2,2,8,8,0,44,0,3125,2,4,1,3160071767,2,0,0,0,0,0,0,32,-32,87,1,0,24,2,2417,-32,0,0,20,fdi,FDI
1693963554,991,60,2,2,8,8,0,344,0,220,2,4,17,2565396077,2,0,0,0,0,0,0,32,-34,84,1,0,24,2,2417,-34,0,0,20,fdi,FDI
1693963554,993,60,2,2,8,8,0,344,0,221,2,4,1,3545776752,2,0,0,0,0,0,0,32,-34,87,1,0,24,2,2417,-34,0,0,20,fdi,FDI
1693963554,995,60,2,2,8,8,0,344,0,222,2,4,1,203322499,2,0,0,0,0,0,0,32,-32,93,1,0,24,2,2417,-32,0,0,20,fdi,FDI
1693963554,997,60,2,2,8,8,0,344,0,223,2,4,1,1188849362,2,0,0,0,0,0,0,32,-34,87,1,0,24,2,2417,-34,0,0,20,fdi,FDI
1693963554,1000,134,0,0,28,28,0,320,0,1706,0,5,0,1858116896,2,0,0,0,0,0,0,32,-30,100,0,1,1,2,2417,-30,0,0,192,fdi,FDI
1693963554,1002,274,0,0,13,13,0,48,0,122,2,8,34,2239762312,2,0,0,0,0,0,176,32,-30,93,1,0,18,2,2417,-30,0,0,20,fdi,FDI
1693963554,1004,140,0,0,41,41,0,0,0,1707,0,8,0,2768592023,2,0,0,0,0,0,0,32,-86,100,0,1,1,2,2417,-86,0,0,192,fdi,FDI
1693963554,1005,62,1,1,8,8,0,60,0,0,2,12,1,2671372690,2,0,0,0,0,0,0,32,-32,42,1,0,6,2,2417,-32,0,0,20,fdi,FDI
1693963554,1007,60,2,2,8,8,0,44,0,3126,2,4,1,1662838948,2,0,0,0,0,0,0,32,-34,90,1,0,24,2,2417,-34,0,0,20,fdi,FDI
1693963554,1010,140,0,0,41,41,0,0,0,1708,0,8,0,4032181565,2,0,0,0,0,0,0,32,-74,100,0,1,1,2,2417,-74,0,0,192,fdi,FDI
1693963554,1011,62,1,1,8,8,0,60,0,0,2,12,1,2671372690,2,0,0,0,0,0,0,32,-30,27,1,0,6,2,2417,-30,0,0,20,fdi,FDI
1693963554,1013,60,2,2,8,8,0,44,0,3127,2,4,1,702479093,2,0,0,0,0,0,0,32,-32,90,1,0,24,2,2417,-32,0,0,20,fdi,FDI
1693963554,1015,273,0,0,13,13,0,48,0,124,2,8,34,4241522804,2,0,0,0,0,0,175,32,-30,78,1,0,18,2,2417,-30,0,0,20,fdi,FDI
1693963554,1017,140,0,0,41,41,0,0,0,1709,0,8,0,2595114075,2,0,0,0,0,0,0,32,-80,100,0,1,1,2,2417,-80,0,0,192,fdi,FDI
1693963554,1018,62,1,1,8,8,0,60,0,0,2,12,1,2671372690,2,0,0,0,0,0,0,32,-34,69,1,0,6,2,2417,-34,0,0,20,fdi,FDI
1693963554,1020,60,2,2,8,8,0,44,0,3128,2,4,1,1029839688,2,0,0,0,0,0,0,32,-32,87,1,0,24,2,2417,-32,0,0,20,fdi,FDI
1693963554,1022,60,2,2,8,8,0,344,0,224,2,4,17,3390787737,2,0,0,0,0,0,0,32,-34,84,1,0,24,2,2417,-34,0,0,20,fdi,FDI
1693963554,1025,273,0,0,13,13,0,48,0,125,2,8,34,1245164311,2,0,0,0,0,0,175,32,-34,81,1,0,18,2,2417,-34,0,0,20,fdi,FDI
1693963554,1027,140,0,0,41,41,0,0,0,1710,0,8,0,2323309757,2,0,0,0,0,0,0,32,-56,100,0,1,1,2,2417,-56,0,0,192,fdi,FDI
1693963554,1028,62,1,1,8,8,0,60,0,0,2,12,1,2671372690,2,0,0,0,0,0,0,32,-30,57,1,0,6,2,2417,-30,0,0,20,fdi,FDI
1693963554,1030,60,2,2,8,8,0,44,0,3129,2,4,1,2006976793,2,0,0,0,0,0,0,32,-40,81,1,0,24,2,2417,-40,0,0,20,fdi,FDI
1693963554,1032,274,0,0,13,13,0,48,0,126,2,8,34,58131046,2,0,0,0,0,0,176,32,-28,78,1,0,18,2,2417,-28,0,0,20,fdi,FDI
1693963554,1034,140,0,0,41,41,0,0,0,1711,0,8,0,857309472,2,0,0,0,0,0,0,32,-54,100,0,1,1,2,2417,-54,0,0,192,fdi,FDI
1693963554,1035,62,1,1,8,8,0,60,0,0,2,12,1,2671372690,2,0,0,0,0,0,0,32,-28,39,1,0,6,2,2417,-28,0,0,20,fdi,FDI
1693963554,1037,60,2,2,8,8,0,44,0,3130,2,4,1,2833661930,2,0,0,0,0,0,0,32,-38,84,1,0,24,2,2417,-38,0,0,20,fdi,FDI
1693963554,1039,274,0,0,13,13,0,48,0,127,2,8,34,3444339976,2,0,0,0,0,0,176,32,-32,78,1,0,18,2,2417,-32,0,0,20,fdi,FDI
1693963554,1041,140,0,0,41,41,0,0,0,1712,0,8,0,1915014125,2,0,0,0,0,0,0,32,-58,100,0,1,1,2,2417,-58,0,0,192,fdi,FDI
1693963554,1042,62,1,1,8,8,0,60,0,0,2,12,1,2671372690,2,0,0,0,0,0,0,32,-34,39,1,0,6,2,2417,-34,0,0,20,fdi,FDI
1693963554,1044,60,2,2,8,8,0,44,0,3131,2,4,1,3794021819,2,0,0,0,0,0,0,32,-40,84,1,0,24,2,2417,-40,0,0,20,fdi,FDI
1693963554,1047,273,0,0,13,13,0,48,0,128,2,8,34,3766324089,2,0,0,0,0,0,175,32,-30,84,1,0,18,2,2417,-30,0,0,20,fdi,FDI
1693963554,1049,140,0,0,41,41,0,0,0,1713,0,8,0,2531738904,2,0,0,0,0,0,0,32,-70,100,0,1,1,2,2417,-70,0,0,192,fdi,FDI
1693963554,1050,62,1,1,8,8,0,60,0,0,2,12,1,2671372690,2,0,0,0,0,0,0,32,-44,39,1,0,6,2,2417,-44,0,0,20,fdi,FDI
1693963554,1052,60,2,2,8,8,0,44,0,3132,2,4,1,3441120333,2,0,0,0,0,0,0,32,-38,81,1,0,24,2,2417,-38,0,0,20,fdi,FDI
1693963554,1054,111,0,0,13,13,0,48,0,129,2,8,34,4073710805,2,0,0,0,0,0,13,32,-26,84,1,0,18,2,2417,-26,0,0,20,fdi,FDI
1693963554,1056,275,0,0,13,13,0,48,0,130,2,8,34,4185103965,2,0,0,0,0,0,177,32,-24,81,1,0,18,2,2417,-24,0,0,20,fdi,FDI
1693963554,1058,140,0,0,41,41,0,0,0,1714,0,8,0,1531948730,2,0,0,0,0,0,0,32,-80,100,0,1,1,2,2417,-80,0,0,192,fdi,FDI
1693963554,1059,62,1,1,8,8,0,60,0,0,2,12,1,2671372690,2,0,0,0,0,0,0,32,-30,45,1,0,6,2,2417,-30,0,0,20,fdi,FDI
1693963554,1061,60,2,2,8,8,0,44,0,3133,2,4,1,2279163420,2,0,0,0,0,0,0,32,-38,84,1,0,24,2,2417,-38,0,0,20,fdi,FDI
1693963554,1063,273,0,0,13,13,0,48,0,131,2,8,34,1855706260,2,0,0,0,0,0,175,32,-26,81,1,0,18,2,2417,-26,0,0,20,fdi,FDI
1693963554,1065,140,0,0,41,41,0,0,0,1715,0,8,0,1910080458,2,0,0,0,0,0,0,32,-64,100,0,1,1,2,2417,-64,0,0,192,fdi,FDI
1693963554,1066,60,2,2,8,8,0,44,0,3134,2,4,1,1486844143,2,0,0,0,0,0,0,32,-40,72,1,0,24,2,2417,-40,0,0,20,fdi,FDI
1693963554,1068,62,1,1,8,8,0,60,0,0,2,12,1,2671372690,2,0,0,0,0,0,0,32,-34,48,1,0,6,2,2417,-34,0,0,20,fdi,FDI
1693963554,1070,273,0,0,13,13,0,48,0,132,2,8,34,777623712,2,0,0,0,0,0,175,32,-26,90,1,0,18,2,2417,-26,0,0,20,fdi,FDI
1693963554,1072,140,0,0,41,41,0,0,0,1716,0,8,0,2248759128,2,0,0,0,0,0,0,32,-78,100,0,1,1,2,2417,-78,0,0,192,fdi,FDI
1693963555,1073,272,0,0,13,13,0,48,0,133,2,8,34,1132119684,2,0,0,0,0,0,174,32,-28,84,1,0,18,2,2417,-28,0,0,20,fdi,FDI
1693963555,1075,140,0,0,41,41,0,0,0,1717,0,8,0,3808300779,2,0,0,0,0,0,0,32,-52,100,0,1,1,2,2417,-52,0,0,192,fdi,FDI
1693963555,1076,60,2,2,8,8,0,44,0,3136,2,4,9,2554090886,2,0,0,0,0,0,0,32,-38,57,1,0,24,2,2417,-38,0,0,20,fdi,FDI
1693963555,1077,62,1,1,8,8,0,60,0,0,2,12,1,2671372690,2,0,0,0,0,0,0,32,-8,48,1,0,6,2,2417,-8,0,0,20,fdi,FDI
1693963555,1078,274,0,0,13,13,0,48,0,134,2,8,34,4001029750,2,0,0,0,0,0,176,32,-26,66,1,0,18,2,2417,-26,0,0,20,fdi,FDI
1693963555,1079,140,0,0,41,41,0,0,0,1718,0,8,0,454313396,2,0,0,0,0,0,0,32,-84,100,0,1,1,2,2417,-84,0,0,192,fdi,FDI
1693963555,1080,62,1,1,8,8,0,60,0,0,2,12,1,2671372690,2,0,0,0,0,0,0,32,-36,69,1,0,6,2,2417,-36,0,0,20,fdi,FDI
1693963555,1082,60,2,2,8,8,0,44,0,3137,2,4,1,3527869681,2,0,0,0,0,0,0,32,-38,81,1,0,24,2,2417,-38,0,0,20,fdi,FDI
1693963555,1084,273,0,0,13,13,0,48,0,135,2,8,34,1705197744,2,0,0,0,0,0,175,32,-34,57,1,0,18,2,2417,-34,0,0,20,fdi,FDI
1693963555,1087,134,0,0,12,12,0,320,0,1719,0,5,0,803677462,2,0,0,0,0,0,0,32,-66,100,0,1,1,2,2417,-66,0,0,192,fdi,FDI
1693963555,1088,134,0,0,12,12,0,320,0,1719,0,5,8,1176756115,2,0,0,0,0,0,0,32,-68,100,0,1,1,2,2417,-68,0,0,192,fdi,FDI
1693963555,1089,134,0,0,12,12,0,320,0,1719,0,5,8,1009268693,2,0,0,0,0,0,0,32,-68,100,0,1,1,2,2417,-68,0,0,192,fdi,FDI
1693963555,1090,140,0,0,41,41,0,0,0,1720,0,8,0,4186276870,2,0,0,0,0,0,0,32,-68,100,0,1,1,2,2417,-68,0,0,192,fdi,FDI
1693963555,1091,60,2,2,8,8,0,44,0,3138,2,4,25,214628200,2,0,0,0,0,0,0,32,-36,90,1,0,24,2,2417,-36,0,0,20,fdi,FDI
1693963555,1092,60,2,2,8,8,0,314,0,3138,2,4,25,1209426999,2,0,0,0,0,0,0,32,-36,100,0,1,1,2,2417,-36,0,0,192,fdi,FDI
1693963555,1094,271,0,0,13,13,0,48,0,136,2,8,34,3856793596,2,0,0,0,0,0,173,32,-26,72,1,0,18,2,2417,-26,0,0,20,fdi,FDI
1693963555,1096,140,0,0,41,41,0,0,0,1721,0,8,0,2153705656,2,0,0,0,0,0,0,32,-78,100,0,1,1,2,2417,-78,0,0,192,fdi,FDI
1693963555,1097,62,1,1,8,8,0,60,0,0,2,12,1,2671372690,2,0,0,0,0,0,0,32,-32,39,1,0,6,2,2417,-32,0,0,20,fdi,FDI
1693963555,1099,269,0,0,13,13,0,48,0,137,2,8,34,1595609666,2,0,0,0,0,0,171,32,-28,72,1,0,18,2,2417,-28,0,0,20,fdi,FDI
1693963555,1101,140,0,0,41,41,0,0,0,1722,0,8,0,2000219334,2,0,0,0,0,0,0,32,-82,100,0,1,1,2,2417,-82,0,0,192,fdi,FDI
1693963555,1102,62,1,1,8,8,0,60,0,0,2,12,1,2671372690,2,0,0,0,0,0,0,32,-36,39,1,0,6,2,2417,-36,0,0,20,fdi,FDI
1693963555,1105,134,0,0,29,29,0,320,0,1723,0,5,0,9258865,2,0,0,0,0,0,0,32,-68,100,0,1,1,2,2417,-68,0,0,192,fdi,FDI
1693963555,1106,134,0,0,29,29,0,320,0,1723,0,5,8,4035725294,2,0,0,0,0,0,0,32,-82,100,0,1,1,2,2417,-82,0,0,192,fdi,FDI
1693963555,1107,134,0,0,29,29,0,320,0,1723,0,5,8,4094497435,2,0,0,0,0,0,0,32,-70,100,0,1,1,2,2417,-70,0,0,192,fdi,FDI
1693963555,1108,110,0,0,13,13,0,48,0,138,2,8,34,3173083143,2,0,0,0,0,0,12,32,-30,75,1,0,18,2,2417,-30,0,0,20,fdi,FDI
1693963555,1110,270,0,0,13,13,0,48,0,139,2,8,34,2991722537,2,0,0,0,0,0,172,32,-32,84,1,0,18,2,2417,-32,0,0,20,fdi,FDI
1693963555,1114,62,2,2,8,8,0,314,0,3139,0,10,0,2662700277,2,0,0,0,0,0,0,32,-56,100,0,1,1,2,2417,-56,0,0,192,fdi,FDI
1693963555,1116,140,0,0,41,41,0,0,0,1724,0,8,0,2050005220,2,0,0,0,0,0,0,32,-56,100,0,1,1,2,2417,-56,0,0,192,fdi,FDI
1693963555,1117,62,1,1,8,8,0,60,0,0,2,12,1,2671372690,2,0,0,0,0,0,0,32,-32,51,1,0,6,2,2417,-32,0,0,20,fdi,FDI
1693963555,1119,269,0,0,13,13,0,48,0,140,2,8,34,4070019235,2,0,0,0,0,0,171,32,-24,81,1,0,18,2,2417,-24,0,0,20,fdi,FDI
1693963555,1121,111,0,0,13,13,0,48,0,141,2,8,34,1634210587,2,0,0,0,0,0,13,32,-26,81,1,0,18,2,2417,-26,0,0,20,fdi,FDI
1693963555,1123,140,0,0,41,41,0,0,0,1725,0,8,0,4265744230,2,0,0,0,0,0,0,32,-58,100,0,1,1,2,2417,-58,0,0,192,fdi,FDI
1693963555,1124,62,1,1,8,8,0,60,0,0,2,12,1,2671372690,2,0,0,0,0,0,0,32,-30,48,1,0,6,2,2417,-30,0,0,20,fdi,FDI
1693963555,1126,267,0,0,13,13,0,48,0,142,2,8,34,2554125503,2,0,0,0,0,0,169,32,-26,81,1,0,18,2,2417,-26,0,0,20,fdi,FDI
1693963555,1128,140,0,0,41,41,0,0,0,1726,0,8,0,3339680305,2,0,0,0,0,0,0,32,-86,100,0,1,1,2,2417,-86,0,0,192,fdi,FDI
1693963555,1129,62,1,1,8,8,0,60,0,0,2,12,1,2671372690,2,0,0,0,0,0,0,32,-32,45,1,0,6,2,2417,-32,0,0,20,fdi,FDI
1693963555,1131,269,0,0,13,13,0,48,0,143,2,8,42,168921086,2,0,0,0,0,0,171,32,-26,81,1,0,18,2,2417,-26,0,0,20,fdi,FDI
1693963555,1133,140,0,0,41,41,0,0,0,1727,0,8,0,2735758568,2,0,0,0,0,0,0,32,-56,100,0,1,1,2,2417,-56,0,0,192,fdi,FDI
1693963555,1134,62,1,1,8,8,0,60,0,0,2,12,1,2671372690,2,0,0,0,0,0,0,32,-36,45,1,0,6,2,2417,-36,0,0,20,fdi,FDI
1693963555,1136,270,0,0,13,13,0,48,0,144,2,8,34,276374791,2,0,0,0,0,0,172,32,-28,81,1,0,18,2,2417,-28,0,0,20,fdi,FDI
1693963555,1138,140,0,0,41,41,0,0,0,1728,0,8,0,3489072044,2,0,0,0,0,0,0,32,-78,100,0,1,1,2,2417,-78,0,0,192,fdi,FDI
1693963556,1139,62,1,1,8,8,0,60,0,0,2,12,1,2671372690,2,0,0,0,0,0,0,32,-30,63,1,0,6,2,2417,-30,0,0,20,fdi,FDI
1693963556,1142,267,0,0,13,13,0,48,0,145,2,8,34,3520650313,2,0,0,0,0,0,169,32,-32,78,1,0,18,2,2417,-32,0,0,20,fdi,FDI
1693963556,1145,140,0,0,41,41,0,0,0,1729,0,8,0,2769255114,2,0,0,0,0,0,0,32,-68,100,0,1,1,2,2417,-68,0,0,192,fdi,FDI
1693963556,1146,62,1,1,8,8,0,60,0,0,2,12,1,2671372690,2,0,0,0,0,0,0,32,-32,42,1,0,6,2,2417,-32,0,0,20,fdi,FDI
1693963556,1148,265,0,0,13,13,0,48,0,146,2,8,34,2814216991,2,0,0,0,0,0,167,32,-30,75,1,0,18,2,2417,-30,0,0,20,fdi,FDI
1693963556,1150,140,0,0,41,41,0,0,0,1730,0,8,0,358176405,2,0,0,0,0,0,0,32,-80,100,0,1,1,2,2417,-80,0,0,192,fdi,FDI
1693963556,1151,62,1,1,8,8,0,60,0,0,2,12,1,2671372690,2,0,0,0,0,0,0,32,-32,51,1,0,6,2,2417,-32,0,0,20,fdi,FDI
1693963556,1152,62,1,1,8,8,0,60,0,0,2,12,1,2671372690,2,0,0,0,0,0,0,32,-8,45,1,0,6,2,2417,-8,0,0,20,fdi,FDI
1693963556,1156,140,0,0,41,41,0,0,0,1731,0,8,0,2490002335,2,0,0,0,0,0,0,32,-58,100,0,1,1,2,2417,-58,0,0,192,fdi,FDI
1693963556,1157,62,1,1,8,8,0,60,0,0,2,12,1,2671372690,2,0,0,0,0,0,0,32,-40,51,1,0,6,2,2417,-40,0,0,20,fdi,FDI
1693963556,1162,140,0,0,41,41,0,0,0,1732,0,8,0,712639649,2,0,0,0,0,0,0,32,-56,100,0,1,1,2,2417,-56,0,0,192,fdi,FDI
1693963556,1163,62,1,1,8,8,0,60,0,0,2,12,1,2671372690,2,0,0,0,0,0,0,32,-32,57,1,0,6,2,2417,-32,0,0,20,fdi,FDI
1693963556,1165,140,0,0,41,41,0,0,0,1733,0,8,0,1315250808,2,0,0,0,0,0,0,32,-82,100,0,1,1,2,2417,-82,0,0,192,fdi,FDI
1693963556,1166,62,1,1,8,8,0,60,0,0,2,12,1,2671372690,2,0,0,0,0,0,0,32,-32,51,1,0,6,2,2417,-32,0,0,20,fdi,FDI
1693963556,1168,268,0,0,13,13,0,48,0,150,2,8,34,1037533606,2,0,0,0,0,0,170,32,-24,75,1,0,18,2,2417,-24,0,0,20,fdi,FDI
1693963556,1170,267,0,0,13,13,0,48,0,151,2,8,34,4139805211,2,0,0,0,0,0,169,32,-22,66,1,0,18,2,2417,-22,0,0,20,fdi,FDI
1693963556,1172,140,0,0,41,41,0,0,0,1735,0,8,0,4082811053,2,0,0,0,0,0,0,32,-86,100,0,1,1,2,2417,-86,0,0,192,fdi,FDI
1693963556,1173,62,1,1,8,8,0,60,0,0,2,12,1,2671372690,2,0,0,0,0,0,0,32,-34,54,1,0,6,2,2417,-34,0,0,20,fdi,FDI
1693963556,1175,267,0,0,13,13,0,48,0,153,2,8,34,1744215479,2,0,0,0,0,0,169,32,-22,81,1,0,18,2,2417,-22,0,0,20,fdi,FDI
1693963556,1177,140,0,0,41,41,0,0,0,1736,0,8,0,84933261,2,0,0,0,0,0,0,32,-78,100,0,1,1,2,2417,-78,0,0,192,fdi,FDI
1693963556,1178,62,1,1,8,8,0,60,0,0,2,12,1,2671372690,2,0,0,0,0,0,0,32,-32,45,1,0,6,2,2417,-32,0,0,20,fdi,FDI
1693963556,1180,268,0,0,13,13,0,48,0,154,2,8,34,3904922933,2,0,0,0,0,0,170,32,-26,81,1,0,18,2,2417,-26,0,0,20,fdi,FDI
1693963556,1182,140,0,0,41,41,0,0,0,1737,0,8,0,1643684670,2,0,0,0,0,0,0,32,-68,100,0,1,1,2,2417,-68,0,0,192,fdi,FDI
1693963556,1183,62,1,1,8,8,0,60,0,0,2,12,1,2671372690,2,0,0,0,0,0,0,32,-34,45,1,0,6,2,2417,-34,0,0,20,fdi,FDI
1693963556,1185,268,0,0,13,13,0,48,0,155,2,8,34,1799713247,2,0,0,0,0,0,170,32,-28,87,1,0,18,2,2417,-28,0,0,20,fdi,FDI
1693963557,1187,140,0,0,41,41,0,0,0,1738,0,8,0,2343735885,2,0,0,0,0,0,0,32,-74,100,0,1,1,2,2417,-74,0,0,192,fdi,FDI
1693963557,1188,62,1,1,8,8,0,60,0,0,2,12,1,2671372690,2,0,0,0,0,0,0,32,-36,42,1,0,6,2,2417,-36,0,0,20,fdi,FDI
1693963557,1190,264,0,0,13,13,0,48,0,156,2,8,34,1959109086,2,0,0,0,0,0,166,32,-26,78,1,0,18,2,2417,-26,0,0,20,fdi,FDI
1693963557,1196,134,0,0,34,34,0,320,0,1739,0,5,0,4135698291,2,0,0,0,0,0,0,32,-68,100,0,1,1,2,2417,-68,0,0,192,fdi,FDI
1693963557,1197,134,0,0,34,34,0,320,0,1739,0,5,8,4045458142,2,0,0,0,0,0,0,32,-68,100,0,1,1,2,2417,-68,0,0,192,fdi,FDI
1693963557,1198,100,0,0,13,13,0,48,0,157,2,8,34,366703370,2,0,0,0,0,0,2,32,-28,69,1,0,18,2,2417,-28,0,0,20,fdi,FDI
1693963557,1200,140,0,0,41,41,0,0,0,1740,0,8,0,2994418022,2,0,0,0,0,0,0,32,-54,100,0,1,1,2,2417,-54,0,0,192,fdi,FDI
1693963557,1201,62,1,1,8,8,0,60,0,0,2,12,1,2671372690,2,0,0,0,0,0,0,32,-32,45,1,0,6,2,2417,-32,0,0,20,fdi,FDI
1693963557,1203,265,0,0,13,13,0,48,0,158,2,8,34,3428158039,2,0,0,0,0,0,167,32,-28,78,1,0,18,2,2417,-28,0,0,20,fdi,FDI
1693963557,1205,140,0,0,41,41,0,0,0,1741,0,8,0,3623895028,2,0,0,0,0,0,0,32,-82,100,0,1,1,2,2417,-82,0,0,192,fdi,FDI
1693963557,1207,265,0,0,13,13,0,48,0,159,2,8,34,2459528725,2,0,0,0,0,0,167,32,-28,84,1,0,18,2,2417,-28,0,0,20,fdi,FDI
1693963557,1209,117,1,1,8,8,0,44,0,92,2,8,1,2278015598,2,0,0,0,0,0,19,32,-10,72,1,0,54,2,2417,-10,0,0,20,fdi,FDI
1693963557,1211,140,0,0,41,41,0,0,0,1742,0,8,0,795222922,2,0,0,0,0,0,0,32,-70,100,0,1,1,2,2417,-70,0,0,192,fdi,FDI
1693963557,1212,62,1,1,8,8,0,60,0,0,2,12,1,2671372690,2,0,0,0,0,0,0,32,-32,39,1,0,6,2,2417,-32,0,0,20,fdi,FDI
1693963557,1214,264,0,0,13,13,0,48,0,160,2,8,34,1965826483,2,0,0,0,0,0,166,32,-30,75,1,0,18,2,2417,-30,0,0,20,fdi,FDI
1693963557,1217,134,0,0,23,23,0,320,0,1743,0,5,0,1864908313,2,0,0,0,0,0,0,32,-68,100,0,1,1,2,2417,-68,0,0,192,fdi,FDI
1693963557,1219,140,0,0,41,41,0,0,0,1744,0,8,0,1311406697,2,0,0,0,0,0,0,32,-56,100,0,1,1,2,2417,-56,0,0,192,fdi,FDI
1693963557,1220,62,1,1,8,8,0,60,0,0,2,12,1,2671372690,2,0,0,0,0,0,0,32,-30,51,1,0,6,2,2417,-30,0,0,20,fdi,FDI
1693963557,1222,264,0,0,13,13,0,48,0,161,2,8,34,2621392639,2,0,0,0,0,0,166,32,-28,75,1,0,18,2,2417,-28,0,0,20,fdi,FDI
1693963557,1224,110,0,0,13,13,0,48,0,162,2,8,34,276486731,2,0,0,0,0,0,12,32,-28,84,1,0,18,2,2417,-28,0,0,20,fdi,FDI
1693963557,1226,140,0,0,41,41,0,0,0,1745,0,8,0,3072805858,2,0,0,0,0,0,0,32,-56,100,0,1,1,2,2417,-56,0,0,192,fdi,FDI
1693963557,1227,62,1,1,8,8,0,60,0,0,2,12,1,2671372690,2,0,0,0,0,0,0,32,-34,45,1,0,6,2,2417,-34,0,0,20,fdi,FDI
1693963557,1229,265,0,0,13,13,0,48,0,163,2,8,34,2805941208,2,0,0,0,0,0,167,32,-28,75,1,0,18,2,2417,-28,0,0,20,fdi,FDI
1693963557,1231,140,0,0,41,41,0,0,0,1746,0,8,0,2836708539,2,0,0,0,0,0,0,32,-76,100,0,1,1,2,2417,-76,0,0,192,fdi,FDI
1693963557,1232,62,1,1,8,8,0,60,0,0,2,12,1,2671372690,2,0,0,0,0,0,0,32,-36,45,1,0,6,2,2417,-36,0,0,20,fdi,FDI
1693963557,1234,267,0,0,13,13,0,48,0,164,2,8,34,4056432809,2,0,0,0,0,0,169,32,-24,81,1,0,18,2,2417,-24,0,0,20,fdi,FDI
1693963557,1236,111,0,0,13,13,0,48,0,165,2,8,34,2190486905,2,0,0,0,0,0,13,32,-24,75,1,0,18,2,2417,-24,0,0,20,fdi,FDI
1693963557,1238,140,0,0,41,41,0,0,0,1747,0,8,0,1305948750,2,0,0,0,0,0,0,32,-70,100,0,1,1,2,2417,-70,0,0,192,fdi,FDI
1693963557,1239,266,0,0,13,13,0,48,0,166,2,8,34,2848928432,2,0,0,0,0,0,168,32,-24,72,1,0,18,2,2417,-24,0,0,20,fdi,FDI
1693963557,1243,140,0,0,41,41,0,0,0,1748,0,8,0,1053915221,2,0,0,0,0,0,0,32,-80,100,0,1,1,2,2417,-80,0,0,192,fdi,FDI
1693963557,1244,62,1,1,8,8,0,60,0,0,2,12,1,2671372690,2,0,0,0,0,0,0,32,-32,69,1,0,6,2,2417,-32,0,0,20,fdi,FDI
1693963557,1246,265,0,0,13,13,0,48,0,167,2,8,34,1000230377,2,0,0,0,0,0,167,32,-26,84,1,0,18,2,2417,-26,0,0,20,fdi,FDI
1693963557,1248,140,0,0,41,41,0,0,0,1749,0,8,0,51428596,2,0,0,0,0,0,0,32,-54,100,0,1,1,2,2417,-54,0,0,192,fdi,FDI
1693963557,1249,62,1,1,8,8,0,60,0,0,2,12,1,2671372690,2,0,0,0,0,0,0,32,-34,54,1,0,6,2,2417,-34,0,0,20,fdi,FDI
1693963558,1253,140,0,0,41,41,0,0,0,1750,0,8,0,1798079796,2,0,0,0,0,0,0,32,-56,100,0,1,1,2,2417,-56,0,0,192,fdi,FDI
1693963558,1254,134,0,0,35,35,0,320,0,1751,0,5,0,513631725,2,0,0,0,0,0,0,32,-56,100,0,1,1,2,2417,-56,0,0,192,fdi,FDI
1693963558,1255,134,0,0,35,35,0,320,0,1751,0,5,8,2359443727,2,0,0,0,0,0,0,32,-56,100,0,1,1,2,2417,-56,0,0,192,fdi,FDI
1693963558,1256,62,1,1,8,8,0,60,0,0,2,12,1,2671372690,2,0,0,0,0,0,0,32,-32,30,1,0,6,2,2417,-32,0,0,20,fdi,FDI
1693963558,1257,62,1,1,8,8,0,60,0,0,2,12,1,2671372690,2,0,0,0,0,0,0,32,-6,33,1,0,6,2,2417,-6,0,0,20,fdi,FDI
1693963558,1258,62,1,1,8,8,0,60,0,0,2,12,1,2671372690,2,0,0,0,0,0,0,32,-30,54,1,0,6,2,2417,-30,0,0,20,fdi,FDI
1693963558,1259,62,1,1,8,8,0,60,0,0,2,12,1,2671372690,2,0,0,0,0,0,0,32,-8,51,1,0,6,2,2417,-8,0,0,20,fdi,FDI
1693963558,1260,62,1,1,8,8,0,60,0,0,2,12,1,2671372690,2,0,0,0,0,0,0,32,-8,48,1,0,6,2,2417,-8,0,0,20,fdi,FDI
1693963558,1266,134,0,0,35,35,0,320,0,1752,0,5,0,2334870494,2,0,0,0,0,0,0,32,-56,100,0,1,1,2,2417,-56,0,0,192,fdi,FDI
1693963558,1268,134,0,0,36,36,0,320,0,1753,0,5,0,464207053,2,0,0,0,0,0,0,32,-44,100,0,1,1,2,2417,-44,0,0,192,fdi,FDI
1693963558,1271,134,0,0,35,35,0,320,0,1754,0,5,0,2422238529,2,0,0,0,0,0,0,32,-56,100,0,1,1,2,2417,-56,0,0,192,fdi,FDI
1693963558,1272,134,0,0,35,35,0,320,0,1754,0,5,8,3650412703,2,0,0,0,0,0,0,32,-68,100,0,1,1,2,2417,-68,0,0,192,fdi,FDI
1693963558,1274,140,0,0,41,41,0,0,0,1755,0,8,0,4058751354,2,0,0,0,0,0,0,32,-78,100,0,1,1,2,2417,-78,0,0,192,fdi,FDI
1693963558,1275,62,1,1,8,8,0,60,0,0,2,12,1,2671372690,2,0,0,0,0,0,0,32,-32,57,1,0,6,2,2417,-32,0,0,20,fdi,FDI
1693963558,1279,134,0,0,19,19,0,320,0,1756,0,5,0,2098534916,2,0,0,0,0,0,0,32,-56,100,0,1,1,2,2417,-56,0,0,192,fdi,FDI
1693963558,1280,134,0,0,19,19,0,320,0,1756,0,5,8,1760367656,2,0,0,0,0,0,0,32,-56,100,0,1,1,2,2417,-56,0,0,192,fdi,FDI
1693963558,1281,134,0,0,19,19,0,320,0,1756,0,5,8,2832160757,2,0,0,0,0,0,0,32,-56,100,0,1,1,2,2417,-56,0,0,192,fdi,FDI
1693963558,1284,134,0,0,19,19,0,320,0,1757,0,5,0,1255916499,2,0,0,0,0,0,0,32,-50,100,0,1,1,2,2417,-50,0,0,192,fdi,FDI
1693963558,1287,134,0,0,35,35,0,320,0,1758,0,5,0,2320913088,2,0,0,0,0,0,0,32,-56,100,0,1,1,2,2417,-56,0,0,192,fdi,FDI
1693963558,1288,134,0,0,35,35,0,320,0,1758,0,5,8,971981621,2,0,0,0,0,0,0,32,-56,100,0,1,1,2,2417,-56,0,0,192,fdi,FDI
1693963558,1291,140,0,0,41,41,0,0,0,1759,0,8,0,1545997244,2,0,0,0,0,0,0,32,-84,100,0,1,1,2,2417,-84,0,0,192,fdi,FDI
1693963558,1292,62,1,1,8,8,0,60,0,0,2,12,1,2671372690,2,0,0,0,0,0,0,32,-34,48,1,0,6,2,2417,-34,0,0,20,fdi,FDI
1693963558,1294,268,0,0,13,13,0,48,0,171,2,8,34,2323874295,2,0,0,0,0,0,170,32,-24,72,1,0,18,2,2417,-24,0,0,20,fdi,FDI
1693963558,1296,140,0,0,41,41,0,0,0,1760,0,8,0,147294475,2,0,0,0,0,0,0,32,-54,100,0,1,1,2,2417,-54,0,0,192,fdi,FDI
1693963558,1297,62,1,1,8,8,0,60,0,0,2,12,1,2671372690,2,0,0,0,0,0,0,32,-34,45,1,0,6,2,2417,-34,0,0,20,fdi,FDI
1693963558,1299,267,0,0,13,13,0,48,0,172,2,8,34,44871383,2,0,0,0,0,0,169,32,-30,90,1,0,18,2,2417,-30,0,0,20,fdi,FDI
1693963558,1302,134,0,0,19,19,0,320,0,1761,0,5,0,4148853933,2,0,0,0,0,0,0,32,-82,100,0,1,1,2,2417,-82,0,0,192,fdi,FDI
1693963558,1303,134,0,0,19,19,0,320,0,1761,0,5,8,1772025642,2,0,0,0,0,0,0,32,-48,100,0,1,1,2,2417,-48,0,0,192,fdi,FDI
1693963558,1304,268,0,0,13,13,0,48,0,173,2,8,34,3399498034,2,0,0,0,0,0,170,32,-30,75,1,0,18,2,2417,-30,0,0,20,fdi,FDI
1693963558,1307,140,0,0,41,41,0,0,0,1762,0,8,0,415848471,2,0,0,0,0,0,0,32,-78,100,0,1,1,2,2417,-78,0,0,192,fdi,FDI
1693963558,1308,62,1,1,8,8,0,60,0,0,2,12,1,2671372690,2,0,0,0,0,0,0,32,-34,60,1,0,6,2,2417,-34,0,0,20,fdi,FDI
1693963558,1311,100,0,0,13,13,0,48,0,174,2,8,34,1255816692,2,0,0,0,0,0,2,32,-30,75,1,0,18,2,2417,-30,0,0,20,fdi,FDI
1693963558,1313,270,0,0,13,13,0,48,0,175,2,8,34,1022686166,2,0,0,0,0,0,172,32,-28,81,1,0,18,2,2417,-28,0,0,20,fdi,FDI
1693963558,1315,140,0,0,41,41,0,0,0,1763,0,8,0,3489424194,2,0,0,0,0,0,0,32,-56,100,0,1,1,2,2417,-56,0,0,192,fdi,FDI
1693963558,1316,62,1,1,8,8,0,60,0,0,2,12,1,2671372690,2,0,0,0,0,0,0,32,-32,63,1,0,6,2,2417,-32,0,0,20,fdi,FDI
1693963558,1318,116,1,1,8,8,0,44,0,94,2,8,1,3202582317,2,0,0,0,0,0,18,32,-8,63,1,0,54,2,2417,-8,0,0,20,fdi,FDI
1693963558,1320,271,0,0,13,13,0,48,0,176,2,8,34,2775830047,2,0,0,0,0,0,173,32,-30,81,1,0,18,2,2417,-30,0,0,20,fdi,FDI
1693963558,1322,140,0,0,41,41,0,0,0,1764,0,8,0,2873475042,2,0,0,0,0,0,0,32,-68,100,0,1,1,2,2417,-68,0,0,192,fdi,FDI
1693963558,1323,62,1,1,8,8,0,60,0,0,2,12,1,2671372690,2,0,0,0,0,0,0,32,-32,54,1,0,6,2,2417,-32,0,0,20,fdi,FDI
1693963558,1325,111,0,0,13,13,0,48,0,177,2,8,34,3570211738,2,0,0,0,0,0,13,32,-30,87,1,0,18,2,2417,-30,0,0,20,fdi,FDI
1693963558,1327,266,0,0,13,13,0,48,0,178,2,8,34,1646043435,2,0,0,0,0,0,168,32,-30,78,1,0,18,2,2417,-30,0,0,20,fdi,FDI
1693963558,1329,140,0,0,41,41,0,0,0,1765,0,8,0,3484608081,2,0,0,0,0,0,0,32,-82,100,0,1,1,2,2417,-82,0,0,192,fdi,FDI
1693963558,1330,62,1,1,8,8,0,60,0,0,2,12,1,2671372690,2,0,0,0,0,0,0,32,-32,57,1,0,6,2,2417,-32,0,0,20,fdi,FDI
1693963558,1332,265,0,0,13,13,0,48,0,179,2,8,34,153712347,2,0,0,0,0,0,167,32,-30,72,1,0,18,2,2417,-30,0,0,20,fdi,FDI
1693963558,1334,140,0,0,41,41,0,0,0,1766,0,8,0,3968924439,2,0,0,0,0,0,0,32,-74,100,0,1,1,2,2417,-74,0,0,192,fdi,FDI
1693963558,1335,62,1,1,8,8,0,60,0,0,2,12,1,2671372690,2,0,0,0,0,0,0,32,-32,54,1,0,6,2,2417,-32,0,0,20,fdi,FDI
1693963558,1339,269,0,0,13,13,0,48,0,180,2,8,34,1591337993,2,0,0,0,0,0,171,32,-26,81,1,0,18,2,2417,-26,0,0,20,fdi,FDI
1693963558,1341,140,0,0,41,41,0,0,0,1767,0,8,0,893558781,2,0,0,0,0,0,0,32,-74,100,0,1,1,2,2417,-74,0,0,192,fdi,FDI
1693963558,1342,62,1,1,8,8,0,60,0,0,2,12,1,2671372690,2,0,0,0,0,0,0,32,-32,45,1,0,6,2,2417,-32,0,0,20,fdi,FDI
1693963559,1344,266,0,0,13,13,0,48,0,181,2,8,34,3994374755,2,0,0,0,0,0,168,32,-30,72,1,0,18,2,2417,-30,0,0,20,fdi,FDI
1693963559,1346,140,0,0,41,41,0,0,0,1768,0,8,0,3300289202,2,0,0,0,0,0,0,32,-80,100,0,1,1,2,2417,-80,0,0,192,fdi,FDI
1693963559,1347,62,1,1,8,8,0,60,0,0,2,12,1,2671372690,2,0,0,0,0,0,0,32,-32,45,1,0,6,2,2417,-32,0,0,20,fdi,FDI
1693963559,1352,265,0,0,13,13,0,48,0,182,2,8,34,365032348,2,0,0,0,0,0,167,32,-30,72,1,0,18,2,2417,-30,0,0,20,fdi,FDI
1693963559,1356,140,0,0,41,41,0,0,0,1769,0,8,0,4129099478,2,0,0,0,0,0,0,32,-68,100,0,1,1,2,2417,-68,0,0,192,fdi,FDI
1693963559,1357,265,0,0,13,13,0,48,0,183,2,8,34,1458536102,2,0,0,0,0,0,167,32,-30,69,1,0,18,2,2417,-30,0,0,20,fdi,FDI
1693963559,1360,140,0,0,41,41,0,0,0,1770,0,8,0,3737371951,2,0,0,0,0,0,0,32,-54,100,0,1,1,2,2417,-54,0,0,192,fdi,FDI
1693963559,1361,62,1,1,8,8,0,60,0,0,2,12,1,2671372690,2,0,0,0,0,0,0,32,-32,45,1,0,6,2,2417,-32,0,0,20,fdi,FDI
1693963559,1364,266,0,0,13,13,0,48,0,184,2,8,34,965954956,2,0,0,0,0,0,168,32,-32,81,1,0,18,2,2417,-32,0,0,20,fdi,FDI
1693963559,1366,140,0,0,41,41,0,0,0,1771,0,8,0,2111441553,2,0,0,0,0,0,0,32,-54,100,0,1,1,2,2417,-54,0,0,192,fdi,FDI
1693963559,1367,62,1,1,8,8,0,60,0,0,2,12,1,2671372690,2,0,0,0,0,0,0,32,-32,45,1,0,6,2,2417,-32,0,0,20,fdi,FDI
1693963559,1369,140,0,0,41,41,0,0,0,1772,0,8,0,2856963005,2,0,0,0,0,0,0,32,-72,100,0,1,1,2,2417,-72,0,0,192,fdi,FDI
1693963559,1370,62,1,1,8,8,0,60,0,0,2,12,1,2671372690,2,0,0,0,0,0,0,32,-30,63,1,0,6,2,2417,-30,0,0,20,fdi,FDI
1693963559,1372,110,0,0,13,13,0,48,0,186,2,8,34,948432568,2,0,0,0,0,0,12,32,-32,81,1,0,18,2,2417,-32,0,0,20,fdi,FDI
1693963559,1373,266,0,0,13,13,0,48,0,187,2,8,34,139029614,2,0,0,0,0,0,168,32,-28,81,1,0,18,2,2417,-28,0,0,20,fdi,FDI
1693963559,1375,140,0,0,41,41,0,0,0,1773,0,8,0,1339925979,2,0,0,0,0,0,0,32,-68,100,0,1,1,2,2417,-68,0,0,192,fdi,FDI
1693963559,1376,62,1,1,8,8,0,60,0,0,2,12,1,2671372690,2,0,0,0,0,0,0,32,-32,45,1,0,6,2,2417,-32,0,0,20,fdi,FDI
1693963559,1378,266,0,0,13,13,0,48,0,188,2,8,34,574815551,2,0,0,0,0,0,168,32,-24,84,1,0,18,2,2417,-24,0,0,20,fdi,FDI
1693963559,1380,140,0,0,41,41,0,0,0,1774,0,8,0,600386765,2,0,0,0,0,0,0,32,-54,100,0,1,1,2,2417,-54,0,0,192,fdi,FDI
1693963559,1381,62,1,1,8,8,0,60,0,0,2,12,1,2671372690,2,0,0,0,0,0,0,32,-32,45,1,0,6,2,2417,-32,0,0,20,fdi,FDI
1693963559,1383,111,0,0,13,13,0,48,0,189,2,8,34,3255855057,2,0,0,0,0,0,13,32,-26,72,1,0,18,2,2417,-26,0,0,20,fdi,FDI
1693963559,1385,268,0,0,13,13,0,48,0,190,2,8,34,1223680947,2,0,0,0,0,0,170,32,-28,81,1,0,18,2,2417,-28,0,0,20,fdi,FDI
1693963559,1387,140,0,0,41,41,0,0,0,1775,0,8,0,1227969963,2,0,0,0,0,0,0,32,-86,100,0,1,1,2,2417,-86,0,0,192,fdi,FDI
1693963559,1389,268,0,0,13,13,0,48,0,191,2,8,34,1602793716,2,0,0,0,0,0,170,32,-32,87,1,0,18,2,2417,-32,0,0,20,fdi,FDI
1693963559,1391,62,1,1,8,8,0,60,0,0,2,12,1,2671372690,2,0,0,0,0,0,0,32,-32,54,1,0,6,2,2417,-32,0,0,20,fdi,FDI
1693963559,1392,100,0,0,13,13,0,48,0,192,2,8,34,234875124,2,0,0,0,0,0,2,32,-30,72,1,0,18,2,2417,-30,0,0,20,fdi,FDI
1693963559,1394,269,0,0,13,13,0,48,0,193,2,8,34,209841191,2,0,0,0,0,0,171,32,-28,81,1,0,18,2,2417,-28,0,0,20,fdi,FDI
1693963559,1396,140,0,0,41,41,0,0,0,1777,0,8,0,2349510481,2,0,0,0,0,0,0,32,-80,100,0,1,1,2,2417,-80,0,0,192,fdi,FDI
1693963559,1397,62,1,1,8,8,0,60,0,0,2,12,1,2671372690,2,0,0,0,0,0,0,32,-30,48,1,0,6,2,2417,-30,0,0,20,fdi,FDI
1693963560,1399,269,0,0,13,13,0,48,0,194,2,8,34,3968635954,2,0,0,0,0,0,171,32,-24,72,1,0,18,2,2417,-24,0,0,20,fdi,FDI
1693963560,1405,134,0,0,39,39,0,320,0,1778,0,5,0,1325083024,2,0,0,0,0,0,0,32,-86,100,0,1,1,2,2417,-86,0,0,192,fdi,FDI
1693963560,1406,134,0,0,39,39,0,320,0,1778,0,5,8,1493379800,2,0,0,0,0,0,0,32,-86,100,0,1,1,2,2417,-86,0,0,192,fdi,FDI
1693963560,1407,134,0,0,39,39,0,320,0,1778,0,5,8,3661896071,2,0,0,0,0,0,0,32,-54,100,0,1,1,2,2417,-54,0,0,192,fdi,FDI
1693963560,1409,134,0,0,39,39,0,320,0,1779,0,5,0,2187508938,2,0,0,0,0,0,0,32,-54,100,0,1,1,2,2417,-54,0,0,192,fdi,FDI
1693963560,1410,140,0,0,41,41,0,0,0,1780,0,8,0,888697072,2,0,0,0,0,0,0,32,-54,100,0,1,1,2,2417,-54,0,0,192,fdi,FDI
1693963560,1411,134,0,0,39,39,0,320,0,1779,0,5,8,3809690751,2,0,0,0,0,0,0,32,-54,100,0,1,1,2,2417,-54,0,0,192,fdi,FDI
1693963560,1412,134,0,0,39,39,0,320,0,1779,0,5,8,1018486455,2,0,0,0,0,0,0,32,-54,100,0,1,1,2,2417,-54,0,0,192,fdi,FDI
1693963560,1414,62,1,1,8,8,0,60,0,0,2,12,1,2671372690,2,0,0,0,0,0,0,32,-32,45,1,0,6,2,2417,-32,0,0,20,fdi,FDI
1693963560,1417,62,1,1,8,8,0,60,0,0,2,12,1,2671372690,2,0,0,0,0,0,0,32,-32,66,1,0,6,2,2417,-32,0,0,20,fdi,FDI
1693963560,1419,268,0,0,13,13,0,48,0,196,2,8,34,3655396951,2,0,0,0,0,0,170,32,-22,66,1,0,18,2,2417,-22,0,0,20,fdi,FDI
1693963560,1421,140,0,0,41,41,0,0,0,1782,0,8,0,1873856030,2,0,0,0,0,0,0,32,-78,100,0,1,1,2,2417,-78,0,0,192,fdi,FDI
1693963560,1422,62,1,1,8,8,0,60,0,0,2,12,1,2671372690,2,0,0,0,0,0,0,32,-30,54,1,0,6,2,2417,-30,0,0,20,fdi,FDI
1693963560,1423,62,1,1,8,8,0,60,0,0,2,12,1,2671372690,2,0,0,0,0,0,0,32,-30,42,1,0,6,2,2417,-30,0,0,20,fdi,FDI
1693963560,1424,62,1,1,8,8,0,60,0,0,2,12,1,2671372690,2,0,0,0,0,0,0,32,-6,45,1,0,6,2,2417,-6,0,0,20,fdi,FDI
1693963560,1425,62,1,1,8,8,0,60,0,0,2,12,1,2671372690,2,0,0,0,0,0,0,32,-30,54,1,0,6,2,2417,-30,0,0,20,fdi,FDI
1693963560,1426,62,1,1,8,8,0,60,0,0,2,12,1,2671372690,2,0,0,0,0,0,0,32,-8,45,1,0,6,2,2417,-8,0,0,20,fdi,FDI
1693963560,1427,62,1,1,8,8,0,60,0,0,2,12,1,2671372690,2,0,0,0,0,0,0,32,-30,45,1,0,6,2,2417,-30,0,0,20,fdi,FDI
1693963560,1428,62,1,1,8,8,0,60,0,0,2,12,1,2671372690,2,0,0,0,0,0,0,32,-30,63,1,0,6,2,2417,-30,0,0,20,fdi,FDI
1693963560,1430,140,0,0,41,41,0,0,0,1783,0,8,0,826561126,2,0,0,0,0,0,0,32,-54,100,0,1,1,2,2417,-54,0,0,192,fdi,FDI
1693963560,1431,62,1,1,8,8,0,60,0,0,2,12,1,2671372690,2,0,0,0,0,0,0,32,-32,57,1,0,6,2,2417,-32,0,0,20,fdi,FDI
1693963560,1433,268,0,0,13,13,0,48,0,198,2,8,34,212863982,2,0,0,0,0,0,170,32,-20,75,1,0,18,2,2417,-20,0,0,20,fdi,FDI
1693963560,1435,140,0,0,41,41,0,0,0,1784,0,8,0,3339806790,2,0,0,0,0,0,0,32,-64,100,0,1,1,2,2417,-64,0,0,192,fdi,FDI
1693963560,1436,62,1,1,8,8,0,60,0,0,2,12,1,2671372690,2,0,0,0,0,0,0,32,-32,42,1,0,6,2,2417,-32,0,0,20,fdi,FDI
1693963560,1438,266,0,0,13,13,0,48,0,199,2,8,34,4132590959,2,0,0,0,0,0,168,32,-28,66,1,0,18,2,2417,-28,0,0,20,fdi,FDI
1693963560,1440,62,1,1,8,8,0,60,0,0,2,12,1,2671372690,2,0,0,0,0,0,0,32,-32,27,1,0,6,2,2417,-32,0,0,20,fdi,FDI
1693963560,1442,134,0,0,30,30,0,320,0,1786,0,5,0,1073118060,2,0,0,0,0,0,0,32,-68,100,0,1,1,2,2417,-68,0,0,192,fdi,FDI
1693963560,1444,134,0,0,30,30,0,320,0,1786,0,5,8,2681003034,2,0,0,0,0,0,0,32,-68,100,0,1,1,2,2417,-68,0,0,192,fdi,FDI
1693963560,1446,134,0,0,30,30,0,320,0,1786,0,5,8,149210319,2,0,0,0,0,0,0,32,-68,100,0,1,1,2,2417,-68,0,0,192,fdi,FDI
1693963560,1448,265,0,0,13,13,0,48,0,200,2,8,34,2956056654,2,0,0,0,0,0,167,32,-32,69,1,0,18,2,2417,-32,0,0,20,fdi,FDI
1693963560,1450,140,0,0,41,41,0,0,0,1787,0,8,0,4206896175,2,0,0,0,0,0,0,32,-80,100,0,1,1,2,2417,-80,0,0,192,fdi,FDI
1693963560,1451,62,1,1,8,8,0,60,0,0,2,12,1,2671372690,2,0,0,0,0,0,0,32,-32,69,1,0,6,2,2417,-32,0,0,20,fdi,FDI
1693963560,1453,111,0,0,13,13,0,48,0,201,2,8,34,593778841,2,0,0,0,0,0,13,32,-28,75,1,0,18,2,2417,-28,0,0,20,fdi,FDI
1693963560,1455,263,0,0,13,13,0,48,0,202,2,8,34,4134531841,2,0,0,0,0,0,165,32,-26,78,1,0,18,2,2417,-26,0,0,20,fdi,FDI
1693963560,1457,100,0,0,13,13,0,48,0,203,2,8,34,4276348868,2,0,0,0,0,0,2,32,-26,72,1,0,18,2,2417,-26,0,0,20,fdi,FDI
1693963560,1459,140,0,0,41,41,0,0,0,1788,0,8,0,514833850,2,0,0,0,0,0,0,32,-56,100,0,1,1,2,2417,-56,0,0,192,fdi,FDI
1693963560,1460,62,1,1,8,8,0,60,0,0,2,12,1,2671372690,2,0,0,0,0,0,0,32,-32,51,1,0,6,2,2417,-32,0,0,20,fdi,FDI
1693963560,1463,264,0,0,13,13,0,48,0,204,2,8,34,3794154089,2,0,0,0,0,0,166,32,-24,69,1,0,18,2,2417,-24,0,0,20,fdi,FDI
1693963560,1466,140,0,0,41,41,0,0,0,1789,0,8,0,1405088532,2,0,0,0,0,0,0,32,-80,100,0,1,1,2,2417,-80,0,0,192,fdi,FDI
1693963560,1467,62,1,1,8,8,0,60,0,0,2,12,1,2671372690,2,0,0,0,0,0,0,32,-32,57,1,0,6,2,2417,-32,0,0,20,fdi,FDI
1693963560,1471,134,0,0,30,30,0,320,0,1790,0,5,0,2560796940,2,0,0,0,0,0,0,32,-80,100,0,1,1,2,2417,-80,0,0,192,fdi,FDI
1693963560,1474,134,0,0,30,30,0,320,0,1791,0,5,0,1963930315,2,0,0,0,0,0,0,32,-64,100,0,1,1,2,2417,-64,0,0,192,fdi,FDI
1693963560,1475,134,0,0,30,30,0,320,0,1791,0,5,8,424374559,2,0,0,0,0,0,0,32,-64,100,0,1,1,2,2417,-64,0,0,192,fdi,FDI
1693963560,1477,134,0,0,30,30,0,320,0,1791,0,5,8,3429710572,2,0,0,0,0,0,0,32,-64,100,0,1,1,2,2417,-64,0,0,192,fdi,FDI
1693963561,1479,140,0,0,41,41,0,0,0,1792,0,8,0,175778800,2,0,0,0,0,0,0,32,-74,100,0,1,1,2,2417,-74,0,0,192,fdi,FDI
1693963561,1480,62,1,1,8,8,0,60,0,0,2,12,1,2671372690,2,0,0,0,0,0,0,32,-32,48,1,0,6,2,2417,-32,0,0,20,fdi,FDI
1693963561,1483,264,0,0,13,13,0,48,0,206,2,8,34,1972154344,2,0,0,0,0,0,166,32,-24,78,1,0,18,2,2417,-24,0,0,20,fdi,FDI
1693963561,1485,140,0,0,41,41,0,0,0,1793,0,8,0,1934172196,2,0,0,0,0,0,0,32,-76,100,0,1,1,2,2417,-76,0,0,192,fdi,FDI
1693963561,1486,62,1,1,8,8,0,60,0,0,2,12,1,2671372690,2,0,0,0,0,0,0,32,-32,51,1,0,6,2,2417,-32,0,0,20,fdi,FDI
1693963561,1489,263,0,0,13,13,0,48,0,207,2,8,34,1937759026,2,0,0,0,0,0,165,32,-24,72,1,0,18,2,2417,-24,0,0,20,fdi,FDI
1693963561,1493,140,0,0,41,41,0,0,0,1794,0,8,0,3394128025,2,0,0,0,0,0,0,32,-54,100,0,1,1,2,2417,-54,0,0,192,fdi,FDI
1693963561,1494,62,1,1,8,8,0,60,0,0,2,12,1,2671372690,2,0,0,0,0,0,0,32,-32,54,1,0,6,2,2417,-32,0,0,20,fdi,FDI
1693963561,1498,265,0,0,13,13,0,48,0,208,2,8,34,1738082769,2,0,0,0,0,0,167,32,-24,78,1,0,18,2,2417,-24,0,0,20,fdi,FDI
1693963561,1500,140,0,0,41,41,0,0,0,1795,0,8,0,2490885878,2,0,0,0,0,0,0,32,-78,100,0,1,1,2,2417,-78,0,0,192,fdi,FDI
1693963561,1501,62,1,1,8,8,0,60,0,0,2,12,1,2671372690,2,0,0,0,0,0,0,32,-32,54,1,0,6,2,2417,-32,0,0,20,fdi,FDI
1693963561,1504,267,0,0,13,13,0,48,0,209,2,8,34,4096237744,2,0,0,0,0,0,169,32,-24,78,1,0,18,2,2417,-24,0,0,20,fdi,FDI
1693963561,1506,62,1,1,8,8,0,60,0,0,2,12,1,2671372690,2,0,0,0,0,0,0,32,-32,63,1,0,6,2,2417,-32,0,0,20,fdi,FDI
1693963561,1509,110,0,0,13,13,0,48,0,211,2,8,34,3614002587,2,0,0,0,0,0,12,32,-24,78,1,0,18,2,2417,-24,0,0,20,fdi,FDI
1693963561,1512,140,0,0,41,41,0,0,0,1797,0,8,0,3233742298,2,0,0,0,0,0,0,32,-78,100,0,1,1,2,2417,-78,0,0,192,fdi,FDI
1693963561,1513,62,1,1,8,8,0,60,0,0,2,12,1,2671372690,2,0,0,0,0,0,0,32,-32,48,1,0,6,2,2417,-32,0,0,20,fdi,FDI
1693963561,1515,268,0,0,13,13,0,48,0,212,2,8,34,1093587587,2,0,0,0,0,0,170,32,-24,78,1,0,18,2,2417,-24,0,0,20,fdi,FDI
1693963561,1517,140,0,0,41,41,0,0,0,1798,0,8,0,936960420,2,0,0,0,0,0,0,32,-68,100,0,1,1,2,2417,-68,0,0,192,fdi,FDI
1693963561,1518,62,1,1,8,8,0,60,0,0,2,12,1,2671372690,2,0,0,0,0,0,0,32,-32,42,1,0,6,2,2417,-32,0,0,20,fdi,FDI
1693963561,1520,268,0,0,13,13,0,48,0,213,2,8,34,2717017007,2,0,0,0,0,0,170,32,-26,78,1,0,18,2,2417,-26,0,0,20,fdi,FDI
1693963561,1522,111,0,0,13,13,0,48,0,214,2,8,34,670221090,2,0,0,0,0,0,13,32,-26,81,1,0,18,2,2417,-26,0,0,20,fdi,FDI
1693963561,1524,140,0,0,41,41,0,0,0,1799,0,8,0,2594506321,2,0,0,0,0,0,0,32,-88,100,0,1,1,2,2417,-88,0,0,192,fdi,FDI
1693963561,1525,62,1,1,8,8,0,60,0,0,2,12,1,2671372690,2,0,0,0,0,0,0,32,-32,69,1,0,6,2,2417,-32,0,0,20,fdi,FDI
1693963561,1527,266,0,0,13,13,0,48,0,215,2,8,34,605672446,2,0,0,0,0,0,168,32,-26,75,1,0,18,2,2417,-26,0,0,20,fdi,FDI
1693963561,1529,140,0,0,41,41,0,0,0,1800,0,8,0,3307469866,2,0,0,0,0,0,0,32,-80,100,0,1,1,2,2417,-80,0,0,192,fdi,FDI
1693963561,1530,62,1,1,8,8,0,60,0,0,2,12,1,2671372690,2,0,0,0,0,0,0,32,-34,57,1,0,6,2,2417,-34,0,0,20,fdi,FDI
1693963561,1532,267,0,0,13,13,0,48,0,216,2,8,34,1418423918,2,0,0,0,0,0,169,32,-28,81,1,0,18,2,2417,-28,0,0,20,fdi,FDI
1693963561,1535,140,0,0,41,41,0,0,0,1801,0,8,0,4022287427,2,0,0,0,0,0,0,32,-68,100,0,1,1,2,2417,-68,0,0,192,fdi,FDI
1693963561,1536,62,1,1,8,8,0,60,0,0,2,12,1,2671372690,2,0,0,0,0,0,0,32,-32,42,1,0,6,2,2417,-32,0,0,20,fdi,FDI
1693963561,1538,268,0,0,13,13,0,48,0,217,2,8,34,641797149,2,0,0,0,0,0,170,32,-28,72,1,0,18,2,2417,-28,0,0,20,fdi,FDI
1693963562,1540,140,0,0,41,41,0,0,0,1802,0,8,0,1448094612,2,0,0,0,0,0,0,32,-56,100,0,1,1,2,2417,-56,0,0,192,fdi,FDI
1693963562,1541,62,1,1,8,8,0,60,0,0,2,12,1,2671372690,2,0,0,0,0,0,0,32,-32,27,1,0,6,2,2417,-32,0,0,20,fdi,FDI
1693963562,1543,266,0,0,13,13,0,48,0,218,2,8,34,176090525,2,0,0,0,0,0,168,32,-28,72,1,0,18,2,2417,-28,0,0,20,fdi,FDI
1693963562,1546,100,0,0,13,13,0,48,0,219,2,8,34,2066029845,2,0,0,0,0,0,2,32,-28,87,1,0,18,2,2417,-28,0,0,20,fdi,FDI
1693963562,1548,140,0,0,41,41,0,0,0,1803,0,8,0,642879269,2,0,0,0,0,0,0,32,-84,100,0,1,1,2,2417,-84,0,0,192,fdi,FDI
1693963562,1549,62,1,1,8,8,0,60,0,0,2,12,1,2671372690,2,0,0,0,0,0,0,32,-34,42,1,0,6,2,2417,-34,0,0,20,fdi,FDI
1693963562,1551,268,0,0,13,13,0,48,0,220,2,8,34,1536376803,2,0,0,0,0,0,170,32,-28,90,1,0,18,2,2417,-28,0,0,20,fdi,FDI
1693963562,1554,134,0,0,14,14,0,320,0,1804,0,5,0,274117530,2,0,0,0,0,0,0,32,-84,100,0,1,1,2,2417,-84,0,0,192,fdi,FDI
1693963562,1555,134,0,0,14,14,0,320,0,1804,0,5,8,77093585,2,0,0,0,0,0,0,32,-84,100,0,1,1,2,2417,-84,0,0,192,fdi,FDI
1693963562,1556,134,0,0,14,14,0,320,0,1804,0,5,8,1014007600,2,0,0,0,0,0,0,32,-84,100,0,1,1,2,2417,-84,0,0,192,fdi,FDI
1693963562,1557,140,0,0,41,41,0,0,0,1805,0,8,0,293565361,2,0,0,0,0,0,0,32,-82,100,0,1,1,2,2417,-82,0,0,192,fdi,FDI
1693963562,1558,62,1,1,8,8,0,60,0,0,2,12,1,2671372690,2,0,0,0,0,0,0,32,-36,54,1,0,6,2,2417,-36,0,0,20,fdi,FDI
1693963562,1560,267,0,0,13,13,0,48,0,221,2,8,34,2347760490,2,0,0,0,0,0,169,32,-28,75,1,0,18,2,2417,-28,0,0,20,fdi,FDI
1693963562,1563,134,0,0,14,14,0,320,0,1806,0,5,0,240988656,2,0,0,0,0,0,0,32,-60,100,0,1,1,2,2417,-60,0,0,192,fdi,FDI
1693963562,1564,134,0,0,14,14,0,320,0,1806,0,5,8,2707881708,2,0,0,0,0,0,0,32,-82,100,0,1,1,2,2417,-82,0,0,192,fdi,FDI
1693963562,1565,134,0,0,14,14,0,320,0,1806,0,5,8,2909248848,2,0,0,0,0,0,0,32,-68,100,0,1,1,2,2417,-68,0,0,192,fdi,FDI
1693963562,1566,117,1,1,8,8,0,44,0,99,2,8,1,3599811530,2,0,0,0,0,0,19,32,-10,75,1,0,54,2,2417,-10,0,0,20,fdi,FDI
1693963562,1568,140,0,0,41,41,0,0,0,1807,0,8,0,1186871764,2,0,0,0,0,0,0,32,-54,100,0,1,1,2,2417,-54,0,0,192,fdi,FDI
1693963562,1569,266,0,0,13,13,0,48,0,222,2,8,42,960875420,2,0,0,0,0,0,168,32,-28,78,1,0,18,2,2417,-28,0,0,20,fdi,FDI
1693963562,1571,140,0,0,41,41,0,0,0,1808,0,8,0,4257289897,2,0,0,0,0,0,0,32,-78,100,0,1,1,2,2417,-78,0,0,192,fdi,FDI
1693963562,1572,62,1,1,8,8,0,60,0,0,2,12,1,2671372690,2,0,0,0,0,0,0,32,-36,51,1,0,6,2,2417,-36,0,0,20,fdi,FDI
1693963562,1574,264,0,0,13,13,0,48,0,223,2,8,34,603105649,2,0,0,0,0,0,166,32,-28,81,1,0,18,2,2417,-28,0,0,20,fdi,FDI
1693963562,1577,140,0,0,41,41,0,0,0,1809,0,8,0,2211418829,2,0,0,0,0,0,0,32,-82,100,0,1,1,2,2417,-82,0,0,192,fdi,FDI
1693963562,1578,62,1,1,8,8,0,60,0,0,2,12,1,2671372690,2,0,0,0,0,0,0,32,-36,48,1,0,6,2,2417,-36,0,0,20,fdi,FDI
1693963562,1579,267,0,0,13,13,0,48,0,224,2,8,34,3237455729,2,0,0,0,0,0,169,32,-28,75,1,0,18,2,2417,-28,0,0,20,fdi,FDI
1693963562,1584,140,0,0,41,41,0,0,0,1810,0,8,0,3887380788,2,0,0,0,0,0,0,32,-76,100,0,1,1,2,2417,-76,0,0,192,fdi,FDI
1693963562,1585,62,1,1,8,8,0,60,0,0,2,12,1,2671372690,2,0,0,0,0,0,0,32,-36,51,1,0,6,2,2417,-36,0,0,20,fdi,FDI
1693963562,1587,267,0,0,13,13,0,48,0,225,2,8,34,949834225,2,0,0,0,0,0,169,32,-28,72,1,0,18,2,2417,-28,0,0,20,fdi,FDI
1693963562,1589,111,0,0,13,13,0,48,0,226,2,8,34,455700695,2,0,0,0,0,0,13,32,-28,81,1,0,18,2,2417,-28,0,0,20,fdi,FDI
1693963562,1591,140,0,0,41,41,0,0,0,1811,0,8,0,1674369967,2,0,0,0,0,0,0,32,-54,100,0,1,1,2,2417,-54,0,0,192,fdi,FDI
1693963562,1592,62,1,1,8,8,0,60,0,0,2,12,1,2671372690,2,0,0,0,0,0,0,32,-34,51,1,0,6,2,2417,-34,0,0,20,fdi,FDI
1693963562,1594,268,0,0,13,13,0,48,0,227,2,8,34,634802235,2,0,0,0,0,0,170,32,-28,81,1,0,18,2,2417,-28,0,0,20,fdi,FDI
1693963562,1597,140,0,0,41,41,0,0,0,1812,0,8,0,3374991763,2,0,0,0,0,0,0,32,-74,100,0,1,1,2,2417,-74,0,0,192,fdi,FDI
1693963562,1598,62,1,1,8,8,0,60,0,0,2,12,1,2671372690,2,0,0,0,0,0,0,32,-36,63,1,0,6,2,2417,-36,0,0,20,fdi,FDI
1693963562,1600,100,0,0,13,13,0,48,0,229,2,8,34,1110135183,2,0,0,0,0,0,2,32,-26,75,1,0,18,2,2417,-26,0,0,20,fdi,FDI
1693963562,1602,140,0,0,41,41,0,0,0,1813,0,8,0,4188915294,2,0,0,0,0,0,0,32,-64,100,0,1,1,2,2417,-64,0,0,192,fdi,FDI
1693963562,1603,266,0,0,13,13,0,48,0,230,2,8,34,900730822,2,0,0,0,0,0,168,32,-26,75,1,0,18,2,2417,-26,0,0,20,fdi,FDI
1693963563,1605,140,0,0,41,41,0,0,0,1814,0,8,0,3228960463,2,0,0,0,0,0,0,32,-74,100,0,1,1,2,2417,-74,0,0,192,fdi,FDI
1693963563,1606,62,1,1,8,8,0,60,0,0,2,12,1,2671372690,2,0,0,0,0,0,0,32,-36,42,1,0,6,2,2417,-36,0,0,20,fdi,FDI
1693963563,1608,265,0,0,13,13,0,48,0,231,2,8,34,2709793210,2,0,0,0,0,0,167,32,-24,66,1,0,18,2,2417,-24,0,0,20,fdi,FDI
1693963563,1610,140,0,0,41,41,0,0,0,1815,0,8,0,3107009198,2,0,0,0,0,0,0,32,-54,100,0,1,1,2,2417,-54,0,0,192,fdi,FDI
1693963563,1611,62,1,1,8,8,0,60,0,0,2,12,1,2671372690,2,0,0,0,0,0,0,32,-36,54,1,0,6,2,2417,-36,0,0,20,fdi,FDI
1693963563,1613,267,0,0,13,13,0,48,0,232,2,8,34,3199818503,2,0,0,0,0,0,169,32,-26,75,1,0,18,2,2417,-26,0,0,20,fdi,FDI
1693963563,1615,140,0,0,41,41,0,0,0,1816,0,8,0,1003195281,2,0,0,0,0,0,0,32,-84,100,0,1,1,2,2417,-84,0,0,192,fdi,FDI
1693963563,1616,62,1,1,8,8,0,60,0,0,2,12,1,2671372690,2,0,0,0,0,0,0,32,-38,45,1,0,6,2,2417,-38,0,0,20,fdi,FDI
1693963563,1618,265,0,0,13,13,0,48,0,233,2,8,34,2959265517,2,0,0,0,0,0,167,32,-28,87,1,0,18,2,2417,-28,0,0,20,fdi,FDI
1693963563,1620,140,0,0,41,41,0,0,0,1817,0,8,0,1271541536,2,0,0,0,0,0,0,32,-80,100,0,1,1,2,2417,-80,0,0,192,fdi,FDI
1693963563,1621,62,1,1,8,8,0,60,0,0,2,12,1,2671372690,2,0,0,0,0,0,0,32,-36,54,1,0,6,2,2417,-36,0,0,20,fdi,FDI
1693963563,1623,140,0,0,41,41,0,0,0,1818,0,8,0,3165401950,2,0,0,0,0,0,0,32,-56,100,0,1,1,2,2417,-56,0,0,192,fdi,FDI
1693963563,1624,62,1,1,8,8,0,60,0,0,2,12,1,2671372690,2,0,0,0,0,0,0,32,-34,48,1,0,6,2,2417,-34,0,0,20,fdi,FDI
1693963563,1626,268,0,0,13,13,0,48,0,235,2,8,34,1123121153,2,0,0,0,0,0,170,32,-26,75,1,0,18,2,2417,-26,0,0,20,fdi,FDI
1693963563,1628,110,0,0,13,13,0,48,0,236,2,8,34,2310267994,2,0,0,0,0,0,12,32,-24,78,1,0,18,2,2417,-24,0,0,20,fdi,FDI
1693963563,1630,267,0,0,13,13,0,48,0,237,2,8,34,3543398088,2,0,0,0,0,0,169,32,-24,81,1,0,18,2,2417,-24,0,0,20,fdi,FDI
1693963563,1632,140,0,0,41,41,0,0,0,1820,0,8,0,2259629669,2,0,0,0,0,0,0,32,-76,100,0,1,1,2,2417,-76,0,0,192,fdi,FDI
1693963563,1633,62,1,1,8,8,0,60,0,0,2,12,1,2671372690,2,0,0,0,0,0,0,32,-32,60,1,0,6,2,2417,-32,0,0,20,fdi,FDI
1693963563,1635,268,0,0,13,13,0,48,0,238,2,8,34,515815015,2,0,0,0,0,0,170,32,-22,75,1,0,18,2,2417,-22,0,0,20,fdi,FDI
1693963563,1637,111,0,0,13,13,0,48,0,239,2,8,34,438575084,2,0,0,0,0,0,13,32,-20,75,1,0,18,2,2417,-20,0,0,20,fdi,FDI
1693963563,1639,140,0,0,41,41,0,0,0,1821,0,8,0,1700518457,2,0,0,0,0,0,0,32,-86,100,0,1,1,2,2417,-86,0,0,192,fdi,FDI
1693963563,1640,62,1,1,8,8,0,60,0,0,2,12,1,2671372690,2,0,0,0,0,0,0,32,-32,63,1,0,6,2,2417,-32,0,0,20,fdi,FDI
1693963563,1642,268,0,0,13,13,0,48,0,240,2,8,34,5453106,2,0,0,0,0,0,170,32,-24,75,1,0,18,2,2417,-24,0,0,20,fdi,FDI
1693963563,1644,140,0,0,41,41,0,0,0,1822,0,8,0,3702836718,2,0,0,0,0,0,0,32,-86,100,0,1,1,2,2417,-86,0,0,192,fdi,FDI
1693963563,1645,62,1,1,8,8,0,60,0,0,2,12,1,2671372690,2,0,0,0,0,0,0,32,-34,51,1,0,6,2,2417,-34,0,0,20,fdi,FDI
1693963563,1647,267,0,0,13,13,0,48,0,241,2,8,34,723168644,2,0,0,0,0,0,169,32,-24,81,1,0,18,2,2417,-24,0,0,20,fdi,FDI
1693963563,1649,140,0,0,41,41,0,0,0,1823,0,8,0,1986585972,2,0,0,0,0,0,0,32,-76,100,0,1,1,2,2417,-76,0,0,192,fdi,FDI
1693963563,1651,268,0,0,13,13,0,48,0,242,2,8,34,490929647,2,0,0,0,0,0,170,32,-22,69,1,0,18,2,2417,-22,0,0,20,fdi,FDI
1693963564,1653,140,0,0,41,41,0,0,0,1824,0,8,0,1898359934,2,0,0,0,0,0,0,32,-56,100,0,1,1,2,2417,-56,0,0,192,fdi,FDI
1693963564,1654,62,1,1,8,8,0,60,0,0,2,12,1,2671372690,2,0,0,0,0,0,0,32,-32,51,1,0,6,2,2417,-32,0,0,20,fdi,FDI
1693963564,1656,270,0,0,13,13,0,48,0,243,2,8,34,1344650741,2,0,0,0,0,0,172,32,-20,72,1,0,18,2,2417,-20,0,0,20,fdi,FDI
1693963564,1658,100,0,0,13,13,0,48,0,244,2,8,34,1692697822,2,0,0,0,0,0,2,32,-24,69,1,0,18,2,2417,-24,0,0,20,fdi,FDI
1693963564,1660,140,0,0,41,41,0,0,0,1825,0,8,0,1637222840,2,0,0,0,0,0,0,32,-86,100,0,1,1,2,2417,-86,0,0,192,fdi,FDI
1693963564,1661,62,1,1,8,8,0,60,0,0,2,12,1,2671372690,2,0,0,0,0,0,0,32,-32,54,1,0,6,2,2417,-32,0,0,20,fdi,FDI
1693963564,1663,270,0,0,13,13,0,48,0,245,2,8,34,4065492583,2,0,0,0,0,0,172,32,-24,75,1,0,18,2,2417,-24,0,0,20,fdi,FDI
1693963564,1665,140,0,0,41,41,0,0,0,1826,0,8,0,3633406213,2,0,0,0,0,0,0,32,-86,100,0,1,1,2,2417,-86,0,0,192,fdi,FDI
1693963564,1666,62,1,1,8,8,0,60,0,0,2,12,1,2671372690,2,0,0,0,0,0,0,32,-34,63,1,0,6,2,2417,-34,0,0,20,fdi,FDI
1693963564,1667,268,0,0,13,13,0,48,0,246,2,8,34,1123644075,2,0,0,0,0,0,170,32,-22,78,1,0,18,2,2417,-22,0,0,20,fdi,FDI
1693963564,1669,117,1,1,8,8,0,44,0,101,2,8,1,661394896,2,0,0,0,0,0,19,32,-8,78,1,0,54,2,2417,-8,0,0,20,fdi,FDI
1693963564,1671,140,0,0,41,41,0,0,0,1827,0,8,0,4012597624,2,0,0,0,0,0,0,32,-52,100,0,1,1,2,2417,-52,0,0,192,fdi,FDI
1693963564,1672,62,1,1,8,8,0,60,0,0,2,12,1,2671372690,2,0,0,0,0,0,0,32,-32,45,1,0,6,2,2417,-32,0,0,20,fdi,FDI
1693963564,1674,267,0,0,13,13,0,48,0,247,2,8,34,3370384422,2,0,0,0,0,0,169,32,-22,66,1,0,18,2,2417,-22,0,0,20,fdi,FDI
1693963564,1676,140,0,0,41,41,0,0,0,1828,0,8,0,189069549,2,0,0,0,0,0,0,32,-58,100,0,1,1,2,2417,-58,0,0,192,fdi,FDI
1693963564,1677,62,1,1,8,8,0,60,0,0,2,12,1,2671372690,2,0,0,0,0,0,0,32,-34,42,1,0,6,2,2417,-34,0,0,20,fdi,FDI
1693963564,1679,268,0,0,13,13,0,48,0,248,2,8,34,292700813,2,0,0,0,0,0,170,32,-20,87,1,0,18,2,2417,-20,0,0,20,fdi,FDI
1693963564,1682,140,0,0,41,41,0,0,0,1829,0,8,0,800988879,2,0,0,0,0,0,0,32,-78,100,0,1,1,2,2417,-78,0,0,192,fdi,FDI
1693963564,1683,62,1,1,8,8,0,60,0,0,2,12,1,2671372690,2,0,0,0,0,0,0,32,-34,45,1,0,6,2,2417,-34,0,0,20,fdi,FDI
1693963564,1685,267,0,0,13,13,0,48,0,249,2,8,34,1289179562,2,0,0,0,0,0,169,32,-22,78,1,0,18,2,2417,-22,0,0,20,fdi,FDI
1693963564,1687,100,0,0,13,13,0,48,0,250,2,8,34,1307462856,2,0,0,0,0,0,2,32,-20,66,1,0,18,2,2417,-20,0,0,20,fdi,FDI
1693963564,1689,140,0,0,41,41,0,0,0,1831,0,8,0,2978812821,2,0,0,0,0,0,0,32,-84,100,0,1,1,2,2417,-84,0,0,192,fdi,FDI
1693963564,1690,134,0,0,0,0,0,320,0,1830,0,5,8,256356936,2,0,0,0,0,0,0,32,-84,100,0,1,1,2,2417,-84,0,0,192,fdi,FDI
1693963564,1691,134,0,0,0,0,0,320,0,1830,0,5,8,483128841,2,0,0,0,0,0,0,32,-60,100,0,1,1,2,2417,-60,0,0,192,fdi,FDI
1693963564,1693,269,0,0,13,13,0,48,0,251,2,8,34,1639797589,2,0,0,0,0,0,171,32,-20,81,1,0,18,2,2417,-20,0,0,20,fdi,FDI
1693963564,1695,111,0,0,13,13,0,48,0,252,2,8,34,43465149,2,0,0,0,0,0,13,32,-22,90,1,0,18,2,2417,-22,0,0,20,fdi,FDI
1693963564,1697,117,1,1,8,8,0,60,0,102,2,8,1,3857417712,2,0,0,0,0,0,19,32,-10,81,1,0,54,2,2417,-10,0,0,20,fdi,FDI
1693963564,1701,140,0,0,41,41,0,0,0,1832,0,8,0,1236267033,2,0,0,0,0,0,0,32,-84,100,0,1,1,2,2417,-84,0,0,192,fdi,FDI
1693963564,1702,62,1,1,8,8,0,60,0,0,2,12,1,2671372690,2,0,0,0,0,0,0,32,-34,51,1,0,6,2,2417,-34,0,0,20,fdi,FDI
1693963564,1704,268,0,0,13,13,0,48,0,253,2,8,34,514484943,2,0,0,0,0,0,170,32,-22,81,1,0,18,2,2417,-22,0,0,20,fdi,FDI
1693963564,1708,140,0,0,41,41,0,0,0,1833,0,8,0,760785322,2,0,0,0,0,0,0,32,-90,100,0,1,1,2,2417,-90,0,0,192,fdi,FDI
1693963564,1709,62,1,1,8,8,0,60,0,0,2,12,1,2671372690,2,0,0,0,0,0,0,32,-34,57,1,0,6,2,2417,-34,0,0,20,fdi,FDI
1693963564,1711,266,0,0,13,13,0,48,0,254,2,8,34,4153496019,2,0,0,0,0,0,168,32,-22,81,1,0,18,2,2417,-22,0,0,20,fdi,FDI
1693963564,1715,140,0,0,41,41,0,0,0,1834,0,8,0,3469232342,2,0,0,0,0,0,0,32,-78,100,0,1,1,2,2417,-78,0,0,192,fdi,FDI
1693963564,1716,62,1,1,8,8,0,60,0,0,2,12,1,2671372690,2,0,0,0,0,0,0,32,-32,54,1,0,6,2,2417,-32,0,0,20,fdi,FDI
1693963564,1718,267,0,0,13,13,0,48,0,255,2,8,34,3168427139,2,0,0,0,0,0,169,32,-20,81,1,0,18,2,2417,-20,0,0,20,fdi,FDI
1693963565,1722,140,0,0,41,41,0,0,0,1835,0,8,0,3645551059,2,0,0,0,0,0,0,32,-24,100,0,1,1,2,2417,-24,0,0,192,fdi,FDI
1693963565,1723,267,0,0,13,13,0,48,0,256,2,8,34,1091995246,2,0,0,0,0,0,169,32,-24,45,1,0,18,2,2417,-24,0,0,20,fdi,FDI
1693963565,1724,62,1,1,8,8,0,60,0,0,2,12,1,2671372690,2,0,0,0,0,0,0,32,-6,45,1,0,6,2,2417,-6,0,0,20,fdi,FDI
1693963565,1726,267,0,0,13,13,0,48,0,256,2,8,42,1064654828,2,0,0,0,0,0,169,32,-24,81,1,0,18,2,2417,-24,0,0,20,fdi,FDI
1693963565,1729,140,0,0,41,41,0,0,0,1836,0,8,0,771955700,2,0,0,0,0,0,0,32,-58,100,0,1,1,2,2417,-58,0,0,192,fdi,FDI
1693963565,1730,62,1,1,8,8,0,60,0,0,2,12,1,2671372690,2,0,0,0,0,0,0,32,-32,48,1,0,6,2,2417,-32,0,0,20,fdi,FDI
1693963565,1732,269,0,0,13,13,0,48,0,257,2,8,34,3617870773,2,0,0,0,0,0,171,32,-26,87,1,0,18,2,2417,-26,0,0,20,fdi,FDI
1693963565,1735,140,0,0,41,41,0,0,0,1837,0,8,0,2574212796,2,0,0,0,0,0,0,32,-58,100,0,1,1,2,2417,-58,0,0,192,fdi,FDI
1693963565,1736,267,0,0,13,13,0,48,0,258,2,8,34,1977989226,2,0,0,0,0,0,169,32,-22,69,1,0,18,2,2417,-22,0,0,20,fdi,FDI
1693963565,1738,62,1,1,8,8,0,60,0,0,2,12,1,2671372690,2,0,0,0,0,0,0,32,-32,45,1,0,6,2,2417,-32,0,0,20,fdi,FDI
1693963565,1740,100,0,0,13,13,0,48,0,259,2,8,42,4270233368,2,0,0,0,0,0,2,32,-24,69,1,0,18,2,2417,-24,0,0,20,fdi,FDI
1693963565,1742,140,0,0,41,41,0,0,0,1838,0,8,0,1947787391,2,0,0,0,0,0,0,32,-54,100,0,1,1,2,2417,-54,0,0,192,fdi,FDI
1693963565,1743,270,0,0,13,13,0,48,0,260,2,8,34,2971511030,2,0,0,0,0,0,172,32,-24,90,1,0,18,2,2417,-24,0,0,20,fdi,FDI
1693963565,1745,62,1,1,8,8,0,60,0,0,2,12,1,2671372690,2,0,0,0,0,0,0,32,-34,45,1,0,6,2,2417,-34,0,0,20,fdi,FDI
1693963565,1747,117,1,1,8,8,0,44,0,103,2,8,1,2945702646,2,0,0,0,0,0,19,32,-8,78,1,0,54,2,2417,-8,0,0,20,fdi,FDI
1693963565,1749,140,0,0,41,41,0,0,0,1839,0,8,0,819499975,2,0,0,0,0,0,0,32,-78,100,0,1,1,2,2417,-78,0,0,192,fdi,FDI
1693963565,1750,268,0,0,13,13,0,48,0,261,2,8,34,868951066,2,0,0,0,0,0,170,32,-22,81,1,0,18,2,2417,-22,0,0,20,fdi,FDI
1693963565,1752,62,1,1,8,8,0,60,0,0,2,12,1,2671372690,2,0,0,0,0,0,0,32,-34,42,1,0,6,2,2417,-34,0,0,20,fdi,FDI
1693963565,1754,110,0,0,13,13,0,48,0,262,2,8,34,45801750,2,0,0,0,0,0,12,32,-22,81,1,0,18,2,2417,-22,0,0,20,fdi,FDI
1693963565,1756,140,0,0,41,41,0,0,0,1840,0,8,0,627197749,2,0,0,0,0,0,0,32,-56,100,0,1,1,2,2417,-56,0,0,192,fdi,FDI
1693963565,1757,268,0,0,13,13,0,48,0,263,2,8,34,1587973882,2,0,0,0,0,0,170,32,-22,84,1,0,18,2,2417,-22,0,0,20,fdi,FDI
1693963565,1759,62,1,1,8,8,0,60,0,0,2,12,1,2671372690,2,0,0,0,0,0,0,32,-34,69,1,0,6,2,2417,-34,0,0,20,fdi,FDI
1693963565,1761,268,0,0,13,13,0,48,0,264,2,8,34,3462464095,2,0,0,0,0,0,170,32,-24,75,1,0,18,2,2417,-24,0,0,20,fdi,FDI
1693963565,1763,111,0,0,13,13,0,48,0,265,2,8,34,2624860695,2,0,0,0,0,0,13,32,-22,81,1,0,18,2,2417,-22,0,0,20,fdi,FDI
1693963565,1765,140,0,0,41,41,0,0,0,1841,0,8,0,3712998012,2,0,0,0,0,0,0,32,-4,100,0,1,1,2,2417,-4,0,0,192,fdi,FDI
1693963565,1766,62,1,1,8,8,0,60,0,0,2,12,1,2671372690,2,0,0,0,0,0,0,32,-34,51,1,0,6,2,2417,-34,0,0,20,fdi,FDI
1693963565,1768,270,0,0,13,13,0,48,0,266,2,8,34,2414736773,2,0,0,0,0,0,172,32,-22,72,1,0,18,2,2417,-22,0,0,20,fdi,FDI
1693963565,1770,100,0,0,13,13,0,48,0,267,2,8,34,3117757811,2,0,0,0,0,0,2,32,-22,81,1,0,18,2,2417,-22,0,0,20,fdi,FDI
1693963565,1772,140,0,0,41,41,0,0,0,1842,0,8,0,3968660563,2,0,0,0,0,0,0,32,-2,100,0,1,1,2,2417,-2,0,0,192,fdi,FDI
1693963565,1773,62,1,1,8,8,0,60,0,0,2,12,1,2671372690,2,0,0,0,0,0,0,32,-34,42,1,0,6,2,2417,-34,0,0,20,fdi,FDI
1693963565,1775,269,0,0,13,13,0,48,0,268,2,8,34,1363883768,2,0,0,0,0,0,171,32,-22,75,1,0,18,2,2417,-22,0,0,20,fdi,FDI
1693963565,1777,140,0,0,41,41,0,0,0,1843,0,8,0,3323648291,2,0,0,0,0,0,0,32,-2,100,0,1,1,2,2417,-2,0,0,192,fdi,FDI
1693963565,1778,62,1,1,8,8,0,60,0,0,2,12,1,2671372690,2,0,0,0,0,0,0,32,-34,45,1,0,6,2,2417,-34,0,0,20,fdi,FDI
1693963565,1780,117,1,1,8,8,0,44,0,104,2,8,1,3518696549,2,0,0,0,0,0,19,32,-10,75,1,0,54,2,2417,-10,0,0,20,fdi,FDI
1693963566,1782,267,0,0,13,13,0,48,0,269,2,8,34,1590233268,2,0,0,0,0,0,169,32,-22,84,1,0,18,2,2417,-22,0,0,20,fdi,FDI
1693963566,1784,140,0,0,41,41,0,0,0,1844,0,8,0,1593840550,2,0,0,0,0,0,0,32,-2,100,0,1,1,2,2417,-2,0,0,192,fdi,FDI
1693963566,1785,62,1,1,8,8,0,60,0,0,2,12,1,2671372690,2,0,0,0,0,0,0,32,-32,45,1,0,6,2,2417,-32,0,0,20,fdi,FDI
1693963566,1787,267,0,0,13,13,0,48,0,270,2,8,34,3962211669,2,0,0,0,0,0,169,32,-24,81,1,0,18,2,2417,-24,0,0,20,fdi,FDI
1693963566,1789,140,0,0,41,41,0,0,0,1845,0,8,0,651266561,2,0,0,0,0,0,0,32,-2,100,0,1,1,2,2417,-2,0,0,192,fdi,FDI
1693963566,1790,62,1,1,8,8,0,60,0,0,2,12,1,2671372690,2,0,0,0,0,0,0,32,-32,54,1,0,6,2,2417,-32,0,0,20,fdi,FDI
1693963566,1792,269,0,0,13,13,0,48,0,271,2,8,34,2908384943,2,0,0,0,0,0,171,32,-24,87,1,0,18,2,2417,-24,0,0,20,fdi,FDI
1693963566,1794,140,0,0,41,41,0,0,0,1846,0,8,0,416634707,2,0,0,0,0,0,0,32,-68,100,0,1,1,2,2417,-68,0,0,192,fdi,FDI
1693963566,1795,62,1,1,8,8,0,60,0,0,2,12,1,2671372690,2,0,0,0,0,0,0,32,-34,48,1,0,6,2,2417,-34,0,0,20,fdi,FDI
1693963566,1798,140,0,0,41,41,0,0,0,1847,0,8,0,1017390492,2,0,0,0,0,0,0,32,-82,100,0,1,1,2,2417,-82,0,0,192,fdi,FDI
1693963566,1799,62,1,1,8,8,0,60,0,0,2,12,1,2671372690,2,0,0,0,0,0,0,32,-36,45,1,0,6,2,2417,-36,0,0,20,fdi,FDI
1693963566,1801,270,0,0,13,13,0,48,0,273,2,8,34,315968358,2,0,0,0,0,0,172,32,-24,78,1,0,18,2,2417,-24,0,0,20,fdi,FDI
1693963566,1803,140,0,0,41,41,0,0,0,1848,0,8,0,3444625619,2,0,0,0,0,0,0,32,-80,100,0,1,1,2,2417,-80,0,0,192,fdi,FDI
1693963566,1804,62,1,1,8,8,0,60,0,0,2,12,1,2671372690,2,0,0,0,0,0,0,32,-34,48,1,0,6,2,2417,-34,0,0,20,fdi,FDI
1693963566,1806,100,0,0,13,13,0,48,0,274,2,8,34,724911350,2,0,0,0,0,0,2,32,-26,81,1,0,18,2,2417,-26,0,0,20,fdi,FDI
1693963566,1808,268,0,0,13,13,0,48,0,275,2,8,34,936544931,2,0,0,0,0,0,170,32,-26,75,1,0,18,2,2417,-26,0,0,20,fdi,FDI
1693963566,1810,140,0,0,41,41,0,0,0,1849,0,8,0,1510719376,2,0,0,0,0,0,0,32,-76,100,0,1,1,2,2417,-76,0,0,192,fdi,FDI
1693963566,1811,62,1,1,8,8,0,60,0,0,2,12,1,2671372690,2,0,0,0,0,0,0,32,-30,51,1,0,6,2,2417,-30,0,0,20,fdi,FDI
1693963566,1813,268,0,0,13,13,0,48,0,276,2,8,42,1823285792,2,0,0,0,0,0,170,32,-28,72,1,0,18,2,2417,-28,0,0,20,fdi,FDI
1693963566,1815,140,0,0,41,41,0,0,0,1850,0,8,0,2206815509,2,0,0,0,0,0,0,32,-78,100,0,1,1,2,2417,-78,0,0,192,fdi,FDI
1693963566,1816,62,1,1,8,8,0,60,0,0,2,12,1,2671372690,2,0,0,0,0,0,0,32,-38,33,1,0,6,2,2417,-38,0,0,20,fdi,FDI
1693963566,1819,267,0,0,13,13,0,48,0,277,2,8,34,1508444467,2,0,0,0,0,0,169,32,-30,81,1,0,18,2,2417,-30,0,0,20,fdi,FDI
1693963566,1821,117,1,1,8,8,0,44,0,105,2,8,1,192476901,2,0,0,0,0,0,19,32,-10,72,1,0,54,2,2417,-10,0,0,20,fdi,FDI
1693963566,1826,134,0,0,40,40,0,320,0,1851,0,5,0,3577758733,2,0,0,0,0,0,0,32,-64,100,0,1,1,2,2417,-64,0,0,192,fdi,FDI
1693963566,1828,111,0,0,13,13,0,48,0,278,2,8,34,853460735,2,0,0,0,0,0,13,32,-30,75,1,0,18,2,2417,-30,0,0,20,fdi,FDI
1693963566,1830,140,0,0,41,41,0,0,0,1852,0,8,0,124111719,2,0,0,0,0,0,0,32,-74,100,0,1,1,2,2417,-74,0,0,192,fdi,FDI
1693963566,1831,62,1,1,8,8,0,60,0,0,2,12,1,2671372690,2,0,0,0,0,0,0,32,-32,45,1,0,6,2,2417,-32,0,0,20,fdi,FDI
1693963566,1834,134,0,0,40,40,0,320,0,1853,0,5,0,4263909364,2,0,0,0,0,0,0,32,-24,100,0,1,1,2,2417,-24,0,0,192,fdi,FDI
1693963566,1835,134,0,0,40,40,0,320,0,1853,0,5,8,1274230929,2,0,0,0,0,0,0,32,-24,100,0,1,1,2,2417,-24,0,0,192,fdi,FDI
1693963566,1836,134,0,0,40,40,0,320,0,1853,0,5,8,3900996757,2,0,0,0,0,0,0,32,-24,100,0,1,1,2,2417,-24,0,0,192,fdi,FDI
1693963566,1837,266,0,0,13,13,0,48,0,279,2,8,34,454522294,2,0,0,0,0,0,168,32,-32,75,1,0,18,2,2417,-32,0,0,20,fdi,FDI
1693963566,1841,100,0,0,13,13,0,48,0,280,2,8,34,1435661252,2,0,0,0,0,0,2,32,-32,78,1,0,18,2,2417,-32,0,0,20,fdi,FDI
1693963566,1843,140,0,0,41,41,0,0,0,1854,0,8,0,2370077337,2,0,0,0,0,0,0,32,-80,100,0,1,1,2,2417,-80,0,0,192,fdi,FDI
1693963566,1844,62,1,1,8,8,0,60,0,0,2,12,1,2671372690,2,0,0,0,0,0,0,32,-34,51,1,0,6,2,2417,-34,0,0,20,fdi,FDI
1693963566,1846,266,0,0,13,13,0,48,0,281,2,8,34,1028332072,2,0,0,0,0,0,168,32,-30,81,1,0,18,2,2417,-30,0,0,20,fdi,FDI
1693963566,1852,140,0,0,41,41,0,0,0,1855,0,8,0,351842917,2,0,0,0,0,0,0,32,-56,100,0,1,1,2,2417,-56,0,0,192,fdi,FDI
1693963566,1853,62,1,1,8,8,0,60,0,0,2,12,1,2671372690,2,0,0,0,0,0,0,32,-34,54,1,0,6,2,2417,-34,0,0,20,fdi,FDI
1693963566,1855,265,0,0,13,13,0,48,0,282,2,8,34,2525382049,2,0,0,0,0,0,167,32,-30,78,1,0,18,2,2417,-30,0,0,20,fdi,FDI
1693963566,1857,117,1,1,8,8,0,44,0,106,2,8,1,3312620568,2,0,0,0,0,0,19,32,-10,69,1,0,54,2,2417,-10,0,0,20,fdi,FDI
1693963567,1860,140,0,0,41,41,0,0,0,1856,0,8,0,2777403663,2,0,0,0,0,0,0,32,-76,100,0,1,1,2,2417,-76,0,0,192,fdi,FDI
1693963567,1861,62,1,1,8,8,0,60,0,0,2,12,1,2671372690,2,0,0,0,0,0,0,32,-36,45,1,0,6,2,2417,-36,0,0,20,fdi,FDI
1693963567,1864,134,0,0,37,37,0,320,0,1857,0,5,0,405472589,2,0,0,0,0,0,0,32,-32,100,0,1,1,2,2417,-32,0,0,192,fdi,FDI
1693963567,1865,134,0,0,37,37,0,320,0,1857,0,5,8,1432973527,2,0,0,0,0,0,0,32,-32,100,0,1,1,2,2417,-32,0,0,192,fdi,FDI
1693963567,1866,134,0,0,37,37,0,320,0,1857,0,5,8,755979871,2,0,0,0,0,0,0,32,-32,100,0,1,1,2,2417,-32,0,0,192,fdi,FDI
1693963567,1869,140,0,0,41,41,0,0,0,1858,0,8,0,1927864810,2,0,0,0,0,0,0,32,-76,100,0,1,1,2,2417,-76,0,0,192,fdi,FDI
1693963567,1870,62,1,1,8,8,0,60,0,0,2,12,1,2671372690,2,0,0,0,0,0,0,32,-32,63,1,0,6,2,2417,-32,0,0,20,fdi,FDI
1693963567,1873,140,0,0,41,41,0,0,0,1859,0,8,0,2241077784,2,0,0,0,0,0,0,32,-68,100,0,1,1,2,2417,-68,0,0,192,fdi,FDI
1693963567,1874,62,1,1,8,8,0,60,0,0,2,12,1,2671372690,2,0,0,0,0,0,0,32,-32,42,1,0,6,2,2417,-32,0,0,20,fdi,FDI
1693963567,1876,265,0,0,13,13,0,48,0,286,2,8,34,4092686352,2,0,0,0,0,0,167,32,-28,84,1,0,18,2,2417,-28,0,0,20,fdi,FDI
1693963567,1878,117,1,1,8,8,0,44,0,107,2,8,1,4185242123,2,0,0,0,0,0,19,32,-10,75,1,0,54,2,2417,-10,0,0,20,fdi,FDI
1693963567,1880,140,0,0,41,41,0,0,0,1860,0,8,0,4243172575,2,0,0,0,0,0,0,32,-74,100,0,1,1,2,2417,-74,0,0,192,fdi,FDI
1693963567,1881,62,1,1,8,8,0,60,0,0,2,12,1,2671372690,2,0,0,0,0,0,0,32,-32,45,1,0,6,2,2417,-32,0,0,20,fdi,FDI
1693963567,1883,267,0,0,13,13,0,48,0,287,2,8,34,4061195671,2,0,0,0,0,0,169,32,-28,75,1,0,18,2,2417,-28,0,0,20,fdi,FDI
1693963567,1885,140,0,0,41,41,0,0,0,1861,0,8,0,3804124838,2,0,0,0,0,0,0,32,-72,100,0,1,1,2,2417,-72,0,0,192,fdi,FDI
1693963567,1886,62,1,1,8,8,0,60,0,0,2,12,1,2671372690,2,0,0,0,0,0,0,32,-32,45,1,0,6,2,2417,-32,0,0,20,fdi,FDI
1693963567,1888,266,0,0,13,13,0,48,0,289,2,8,34,3662932324,2,0,0,0,0,0,168,32,-26,81,1,0,18,2,2417,-26,0,0,20,fdi,FDI
1693963567,1890,140,0,0,41,41,0,0,0,1862,0,8,0,2261089631,2,0,0,0,0,0,0,32,-74,100,0,1,1,2,2417,-74,0,0,192,fdi,FDI
1693963567,1891,62,1,1,8,8,0,60,0,0,2,12,1,2671372690,2,0,0,0,0,0,0,32,-30,42,1,0,6,2,2417,-30,0,0,20,fdi,FDI
1693963567,1893,265,0,0,13,13,0,48,0,290,2,8,34,3574411689,2,0,0,0,0,0,167,32,-30,78,1,0,18,2,2417,-30,0,0,20,fdi,FDI
1693963567,1895,140,0,0,41,41,0,0,0,1863,0,8,0,3881702955,2,0,0,0,0,0,0,32,-58,100,0,1,1,2,2417,-58,0,0,192,fdi,FDI
1693963567,1896,62,1,1,8,8,0,60,0,0,2,12,1,2671372690,2,0,0,0,0,0,0,32,-30,27,1,0,6,2,2417,-30,0,0,20,fdi,FDI
1693963567,1898,111,0,0,13,13,0,48,0,291,2,8,34,2538566228,2,0,0,0,0,0,13,32,-32,87,1,0,18,2,2417,-32,0,0,20,fdi,FDI
1693963567,1900,268,0,0,13,13,0,48,0,292,2,8,34,3723489898,2,0,0,0,0,0,170,32,-32,75,1,0,18,2,2417,-32,0,0,20,fdi,FDI
1693963567,1902,140,0,0,41,41,0,0,0,1864,0,8,0,2762057029,2,0,0,0,0,0,0,32,-30,100,0,1,1,2,2417,-30,0,0,192,fdi,FDI
1693963567,1903,62,1,1,8,8,0,60,0,0,2,12,1,2671372690,2,0,0,0,0,0,0,32,-32,42,1,0,6,2,2417,-32,0,0,20,fdi,FDI
1693963567,1905,100,0,0,13,13,0,48,0,293,2,8,34,85820216,2,0,0,0,0,0,2,32,-30,84,1,0,18,2,2417,-30,0,0,20,fdi,FDI
1693963567,1907,266,0,0,13,13,0,48,0,294,2,8,34,182496921,2,0,0,0,0,0,168,32,-30,69,1,0,18,2,2417,-30,0,0,20,fdi,FDI
1693963567,1909,140,0,0,41,41,0,0,0,1865,0,8,0,428908185,2,0,0,0,0,0,0,32,-52,100,0,1,1,2,2417,-52,0,0,192,fdi,FDI
1693963567,1910,62,1,1,8,8,0,60,0,0,2,12,1,2671372690,2,0,0,0,0,0,0,32,-32,51,1,0,6,2,2417,-32,0,0,20,fdi,FDI
1693963567,1913,268,0,0,13,13,0,48,0,295,2,8,34,4143680964,2,0,0,0,0,0,170,32,-28,87,1,0,18,2,2417,-28,0,0,20,fdi,FDI
1693963567,1915,117,1,1,8,8,0,44,0,108,2,8,1,1847989023,2,0,0,0,0,0,19,32,-8,75,1,0,54,2,2417,-8,0,0,20,fdi,FDI
1693963567,1917,140,0,0,41,41,0,0,0,1866,0,8,0,4022494327,2,0,0,0,0,0,0,32,-84,100,0,1,1,2,2417,-84,0,0,192,fdi,FDI
1693963567,1918,62,1,1,8,8,0,60,0,0,2,12,1,2671372690,2,0,0,0,0,0,0,32,-30,48,1,0,6,2,2417,-30,0,0,20,fdi,FDI
1693963568,1922,140,0,0,41,41,0,0,0,1868,0,8,0,969606532,2,0,0,0,0,0,0,32,-90,100,0,1,1,2,2417,-90,0,0,192,fdi,FDI
1693963568,1923,62,1,1,8,8,0,60,0,0,2,12,1,2671372690,2,0,0,0,0,0,0,32,-30,48,1,0,6,2,2417,-30,0,0,20,fdi,FDI
1693963568,1925,100,0,0,13,13,0,48,0,297,2,8,34,4004100446,2,0,0,0,0,0,2,32,-26,69,1,0,18,2,2417,-26,0,0,20,fdi,FDI
1693963568,1927,265,0,0,13,13,0,48,0,298,2,8,34,4214860718,2,0,0,0,0,0,167,32,-26,84,1,0,18,2,2417,-26,0,0,20,fdi,FDI
1693963568,1929,140,0,0,41,41,0,0,0,1869,0,8,0,3224259429,2,0,0,0,0,0,0,32,-82,100,0,1,1,2,2417,-82,0,0,192,fdi,FDI
1693963568,1930,62,1,1,8,8,0,60,0,0,2,12,1,2671372690,2,0,0,0,0,0,0,32,-32,45,1,0,6,2,2417,-32,0,0,20,fdi,FDI
1693963568,1932,117,1,1,8,8,0,44,0,109,2,8,1,2448896478,2,0,0,0,0,0,19,32,-10,72,1,0,54,2,2417,-10,0,0,20,fdi,FDI
1693963568,1934,140,0,0,41,41,0,0,0,1870,0,8,0,815221464,2,0,0,0,0,0,0,32,-82,100,0,1,1,2,2417,-82,0,0,192,fdi,FDI
1693963568,1935,62,1,1,8,8,0,60,0,0,2,12,1,2671372690,2,0,0,0,0,0,0,32,-32,51,1,0,6,2,2417,-32,0,0,20,fdi,FDI
1693963568,1944,140,0,0,41,41,0,0,0,1871,0,8,0,2815174043,2,0,0,0,0,0,0,32,-82,100,0,1,1,2,2417,-82,0,0,192,fdi,FDI
1693963568,1945,62,1,1,8,8,0,60,0,0,2,12,1,2671372690,2,0,0,0,0,0,0,32,-30,39,1,0,6,2,2417,-30,0,0,20,fdi,FDI
1693963568,1955,100,0,0,13,13,0,48,0,301,2,8,34,2856746352,2,0,0,0,0,0,2,32,-32,84,1,0,18,2,2417,-32,0,0,20,fdi,FDI
1693963568,1957,267,0,0,13,13,0,48,0,302,2,8,34,1481685728,2,0,0,0,0,0,169,32,-32,69,1,0,18,2,2417,-32,0,0,20,fdi,FDI
1693963568,1959,140,0,0,41,41,0,0,0,1872,0,8,0,897715399,2,0,0,0,0,0,0,32,-64,100,0,1,1,2,2417,-64,0,0,192,fdi,FDI
1693963568,1960,62,1,1,8,8,0,60,0,0,2,12,1,2671372690,2,0,0,0,0,0,0,32,-28,63,1,0,6,2,2417,-28,0,0,20,fdi,FDI
1693963568,1962,268,0,0,13,13,0,48,0,303,2,8,34,1242347683,2,0,0,0,0,0,170,32,-32,78,1,0,18,2,2417,-32,0,0,20,fdi,FDI
1693963568,1964,117,1,1,8,8,0,44,0,110,2,8,1,1359973672,2,0,0,0,0,0,19,32,-8,72,1,0,54,2,2417,-8,0,0,20,fdi,FDI
1693963568,1966,140,0,0,41,41,0,0,0,1873,0,8,0,1366644084,2,0,0,0,0,0,0,32,-78,100,0,1,1,2,2417,-78,0,0,192,fdi,FDI
1693963568,1967,62,1,1,8,8,0,60,0,0,2,12,1,2671372690,2,0,0,0,0,0,0,32,-30,51,1,0,6,2,2417,-30,0,0,20,fdi,FDI
1693963568,1971,266,0,0,13,13,0,48,0,304,2,8,34,2766227964,2,0,0,0,0,0,168,32,-34,78,1,0,18,2,2417,-34,0,0,20,fdi,FDI
1693963568,1973,140,0,0,41,41,0,0,0,1874,0,8,0,3001398280,2,0,0,0,0,0,0,32,-78,100,0,1,1,2,2417,-78,0,0,192,fdi,FDI
1693963568,1974,62,1,1,8,8,0,60,0,0,2,12,1,2671372690,2,0,0,0,0,0,0,32,-30,51,1,0,6,2,2417,-30,0,0,20,fdi,FDI
1693963568,1976,111,0,0,13,13,0,48,0,305,2,8,34,1757597010,2,0,0,0,0,0,13,32,-38,81,1,0,18,2,2417,-38,0,0,20,fdi,FDI
1693963568,1978,269,0,0,13,13,0,48,0,306,2,8,34,3097742478,2,0,0,0,0,0,171,32,-38,81,1,0,18,2,2417,-38,0,0,20,fdi,FDI
1693963568,1982,140,0,0,41,41,0,0,0,1875,0,8,0,1004063926,2,0,0,0,0,0,0,32,-80,100,0,1,1,2,2417,-80,0,0,192,fdi,FDI
1693963568,1983,62,1,1,8,8,0,60,0,0,2,12,1,2671372690,2,0,0,0,0,0,0,32,-30,57,1,0,6,2,2417,-30,0,0,20,fdi,FDI
1693963568,1986,266,0,0,13,13,0,48,0,307,2,8,34,3206856785,2,0,0,0,0,0,168,32,-34,75,1,0,18,2,2417,-34,0,0,20,fdi,FDI
1693963568,1989,140,0,0,41,41,0,0,0,1876,0,8,0,1360662390,2,0,0,0,0,0,0,32,-72,100,0,1,1,2,2417,-72,0,0,192,fdi,FDI
1693963568,1990,62,1,1,8,8,0,60,0,0,2,12,1,2671372690,2,0,0,0,0,0,0,32,-34,57,1,0,6,2,2417,-34,0,0,20,fdi,FDI
1693963568,1992,267,0,0,13,13,0,48,0,308,2,8,34,2133807273,2,0,0,0,0,0,169,32,-34,78,1,0,18,2,2417,-34,0,0,20,fdi,FDI
1693963568,1994,140,0,0,41,41,0,0,0,1877,0,8,0,2072781318,2,0,0,0,0,0,0,32,-54,100,0,1,1,2,2417,-54,0,0,192,fdi,FDI
1693963568,1995,62,1,1,8,8,0,60,0,0,2,12,1,2671372690,2,0,0,0,0,0,0,32,-30,45,1,0,6,2,2417,-30,0,0,20,fdi,FDI
1693963569,1997,268,0,0,13,13,0,48,0,309,2,8,34,3208476609,2,0,0,0,0,0,170,32,-32,81,1,0,18,2,2417,-32,0,0,20,fdi,FDI
1693963569,2000,140,0,0,41,41,0,0,0,1878,0,8,0,184677629,2,0,0,0,0,0,0,32,-78,100,0,1,1,2,2417,-78,0,0,192,fdi,FDI
1693963569,2001,267,0,0,13,13,0,48,0,310,2,8,34,4038080783,2,0,0,0,0,0,169,32,-32,75,1,0,18,2,2417,-32,0,0,20,fdi,FDI
1693963569,2003,140,0,0,41,41,0,0,0,1879,0,8,0,2992804192,2,0,0,0,0,0,0,32,-54,100,0,1,1,2,2417,-54,0,0,192,fdi,FDI
1693963569,2004,62,1,1,8,8,0,60,0,0,2,12,1,2671372690,2,0,0,0,0,0,0,32,-30,48,1,0,6,2,2417,-30,0,0,20,fdi,FDI
1693963569,2006,264,0,0,13,13,0,48,0,311,2,8,34,169156224,2,0,0,0,0,0,166,32,-32,72,1,0,18,2,2417,-32,0,0,20,fdi,FDI
1693963569,2008,140,0,0,41,41,0,0,0,1880,0,8,0,2115751663,2,0,0,0,0,0,0,32,-84,100,0,1,1,2,2417,-84,0,0,192,fdi,FDI
1693963569,2009,266,0,0,13,13,0,48,0,312,2,8,34,4211626416,2,0,0,0,0,0,168,32,-38,78,1,0,18,2,2417,-38,0,0,20,fdi,FDI
1693963569,2011,140,0,0,41,41,0,0,0,1881,0,8,0,1516944416,2,0,0,0,0,0,0,32,-78,100,0,1,1,2,2417,-78,0,0,192,fdi,FDI
1693963569,2012,62,1,1,8,8,0,60,0,0,2,12,1,2671372690,2,0,0,0,0,0,0,32,-28,54,1,0,6,2,2417,-28,0,0,20,fdi,FDI
1693963569,2014,266,0,0,13,13,0,48,0,313,2,8,34,3138852755,2,0,0,0,0,0,168,32,-40,75,1,0,18,2,2417,-40,0,0,20,fdi,FDI
1693963569,2016,100,0,0,13,13,0,48,0,314,2,8,34,181968511,2,0,0,0,0,0,2,32,-40,75,1,0,18,2,2417,-40,0,0,20,fdi,FDI
1693963569,2018,140,0,0,41,41,0,0,0,1882,0,8,0,3086318985,2,0,0,0,0,0,0,32,-58,100,0,1,1,2,2417,-58,0,0,192,fdi,FDI
1693963569,2019,62,1,1,8,8,0,60,0,0,2,12,1,2671372690,2,0,0,0,0,0,0,32,-30,48,1,0,6,2,2417,-30,0,0,20,fdi,FDI
1693963569,2021,266,0,0,13,13,0,48,0,316,2,8,34,2305013065,2,0,0,0,0,0,168,32,-34,78,1,0,18,2,2417,-34,0,0,20,fdi,FDI
1693963569,2023,117,1,1,8,8,0,44,0,111,2,8,1,1438830271,2,0,0,0,0,0,19,32,-10,69,1,0,54,2,2417,-10,0,0,20,fdi,FDI
1693963569,2025,140,0,0,41,41,0,0,0,1883,0,8,0,2640531705,2,0,0,0,0,0,0,32,-54,100,0,1,1,2,2417,-54,0,0,192,fdi,FDI
1693963569,2026,62,1,1,8,8,0,60,0,0,2,12,1,2671372690,2,0,0,0,0,0,0,32,-30,69,1,0,6,2,2417,-30,0,0,20,fdi,FDI
1693963569,2028,265,0,0,13,13,0,48,0,317,2,8,34,3381475426,2,0,0,0,0,0,167,32,-32,72,1,0,18,2,2417,-32,0,0,20,fdi,FDI
1693963569,2030,140,0,0,41,41,0,0,0,1884,0,8,0,1790149739,2,0,0,0,0,0,0,32,-78,100,0,1,1,2,2417,-78,0,0,192,fdi,FDI
1693963569,2031,62,1,1,8,8,0,60,0,0,2,12,1,2671372690,2,0,0,0,0,0,0,32,-32,54,1,0,6,2,2417,-32,0,0,20,fdi,FDI
1693963569,2033,111,0,0,13,13,0,48,0,318,2,8,34,2212424345,2,0,0,0,0,0,13,32,-30,81,1,0,18,2,2417,-30,0,0,20,fdi,FDI
1693963569,2035,264,0,0,13,13,0,48,0,319,2,8,34,3191900717,2,0,0,0,0,0,166,32,-30,78,1,0,18,2,2417,-30,0,0,20,fdi,FDI
1693963569,2037,62,1,1,8,8,0,60,0,0,2,12,1,2671372690,2,0,0,0,0,0,0,32,-36,39,1,0,6,2,2417,-36,0,0,20,fdi,FDI
1693963569,2039,267,0,0,13,13,0,48,0,320,2,8,34,1098596708,2,0,0,0,0,0,169,32,-28,78,1,0,18,2,2417,-28,0,0,20,fdi,FDI
1693963569,2041,268,0,0,13,13,0,48,0,321,2,8,34,3879423520,2,0,0,0,0,0,170,32,-28,72,1,0,18,2,2417,-28,0,0,20,fdi,FDI
1693963569,2043,140,0,0,41,41,0,0,0,1886,0,8,0,3617176716,2,0,0,0,0,0,0,32,-86,100,0,1,1,2,2417,-86,0,0,192,fdi,FDI
1693963569,2044,62,1,1,8,8,0,60,0,0,2,12,1,2671372690,2,0,0,0,0,0,0,32,-34,54,1,0,6,2,2417,-34,0,0,20,fdi,FDI
1693963569,2046,267,0,0,13,13,0,48,0,322,2,8,34,1688642107,2,0,0,0,0,0,169,32,-28,81,1,0,18,2,2417,-28,0,0,20,fdi,FDI
1693963570,2048,140,0,0,41,41,0,0,0,1887,0,8,0,2931075866,2,0,0,0,0,0,0,32,-56,100,0,1,1,2,2417,-56,0,0,192,fdi,FDI
1693963570,2049,62,1,1,8,8,0,60,0,0,2,12,1,2671372690,2,0,0,0,0,0,0,32,-34,42,1,0,6,2,2417,-34,0,0,20,fdi,FDI
1693963570,2051,100,0,0,13,13,0,48,0,323,2,8,34,4128764652,2,0,0,0,0,0,2,32,-28,72,1,0,18,2,2417,-28,0,0,20,fdi,FDI
1693963570,2053,266,0,0,13,13,0,48,0,324,2,8,34,917280016,2,0,0,0,0,0,168,32,-30,84,1,0,18,2,2417,-30,0,0,20,fdi,FDI
1693963570,2055,140,0,0,41,41,0,0,0,1888,0,8,0,4205005445,2,0,0,0,0,0,0,32,-84,100,0,1,1,2,2417,-84,0,0,192,fdi,FDI
1693963570,2056,62,1,1,8,8,0,60,0,0,2,12,1,2671372690,2,0,0,0,0,0,0,32,-30,54,1,0,6,2,2417,-30,0,0,20,fdi,FDI
1693963570,2058,117,1,1,8,8,0,44,0,112,2,8,1,1614022809,2,0,0,0,0,0,19,32,-10,69,1,0,54,2,2417,-10,0,0,20,fdi,FDI
1693963570,2060,140,0,0,41,41,0,0,0,1889,0,8,0,1844979142,2,0,0,0,0,0,0,32,-80,100,0,1,1,2,2417,-80,0,0,192,fdi,FDI
1693963570,2061,62,1,1,8,8,0,60,0,0,2,12,1,2671372690,2,0,0,0,0,0,0,32,-34,45,1,0,6,2,2417,-34,0,0,20,fdi,FDI
1693963570,2063,265,0,0,13,13,0,48,0,326,2,8,34,3856989715,2,0,0,0,0,0,167,32,-30,84,1,0,18,2,2417,-30,0,0,20,fdi,FDI
1693963570,2065,140,0,0,41,41,0,0,0,1890,0,8,0,5452585,2,0,0,0,0,0,0,32,-70,100,0,1,1,2,2417,-70,0,0,192,fdi,FDI
1693963570,2066,265,0,0,13,13,0,48,0,327,2,8,34,3569201839,2,0,0,0,0,0,167,32,-30,75,1,0,18,2,2417,-30,0,0,20,fdi,FDI
1693963570,2068,100,0,0,13,13,0,48,0,328,2,8,34,373933782,2,0,0,0,0,0,2,32,-30,78,1,0,18,2,2417,-30,0,0,20,fdi,FDI
1693963570,2070,140,0,0,41,41,0,0,0,1891,0,8,0,1688496794,2,0,0,0,0,0,0,32,-86,100,0,1,1,2,2417,-86,0,0,192,fdi,FDI
1693963570,2071,62,1,1,8,8,0,60,0,0,2,12,1,2671372690,2,0,0,0,0,0,0,32,-40,51,1,0,6,2,2417,-40,0,0,20,fdi,FDI
1693963570,2073,264,0,0,13,13,0,48,0,329,2,8,34,2652992545,2,0,0,0,0,0,166,32,-26,66,1,0,18,2,2417,-26,0,0,20,fdi,FDI
1693963570,2075,140,0,0,41,41,0,0,0,1892,0,8,0,3724391841,2,0,0,0,0,0,0,32,-56,100,0,1,1,2,2417,-56,0,0,192,fdi,FDI
1693963570,2076,62,1,1,8,8,0,60,0,0,2,12,1,2671372690,2,0,0,0,0,0,0,32,-32,57,1,0,6,2,2417,-32,0,0,20,fdi,FDI
1693963570,2079,117,1,1,8,8,0,44,0,113,2,8,1,2035990773,2,0,0,0,0,0,19,32,-8,69,1,0,54,2,2417,-8,0,0,20,fdi,FDI
1693963570,2081,266,0,0,13,13,0,48,0,330,2,8,34,4262808692,2,0,0,0,0,0,168,32,-28,81,1,0,18,2,2417,-28,0,0,20,fdi,FDI
1693963570,2083,140,0,0,41,41,0,0,0,1893,0,8,0,3118633848,2,0,0,0,0,0,0,32,-74,100,0,1,1,2,2417,-74,0,0,192,fdi,FDI
1693963570,2084,62,1,1,8,8,0,60,0,0,2,12,1,2671372690,2,0,0,0,0,0,0,32,-28,45,1,0,6,2,2417,-28,0,0,20,fdi,FDI
1693963570,2086,111,0,0,13,13,0,48,0,331,2,8,34,1886578346,2,0,0,0,0,0,13,32,-28,72,1,0,18,2,2417,-28,0,0,20,fdi,FDI
1693963570,2088,266,0,0,13,13,0,48,0,332,2,8,34,1800591884,2,0,0,0,0,0,168,32,-28,72,1,0,18,2,2417,-28,0,0,20,fdi,FDI
1693963570,2090,140,0,0,41,41,0,0,0,1894,0,8,0,1951037658,2,0,0,0,0,0,0,32,-82,100,0,1,1,2,2417,-82,0,0,192,fdi,FDI
1693963570,2091,62,1,1,8,8,0,60,0,0,2,12,1,2671372690,2,0,0,0,0,0,0,32,-32,48,1,0,6,2,2417,-32,0,0,20,fdi,FDI
1693963570,2095,266,0,0,13,13,0,48,0,333,2,8,42,3860617901,2,0,0,0,0,0,168,32,-24,72,1,0,18,2,2417,-24,0,0,20,fdi,FDI
1693963570,2097,62,1,1,8,8,0,60,0,0,2,12,1,2671372690,2,0,0,0,0,0,0,32,-30,54,1,0,6,2,2417,-30,0,0,20,fdi,FDI
1693963570,2099,267,0,0,13,13,0,48,0,334,2,8,34,3094971636,2,0,0,0,0,0,169,32,-24,81,1,0,18,2,2417,-24,0,0,20,fdi,FDI
1693963570,2101,140,0,0,41,41,0,0,0,1896,0,8,0,140280827,2,0,0,0,0,0,0,32,-82,100,0,1,1,2,2417,-82,0,0,192,fdi,FDI
1693963570,2102,62,1,1,8,8,0,60,0,0,2,12,1,2671372690,2,0,0,0,0,0,0,32,-28,54,1,0,6,2,2417,-28,0,0,20,fdi,FDI
1693963571,2104,140,0,0,41,41,0,0,0,1897,0,8,0,3192833898,2,0,0,0,0,0,0,32,-54,100,0,1,1,2,2417,-54,0,0,192,fdi,FDI
1693963571,2105,62,1,1,8,8,0,60,0,0,2,12,1,2671372690,2,0,0,0,0,0,0,32,-34,45,1,0,6,2,2417,-34,0,0,20,fdi,FDI
1693963571,2107,266,0,0,13,13,0,48,0,336,2,8,34,3609290207,2,0,0,0,0,0,168,32,-22,81,1,0,18,2,2417,-22,0,0,20,fdi,FDI
1693963571,2109,140,0,0,41,41,0,0,0,1898,0,8,0,4016194857,2,0,0,0,0,0,0,32,-58,100,0,1,1,2,2417,-58,0,0,192,fdi,FDI
1693963571,2110,62,1,1,8,8,0,60,0,0,2,12,1,2671372690,2,0,0,0,0,0,0,32,-28,54,1,0,6,2,2417,-28,0,0,20,fdi,FDI
1693963571,2112,100,0,0,13,13,0,48,0,337,2,8,34,2359285445,2,0,0,0,0,0,2,32,-22,75,1,0,18,2,2417,-22,0,0,20,fdi,FDI
1693963571,2113,267,0,0,13,13,0,48,0,338,2,8,34,4181728647,2,0,0,0,0,0,169,32,-24,78,1,0,18,2,2417,-24,0,0,20,fdi,FDI
1693963571,2115,140,0,0,41,41,0,0,0,1899,0,8,0,3407034342,2,0,0,0,0,0,0,32,-78,100,0,1,1,2,2417,-78,0,0,192,fdi,FDI
1693963571,2116,62,1,1,8,8,0,60,0,0,2,12,1,2671372690,2,0,0,0,0,0,0,32,-32,48,1,0,6,2,2417,-32,0,0,20,fdi,FDI
1693963571,2118,266,0,0,13,13,0,48,0,339,2,8,34,427487272,2,0,0,0,0,0,168,32,-26,72,1,0,18,2,2417,-26,0,0,20,fdi,FDI
1693963571,2119,140,0,0,41,41,0,0,0,1900,0,8,0,1633880092,2,0,0,0,0,0,0,32,-84,100,0,1,1,2,2417,-84,0,0,192,fdi,FDI
1693963571,2120,62,1,1,8,8,0,60,0,0,2,12,1,2671372690,2,0,0,0,0,0,0,32,-32,57,1,0,6,2,2417,-32,0,0,20,fdi,FDI
1693963571,2122,267,0,0,13,13,0,48,0,340,2,8,34,531423382,2,0,0,0,0,0,169,32,-24,81,1,0,18,2,2417,-24,0,0,20,fdi,FDI
1693963571,2124,117,1,1,8,8,0,44,0,114,2,8,1,2995675116,2,0,0,0,0,0,19,32,-8,72,1,0,54,2,2417,-8,0,0,20,fdi,FDI
1693963571,2126,140,0,0,41,41,0,0,0,1901,0,8,0,3591327060,2,0,0,0,0,0,0,32,-76,100,0,1,1,2,2417,-76,0,0,192,fdi,FDI
1693963571,2127,62,1,1,8,8,0,60,0,0,2,12,1,2671372690,2,0,0,0,0,0,0,32,-32,45,1,0,6,2,2417,-32,0,0,20,fdi,FDI
1693963571,2129,110,0,0,13,13,0,48,0,341,2,8,34,1178745875,2,0,0,0,0,0,12,32,-22,72,1,0,18,2,2417,-22,0,0,20,fdi,FDI
1693963571,2132,267,0,0,13,13,0,48,0,342,2,8,34,2091192068,2,0,0,0,0,0,169,32,-24,75,1,0,18,2,2417,-24,0,0,20,fdi,FDI
1693963571,2134,140,0,0,41,41,0,0,0,1902,0,8,0,2065082241,2,0,0,0,0,0,0,32,-54,100,0,1,1,2,2417,-54,0,0,192,fdi,FDI
1693963571,2135,62,1,1,8,8,0,60,0,0,2,12,1,2671372690,2,0,0,0,0,0,0,32,-36,54,1,0,6,2,2417,-36,0,0,20,fdi,FDI
1693963571,2137,100,0,0,13,13,0,48,0,343,2,8,34,659689279,2,0,0,0,0,0,2,32,-20,84,1,0,18,2,2417,-20,0,0,20,fdi,FDI
1693963571,2139,267,0,0,13,13,0,48,0,344,2,8,34,3890811605,2,0,0,0,0,0,169,32,-24,75,1,0,18,2,2417,-24,0,0,20,fdi,FDI
1693963571,2141,140,0,0,41,41,0,0,0,1903,0,8,0,2142797871,2,0,0,0,0,0,0,32,-78,100,0,1,1,2,2417,-78,0,0,192,fdi,FDI
1693963571,2142,62,1,1,8,8,0,60,0,0,2,12,1,2671372690,2,0,0,0,0,0,0,32,-40,48,1,0,6,2,2417,-40,0,0,20,fdi,FDI
1693963571,2144,111,0,0,13,13,0,48,0,345,2,8,34,2206043259,2,0,0,0,0,0,13,32,-24,75,1,0,18,2,2417,-24,0,0,20,fdi,FDI
1693963571,2146,265,0,0,13,13,0,48,0,346,2,8,34,3552448831,2,0,0,0,0,0,167,32,-22,81,1,0,18,2,2417,-22,0,0,20,fdi,FDI
1693963571,2148,140,0,0,41,41,0,0,0,1904,0,8,0,3809605324,2,0,0,0,0,0,0,32,-76,100,0,1,1,2,2417,-76,0,0,192,fdi,FDI
1693963571,2149,62,1,1,8,8,0,60,0,0,2,12,1,2671372690,2,0,0,0,0,0,0,32,-32,48,1,0,6,2,2417,-32,0,0,20,fdi,FDI
1693963571,2151,117,1,1,8,8,0,44,0,115,2,8,1,945650446,2,0,0,0,0,0,19,32,-8,78,1,0,54,2,2417,-8,0,0,20,fdi,FDI
1693963571,2154,269,0,0,13,13,0,48,0,347,2,8,34,135113425,2,0,0,0,0,0,171,32,-20,75,1,0,18,2,2417,-20,0,0,20,fdi,FDI
1693963571,2157,140,0,0,41,41,0,0,0,1905,0,8,0,2195299177,2,0,0,0,0,0,0,32,-86,100,0,1,1,2,2417,-86,0,0,192,fdi,FDI
1693963571,2158,62,1,1,8,8,0,60,0,0,2,12,1,2671372690,2,0,0,0,0,0,0,32,-32,48,1,0,6,2,2417,-32,0,0,20,fdi,FDI
1693963571,2160,100,0,0,13,13,0,48,0,348,2,8,34,3613456425,2,0,0,0,0,0,2,32,-22,84,1,0,18,2,2417,-22,0,0,20,fdi,FDI
1693963571,2162,268,0,0,13,13,0,48,0,349,2,8,34,1766520961,2,0,0,0,0,0,170,32,-22,78,1,0,18,2,2417,-22,0,0,20,fdi,FDI
1693963571,2164,140,0,0,41,41,0,0,0,1906,0,8,0,814083977,2,0,0,0,0,0,0,32,-56,100,0,1,1,2,2417,-56,0,0,192,fdi,FDI
1693963571,2165,62,1,1,8,8,0,60,0,0,2,12,1,2671372690,2,0,0,0,0,0,0,32,-36,45,1,0,6,2,2417,-36,0,0,20,fdi,FDI
1693963572,2169,267,0,0,13,13,0,48,0,350,2,8,34,491970176,2,0,0,0,0,0,169,32,-22,72,1,0,18,2,2417,-22,0,0,20,fdi,FDI
1693963572,2171,140,0,0,41,41,0,0,0,1907,0,8,0,2816377034,2,0,0,0,0,0,0,32,-86,100,0,1,1,2,2417,-86,0,0,192,fdi,FDI
1693963572,2172,62,1,1,8,8,0,60,0,0,2,12,1,2671372690,2,0,0,0,0,0,0,32,-36,45,1,0,6,2,2417,-36,0,0,20,fdi,FDI
1693963572,2174,117,1,1,8,8,0,44,0,116,2,8,1,2550521815,2,0,0,0,0,0,19,32,-10,63,1,0,54,2,2417,-10,0,0,20,fdi,FDI
1693963572,2176,266,0,0,13,13,0,48,0,351,2,8,34,2636551666,2,0,0,0,0,0,168,32,-24,81,1,0,18,2,2417,-24,0,0,20,fdi,FDI
1693963572,2179,140,0,0,41,41,0,0,0,1908,0,8,0,2255836218,2,0,0,0,0,0,0,32,-86,100,0,1,1,2,2417,-86,0,0,192,fdi,FDI
1693963572,2180,62,1,1,8,8,0,60,0,0,2,12,1,2671372690,2,0,0,0,0,0,0,32,-32,48,1,0,6,2,2417,-32,0,0,20,fdi,FDI
1693963572,2182,266,0,0,13,13,0,48,0,352,2,8,34,1911056704,2,0,0,0,0,0,168,32,-20,81,1,0,18,2,2417,-20,0,0,20,fdi,FDI
1693963572,2184,140,0,0,41,41,0,0,0,1909,0,8,0,2835572179,2,0,0,0,0,0,0,32,-74,100,0,1,1,2,2417,-74,0,0,192,fdi,FDI
1693963572,2185,62,1,1,8,8,0,60,0,0,2,12,1,2671372690,2,0,0,0,0,0,0,32,-36,42,1,0,6,2,2417,-36,0,0,20,fdi,FDI
1693963572,2187,265,0,0,13,13,0,48,0,353,2,8,34,875885087,2,0,0,0,0,0,167,32,-24,81,1,0,18,2,2417,-24,0,0,20,fdi,FDI
1693963572,2189,140,0,0,41,41,0,0,0,1910,0,8,0,2533865601,2,0,0,0,0,0,0,32,-84,100,0,1,1,2,2417,-84,0,0,192,fdi,FDI
1693963572,2190,62,1,1,8,8,0,60,0,0,2,12,1,2671372690,2,0,0,0,0,0,0,32,-40,42,1,0,6,2,2417,-40,0,0,20,fdi,FDI
1693963572,2192,266,0,0,13,13,0,48,0,354,2,8,34,991788755,2,0,0,0,0,0,168,32,-24,87,1,0,18,2,2417,-24,0,0,20,fdi,FDI
1693963572,2194,140,0,0,41,41,0,0,0,1911,0,8,0,1942238836,2,0,0,0,0,0,0,32,-54,100,0,1,1,2,2417,-54,0,0,192,fdi,FDI
1693963572,2195,62,1,1,8,8,0,60,0,0,2,12,1,2671372690,2,0,0,0,0,0,0,32,-36,45,1,0,6,2,2417,-36,0,0,20,fdi,FDI
1693963572,2197,140,0,0,41,41,0,0,0,1912,0,8,0,2895415610,2,0,0,0,0,0,0,32,-56,100,0,1,1,2,2417,-56,0,0,192,fdi,FDI
1693963572,2198,62,1,1,8,8,0,60,0,0,2,12,1,2671372690,2,0,0,0,0,0,0,32,-36,45,1,0,6,2,2417,-36,0,0,20,fdi,FDI
1693963572,2200,265,0,0,13,13,0,48,0,356,2,8,34,1483497687,2,0,0,0,0,0,167,32,-22,87,1,0,18,2,2417,-22,0,0,20,fdi,FDI
1693963572,2203,140,0,0,41,41,0,0,0,1913,0,8,0,3851960999,2,0,0,0,0,0,0,32,-58,100,0,1,1,2,2417,-58,0,0,192,fdi,FDI
1693963572,2204,62,1,1,8,8,0,60,0,0,2,12,1,2671372690,2,0,0,0,0,0,0,32,-38,36,1,0,6,2,2417,-38,0,0,20,fdi,FDI
1693963572,2205,62,1,1,8,8,0,60,0,0,2,12,1,2671372690,2,0,0,0,0,0,0,32,-8,54,1,0,6,2,2417,-8,0,0,20,fdi,FDI
1693963572,2207,111,0,0,13,13,0,48,0,357,2,8,34,1666674628,2,0,0,0,0,0,13,32,-22,81,1,0,18,2,2417,-22,0,0,20,fdi,FDI
1693963572,2208,111,0,0,13,13,0,48,0,357,2,8,42,887913496,2,0,0,0,0,0,13,32,-20,72,1,0,12,2,2417,-20,0,0,20,fdi,FDI
1693963572,2209,111,0,0,13,13,0,48,0,357,2,8,42,887913496,2,0,0,0,0,0,13,32,-20,87,1,0,12,2,2417,-20,0,0,20,fdi,FDI
1693963572,2210,111,0,0,13,13,0,60,0,357,2,8,42,2392455638,2,0,0,0,0,0,13,32,-22,81,1,0,9,2,2417,-22,0,0,20,fdi,FDI
1693963572,2212,270,0,0,13,13,0,48,0,358,2,8,34,379158333,2,0,0,0,0,0,172,32,-20,81,1,0,18,2,2417,-20,0,0,20,fdi,FDI
1693963572,2214,140,0,0,41,41,0,0,0,1914,0,8,0,4136596145,2,0,0,0,0,0,0,32,-82,100,0,1,1,2,2417,-82,0,0,192,fdi,FDI
1693963572,2215,62,1,1,8,8,0,60,0,0,2,12,1,2671372690,2,0,0,0,0,0,0,32,-34,57,1,0,6,2,2417,-34,0,0,20,fdi,FDI
1693963572,2217,269,0,0,13,13,0,48,0,359,2,8,34,469892786,2,0,0,0,0,0,171,32,-22,78,1,0,18,2,2417,-22,0,0,20,fdi,FDI
1693963572,2219,140,0,0,41,41,0,0,0,1915,0,8,0,1340872492,2,0,0,0,0,0,0,32,-68,100,0,1,1,2,2417,-68,0,0,192,fdi,FDI
1693963572,2220,100,0,0,13,13,0,48,0,360,2,8,34,2344474909,2,0,0,0,0,0,2,32,-20,81,1,0,18,2,2417,-20,0,0,20,fdi,FDI
1693963572,2222,267,0,0,13,13,0,48,0,361,2,8,34,3091886712,2,0,0,0,0,0,169,32,-22,78,1,0,18,2,2417,-22,0,0,20,fdi,FDI
1693963572,2224,140,0,0,41,41,0,0,0,1916,0,8,0,1609407649,2,0,0,0,0,0,0,32,-80,100,0,1,1,2,2417,-80,0,0,192,fdi,FDI
1693963572,2225,62,1,1,8,8,0,60,0,0,2,12,1,2671372690,2,0,0,0,0,0,0,32,-40,48,1,0,6,2,2417,-40,0,0,20,fdi,FDI
1693963573,2227,269,0,0,13,13,0,48,0,362,2,8,34,2538926318,2,0,0,0,0,0,171,32,-24,78,1,0,18,2,2417,-24,0,0,20,fdi,FDI
1693963573,2229,140,0,0,41,41,0,0,0,1917,0,8,0,2252339275,2,0,0,0,0,0,0,32,-54,100,0,1,1,2,2417,-54,0,0,192,fdi,FDI
1693963573,2230,62,1,1,8,8,0,60,0,0,2,12,1,2671372690,2,0,0,0,0,0,0,32,-40,42,1,0,6,2,2417,-40,0,0,20,fdi,FDI
1693963573,2231,117,1,1,8,8,0,44,0,117,2,8,1,2141806738,2,0,0,0,0,0,19,32,-10,72,1,0,54,2,2417,-10,0,0,20,fdi,FDI
1693963573,2234,266,0,0,13,13,0,48,0,363,2,8,34,3308834964,2,0,0,0,0,0,168,32,-24,75,1,0,18,2,2417,-24,0,0,20,fdi,FDI
1693963573,2236,140,0,0,41,41,0,0,0,1918,0,8,0,4133114330,2,0,0,0,0,0,0,32,-54,100,0,1,1,2,2417,-54,0,0,192,fdi,FDI
1693963573,2237,62,1,1,8,8,0,60,0,0,2,12,1,2671372690,2,0,0,0,0,0,0,32,-46,42,1,0,6,2,2417,-46,0,0,20,fdi,FDI
1693963573,2240,100,0,0,13,13,0,48,0,364,2,8,34,3478265139,2,0,0,0,0,0,2,32,-24,81,1,0,18,2,2417,-24,0,0,20,fdi,FDI
1693963573,2242,266,0,0,13,13,0,48,0,365,2,8,34,1934835228,2,0,0,0,0,0,168,32,-24,81,1,0,18,2,2417,-24,0,0,20,fdi,FDI
1693963573,2244,140,0,0,41,41,0,0,0,1919,0,8,0,1094063250,2,0,0,0,0,0,0,32,-80,100,0,1,1,2,2417,-80,0,0,192,fdi,FDI
1693963573,2245,62,1,1,8,8,0,60,0,0,2,12,1,2671372690,2,0,0,0,0,0,0,32,-38,48,1,0,6,2,2417,-38,0,0,20,fdi,FDI
1693963573,2248,267,0,0,13,13,0,48,0,366,2,8,34,3582075202,2,0,0,0,0,0,169,32,-24,81,1,0,18,2,2417,-24,0,0,20,fdi,FDI
1693963573,2250,140,0,0,41,41,0,0,0,1920,0,8,0,4228903849,2,0,0,0,0,0,0,32,-56,100,0,1,1,2,2417,-56,0,0,192,fdi,FDI
1693963573,2251,62,1,1,8,8,0,60,0,0,2,12,1,2671372690,2,0,0,0,0,0,0,32,-34,48,1,0,6,2,2417,-34,0,0,20,fdi,FDI
1693963573,2253,117,1,1,8,8,0,44,0,118,2,8,1,13109949,2,0,0,0,0,0,19,32,-10,81,1,0,54,2,2417,-10,0,0,20,fdi,FDI
1693963573,2255,266,0,0,13,13,0,48,0,367,2,8,34,818452548,2,0,0,0,0,0,168,32,-26,87,1,0,18,2,2417,-26,0,0,20,fdi,FDI
1693963573,2257,140,0,0,41,41,0,0,0,1921,0,8,0,2021489707,2,0,0,0,0,0,0,32,-54,100,0,1,1,2,2417,-54,0,0,192,fdi,FDI
1693963573,2258,62,1,1,8,8,0,60,0,0,2,12,1,2671372690,2,0,0,0,0,0,0,32,-48,54,1,0,6,2,2417,-48,0,0,20,fdi,FDI
1693963573,2260,110,0,0,13,13,0,48,0,368,2,8,34,4091137709,2,0,0,0,0,0,12,32,-24,78,1,0,18,2,2417,-24,0,0,20,fdi,FDI
1693963573,2262,266,0,0,13,13,0,48,0,369,2,8,34,317126091,2,0,0,0,0,0,168,32,-24,75,1,0,18,2,2417,-24,0,0,20,fdi,FDI
1693963573,2265,140,0,0,41,41,0,0,0,1922,0,8,0,2616040791,2,0,0,0,0,0,0,32,-66,100,0,1,1,2,2417,-66,0,0,192,fdi,FDI
1693963573,2266,62,1,1,8,8,0,60,0,0,2,12,1,2671372690,2,0,0,0,0,0,0,32,-32,54,1,0,6,2,2417,-32,0,0,20,fdi,FDI
1693963573,2269,266,0,0,13,13,0,48,0,371,2,8,34,1936827611,2,0,0,0,0,0,168,32,-26,75,1,0,18,2,2417,-26,0,0,20,fdi,FDI
1693963573,2271,62,1,1,8,8,0,60,0,0,2,12,1,2671372690,2,0,0,0,0,0,0,32,-30,66,1,0,6,2,2417,-30,0,0,20,fdi,FDI
1693963573,2273,111,0,0,13,13,0,48,0,372,2,8,34,930834388,2,0,0,0,0,0,13,32,-24,69,1,0,18,2,2417,-24,0,0,20,fdi,FDI
1693963573,2275,117,1,1,8,8,0,44,0,119,2,8,1,3744787823,2,0,0,0,0,0,19,32,-10,84,1,0,54,2,2417,-10,0,0,20,fdi,FDI
1693963573,2277,264,0,0,13,13,0,48,0,373,2,8,34,2392995315,2,0,0,0,0,0,166,32,-22,78,1,0,18,2,2417,-22,0,0,20,fdi,FDI
1693963573,2279,140,0,0,41,41,0,0,0,1924,0,8,0,1218724960,2,0,0,0,0,0,0,32,-74,100,0,1,1,2,2417,-74,0,0,192,fdi,FDI
1693963573,2280,62,1,1,8,8,0,60,0,0,2,12,1,2671372690,2,0,0,0,0,0,0,32,-30,54,1,0,6,2,2417,-30,0,0,20,fdi,FDI
1693963573,2282,265,0,0,13,13,0,48,0,374,2,8,34,987922666,2,0,0,0,0,0,167,32,-24,78,1,0,18,2,2417,-24,0,0,20,fdi,FDI
1693963573,2284,100,0,0,13,13,0,48,0,375,2,8,34,3131445492,2,0,0,0,0,0,2,32,-22,78,1,0,18,2,2417,-22,0,0,20,fdi,FDI
1693963573,2286,140,0,0,41,41,0,0,0,1925,0,8,0,576470278,2,0,0,0,0,0,0,32,-54,100,0,1,1,2,2417,-54,0,0,192,fdi,FDI
1693963573,2287,266,0,0,13,13,0,48,0,376,2,8,34,2629463364,2,0,0,0,0,0,168,32,-24,75,1,0,18,2,2417,-24,0,0,20,fdi,FDI
1693963574,2289,140,0,0,41,41,0,0,0,1926,0,8,0,1755081685,2,0,0,0,0,0,0,32,-84,100,0,1,1,2,2417,-84,0,0,192,fdi,FDI
1693963574,2290,62,1,1,8,8,0,60,0,0,2,12,1,2671372690,2,0,0,0,0,0,0,32,-30,54,1,0,6,2,2417,-30,0,0,20,fdi,FDI
1693963574,2292,117,1,1,8,8,0,44,0,120,2,8,1,1492403264,2,0,0,0,0,0,19,32,-12,72,1,0,54,2,2417,-12,0,0,20,fdi,FDI
1693963574,2293,117,1,1,8,8,0,44,0,120,2,8,9,3116926184,2,0,0,0,0,0,19,32,-32,84,1,0,54,2,2417,-32,0,0,20,fdi,FDI
1693963574,2295,267,0,0,13,13,0,48,0,377,2,8,34,3983483822,2,0,0,0,0,0,169,32,-24,84,1,0,18,2,2417,-24,0,0,20,fdi,FDI
1693963574,2297,140,0,0,41,41,0,0,0,1927,0,8,0,3523153480,2,0,0,0,0,0,0,32,-84,100,0,1,1,2,2417,-84,0,0,192,fdi,FDI
1693963574,2298,62,1,1,8,8,0,60,0,0,2,12,1,2671372690,2,0,0,0,0,0,0,32,-30,39,1,0,6,2,2417,-30,0,0,20,fdi,FDI
1693963574,2300,267,0,0,13,13,0,48,0,378,2,8,34,648107680,2,0,0,0,0,0,169,32,-24,81,1,0,18,2,2417,-24,0,0,20,fdi,FDI
1693963574,2302,100,0,0,13,13,0,48,0,379,2,8,34,4076922496,2,0,0,0,0,0,2,32,-24,69,1,0,18,2,2417,-24,0,0,20,fdi,FDI
1693963574,2304,140,0,0,41,41,0,0,0,1928,0,8,0,4244867062,2,0,0,0,0,0,0,32,-78,100,0,1,1,2,2417,-78,0,0,192,fdi,FDI
1693963574,2305,268,0,0,13,13,0,48,0,380,2,8,34,45618994,2,0,0,0,0,0,170,32,-24,78,1,0,18,2,2417,-24,0,0,20,fdi,FDI
1693963574,2307,140,0,0,41,41,0,0,0,1929,0,8,0,2568790319,2,0,0,0,0,0,0,32,-54,100,0,1,1,2,2417,-54,0,0,192,fdi,FDI
1693963574,2308,117,1,1,8,8,0,44,0,121,2,8,1,262395664,2,0,0,0,0,0,19,32,-12,78,1,0,54,2,2417,-12,0,0,20,fdi,FDI
1693963574,2310,140,0,0,41,41,0,0,0,1930,0,8,0,1421101709,2,0,0,0,0,0,0,32,-76,100,0,1,1,2,2417,-76,0,0,192,fdi,FDI
1693963574,2311,62,1,1,8,8,0,60,0,0,2,12,1,2671372690,2,0,0,0,0,0,0,32,-30,42,1,0,6,2,2417,-30,0,0,20,fdi,FDI
1693963574,2313,266,0,0,13,13,0,48,0,382,2,8,34,2597805453,2,0,0,0,0,0,168,32,-20,75,1,0,18,2,2417,-20,0,0,20,fdi,FDI
1693963574,2314,100,0,0,13,13,0,48,0,383,2,8,34,2134463598,2,0,0,0,0,0,2,32,-24,81,1,0,18,2,2417,-24,0,0,20,fdi,FDI
1693963574,2316,140,0,0,41,41,0,0,0,1931,0,8,0,4278112209,2,0,0,0,0,0,0,32,-68,100,0,1,1,2,2417,-68,0,0,192,fdi,FDI
1693963574,2317,267,0,0,13,13,0,48,0,384,2,8,34,3716860000,2,0,0,0,0,0,169,32,-24,78,1,0,18,2,2417,-24,0,0,20,fdi,FDI
1693963574,2321,140,0,0,41,41,0,0,0,1932,0,8,0,154016579,2,0,0,0,0,0,0,32,-56,100,0,1,1,2,2417,-56,0,0,192,fdi,FDI
1693963574,2322,62,1,1,8,8,0,60,0,0,2,12,1,2671372690,2,0,0,0,0,0,0,32,-30,51,1,0,6,2,2417,-30,0,0,20,fdi,FDI
1693963574,2324,267,0,0,13,13,0,48,0,385,2,8,34,2337692023,2,0,0,0,0,0,169,32,-24,84,1,0,18,2,2417,-24,0,0,20,fdi,FDI
1693963574,2326,117,1,1,8,8,0,44,0,122,2,8,1,984956704,2,0,0,0,0,0,19,32,-10,69,1,0,54,2,2417,-10,0,0,20,fdi,FDI
1693963574,2328,140,0,0,41,41,0,0,0,1933,0,8,0,1842954992,2,0,0,0,0,0,0,32,-82,100,0,1,1,2,2417,-82,0,0,192,fdi,FDI
1693963574,2329,62,1,1,8,8,0,60,0,0,2,12,1,2671372690,2,0,0,0,0,0,0,32,-30,33,1,0,6,2,2417,-30,0,0,20,fdi,FDI
1693963574,2331,111,0,0,13,13,0,48,0,386,2,8,34,1520886236,2,0,0,0,0,0,13,32,-24,81,1,0,18,2,2417,-24,0,0,20,fdi,FDI
1693963574,2333,267,0,0,13,13,0,48,0,387,2,8,34,2437117472,2,0,0,0,0,0,169,32,-24,78,1,0,18,2,2417,-24,0,0,20,fdi,FDI
1693963574,2337,140,0,0,41,41,0,0,0,1934,0,8,0,3458725786,2,0,0,0,0,0,0,32,-80,100,0,1,1,2,2417,-80,0,0,192,fdi,FDI
1693963574,2338,62,1,1,8,8,0,60,0,0,2,12,1,2671372690,2,0,0,0,0,0,0,32,-30,39,1,0,6,2,2417,-30,0,0,20,fdi,FDI
1693963574,2340,100,0,0,13,13,0,48,0,388,2,8,34,1648397262,2,0,0,0,0,0,2,32,-20,96,1,0,18,2,2417,-20,0,0,20,fdi,FDI
1693963574,2342,265,0,0,13,13,0,48,0,389,2,8,34,3603174919,2,0,0,0,0,0,167,32,-22,84,1,0,18,2,2417,-22,0,0,20,fdi,FDI
1693963574,2344,140,0,0,41,41,0,0,0,1935,0,8,0,401970032,2,0,0,0,0,0,0,32,-80,100,0,1,1,2,2417,-80,0,0,192,fdi,FDI
1693963574,2345,62,1,1,8,8,0,60,0,0,2,12,1,2671372690,2,0,0,0,0,0,0,32,-28,36,1,0,6,2,2417,-28,0,0,20,fdi,FDI
1693963574,2346,62,1,1,8,8,0,60,0,0,2,12,1,2671372690,2,0,0,0,0,0,0,32,-8,51,1,0,6,2,2417,-8,0,0,20,fdi,FDI
1693963574,2348,267,0,0,13,13,0,48,0,390,2,8,34,2815697987,2,0,0,0,0,0,169,32,-24,81,1,0,18,2,2417,-24,0,0,20,fdi,FDI
1693963574,2350,117,1,1,8,8,0,44,0,123,2,8,1,2932293728,2,0,0,0,0,0,19,32,-12,69,1,0,54,2,2417,-12,0,0,20,fdi,FDI
1693963575,2352,62,1,1,8,8,0,60,0,0,2,12,1,2671372690,2,0,0,0,0,0,0,32,-28,45,1,0,6,2,2417,-28,0,0,20,fdi,FDI
1693963575,2354,266,0,0,13,13,0,48,0,391,2,8,34,615454699,2,0,0,0,0,0,168,32,-20,90,1,0,18,2,2417,-20,0,0,20,fdi,FDI
1693963575,2356,140,0,0,41,41,0,0,0,1937,0,8,0,2603662448,2,0,0,0,0,0,0,32,-80,100,0,1,1,2,2417,-80,0,0,192,fdi,FDI
1693963575,2357,62,1,1,8,8,0,60,0,0,2,12,1,2671372690,2,0,0,0,0,0,0,32,-28,48,1,0,6,2,2417,-28,0,0,20,fdi,FDI
1693963575,2359,265,0,0,13,13,0,48,0,392,2,8,34,3788871563,2,0,0,0,0,0,167,32,-24,81,1,0,18,2,2417,-24,0,0,20,fdi,FDI
1693963575,2361,140,0,0,41,41,0,0,0,1938,0,8,0,908678821,2,0,0,0,0,0,0,32,-54,100,0,1,1,2,2417,-54,0,0,192,fdi,FDI
1693963575,2362,62,1,1,8,8,0,60,0,0,2,12,1,2671372690,2,0,0,0,0,0,0,32,-28,54,1,0,6,2,2417,-28,0,0,20,fdi,FDI
1693963575,2364,265,0,0,13,13,0,48,0,393,2,8,34,4023241269,2,0,0,0,0,0,167,32,-22,78,1,0,18,2,2417,-22,0,0,20,fdi,FDI
1693963575,2366,140,0,0,41,41,0,0,0,1939,0,8,0,847737099,2,0,0,0,0,0,0,32,-80,100,0,1,1,2,2417,-80,0,0,192,fdi,FDI
1693963575,2367,62,1,1,8,8,0,60,0,0,2,12,1,2671372690,2,0,0,0,0,0,0,32,-28,51,1,0,6,2,2417,-28,0,0,20,fdi,FDI
1693963575,2369,268,0,0,13,13,0,48,0,394,2,8,34,1523191521,2,0,0,0,0,0,170,32,-20,78,1,0,18,2,2417,-20,0,0,20,fdi,FDI
1693963575,2371,140,0,0,41,41,0,0,0,1940,0,8,0,2346626608,2,0,0,0,0,0,0,32,-80,100,0,1,1,2,2417,-80,0,0,192,fdi,FDI
1693963575,2372,62,1,1,8,8,0,60,0,0,2,12,1,2671372690,2,0,0,0,0,0,0,32,-28,33,1,0,6,2,2417,-28,0,0,20,fdi,FDI
1693963575,2374,110,0,0,13,13,0,48,0,396,2,8,34,2748638816,2,0,0,0,0,0,12,32,-24,90,1,0,18,2,2417,-24,0,0,20,fdi,FDI
1693963575,2376,140,0,0,41,41,0,0,0,1941,0,8,0,1864179909,2,0,0,0,0,0,0,32,-80,100,0,1,1,2,2417,-80,0,0,192,fdi,FDI
1693963575,2377,62,1,1,8,8,0,60,0,0,2,12,1,2671372690,2,0,0,0,0,0,0,32,-28,39,1,0,6,2,2417,-28,0,0,20,fdi,FDI
1693963575,2379,266,0,0,13,13,0,48,0,397,2,8,34,2179619247,2,0,0,0,0,0,168,32,-24,72,1,0,18,2,2417,-24,0,0,20,fdi,FDI
1693963575,2381,140,0,0,41,41,0,0,0,1942,0,8,0,2189615468,2,0,0,0,0,0,0,32,-80,100,0,1,1,2,2417,-80,0,0,192,fdi,FDI
1693963575,2382,62,1,1,8,8,0,60,0,0,2,12,1,2671372690,2,0,0,0,0,0,0,32,-30,51,1,0,6,2,2417,-30,0,0,20,fdi,FDI
1693963575,2384,266,0,0,13,13,0,48,0,398,2,8,34,3264025190,2,0,0,0,0,0,168,32,-24,84,1,0,18,2,2417,-24,0,0,20,fdi,FDI
1693963575,2386,100,0,0,13,13,0,48,0,399,2,8,34,3974180258,2,0,0,0,0,0,2,32,-22,72,1,0,18,2,2417,-22,0,0,20,fdi,FDI
1693963575,2387,140,0,0,41,41,0,0,0,1943,0,8,0,3900348426,2,0,0,0,0,0,0,32,-84,100,0,1,1,2,2417,-84,0,0,192,fdi,FDI
1693963575,2388,62,1,1,8,8,0,60,0,0,2,12,1,2671372690,2,0,0,0,0,0,0,32,-30,48,1,0,6,2,2417,-30,0,0,20,fdi,FDI
1693963575,2390,111,0,0,13,13,0,48,0,400,2,8,34,1631207666,2,0,0,0,0,0,13,32,-24,81,1,0,18,2,2417,-24,0,0,20,fdi,FDI
1693963575,2392,266,0,0,13,13,0,48,0,401,2,8,34,2239601101,2,0,0,0,0,0,168,32,-22,84,1,0,18,2,2417,-22,0,0,20,fdi,FDI
1693963575,2394,140,0,0,41,41,0,0,0,1944,0,8,0,3931530240,2,0,0,0,0,0,0,32,-80,100,0,1,1,2,2417,-80,0,0,192,fdi,FDI
1693963575,2395,62,1,1,8,8,0,60,0,0,2,12,1,2671372690,2,0,0,0,0,0,0,32,-30,45,1,0,6,2,2417,-30,0,0,20,fdi,FDI
1693963575,2397,266,0,0,13,13,0,48,0,402,2,8,34,3443529263,2,0,0,0,0,0,168,32,-24,78,1,0,18,2,2417,-24,0,0,20,fdi,FDI
1693963575,2400,117,1,1,8,8,0,44,0,124,2,8,1,4218531967,2,0,0,0,0,0,19,32,-10,72,1,0,54,2,2417,-10,0,0,20,fdi,FDI
1693963575,2402,140,0,0,41,41,0,0,0,1945,0,8,0,1395982749,2,0,0,0,0,0,0,32,-82,100,0,1,1,2,2417,-82,0,0,192,fdi,FDI
1693963575,2403,62,1,1,8,8,0,60,0,0,2,12,1,2671372690,2,0,0,0,0,0,0,32,-30,54,1,0,6,2,2417,-30,0,0,20,fdi,FDI
1693963575,2405,265,0,0,13,13,0,48,0,403,2,8,34,1495157921,2,0,0,0,0,0,167,32,-24,75,1,0,18,2,2417,-24,0,0,20,fdi,FDI
1693963576,2407,140,0,0,41,41,0,0,0,1946,0,8,0,1831984335,2,0,0,0,0,0,0,32,-82,81,0,1,1,2,2417,-82,0,0,192,fdi,FDI
1693963576,2408,62,1,1,8,8,0,60,0,0,2,12,1,2671372690,2,0,0,0,0,0,0,32,-30,39,1,0,6,2,2417,-30,0,0,20,fdi,FDI
1693963576,2410,265,0,0,13,13,0,48,0,404,2,8,34,3659039645,2,0,0,0,0,0,167,32,-24,75,1,0,18,2,2417,-24,0,0,20,fdi,FDI
1693963576,2413,134,0,0,24,24,0,320,0,1947,0,5,0,2832833989,2,0,0,0,0,0,0,32,-72,100,0,1,1,2,2417,-72,0,0,192,fdi,FDI
1693963576,2415,140,0,0,41,41,0,0,0,1948,0,8,0,3005334498,2,0,0,0,0,0,0,32,-78,100,0,1,1,2,2417,-78,0,0,192,fdi,FDI
1693963576,2416,62,1,1,8,8,0,60,0,0,2,12,1,2671372690,2,0,0,0,0,0,0,32,-30,54,1,0,6,2,2417,-30,0,0,20,fdi,FDI
1693963576,2418,266,0,0,13,13,0,48,0,405,2,8,34,4060642079,2,0,0,0,0,0,168,32,-24,81,1,0,18,2,2417,-24,0,0,20,fdi,FDI
1693963576,2420,140,0,0,41,41,0,0,0,1949,0,8,0,436071288,2,0,0,0,0,0,0,32,-56,100,0,1,1,2,2417,-56,0,0,192,fdi,FDI
1693963576,2421,62,1,1,8,8,0,60,0,0,2,12,1,2671372690,2,0,0,0,0,0,0,32,-30,54,1,0,6,2,2417,-30,0,0,20,fdi,FDI
1693963576,2423,140,0,0,41,41,0,0,0,1950,0,8,0,2395113755,2,0,0,0,0,0,0,32,-72,100,0,1,1,2,2417,-72,0,0,192,fdi,FDI
1693963576,2424,62,1,1,8,8,0,60,0,0,2,12,1,2671372690,2,0,0,0,0,0,0,32,-30,63,1,0,6,2,2417,-30,0,0,20,fdi,FDI
1693963576,2426,100,0,0,13,13,0,48,0,407,2,8,42,1357325410,2,0,0,0,0,0,2,32,-24,84,1,0,18,2,2417,-24,0,0,20,fdi,FDI
1693963576,2428,269,0,0,13,13,0,48,0,408,2,8,34,2810315718,2,0,0,0,0,0,171,32,-22,90,1,0,18,2,2417,-22,0,0,20,fdi,FDI
1693963576,2430,140,0,0,41,41,0,0,0,1951,0,8,0,1674656504,2,0,0,0,0,0,0,32,-80,100,0,1,1,2,2417,-80,0,0,192,fdi,FDI
1693963576,2431,62,1,1,8,8,0,60,0,0,2,12,1,2671372690,2,0,0,0,0,0,0,32,-30,66,1,0,6,2,2417,-30,0,0,20,fdi,FDI
1693963576,2433,268,0,0,13,13,0,48,0,409,2,8,34,1944831789,2,0,0,0,0,0,170,32,-24,84,1,0,18,2,2417,-24,0,0,20,fdi,FDI
1693963576,2435,117,1,1,8,8,0,44,0,125,2,8,1,4145678030,2,0,0,0,0,0,19,32,-10,66,1,0,54,2,2417,-10,0,0,20,fdi,FDI
1693963576,2437,140,0,0,41,41,0,0,0,1952,0,8,0,2854399773,2,0,0,0,0,0,0,32,-54,100,0,1,1,2,2417,-54,0,0,192,fdi,FDI
1693963576,2438,62,1,1,8,8,0,60,0,0,2,12,1,2671372690,2,0,0,0,0,0,0,32,-28,45,1,0,6,2,2417,-28,0,0,20,fdi,FDI
1693963576,2441,134,0,0,18,18,0,320,0,1953,0,5,0,1808551042,2,0,0,0,0,0,0,32,-20,100,0,1,1,2,2417,-20,0,0,192,fdi,FDI
1693963576,2442,134,0,0,18,18,0,320,0,1953,0,5,8,1255862489,2,0,0,0,0,0,0,32,-20,100,0,1,1,2,2417,-20,0,0,192,fdi,FDI
1693963576,2443,134,0,0,18,18,0,320,0,1953,0,5,8,1490633649,2,0,0,0,0,0,0,32,-68,100,0,1,1,2,2417,-68,0,0,192,fdi,FDI
1693963576,2444,267,0,0,13,13,0,48,0,410,2,8,34,715701468,2,0,0,0,0,0,169,32,-24,84,1,0,18,2,2417,-24,0,0,20,fdi,FDI
1693963576,2451,140,0,0,41,41,0,0,0,1954,0,8,0,4122471838,2,0,0,0,0,0,0,32,-78,100,0,1,1,2,2417,-78,0,0,192,fdi,FDI
1693963576,2452,62,1,1,8,8,0,60,0,0,2,12,1,2671372690,2,0,0,0,0,0,0,32,-26,42,1,0,6,2,2417,-26,0,0,20,fdi,FDI
1693963576,2456,111,0,0,13,13,0,48,0,412,2,8,34,2419756905,2,0,0,0,0,0,13,32,-22,84,1,0,18,2,2417,-22,0,0,20,fdi,FDI
1693963576,2457,140,0,0,41,41,0,0,0,1955,0,8,0,962821683,2,0,0,0,0,0,0,32,-54,100,0,1,1,2,2417,-54,0,0,192,fdi,FDI
1693963576,2458,62,1,1,8,8,0,60,0,0,2,12,1,2671372690,2,0,0,0,0,0,0,32,-30,45,1,0,6,2,2417,-30,0,0,20,fdi,FDI
1693963576,2460,268,0,0,13,13,0,48,0,413,2,8,34,1325174722,2,0,0,0,0,0,170,32,-24,72,1,0,18,2,2417,-24,0,0,20,fdi,FDI
1693963576,2462,140,0,0,41,41,0,0,0,1956,0,8,0,3373426126,2,0,0,0,0,0,0,32,-54,100,0,1,1,2,2417,-54,0,0,192,fdi,FDI
1693963576,2463,271,0,0,13,13,0,48,0,414,2,8,42,948614896,2,0,0,0,0,0,173,32,-22,81,1,0,12,2,2417,-22,0,0,20,fdi,FDI
1693963576,2465,140,0,0,41,41,0,0,0,1957,0,8,0,2122195078,2,0,0,0,0,0,0,32,-58,100,0,1,1,2,2417,-58,0,0,192,fdi,FDI
1693963576,2466,62,1,1,8,8,0,60,0,0,2,12,1,2671372690,2,0,0,0,0,0,0,32,-30,45,1,0,6,2,2417,-30,0,0,20,fdi,FDI
1693963576,2468,100,0,0,13,13,0,48,0,415,2,8,34,3641285039,2,0,0,0,0,0,2,32,-20,81,1,0,18,2,2417,-20,0,0,20,fdi,FDI
1693963576,2470,267,0,0,13,13,0,48,0,416,2,8,34,142003422,2,0,0,0,0,0,169,32,-22,75,1,0,18,2,2417,-22,0,0,20,fdi,FDI
1693963577,2472,140,0,0,41,41,0,0,0,1958,0,8,0,163202680,2,0,0,0,0,0,0,32,-78,100,0,1,1,2,2417,-78,0,0,192,fdi,FDI
1693963577,2473,62,1,1,8,8,0,60,0,0,2,12,1,2671372690,2,0,0,0,0,0,0,32,-30,51,1,0,6,2,2417,-30,0,0,20,fdi,FDI
1693963577,2475,267,0,0,13,13,0,48,0,417,2,8,34,726468894,2,0,0,0,0,0,169,32,-20,84,1,0,18,2,2417,-20,0,0,20,fdi,FDI
1693963577,2477,117,1,1,8,8,0,44,0,126,2,8,1,3255627518,2,0,0,0,0,0,19,32,-10,75,1,0,54,2,2417,-10,0,0,20,fdi,FDI
1693963577,2479,140,0,0,41,41,0,0,0,1959,0,8,0,2037831902,2,0,0,0,0,0,0,32,-74,100,0,1,1,2,2417,-74,0,0,192,fdi,FDI
1693963577,2480,62,1,1,8,8,0,60,0,0,2,12,1,2671372690,2,0,0,0,0,0,0,32,-28,42,1,0,6,2,2417,-28,0,0,20,fdi,FDI
1693963577,2482,140,0,0,41,41,0,0,0,1960,0,8,0,1007288178,2,0,0,0,0,0,0,32,-58,100,0,1,1,2,2417,-58,0,0,192,fdi,FDI
1693963577,2483,62,1,1,8,8,0,60,0,0,2,12,1,2671372690,2,0,0,0,0,0,0,32,-30,45,1,0,6,2,2417,-30,0,0,20,fdi,FDI
1693963577,2485,266,0,0,13,13,0,48,0,419,2,8,34,1145802798,2,0,0,0,0,0,168,32,-22,87,1,0,18,2,2417,-22,0,0,20,fdi,FDI
1693963577,2486,100,0,0,13,13,0,48,0,420,2,8,34,4290024453,2,0,0,0,0,0,2,32,-20,81,1,0,18,2,2417,-20,0,0,20,fdi,FDI
1693963577,2488,140,0,0,41,41,0,0,0,1961,0,8,0,1477892523,2,0,0,0,0,0,0,32,-82,100,0,1,1,2,2417,-82,0,0,192,fdi,FDI
1693963577,2489,62,1,1,8,8,0,60,0,0,2,12,1,2671372690,2,0,0,0,0,0,0,32,-30,48,1,0,6,2,2417,-30,0,0,20,fdi,FDI
1693963577,2491,266,0,0,13,13,0,48,0,421,2,8,34,3609553856,2,0,0,0,0,0,168,32,-24,72,1,0,18,2,2417,-24,0,0,20,fdi,FDI
1693963577,2492,140,0,0,41,41,0,0,0,1962,0,8,0,4231896091,2,0,0,0,0,0,0,32,-80,100,0,1,1,2,2417,-80,0,0,192,fdi,FDI
1693963577,2493,62,1,1,8,8,0,60,0,0,2,12,1,2671372690,2,0,0,0,0,0,0,32,-28,48,1,0,6,2,2417,-28,0,0,20,fdi,FDI
1693963577,2494,62,1,1,8,8,0,60,0,0,2,12,1,2671372690,2,0,0,0,0,0,0,32,-8,42,1,0,6,2,2417,-8,0,0,20,fdi,FDI
1693963577,2496,110,0,0,13,13,0,48,0,423,2,8,34,2873156502,2,0,0,0,0,0,12,32,-24,78,1,0,18,2,2417,-24,0,0,20,fdi,FDI
1693963577,2498,140,0,0,41,41,0,0,0,1963,0,8,0,2529551741,2,0,0,0,0,0,0,32,-74,100,0,1,1,2,2417,-74,0,0,192,fdi,FDI
1693963577,2499,62,1,1,8,8,0,60,0,0,2,12,1,2671372690,2,0,0,0,0,0,0,32,-30,57,1,0,6,2,2417,-30,0,0,20,fdi,FDI
1693963577,2501,100,0,0,13,13,0,48,0,425,2,8,34,2442000375,2,0,0,0,0,0,2,32,-24,75,1,0,18,2,2417,-24,0,0,20,fdi,FDI
1693963577,2503,140,0,0,41,41,0,0,0,1964,0,8,0,2262390747,2,0,0,0,0,0,0,32,-84,100,0,1,1,2,2417,-84,0,0,192,fdi,FDI
1693963577,2504,62,1,1,8,8,0,60,0,0,2,12,1,2671372690,2,0,0,0,0,0,0,32,-30,48,1,0,6,2,2417,-30,0,0,20,fdi,FDI
1693963577,2506,268,0,0,13,13,0,48,0,426,2,8,34,4042746654,2,0,0,0,0,0,170,32,-22,66,1,0,18,2,2417,-22,0,0,20,fdi,FDI
1693963577,2508,117,1,1,8,8,0,44,0,128,2,8,1,3195417116,2,0,0,0,0,0,19,32,-12,84,1,0,54,2,2417,-12,0,0,20,fdi,FDI
1693963577,2510,140,0,0,41,41,0,0,0,1965,0,8,0,1069167174,2,0,0,0,0,0,0,32,-74,100,0,1,1,2,2417,-74,0,0,192,fdi,FDI
1693963577,2511,62,1,1,8,8,0,60,0,0,2,12,1,2671372690,2,0,0,0,0,0,0,32,-30,54,1,0,6,2,2417,-30,0,0,20,fdi,FDI
1693963577,2513,269,0,0,13,13,0,48,0,428,2,8,34,3484240001,2,0,0,0,0,0,171,32,-22,78,1,0,18,2,2417,-22,0,0,20,fdi,FDI
1693963577,2516,140,0,0,41,41,0,0,0,1966,0,8,0,2944683176,2,0,0,0,0,0,0,32,-54,100,0,1,1,2,2417,-54,0,0,192,fdi,FDI
1693963577,2517,62,1,1,8,8,0,60,0,0,2,12,1,2671372690,2,0,0,0,0,0,0,32,-30,45,1,0,6,2,2417,-30,0,0,20,fdi,FDI
1693963577,2519,269,0,0,13,13,0,48,0,429,2,8,34,422465603,2,0,0,0,0,0,171,32,-24,72,1,0,18,2,2417,-24,0,0,20,fdi,FDI
1693963577,2522,140,0,0,41,41,0,0,0,1967,0,8,0,3212592614,2,0,0,0,0,0,0,32,-80,100,0,1,1,2,2417,-80,0,0,192,fdi,FDI
1693963577,2523,62,1,1,8,8,0,60,0,0,2,12,1,2671372690,2,0,0,0,0,0,0,32,-28,63,1,0,6,2,2417,-28,0,0,20,fdi,FDI
1693963577,2525,266,0,0,13,13,0,48,0,431,2,8,34,395146872,2,0,0,0,0,0,168,32,-24,78,1,0,18,2,2417,-24,0,0,20,fdi,FDI
1693963578,2527,117,1,1,8,8,0,44,0,129,2,8,1,1507495257,2,0,0,0,0,0,19,32,-10,84,1,0,54,2,2417,-10,0,0,20,fdi,FDI
1693963578,2529,140,0,0,41,41,0,0,0,1968,0,8,0,3120212967,2,0,0,0,0,0,0,32,-54,100,0,1,1,2,2417,-54,0,0,192,fdi,FDI
1693963578,2530,62,1,1,8,8,0,60,0,0,2,12,1,2671372690,2,0,0,0,0,0,0,32,-30,48,1,0,6,2,2417,-30,0,0,20,fdi,FDI
1693963578,2532,266,0,0,13,13,0,48,0,432,2,8,34,1495188791,2,0,0,0,0,0,168,32,-20,78,1,0,18,2,2417,-20,0,0,20,fdi,FDI
1693963578,2534,140,0,0,41,41,0,0,0,1969,0,8,0,886795911,2,0,0,0,0,0,0,32,-78,100,0,1,1,2,2417,-78,0,0,192,fdi,FDI
1693963578,2535,268,0,0,13,13,0,48,0,433,2,8,34,2456651023,2,0,0,0,0,0,170,32,-24,84,1,0,18,2,2417,-24,0,0,20,fdi,FDI
1693963578,2537,62,1,1,8,8,0,60,0,0,2,12,1,2671372690,2,0,0,0,0,0,0,32,-28,48,1,0,6,2,2417,-28,0,0,20,fdi,FDI
1693963578,2540,140,0,0,41,41,0,0,0,1970,0,8,0,3497394251,2,0,0,0,0,0,0,32,-54,100,0,1,1,2,2417,-54,0,0,192,fdi,FDI
1693963578,2541,62,1,1,8,8,0,60,0,0,2,12,1,2671372690,2,0,0,0,0,0,0,32,-28,45,1,0,6,2,2417,-28,0,0,20,fdi,FDI
1693963578,2544,140,0,0,41,41,0,0,0,1971,0,8,0,3840017856,2,0,0,0,0,0,0,32,-68,100,0,1,1,2,2417,-68,0,0,192,fdi,FDI
1693963578,2545,62,1,1,8,8,0,60,0,0,2,12,1,2671372690,2,0,0,0,0,0,0,32,-30,51,1,0,6,2,2417,-30,0,0,20,fdi,FDI
1693963578,2547,267,0,0,13,13,0,48,0,435,2,8,34,4203898002,2,0,0,0,0,0,169,32,-24,72,1,0,18,2,2417,-24,0,0,20,fdi,FDI
1693963578,2549,100,0,0,13,13,0,48,0,436,2,8,34,1559632064,2,0,0,0,0,0,2,32,-24,81,1,0,18,2,2417,-24,0,0,20,fdi,FDI
1693963578,2551,140,0,0,41,41,0,0,0,1972,0,8,0,2540396286,2,0,0,0,0,0,0,32,-78,100,0,1,1,2,2417,-78,0,0,192,fdi,FDI
1693963578,2552,62,1,1,8,8,0,60,0,0,2,12,1,2671372690,2,0,0,0,0,0,0,32,-30,69,1,0,6,2,2417,-30,0,0,20,fdi,FDI
1693963578,2554,267,0,0,13,13,0,48,0,437,2,8,34,1485164801,2,0,0,0,0,0,169,32,-24,72,1,0,18,2,2417,-24,0,0,20,fdi,FDI
1693963578,2556,117,1,1,8,8,0,44,0,130,2,8,1,2450395712,2,0,0,0,0,0,19,32,-12,87,1,0,54,2,2417,-12,0,0,20,fdi,FDI
1693963578,2558,62,1,1,8,8,0,60,0,0,2,12,1,2671372690,2,0,0,0,0,0,0,32,-30,39,1,0,6,2,2417,-30,0,0,20,fdi,FDI
1693963578,2559,62,1,1,8,8,0,60,0,0,2,12,1,2671372690,2,0,0,0,0,0,0,32,-10,51,1,0,6,2,2417,-10,0,0,20,fdi,FDI
1693963578,2561,269,0,0,13,13,0,48,0,438,2,8,34,4017896528,2,0,0,0,0,0,171,32,-22,75,1,0,18,2,2417,-22,0,0,20,fdi,FDI
1693963578,2563,140,0,0,41,41,0,0,0,1974,0,8,0,1692252034,2,0,0,0,0,0,0,32,-54,100,0,1,1,2,2417,-54,0,0,192,fdi,FDI
1693963578,2564,62,1,1,8,8,0,60,0,0,2,12,1,2671372690,2,0,0,0,0,0,0,32,-30,60,1,0,6,2,2417,-30,0,0,20,fdi,FDI
1693963578,2566,266,0,0,13,13,0,48,0,439,2,8,34,2367895685,2,0,0,0,0,0,168,32,-20,69,1,0,18,2,2417,-20,0,0,20,fdi,FDI
1693963578,2568,100,0,0,13,13,0,48,0,440,2,8,34,3074564774,2,0,0,0,0,0,2,32,-20,78,1,0,18,2,2417,-20,0,0,20,fdi,FDI
1693963578,2570,111,0,0,13,13,0,48,0,441,2,8,34,3795398392,2,0,0,0,0,0,13,32,-22,75,1,0,18,2,2417,-22,0,0,20,fdi,FDI
1693963578,2573,140,0,0,41,41,0,0,0,1975,0,8,0,237358820,2,0,0,0,0,0,0,32,-56,100,0,1,1,2,2417,-56,0,0,192,fdi,FDI
1693963578,2574,62,1,1,8,8,0,60,0,0,2,12,1,2671372690,2,0,0,0,0,0,0,32,-28,57,1,0,6,2,2417,-28,0,0,20,fdi,FDI
1693963578,2576,266,0,0,13,13,0,48,0,442,2,8,34,2269240468,2,0,0,0,0,0,168,32,-20,75,1,0,18,2,2417,-20,0,0,20,fdi,FDI
1693963578,2578,117,1,1,8,8,0,44,0,131,2,8,1,584143305,2,0,0,0,0,0,19,32,-12,75,1,0,54,2,2417,-12,0,0,20,fdi,FDI
1693963578,2580,140,0,0,41,41,0,0,0,1976,0,8,0,635750634,2,0,0,0,0,0,0,32,-70,100,0,1,1,2,2417,-70,0,0,192,fdi,FDI
1693963578,2581,267,0,0,13,13,0,48,0,443,2,8,34,3022257307,2,0,0,0,0,0,169,32,-22,81,1,0,18,2,2417,-22,0,0,20,fdi,FDI
1693963578,2583,62,1,1,8,8,0,60,0,0,2,12,1,2671372690,2,0,0,0,0,0,0,32,-30,54,1,0,6,2,2417,-30,0,0,20,fdi,FDI
1693963579,2585,140,0,0,41,41,0,0,0,1977,0,8,0,3706321249,2,0,0,0,0,0,0,32,-54,100,0,1,1,2,2417,-54,0,0,192,fdi,FDI
1693963579,2586,62,1,1,8,8,0,60,0,0,2,12,1,2671372690,2,0,0,0,0,0,0,32,-30,54,1,0,6,2,2417,-30,0,0,20,fdi,FDI
1693963579,2588,266,0,0,13,13,0,48,0,444,2,8,34,943679093,2,0,0,0,0,0,168,32,-20,84,1,0,18,2,2417,-20,0,0,20,fdi,FDI
1693963579,2590,100,0,0,13,13,0,48,0,445,2,8,34,497820960,2,0,0,0,0,0,2,32,-20,81,1,0,18,2,2417,-20,0,0,20,fdi,FDI
1693963579,2592,140,0,0,41,41,0,0,0,1978,0,8,0,2339277345,2,0,0,0,0,0,0,32,-82,100,0,1,1,2,2417,-82,0,0,192,fdi,FDI
1693963579,2593,62,1,1,8,8,0,60,0,0,2,12,1,2671372690,2,0,0,0,0,0,0,32,-28,51,1,0,6,2,2417,-28,0,0,20,fdi,FDI
1693963579,2595,117,1,1,8,8,0,44,0,132,2,8,1,2944700041,2,0,0,0,0,0,19,32,-12,84,1,0,54,2,2417,-12,0,0,20,fdi,FDI
1693963579,2596,117,1,1,8,8,0,44,0,132,2,8,9,1320701473,2,0,0,0,0,0,19,32,-12,81,1,0,54,2,2417,-12,0,0,20,fdi,FDI
1693963579,2597,117,1,1,8,8,0,44,0,132,2,8,9,1320701473,2,0,0,0,0,0,19,32,-12,100,1,0,48,2,2417,-12,0,0,20,fdi,FDI
1693963579,2598,117,1,1,8,8,0,44,0,132,2,8,9,1320701473,2,0,0,0,0,0,19,32,-10,54,1,0,24,2,2417,-10,0,0,20,fdi,FDI
1693963579,2599,117,1,1,8,8,0,48,0,132,2,8,9,3972351481,2,0,0,0,0,0,19,32,-28,57,1,0,18,2,2417,-28,0,0,20,fdi,FDI
1693963579,2601,140,0,0,41,41,0,0,0,1979,0,8,0,1112582448,2,0,0,0,0,0,0,32,-80,100,0,1,1,2,2417,-80,0,0,192,fdi,FDI
1693963579,2602,266,0,0,13,13,0,48,0,447,2,8,34,2706177294,2,0,0,0,0,0,168,32,-22,78,1,0,18,2,2417,-22,0,0,20,fdi,FDI
1693963579,2604,62,1,1,8,8,0,60,0,0,2,12,1,2671372690,2,0,0,0,0,0,0,32,-28,51,1,0,6,2,2417,-28,0,0,20,fdi,FDI
1693963579,2606,266,0,0,13,13,0,48,0,448,2,8,34,1330818538,2,0,0,0,0,0,168,32,-22,75,1,0,18,2,2417,-22,0,0,20,fdi,FDI
1693963579,2608,62,1,1,8,8,0,60,0,0,2,12,1,2671372690,2,0,0,0,0,0,0,32,-30,33,1,0,6,2,2417,-30,0,0,20,fdi,FDI
1693963579,2611,134,0,0,9,9,0,320,0,1981,0,5,0,2367566698,2,0,0,0,0,0,0,32,-22,100,0,1,1,2,2417,-22,0,0,192,fdi,FDI
1693963579,2612,134,0,0,9,9,0,320,0,1981,0,5,8,4189363619,2,0,0,0,0,0,0,32,-22,100,0,1,1,2,2417,-22,0,0,192,fdi,FDI
1693963579,2613,134,0,0,9,9,0,320,0,1981,0,5,8,2178071339,2,0,0,0,0,0,0,32,-22,100,0,1,1,2,2417,-22,0,0,192,fdi,FDI
1693963579,2614,100,0,0,13,13,0,48,0,449,2,8,34,1358501033,2,0,0,0,0,0,2,32,-22,84,1,0,18,2,2417,-22,0,0,20,fdi,FDI
1693963579,2616,140,0,0,41,41,0,0,0,1982,0,8,0,502561711,2,0,0,0,0,0,0,32,-68,100,0,1,1,2,2417,-68,0,0,192,fdi,FDI
1693963579,2617,266,0,0,13,13,0,48,0,450,2,8,34,2943294710,2,0,0,0,0,0,168,32,-22,81,1,0,18,2,2417,-22,0,0,20,fdi,FDI
1693963579,2619,62,1,1,8,8,0,60,0,0,2,12,1,2671372690,2,0,0,0,0,0,0,32,-30,39,1,0,6,2,2417,-30,0,0,20,fdi,FDI
1693963579,2622,134,0,0,17,17,0,320,0,1983,0,5,0,3164040477,2,0,0,0,0,0,0,32,-22,100,0,1,1,2,2417,-22,0,0,192,fdi,FDI
1693963579,2624,110,0,0,13,13,0,48,0,451,2,8,34,801457137,2,0,0,0,0,0,12,32,-22,69,1,0,18,2,2417,-22,0,0,20,fdi,FDI
1693963579,2625,134,0,0,17,17,0,320,0,1984,0,5,0,4103598428,2,0,0,0,0,0,0,32,-70,100,0,1,1,2,2417,-70,0,0,192,fdi,FDI
1693963579,2627,134,0,0,17,17,0,320,0,1984,0,5,8,1400222526,2,0,0,0,0,0,0,32,-70,100,0,1,1,2,2417,-70,0,0,192,fdi,FDI
1693963579,2629,110,0,0,13,13,0,48,0,451,2,8,42,4234394245,2,0,0,0,0,0,12,32,-24,78,1,0,18,2,2417,-24,0,0,20,fdi,FDI
1693963579,2632,140,0,0,41,41,0,0,0,1985,0,8,0,170535861,2,0,0,0,0,0,0,32,-54,100,0,1,1,2,2417,-54,0,0,192,fdi,FDI
1693963579,2633,267,0,0,13,13,0,48,0,452,2,8,34,632708238,2,0,0,0,0,0,169,32,-20,75,1,0,18,2,2417,-20,0,0,20,fdi,FDI
1693963579,2635,62,1,1,8,8,0,60,0,0,2,12,1,2671372690,2,0,0,0,0,0,0,32,-28,54,1,0,6,2,2417,-28,0,0,20,fdi,FDI
1693963579,2637,266,0,0,13,13,0,48,0,453,2,8,34,2874598109,2,0,0,0,0,0,168,32,-20,87,1,0,18,2,2417,-20,0,0,20,fdi,FDI
1693963579,2639,140,0,0,41,41,0,0,0,1986,0,8,0,249561403,2,0,0,0,0,0,0,32,-10,100,0,1,1,2,2417,-10,0,0,192,fdi,FDI
1693963579,2640,62,1,1,8,8,0,60,0,0,2,12,1,2671372690,2,0,0,0,0,0,0,32,-26,51,1,0,6,2,2417,-26,0,0,20,fdi,FDI
1693963579,2643,267,0,0,13,13,0,48,0,454,2,8,42,4138141339,2,0,0,0,0,0,169,32,-22,81,1,0,18,2,2417,-22,0,0,20,fdi,FDI
1693963579,2644,62,1,1,8,8,0,60,0,0,2,12,1,2671372690,2,0,0,0,0,0,0,32,-30,36,1,0,6,2,2417,-30,0,0,20,fdi,FDI
1693963579,2645,62,1,1,8,8,0,60,0,0,2,12,1,2671372690,2,0,0,0,0,0,0,32,-8,51,1,0,6,2,2417,-8,0,0,20,fdi,FDI
1693963579,2646,62,1,1,8,8,0,60,0,0,2,12,1,2671372690,2,0,0,0,0,0,0,32,-30,48,1,0,6,2,2417,-30,0,0,20,fdi,FDI
1693963579,2647,62,1,1,8,8,0,60,0,0,2,12,1,2671372690,2,0,0,0,0,0,0,32,-30,48,1,0,6,2,2417,-30,0,0,20,fdi,FDI
1693963579,2648,62,1,1,8,8,0,60,0,0,2,12,1,2671372690,2,0,0,0,0,0,0,32,-28,45,1,0,6,2,2417,-28,0,0,20,fdi,FDI
1693963579,2649,62,1,1,8,8,0,60,0,0,2,12,1,2671372690,2,0,0,0,0,0,0,32,-10,48,1,0,6,2,2417,-10,0,0,20,fdi,FDI
1693963579,2650,62,1,1,8,8,0,60,0,0,2,12,1,2671372690,2,0,0,0,0,0,0,32,-30,48,1,0,6,2,2417,-30,0,0,20,fdi,FDI
1693963579,2651,62,1,1,8,8,0,60,0,0,2,12,1,2671372690,2,0,0,0,0,0,0,32,-10,51,1,0,6,2,2417,-10,0,0,20,fdi,FDI
1693963579,2652,62,1,1,8,8,0,60,0,0,2,12,1,2671372690,2,0,0,0,0,0,0,32,-30,45,1,0,6,2,2417,-30,0,0,20,fdi,FDI
1693963579,2653,267,0,0,13,13,0,48,0,454,2,8,42,4138141339,2,0,0,0,0,0,169,32,-20,69,1,0,12,2,2417,-20,0,0,20,fdi,FDI
1693963579,2654,111,0,0,13,13,0,48,0,455,2,8,34,896466210,2,0,0,0,0,0,13,32,-22,75,1,0,18,2,2417,-22,0,0,20,fdi,FDI
1693963579,2656,267,0,0,13,13,0,48,0,456,2,8,34,11707397,2,0,0,0,0,0,169,32,-22,69,1,0,18,2,2417,-22,0,0,20,fdi,FDI
1693963579,2658,140,0,0,41,41,0,0,0,1988,0,8,0,1412686064,2,0,0,0,0,0,0,32,-78,100,0,1,1,2,2417,-78,0,0,192,fdi,FDI
1693963579,2659,62,1,1,8,8,0,60,0,0,2,12,1,2671372690,2,0,0,0,0,0,0,32,-28,51,1,0,6,2,2417,-28,0,0,20,fdi,FDI
1693963579,2661,266,0,0,13,13,0,48,0,457,2,8,34,3908563653,2,0,0,0,0,0,168,32,-20,72,1,0,18,2,2417,-20,0,0,20,fdi,FDI
1693963579,2663,140,0,0,41,41,0,0,0,1989,0,8,0,1837547608,2,0,0,0,0,0,0,32,-80,100,0,1,1,2,2417,-80,0,0,192,fdi,FDI
1693963579,2664,62,1,1,8,8,0,60,0,0,2,12,1,2671372690,2,0,0,0,0,0,0,32,-30,60,1,0,6,2,2417,-30,0,0,20,fdi,FDI
1693963579,2666,267,0,0,13,13,0,48,0,458,2,8,34,451317281,2,0,0,0,0,0,169,32,-22,78,1,0,18,2,2417,-22,0,0,20,fdi,FDI
1693963580,2668,100,0,0,13,13,0,48,0,459,2,8,34,644366861,2,0,0,0,0,0,2,32,-22,87,1,0,18,2,2417,-22,0,0,20,fdi,FDI
1693963580,2670,140,0,0,41,41,0,0,0,1990,0,8,0,4206469691,2,0,0,0,0,0,0,32,-8,100,0,1,1,2,2417,-8,0,0,192,fdi,FDI
1693963580,2671,62,1,1,8,8,0,60,0,0,2,12,1,2671372690,2,0,0,0,0,0,0,32,-26,48,1,0,6,2,2417,-26,0,0,20,fdi,FDI
1693963580,2673,267,0,0,13,13,0,48,0,460,2,8,34,4105543477,2,0,0,0,0,0,169,32,-22,81,1,0,18,2,2417,-22,0,0,20,fdi,FDI
1693963580,2675,140,0,0,41,41,0,0,0,1991,0,8,0,397021656,2,0,0,0,0,0,0,32,-76,100,0,1,1,2,2417,-76,0,0,192,fdi,FDI
1693963580,2676,62,1,1,8,8,0,60,0,0,2,12,1,2671372690,2,0,0,0,0,0,0,32,-30,42,1,0,6,2,2417,-30,0,0,20,fdi,FDI
1693963580,2678,267,0,0,13,13,0,48,0,461,2,8,34,1691015672,2,0,0,0,0,0,169,32,-20,81,1,0,18,2,2417,-20,0,0,20,fdi,FDI
1693963580,2680,117,1,1,8,8,0,44,0,134,2,8,1,1285356129,2,0,0,0,0,0,19,32,-12,75,1,0,54,2,2417,-12,0,0,20,fdi,FDI
1693963580,2682,140,0,0,41,41,0,0,0,1992,0,8,0,1746649512,2,0,0,0,0,0,0,32,-82,100,0,1,1,2,2417,-82,0,0,192,fdi,FDI
1693963580,2683,62,1,1,8,8,0,60,0,0,2,12,1,2671372690,2,0,0,0,0,0,0,32,-30,54,1,0,6,2,2417,-30,0,0,20,fdi,FDI
1693963580,2685,140,0,0,41,41,0,0,0,1993,0,8,0,187064298,2,0,0,0,0,0,0,32,-86,100,0,1,1,2,2417,-86,0,0,192,fdi,FDI
1693963580,2686,62,1,1,8,8,0,60,0,0,2,12,1,2671372690,2,0,0,0,0,0,0,32,-30,45,1,0,6,2,2417,-30,0,0,20,fdi,FDI
1693963580,2688,267,0,0,13,13,0,48,0,464,2,8,34,2218136775,2,0,0,0,0,0,169,32,-24,81,1,0,18,2,2417,-24,0,0,20,fdi,FDI
1693963580,2690,140,0,0,41,41,0,0,0,1994,0,8,0,1868395539,2,0,0,0,0,0,0,32,-80,100,0,1,1,2,2417,-80,0,0,192,fdi,FDI
1693963580,2691,62,1,1,8,8,0,60,0,0,2,12,1,2671372690,2,0,0,0,0,0,0,32,-30,54,1,0,6,2,2417,-30,0,0,20,fdi,FDI
1693963580,2693,266,0,0,13,13,0,48,0,465,2,8,34,1110549756,2,0,0,0,0,0,168,32,-24,84,1,0,18,2,2417,-24,0,0,20,fdi,FDI
1693963580,2695,117,1,1,8,8,0,44,0,135,2,8,1,2472549811,2,0,0,0,0,0,19,32,-12,93,1,0,54,2,2417,-12,0,0,20,fdi,FDI
1693963580,2697,140,0,0,41,41,0,0,0,1995,0,8,0,2727449233,2,0,0,0,0,0,0,32,-80,100,0,1,1,2,2417,-80,0,0,192,fdi,FDI
1693963580,2698,62,1,1,8,8,0,60,0,0,2,12,1,2671372690,2,0,0,0,0,0,0,32,-30,48,1,0,6,2,2417,-30,0,0,20,fdi,FDI
1693963580,2700,267,0,0,13,13,0,48,0,466,2,8,34,2946246842,2,0,0,0,0,0,169,32,-26,75,1,0,18,2,2417,-26,0,0,20,fdi,FDI
1693963580,2702,140,0,0,41,41,0,0,0,1996,0,8,0,1379935593,2,0,0,0,0,0,0,32,-66,100,0,1,1,2,2417,-66,0,0,192,fdi,FDI
1693963580,2703,62,1,1,8,8,0,60,0,0,2,12,1,2671372690,2,0,0,0,0,0,0,32,-30,42,1,0,6,2,2417,-30,0,0,20,fdi,FDI
1693963580,2705,100,0,0,13,13,0,48,0,467,2,8,34,712061056,2,0,0,0,0,0,2,32,-26,72,1,0,18,2,2417,-26,0,0,20,fdi,FDI
1693963580,2707,268,0,0,13,13,0,48,0,468,2,8,34,4261262436,2,0,0,0,0,0,170,32,-26,69,1,0,18,2,2417,-26,0,0,20,fdi,FDI
1693963580,2711,140,0,0,41,41,0,0,0,1997,0,8,0,225488997,2,0,0,0,0,0,0,32,-68,100,0,1,1,2,2417,-68,0,0,192,fdi,FDI
1693963580,2712,111,0,0,13,13,0,48,0,469,2,8,34,1143871620,2,0,0,0,0,0,13,32,-26,84,1,0,18,2,2417,-26,0,0,20,fdi,FDI
1693963580,2714,62,1,1,8,8,0,60,0,0,2,12,1,2671372690,2,0,0,0,0,0,0,32,-30,48,1,0,6,2,2417,-30,0,0,20,fdi,FDI
1693963580,2716,267,0,0,13,13,0,48,0,470,2,8,34,1696600316,2,0,0,0,0,0,169,32,-26,69,1,0,18,2,2417,-26,0,0,20,fdi,FDI
1693963580,2718,117,1,1,8,8,0,44,0,136,2,8,1,1523868938,2,0,0,0,0,0,19,32,-12,81,1,0,54,2,2417,-12,0,0,20,fdi,FDI
1693963580,2720,140,0,0,41,41,0,0,0,1998,0,8,0,1218431976,2,0,0,0,0,0,0,32,-80,100,0,1,1,2,2417,-80,0,0,192,fdi,FDI
1693963580,2721,267,0,0,13,13,0,48,0,471,2,8,34,2526697163,2,0,0,0,0,0,169,32,-26,78,1,0,18,2,2417,-26,0,0,20,fdi,FDI
1693963580,2723,140,0,0,41,41,0,0,0,1999,0,8,0,380003719,2,0,0,0,0,0,0,32,-82,100,0,1,1,2,2417,-82,0,0,192,fdi,FDI
1693963581,2724,140,0,0,41,41,0,0,0,2000,0,8,0,71174638,2,0,0,0,0,0,0,32,-74,100,0,1,1,2,2417,-74,0,0,192,fdi,FDI
1693963581,2725,62,1,1,8,8,0,60,0,0,2,12,1,2671372690,2,0,0,0,0,0,0,32,-30,42,1,0,6,2,2417,-30,0,0,20,fdi,FDI
1693963581,2727,266,0,0,13,13,0,48,0,473,2,8,34,1871782793,2,0,0,0,0,0,168,32,-24,72,1,0,18,2,2417,-24,0,0,20,fdi,FDI
1693963581,2729,140,0,0,41,41,0,0,0,2001,0,8,0,2934055284,2,0,0,0,0,0,0,32,-78,100,0,1,1,2,2417,-78,0,0,192,fdi,FDI
1693963581,2730,62,1,1,8,8,0,60,0,0,2,12,1,2671372690,2,0,0,0,0,0,0,32,-30,51,1,0,6,2,2417,-30,0,0,20,fdi,FDI
1693963581,2733,266,0,0,13,13,0,48,0,474,2,8,34,4112702893,2,0,0,0,0,0,168,32,-24,78,1,0,18,2,2417,-24,0,0,20,fdi,FDI
1693963581,2738,140,0,0,41,41,0,0,0,2002,0,8,0,1501838602,2,0,0,0,0,0,0,32,-84,100,0,1,1,2,2417,-84,0,0,192,fdi,FDI
1693963581,2739,62,1,1,8,8,0,60,0,0,2,12,1,2671372690,2,0,0,0,0,0,0,32,-30,45,1,0,6,2,2417,-30,0,0,20,fdi,FDI
1693963581,2741,266,0,0,13,13,0,48,0,475,2,8,34,3131082148,2,0,0,0,0,0,168,32,-24,72,1,0,18,2,2417,-24,0,0,20,fdi,FDI
1693963581,2743,100,0,0,13,13,0,48,0,476,2,8,34,2823075456,2,0,0,0,0,0,2,32,-24,78,1,0,18,2,2417,-24,0,0,20,fdi,FDI
1693963581,2746,140,0,0,41,41,0,0,0,2003,0,8,0,500161119,2,0,0,0,0,0,0,32,-54,100,0,1,1,2,2417,-54,0,0,192,fdi,FDI
1693963581,2747,62,1,1,8,8,0,60,0,0,2,12,1,2671372690,2,0,0,0,0,0,0,32,-28,45,1,0,6,2,2417,-28,0,0,20,fdi,FDI
1693963581,2751,266,0,0,13,13,0,48,0,477,2,8,34,2745477914,2,0,0,0,0,0,168,32,-22,84,1,0,18,2,2417,-22,0,0,20,fdi,FDI
1693963581,2753,117,1,1,8,8,0,44,0,137,2,8,1,1136307558,2,0,0,0,0,0,19,32,-12,72,1,0,54,2,2417,-12,0,0,20,fdi,FDI
1693963581,2757,140,0,0,41,41,0,0,0,2004,0,8,0,2568045245,2,0,0,0,0,0,0,32,-68,100,0,1,1,2,2417,-68,0,0,192,fdi,FDI
1693963581,2758,134,0,0,21,21,0,320,0,2005,0,5,0,1145555939,2,0,0,0,0,0,0,32,-68,100,0,1,1,2,2417,-68,0,0,192,fdi,FDI
1693963581,2760,62,1,1,8,8,0,60,0,0,2,12,1,2671372690,2,0,0,0,0,0,0,32,-30,54,1,0,6,2,2417,-30,0,0,20,fdi,FDI
1693963581,2762,267,0,0,13,13,0,48,0,479,2,8,34,1497049745,2,0,0,0,0,0,169,32,-26,69,1,0,18,2,2417,-26,0,0,20,fdi,FDI
1693963581,2767,134,0,0,6,6,0,320,0,2006,0,5,0,2192985911,2,0,0,0,0,0,0,32,-86,100,0,1,1,2,2417,-86,0,0,192,fdi,FDI
1693963581,2770,140,0,0,41,41,0,0,0,2007,0,8,0,2686212873,2,0,0,0,0,0,0,32,-66,100,0,1,1,2,2417,-66,0,0,192,fdi,FDI
1693963581,2771,62,1,1,8,8,0,60,0,0,2,12,1,2671372690,2,0,0,0,0,0,0,32,-30,45,1,0,6,2,2417,-30,0,0,20,fdi,FDI
1693963581,2774,134,0,0,38,38,0,320,0,2008,0,5,0,3626854245,2,0,0,0,0,0,0,32,-68,100,0,1,1,2,2417,-68,0,0,192,fdi,FDI
1693963581,2775,134,0,0,38,38,0,320,0,2008,0,5,8,1036251113,2,0,0,0,0,0,0,32,-78,100,0,1,1,2,2417,-78,0,0,192,fdi,FDI
1693963581,2776,134,0,0,38,38,0,320,0,2008,0,5,8,2891818094,2,0,0,0,0,0,0,32,-26,100,0,1,1,2,2417,-26,0,0,192,fdi,FDI
1693963581,2777,265,0,0,13,13,0,48,0,480,2,8,34,777969442,2,0,0,0,0,0,167,32,-24,75,1,0,18,2,2417,-24,0,0,20,fdi,FDI
1693963581,2779,140,0,0,41,41,0,0,0,2009,0,8,0,2986186871,2,0,0,0,0,0,0,32,-54,100,0,1,1,2,2417,-54,0,0,192,fdi,FDI
1693963581,2780,62,1,1,8,8,0,60,0,0,2,12,1,2671372690,2,0,0,0,0,0,0,32,-30,45,1,0,6,2,2417,-30,0,0,20,fdi,FDI
1693963581,2783,134,0,0,7,7,0,320,0,2010,0,5,0,4113416946,2,0,0,0,0,0,0,32,-80,100,0,1,1,2,2417,-80,0,0,192,fdi,FDI
1693963581,2785,134,0,0,7,7,0,320,0,2010,0,5,8,2519867813,2,0,0,0,0,0,0,32,-80,100,0,1,1,2,2417,-80,0,0,192,fdi,FDI
1693963581,2787,266,0,0,13,13,0,48,0,481,2,8,34,2085591856,2,0,0,0,0,0,168,32,-24,84,1,0,18,2,2417,-24,0,0,20,fdi,FDI
1693963581,2789,111,0,0,13,13,0,48,0,482,2,8,34,3221433683,2,0,0,0,0,0,13,32,-22,72,1,0,18,2,2417,-22,0,0,20,fdi,FDI
1693963581,2791,140,0,0,41,41,0,0,0,2011,0,8,0,2717075819,2,0,0,0,0,0,0,32,-86,100,0,1,1,2,2417,-86,0,0,192,fdi,FDI
1693963581,2792,62,1,1,8,8,0,60,0,0,2,12,1,2671372690,2,0,0,0,0,0,0,32,-30,54,1,0,6,2,2417,-30,0,0,20,fdi,FDI
1693963581,2794,140,0,0,41,41,0,0,0,2012,0,8,0,906244424,2,0,0,0,0,0,0,32,-84,100,0,1,1,2,2417,-84,0,0,192,fdi,FDI
1693963581,2795,62,1,1,8,8,0,60,0,0,2,12,1,2671372690,2,0,0,0,0,0,0,32,-30,54,1,0,6,2,2417,-30,0,0,20,fdi,FDI
1693963581,2797,268,0,0,13,13,0,48,0,484,2,8,34,3102923649,2,0,0,0,0,0,170,32,-24,84,1,0,18,2,2417,-24,0,0,20,fdi,FDI
1693963581,2799,140,0,0,41,41,0,0,0,2013,0,8,0,30019200,2,0,0,0,0,0,0,32,-78,100,0,1,1,2,2417,-78,0,0,192,fdi,FDI
1693963581,2800,62,1,1,8,8,0,60,0,0,2,12,1,2671372690,2,0,0,0,0,0,0,32,-30,54,1,0,6,2,2417,-30,0,0,20,fdi,FDI
1693963582,2802,267,0,0,13,13,0,48,0,485,2,8,34,743506775,2,0,0,0,0,0,169,32,-24,78,1,0,18,2,2417,-24,0,0,20,fdi,FDI
1693963582,2804,100,0,0,13,13,0,48,0,486,2,8,34,3717423010,2,0,0,0,0,0,2,32,-24,75,1,0,18,2,2417,-24,0,0,20,fdi,FDI
1693963582,2806,140,0,0,41,41,0,0,0,2014,0,8,0,3100468797,2,0,0,0,0,0,0,32,-68,100,0,1,1,2,2417,-68,0,0,192,fdi,FDI
1693963582,2807,62,1,1,8,8,0,60,0,0,2,12,1,2671372690,2,0,0,0,0,0,0,32,-30,57,1,0,6,2,2417,-30,0,0,20,fdi,FDI
1693963582,2809,266,0,0,13,13,0,48,0,487,2,8,34,675316575,2,0,0,0,0,0,168,32,-22,66,1,0,18,2,2417,-22,0,0,20,fdi,FDI
1693963582,2811,117,1,1,8,8,0,44,0,138,2,8,1,2288923263,2,0,0,0,0,0,19,32,-12,96,1,0,54,2,2417,-12,0,0,20,fdi,FDI
1693963582,2813,140,0,0,41,41,0,0,0,2015,0,8,0,3334726233,2,0,0,0,0,0,0,32,-68,100,0,1,1,2,2417,-68,0,0,192,fdi,FDI
1693963582,2814,62,1,1,8,8,0,60,0,0,2,12,1,2671372690,2,0,0,0,0,0,0,32,-30,45,1,0,6,2,2417,-30,0,0,20,fdi,FDI
1693963582,2816,266,0,0,13,13,0,48,0,488,2,8,34,917929679,2,0,0,0,0,0,168,32,-22,72,1,0,18,2,2417,-22,0,0,20,fdi,FDI
1693963582,2818,140,0,0,41,41,0,0,0,2016,0,8,0,1337351360,2,0,0,0,0,0,0,32,-78,100,0,1,1,2,2417,-78,0,0,192,fdi,FDI
1693963582,2819,62,1,1,8,8,0,60,0,0,2,12,1,2671372690,2,0,0,0,0,0,0,32,-30,48,1,0,6,2,2417,-30,0,0,20,fdi,FDI
1693963582,2821,140,0,0,41,41,0,0,0,2017,0,8,0,2447032430,2,0,0,0,0,0,0,32,-76,100,0,1,1,2,2417,-76,0,0,192,fdi,FDI
1693963582,2822,62,1,1,8,8,0,60,0,0,2,12,1,2671372690,2,0,0,0,0,0,0,32,-28,45,1,0,6,2,2417,-28,0,0,20,fdi,FDI
1693963582,2824,266,0,0,13,13,0,48,0,491,2,8,34,948725644,2,0,0,0,0,0,168,32,-22,78,1,0,18,2,2417,-22,0,0,20,fdi,FDI
1693963582,2826,117,1,1,8,8,0,44,0,139,2,8,1,740269430,2,0,0,0,0,0,19,32,-12,72,1,0,54,2,2417,-12,0,0,20,fdi,FDI
1693963582,2828,140,0,0,41,41,0,0,0,2018,0,8,0,3140018238,2,0,0,0,0,0,0,32,-78,100,0,1,1,2,2417,-78,0,0,192,fdi,FDI
1693963582,2829,62,1,1,8,8,0,60,0,0,2,12,1,2671372690,2,0,0,0,0,0,0,32,-28,54,1,0,6,2,2417,-28,0,0,20,fdi,FDI
1693963582,2831,266,0,0,13,13,0,48,0,492,2,8,34,2145057471,2,0,0,0,0,0,168,32,-20,75,1,0,18,2,2417,-20,0,0,20,fdi,FDI
1693963582,2833,266,0,0,13,13,0,48,0,493,2,8,34,3683188206,2,0,0,0,0,0,168,32,-22,69,1,0,18,2,2417,-22,0,0,20,fdi,FDI
1693963582,2835,140,0,0,41,41,0,0,0,2019,0,8,0,2343530483,2,0,0,0,0,0,0,32,-80,100,0,1,1,2,2417,-80,0,0,192,fdi,FDI
1693963582,2836,62,1,1,8,8,0,60,0,0,2,12,1,2671372690,2,0,0,0,0,0,0,32,-30,39,1,0,6,2,2417,-30,0,0,20,fdi,FDI
1693963582,2839,140,0,0,41,41,0,0,0,2020,0,8,0,2998711586,2,0,0,0,0,0,0,32,-8,100,0,1,1,2,2417,-8,0,0,192,fdi,FDI
1693963582,2840,62,1,1,8,8,0,60,0,0,2,12,1,2671372690,2,0,0,0,0,0,0,32,-30,51,1,0,6,2,2417,-30,0,0,20,fdi,FDI
1693963582,2843,140,0,0,41,41,0,0,0,2021,0,8,0,3422257475,2,0,0,0,0,0,0,32,-56,100,0,1,1,2,2417,-56,0,0,192,fdi,FDI
1693963582,2844,62,1,1,8,8,0,60,0,0,2,12,1,2671372690,2,0,0,0,0,0,0,32,-30,45,1,0,6,2,2417,-30,0,0,20,fdi,FDI
1693963582,2845,62,1,1,8,8,0,60,0,0,2,12,1,2671372690,2,0,0,0,0,0,0,32,-10,48,1,0,6,2,2417,-10,0,0,20,fdi,FDI
1693963582,2847,266,0,0,13,13,0,48,0,496,2,8,34,2135004390,2,0,0,0,0,0,168,32,-22,81,1,0,18,2,2417,-22,0,0,20,fdi,FDI
1693963582,2849,140,0,0,41,41,0,0,0,2022,0,8,0,2458992805,2,0,0,0,0,0,0,32,-78,100,0,1,1,2,2417,-78,0,0,192,fdi,FDI
1693963582,2850,62,1,1,8,8,0,60,0,0,2,12,1,2671372690,2,0,0,0,0,0,0,32,-30,51,1,0,6,2,2417,-30,0,0,20,fdi,FDI
1693963582,2852,265,0,0,13,13,0,48,0,497,2,8,34,682561521,2,0,0,0,0,0,167,32,-22,72,1,0,18,2,2417,-22,0,0,20,fdi,FDI
1693963582,2854,100,0,0,13,13,0,48,0,498,2,8,34,696003651,2,0,0,0,0,0,2,32,-22,87,1,0,18,2,2417,-22,0,0,20,fdi,FDI
1693963583,2856,140,0,0,41,41,0,0,0,2023,0,8,0,3801146388,2,0,0,0,0,0,0,32,-78,100,0,1,1,2,2417,-78,0,0,192,fdi,FDI
1693963583,2857,62,1,1,8,8,0,60,0,0,2,12,1,2671372690,2,0,0,0,0,0,0,32,-30,57,1,0,6,2,2417,-30,0,0,20,fdi,FDI
1693963583,2859,265,0,0,13,13,0,48,0,499,2,8,34,676519927,2,0,0,0,0,0,167,32,-22,84,1,0,18,2,2417,-22,0,0,20,fdi,FDI
1693963583,2861,140,0,0,41,41,0,0,0,2024,0,8,0,1320822943,2,0,0,0,0,0,0,32,-80,100,0,1,1,2,2417,-80,0,0,192,fdi,FDI
1693963583,2862,62,1,1,8,8,0,60,0,0,2,12,1,2671372690,2,0,0,0,0,0,0,32,-30,60,1,0,6,2,2417,-30,0,0,20,fdi,FDI
1693963583,2864,264,0,0,13,13,0,48,0,500,2,8,34,3902012213,2,0,0,0,0,0,166,32,-22,75,1,0,18,2,2417,-22,0,0,20,fdi,FDI
1693963583,2866,117,1,1,8,8,0,44,0,140,2,8,1,2271943232,2,0,0,0,0,0,19,32,-12,84,1,0,54,2,2417,-12,0,0,20,fdi,FDI
1693963583,2868,266,0,0,13,13,0,48,0,501,2,8,34,2655030614,2,0,0,0,0,0,168,32,-22,84,1,0,18,2,2417,-22,0,0,20,fdi,FDI
1693963583,2870,140,0,0,41,41,0,0,0,2025,0,8,0,2859682675,2,0,0,0,0,0,0,32,-86,100,0,1,1,2,2417,-86,0,0,192,fdi,FDI
1693963583,2871,62,1,1,8,8,0,60,0,0,2,12,1,2671372690,2,0,0,0,0,0,0,32,-30,39,1,0,6,2,2417,-30,0,0,20,fdi,FDI
1693963583,2873,265,0,0,13,13,0,48,0,502,2,8,34,2851472594,2,0,0,0,0,0,167,32,-22,84,1,0,18,2,2417,-22,0,0,20,fdi,FDI
1693963583,2875,140,0,0,41,41,0,0,0,2026,0,8,0,2931384829,2,0,0,0,0,0,0,32,-80,100,0,1,1,2,2417,-80,0,0,192,fdi,FDI
1693963583,2876,62,1,1,8,8,0,60,0,0,2,12,1,2671372690,2,0,0,0,0,0,0,32,-30,51,1,0,6,2,2417,-30,0,0,20,fdi,FDI
1693963583,2878,100,0,0,13,13,0,48,0,503,2,8,34,3313655389,2,0,0,0,0,0,2,32,-22,75,1,0,18,2,2417,-22,0,0,20,fdi,FDI
1693963583,2880,266,0,0,13,13,0,48,0,504,2,8,34,1818699721,2,0,0,0,0,0,168,32,-22,72,1,0,18,2,2417,-22,0,0,20,fdi,FDI
1693963583,2882,140,0,0,41,41,0,0,0,2027,0,8,0,2722581761,2,0,0,0,0,0,0,32,-58,100,0,1,1,2,2417,-58,0,0,192,fdi,FDI
1693963583,2883,62,1,1,8,8,0,60,0,0,2,12,1,2671372690,2,0,0,0,0,0,0,32,-30,45,1,0,6,2,2417,-30,0,0,20,fdi,FDI
1693963583,2887,110,0,0,13,13,0,48,0,505,2,8,34,2348068046,2,0,0,0,0,0,12,32,-22,87,1,0,18,2,2417,-22,0,0,20,fdi,FDI
1693963583,2889,266,0,0,13,13,0,48,0,506,2,8,34,2731162264,2,0,0,0,0,0,168,32,-22,84,1,0,18,2,2417,-22,0,0,20,fdi,FDI
1693963583,2891,117,1,1,8,8,0,44,0,141,2,8,1,3153461568,2,0,0,0,0,0,19,32,-12,78,1,0,54,2,2417,-12,0,0,20,fdi,FDI
1693963583,2893,140,0,0,41,41,0,0,0,2028,0,8,0,1078164572,2,0,0,0,0,0,0,32,-82,100,0,1,1,2,2417,-82,0,0,192,fdi,FDI
1693963583,2894,62,1,1,8,8,0,60,0,0,2,12,1,2671372690,2,0,0,0,0,0,0,32,-30,54,1,0,6,2,2417,-30,0,0,20,fdi,FDI
1693963583,2896,266,0,0,13,13,0,48,0,507,2,8,34,2873949433,2,0,0,0,0,0,168,32,-22,66,1,0,18,2,2417,-22,0,0,20,fdi,FDI
1693963583,2898,140,0,0,41,41,0,0,0,2029,0,8,0,3936310470,2,0,0,0,0,0,0,32,-80,100,0,1,1,2,2417,-80,0,0,192,fdi,FDI
1693963583,2899,62,1,1,8,8,0,60,0,0,2,12,1,2671372690,2,0,0,0,0,0,0,32,-30,48,1,0,6,2,2417,-30,0,0,20,fdi,FDI
1693963583,2904,100,0,0,13,13,0,48,0,508,2,8,34,3802766643,2,0,0,0,0,0,2,32,-22,72,1,0,18,2,2417,-22,0,0,20,fdi,FDI
1693963583,2910,140,0,0,41,41,0,0,0,2030,0,8,0,2147688576,2,0,0,0,0,0,0,32,-76,100,0,1,1,2,2417,-76,0,0,192,fdi,FDI
1693963583,2911,62,1,1,8,8,0,60,0,0,2,12,1,2671372690,2,0,0,0,0,0,0,32,-30,51,1,0,6,2,2417,-30,0,0,20,fdi,FDI
1693963583,2913,111,0,0,13,13,0,48,0,510,2,8,34,3251426108,2,0,0,0,0,0,13,32,-22,78,1,0,18,2,2417,-22,0,0,20,fdi,FDI
1693963583,2917,266,0,0,13,13,0,48,0,511,2,8,34,3478173575,2,0,0,0,0,0,168,32,-22,81,1,0,18,2,2417,-22,0,0,20,fdi,FDI
1693963583,2919,117,1,1,8,8,0,44,0,142,2,8,1,2870163996,2,0,0,0,0,0,19,32,-12,87,1,0,54,2,2417,-12,0,0,20,fdi,FDI
1693963583,2921,140,0,0,41,41,0,0,0,2031,0,8,0,2427684166,2,0,0,0,0,0,0,32,-56,100,0,1,1,2,2417,-56,0,0,192,fdi,FDI
1693963583,2922,62,1,1,8,8,0,60,0,0,2,12,1,2671372690,2,0,0,0,0,0,0,32,-28,48,1,0,6,2,2417,-28,0,0,20,fdi,FDI
1693963583,2925,134,0,0,11,11,0,320,0,2032,0,5,0,2410004982,2,0,0,0,0,0,0,32,-58,100,0,1,1,2,2417,-58,0,0,192,fdi,FDI
1693963583,2928,140,0,0,41,41,0,0,0,2033,0,8,0,3219159754,2,0,0,0,0,0,0,32,-80,100,0,1,1,2,2417,-80,0,0,192,fdi,FDI
1693963583,2929,134,0,0,11,11,0,320,0,2034,0,5,0,4215533538,2,0,0,0,0,0,0,32,-80,100,0,1,1,2,2417,-80,0,0,192,fdi,FDI
1693963583,2931,100,0,0,13,13,0,48,0,513,2,8,34,3077045569,2,0,0,0,0,0,2,32,-24,87,1,0,18,2,2417,-24,0,0,20,fdi,FDI
1693963584,2933,265,0,0,13,13,0,48,0,514,2,8,34,1114566479,2,0,0,0,0,0,167,32,-24,81,1,0,18,2,2417,-24,0,0,20,fdi,FDI
1693963584,2935,140,0,0,41,41,0,0,0,2035,0,8,0,3897888538,2,0,0,0,0,0,0,32,-80,100,0,1,1,2,2417,-80,0,0,192,fdi,FDI
1693963584,2936,62,1,1,8,8,0,60,0,0,2,12,1,2671372690,2,0,0,0,0,0,0,32,-30,57,1,0,6,2,2417,-30,0,0,20,fdi,FDI
1693963584,2939,134,0,0,5,5,0,320,0,2036,0,5,0,880365811,2,0,0,0,0,0,0,32,-26,100,0,1,1,2,2417,-26,0,0,192,fdi,FDI
1693963584,2942,134,0,0,5,5,0,320,0,2037,0,5,0,1964819869,2,0,0,0,0,0,0,32,-80,100,0,1,1,2,2417,-80,0,0,192,fdi,FDI
1693963584,2944,265,0,0,13,13,0,48,0,515,2,8,34,3645468396,2,0,0,0,0,0,167,32,-24,75,1,0,18,2,2417,-24,0,0,20,fdi,FDI
1693963584,2946,140,0,0,41,41,0,0,0,2038,0,8,0,1278267321,2,0,0,0,0,0,0,32,-82,100,0,1,1,2,2417,-82,0,0,192,fdi,FDI
1693963584,2947,62,1,1,8,8,0,60,0,0,2,12,1,2671372690,2,0,0,0,0,0,0,32,-30,51,1,0,6,2,2417,-30,0,0,20,fdi,FDI
1693963584,2949,266,0,0,13,13,0,48,0,516,2,8,34,3249546287,2,0,0,0,0,0,168,32,-24,75,1,0,18,2,2417,-24,0,0,20,fdi,FDI
1693963584,2951,140,0,0,41,41,0,0,0,2039,0,8,0,2180786491,2,0,0,0,0,0,0,32,-84,100,0,1,1,2,2417,-84,0,0,192,fdi,FDI
1693963584,2952,266,0,0,13,13,0,48,0,517,2,8,34,544103923,2,0,0,0,0,0,168,32,-24,72,1,0,18,2,2417,-24,0,0,20,fdi,FDI
1693963584,2954,140,0,0,41,41,0,0,0,2040,0,8,0,4030912926,2,0,0,0,0,0,0,32,-60,100,0,1,1,2,2417,-60,0,0,192,fdi,FDI
1693963584,2955,62,1,1,8,8,0,60,0,0,2,12,1,2671372690,2,0,0,0,0,0,0,32,-30,54,1,0,6,2,2417,-30,0,0,20,fdi,FDI
1693963584,2957,267,0,0,13,13,0,48,0,518,2,8,34,1201194569,2,0,0,0,0,0,169,32,-24,75,1,0,18,2,2417,-24,0,0,20,fdi,FDI
1693963584,2959,140,0,0,41,41,0,0,0,2041,0,8,0,3723906165,2,0,0,0,0,0,0,32,-74,100,0,1,1,2,2417,-74,0,0,192,fdi,FDI
1693963584,2960,62,1,1,8,8,0,60,0,0,2,12,1,2671372690,2,0,0,0,0,0,0,32,-30,48,1,0,6,2,2417,-30,0,0,20,fdi,FDI
1693963584,2962,265,0,0,13,13,0,48,0,519,2,8,34,528462921,2,0,0,0,0,0,167,32,-24,75,1,0,18,2,2417,-24,0,0,20,fdi,FDI
1693963584,2964,62,1,1,8,8,0,60,0,0,2,12,1,2671372690,2,0,0,0,0,0,0,32,-30,42,1,0,6,2,2417,-30,0,0,20,fdi,FDI
1693963584,2967,265,0,0,13,13,0,48,0,520,2,8,34,868379796,2,0,0,0,0,0,167,32,-24,75,1,0,18,2,2417,-24,0,0,20,fdi,FDI
1693963584,2969,140,0,0,41,41,0,0,0,2043,0,8,0,1519514810,2,0,0,0,0,0,0,32,-82,100,0,1,1,2,2417,-82,0,0,192,fdi,FDI
1693963584,2970,62,1,1,8,8,0,60,0,0,2,12,1,2671372690,2,0,0,0,0,0,0,32,-30,42,1,0,6,2,2417,-30,0,0,20,fdi,FDI
1693963584,2972,100,0,0,13,13,0,48,0,521,2,8,34,192821251,2,0,0,0,0,0,2,32,-24,81,1,0,18,2,2417,-24,0,0,20,fdi,FDI
1693963584,2974,268,0,0,13,13,0,48,0,522,2,8,34,1540960039,2,0,0,0,0,0,170,32,-22,81,1,0,18,2,2417,-22,0,0,20,fdi,FDI
1693963584,2976,140,0,0,41,41,0,0,0,2044,0,8,0,53686044,2,0,0,0,0,0,0,32,-78,100,0,1,1,2,2417,-78,0,0,192,fdi,FDI
1693963584,2977,62,1,1,8,8,0,60,0,0,2,12,1,2671372690,2,0,0,0,0,0,0,32,-28,57,1,0,6,2,2417,-28,0,0,20,fdi,FDI
1693963584,2979,111,0,0,13,13,0,48,0,523,2,8,34,828448880,2,0,0,0,0,0,13,32,-24,72,1,0,18,2,2417,-24,0,0,20,fdi,FDI
1693963584,2981,267,0,0,13,13,0,48,0,524,2,8,34,2147041872,2,0,0,0,0,0,169,32,-20,81,1,0,18,2,2417,-20,0,0,20,fdi,FDI
1693963584,2983,117,1,1,8,8,0,44,0,144,2,8,1,1597086912,2,0,0,0,0,0,19,32,-12,81,1,0,54,2,2417,-12,0,0,20,fdi,FDI
1693963584,2985,140,0,0,41,41,0,0,0,2045,0,8,0,981864372,2,0,0,0,0,0,0,32,-86,100,0,1,1,2,2417,-86,0,0,192,fdi,FDI
1693963584,2986,62,1,1,8,8,0,60,0,0,2,12,1,2671372690,2,0,0,0,0,0,0,32,-30,54,1,0,6,2,2417,-30,0,0,20,fdi,FDI
1693963584,2988,270,0,0,13,13,0,48,0,525,2,8,34,2281660030,2,0,0,0,0,0,172,32,-22,72,1,0,18,2,2417,-22,0,0,20,fdi,FDI
1693963584,2990,140,0,0,41,41,0,0,0,2046,0,8,0,3454014410,2,0,0,0,0,0,0,32,-82,100,0,1,1,2,2417,-82,0,0,192,fdi,FDI
1693963584,2991,62,1,1,8,8,0,60,0,0,2,12,1,2671372690,2,0,0,0,0,0,0,32,-28,51,1,0,6,2,2417,-28,0,0,20,fdi,FDI
1693963584,2993,100,0,0,13,13,0,48,0,526,2,8,34,144857033,2,0,0,0,0,0,2,32,-24,81,1,0,18,2,2417,-24,0,0,20,fdi,FDI
1693963585,2995,98,1,1,8,8,0,44,0,145,2,8,1,1118074399,2,0,0,0,0,0,0,32,-12,69,1,0,54,2,2417,-12,0,0,20,fdi,FDI
1693963585,2997,98,0,0,13,13,0,48,0,527,2,8,34,1349223876,2,0,0,0,0,0,0,32,-24,90,1,0,18,2,2417,-24,0,0,20,fdi,FDI
1693963585,2999,268,0,0,13,13,0,48,0,528,2,8,34,2769262025,2,0,0,0,0,0,170,32,-24,84,1,0,18,2,2417,-24,0,0,20,fdi,FDI
1693963585,3001,140,0,0,41,41,0,0,0,2047,0,8,0,3762379795,2,0,0,0,0,0,0,32,-54,100,0,1,1,2,2417,-54,0,0,192,fdi,FDI
1693963585,3002,62,1,1,8,8,0,60,0,0,2,12,1,2671372690,2,0,0,0,0,0,0,32,-30,48,1,0,6,2,2417,-30,0,0,20,fdi,FDI
1693963585,3004,117,1,1,8,8,0,44,0,146,2,8,1,87246655,2,0,0,0,0,0,19,32,-12,78,1,0,54,2,2417,-12,0,0,20,fdi,FDI
1693963585,3006,140,0,0,41,41,0,0,0,2048,0,8,0,2426040138,2,0,0,0,0,0,0,32,-82,100,0,1,1,2,2417,-82,0,0,192,fdi,FDI
1693963585,3007,62,1,1,8,8,0,60,0,0,2,12,1,2671372690,2,0,0,0,0,0,0,32,-28,45,1,0,6,2,2417,-28,0,0,20,fdi,FDI
1693963585,3008,62,1,1,8,8,0,60,0,0,2,12,1,2671372690,2,0,0,0,0,0,0,32,-8,45,1,0,6,2,2417,-8,0,0,20,fdi,FDI
1693963585,3011,267,0,0,13,13,0,48,0,530,2,8,34,3568650595,2,0,0,0,0,0,169,32,-20,78,1,0,18,2,2417,-20,0,0,20,fdi,FDI
1693963585,3013,140,0,0,41,41,0,0,0,2049,0,8,0,2847084349,2,0,0,0,0,0,0,32,-82,100,0,1,1,2,2417,-82,0,0,192,fdi,FDI
1693963585,3014,62,1,1,8,8,0,60,0,0,2,12,1,2671372690,2,0,0,0,0,0,0,32,-28,48,1,0,6,2,2417,-28,0,0,20,fdi,FDI
1693963585,3016,100,0,0,13,13,0,48,0,531,2,8,34,1075884814,2,0,0,0,0,0,2,32,-24,78,1,0,18,2,2417,-24,0,0,20,fdi,FDI
1693963585,3018,267,0,0,13,13,0,48,0,532,2,8,34,1053729085,2,0,0,0,0,0,169,32,-24,75,1,0,18,2,2417,-24,0,0,20,fdi,FDI
1693963585,3020,140,0,0,41,41,0,0,0,2050,0,8,0,3452445892,2,0,0,0,0,0,0,32,-68,100,0,1,1,2,2417,-68,0,0,192,fdi,FDI
1693963585,3021,62,1,1,8,8,0,60,0,0,2,12,1,2671372690,2,0,0,0,0,0,0,32,-30,42,1,0,6,2,2417,-30,0,0,20,fdi,FDI
1693963585,3023,266,0,0,13,13,0,48,0,533,2,8,34,201487686,2,0,0,0,0,0,168,32,-26,90,1,0,18,2,2417,-26,0,0,20,fdi,FDI
1693963585,3025,140,0,0,41,41,0,0,0,2051,0,8,0,1616755803,2,0,0,0,0,0,0,32,-54,100,0,1,1,2,2417,-54,0,0,192,fdi,FDI
1693963585,3026,62,1,1,8,8,0,60,0,0,2,12,1,2671372690,2,0,0,0,0,0,0,32,-28,45,1,0,6,2,2417,-28,0,0,20,fdi,FDI
1693963585,3028,117,1,1,8,8,0,44,0,147,2,8,1,78295403,2,0,0,0,0,0,19,32,-12,60,1,0,54,2,2417,-12,0,0,20,fdi,FDI
1693963585,3030,110,0,0,13,13,0,48,0,534,2,8,34,3752633156,2,0,0,0,0,0,12,32,-26,72,1,0,18,2,2417,-26,0,0,20,fdi,FDI
1693963585,3032,267,0,0,13,13,0,48,0,535,2,8,34,3119286058,2,0,0,0,0,0,169,32,-24,72,1,0,18,2,2417,-24,0,0,20,fdi,FDI
1693963585,3033,140,0,0,41,41,0,0,0,2052,0,8,0,3271264838,2,0,0,0,0,0,0,32,-80,100,0,1,1,2,2417,-80,0,0,192,fdi,FDI
1693963585,3034,62,1,1,8,8,0,60,0,0,2,12,1,2671372690,2,0,0,0,0,0,0,32,-30,51,1,0,6,2,2417,-30,0,0,20,fdi,FDI
1693963585,3036,140,0,0,41,41,0,0,0,2053,0,8,0,2617224089,2,0,0,0,0,0,0,32,-80,100,0,1,1,2,2417,-80,0,0,192,fdi,FDI
1693963585,3037,62,1,1,8,8,0,60,0,0,2,12,1,2671372690,2,0,0,0,0,0,0,32,-30,51,1,0,6,2,2417,-30,0,0,20,fdi,FDI
1693963585,3039,265,0,0,13,13,0,48,0,538,2,8,34,3853245520,2,0,0,0,0,0,167,32,-26,81,1,0,18,2,2417,-26,0,0,20,fdi,FDI
1693963585,3041,111,0,0,13,13,0,48,0,539,2,8,34,152831312,2,0,0,0,0,0,13,32,-26,78,1,0,18,2,2417,-26,0,0,20,fdi,FDI
1693963585,3043,140,0,0,41,41,0,0,0,2054,0,8,0,586728228,2,0,0,0,0,0,0,32,-74,100,0,1,1,2,2417,-74,0,0,192,fdi,FDI
1693963585,3044,62,1,1,8,8,0,60,0,0,2,12,1,2671372690,2,0,0,0,0,0,0,32,-30,57,1,0,6,2,2417,-30,0,0,20,fdi,FDI
1693963585,3046,117,1,1,8,8,0,44,0,148,2,8,1,2419226554,2,0,0,0,0,0,19,32,-12,93,1,0,54,2,2417,-12,0,0,20,fdi,FDI
1693963585,3048,266,0,0,13,13,0,48,0,540,2,8,34,2320811927,2,0,0,0,0,0,168,32,-26,72,1,0,18,2,2417,-26,0,0,20,fdi,FDI
1693963585,3049,140,0,0,41,41,0,0,0,2055,0,8,0,1559643968,2,0,0,0,0,0,0,32,-80,100,0,1,1,2,2417,-80,0,0,192,fdi,FDI
1693963585,3050,62,1,1,8,8,0,60,0,0,2,12,1,2671372690,2,0,0,0,0,0,0,32,-30,54,1,0,6,2,2417,-30,0,0,20,fdi,FDI
1693963585,3053,134,0,0,22,22,0,320,0,2056,0,5,0,3154778171,2,0,0,0,0,0,0,32,-84,100,0,1,1,2,2417,-84,0,0,192,fdi,FDI
1693963585,3055,100,0,0,13,13,0,48,0,541,2,8,34,1558984198,2,0,0,0,0,0,2,32,-26,75,1,0,18,2,2417,-26,0,0,20,fdi,FDI
1693963585,3057,265,0,0,13,13,0,48,0,542,2,8,34,3747937618,2,0,0,0,0,0,167,32,-26,75,1,0,18,2,2417,-26,0,0,20,fdi,FDI
1693963585,3059,140,0,0,41,41,0,0,0,2057,0,8,0,1136955607,2,0,0,0,0,0,0,32,-82,100,0,1,1,2,2417,-82,0,0,192,fdi,FDI
1693963585,3061,134,0,0,20,20,0,320,0,2058,0,5,0,1931435499,2,0,0,0,0,0,0,32,-72,100,0,1,1,2,2417,-72,0,0,192,fdi,FDI
1693963585,3063,62,1,1,8,8,0,60,0,0,2,12,1,2671372690,2,0,0,0,0,0,0,32,-30,39,1,0,6,2,2417,-30,0,0,20,fdi,FDI
1693963586,3065,91,2,2,8,8,0,314,0,3755,0,11,0,3361952004,2,0,0,0,0,0,0,32,-58,100,0,1,1,2,2417,-58,0,0,192,fdi,FDI
1693963586,3067,66,0,0,20,20,0,320,0,2059,0,11,0,572841529,2,0,0,0,0,0,0,32,-58,100,0,1,1,2,2417,-58,0,0,192,fdi,FDI
1693963586,3069,136,2,2,8,8,0,314,0,3756,0,0,0,2555610416,2,0,0,0,0,0,0,32,-68,100,0,1,1,2,2417,-68,0,0,192,fdi,FDI
1693963586,3071,108,0,0,20,20,0,320,0,2060,0,1,0,2592561558,2,0,0,0,0,0,0,32,-68,100,0,1,1,2,2417,-68,0,0,192,fdi,FDI
1693963586,3073,266,0,0,13,13,0,48,0,543,2,8,34,947790639,2,0,0,0,0,0,168,32,-28,72,1,0,18,2,2417,-28,0,0,20,fdi,FDI
1693963586,3075,60,2,2,8,8,0,44,0,3757,2,4,1,3312180848,2,0,0,0,0,0,0,32,-34,72,1,0,24,2,2417,-34,0,0,20,fdi,FDI
1693963586,3077,60,2,2,8,8,0,344,0,226,2,4,17,1604285499,2,0,0,0,0,0,0,32,-32,100,1,0,24,2,2417,-32,0,0,20,fdi,FDI
1693963586,3079,60,2,2,8,8,0,344,0,228,2,4,1,990943696,2,0,0,0,0,0,0,32,-32,100,1,0,24,2,2417,-32,0,0,20,fdi,FDI
1693963586,3081,60,2,2,8,8,0,344,0,229,2,4,1,1909623681,2,0,0,0,0,0,0,32,-32,100,1,0,24,2,2417,-32,0,0,20,fdi,FDI
1693963586,3083,140,0,0,41,41,0,0,0,2061,0,8,0,2985001495,2,0,0,0,0,0,0,32,-74,100,0,1,1,2,2417,-74,0,0,192,fdi,FDI
1693963586,3084,62,1,1,8,8,0,60,0,0,2,12,1,2671372690,2,0,0,0,0,0,0,32,-30,51,1,0,6,2,2417,-30,0,0,20,fdi,FDI
1693963586,3086,60,2,2,8,8,0,44,0,3758,2,4,1,439216259,2,0,0,0,0,0,0,32,-34,90,1,0,24,2,2417,-34,0,0,20,fdi,FDI
1693963586,3088,266,0,0,13,13,0,48,0,544,2,8,34,1975118931,2,0,0,0,0,0,168,32,-28,81,1,0,18,2,2417,-28,0,0,20,fdi,FDI
1693963586,3112,98,2,2,8,8,0,44,0,10,2,8,1,2186264851,2,6,6,0,0,0,0,32,-34,100,1,0,54,2,2417,-34,0,0,20,fdi,FDI
1693963586,3118,98,0,0,20,20,0,44,0,0,2,8,34,654888118,2,0,0,0,0,0,0,32,-42,90,1,0,54,2,2417,-42,0,0,20,fdi,FDI
1693963586,3124,370,0,0,41,41,0,0,0,2062,2,0,2,1507620313,2,0,0,0,0,0,0,32,-26,100,0,1,11,2,2417,-26,0,0,192,fdi,FDI
1693963586,3125,140,0,0,41,41,0,0,0,2063,0,8,0,1186961657,2,0,0,0,0,0,0,32,-82,100,0,1,1,2,2417,-82,0,0,192,fdi,FDI
1693963586,3126,62,1,1,8,8,0,60,0,0,2,12,1,2671372690,2,0,0,0,0,0,0,32,-30,48,1,0,6,2,2417,-30,0,0,20,fdi,FDI
1693963586,3128,60,2,2,8,8,0,44,0,3760,2,4,1,861154297,2,0,0,0,0,0,0,32,-34,93,1,0,24,2,2417,-34,0,0,20,fdi,FDI
1693963586,3130,60,2,2,8,8,0,44,0,3761,2,4,17,2028257252,2,0,0,0,0,0,0,32,-36,96,1,0,24,2,2417,-36,0,0,20,fdi,FDI
1693963586,3133,60,2,2,8,8,0,614,0,230,2,4,17,1042423263,2,0,0,0,0,0,0,32,-86,100,0,1,1,2,2417,-86,0,0,192,fdi,FDI
1693963586,3134,60,2,2,8,8,0,614,0,230,2,4,25,1050369785,2,0,0,0,0,0,0,32,-86,100,0,1,1,2,2417,-86,0,0,192,fdi,FDI
1693963586,3135,60,2,2,8,8,0,614,0,230,2,4,25,1050369785,2,0,0,0,0,0,0,32,-86,100,0,1,1,2,2417,-86,0,0,192,fdi,FDI
1693963586,3136,60,2,2,8,8,0,614,0,230,2,4,25,1050369785,2,0,0,0,0,0,0,32,-86,100,0,1,1,2,2417,-86,0,0,192,fdi,FDI
1693963586,3137,60,2,2,8,8,0,614,0,230,2,4,25,1050369785,2,0,0,0,0,0,0,32,-86,100,0,1,1,2,2417,-86,0,0,192,fdi,FDI
1693963586,3138,60,2,2,8,8,0,614,0,230,2,4,25,1050369785,2,0,0,0,0,0,0,32,-86,100,0,1,1,2,2417,-86,0,0,192,fdi,FDI
1693963586,3139,60,2,2,8,8,0,614,0,231,2,4,1,1972537794,2,0,0,0,0,0,0,32,-86,100,0,1,1,2,2417,-86,0,0,192,fdi,FDI
1693963586,3140,60,2,2,8,8,0,614,0,231,2,4,9,1965804260,2,0,0,0,0,0,0,32,-86,100,0,1,1,2,2417,-86,0,0,192,fdi,FDI
1693963586,3141,60,2,2,8,8,0,614,0,232,2,4,1,1630431359,2,0,0,0,0,0,0,32,-86,100,0,1,1,2,2417,-86,0,0,192,fdi,FDI
1693963586,3144,134,0,0,20,20,0,320,0,2064,0,5,0,1716729247,2,0,0,0,0,0,0,32,-86,100,0,1,1,2,2417,-86,0,0,192,fdi,FDI
1693963586,3147,134,0,0,20,20,0,320,0,2065,0,5,0,2746549751,2,0,0,0,0,0,0,32,-82,100,0,1,1,2,2417,-82,0,0,192,fdi,FDI
1693963586,3149,140,0,0,41,41,0,0,0,2066,0,8,0,3569413938,2,0,0,0,0,0,0,32,-82,100,0,1,1,2,2417,-82,0,0,192,fdi,FDI
1693963586,3150,62,1,1,8,8,0,60,0,0,2,12,1,2671372690,2,0,0,0,0,0,0,32,-30,57,1,0,6,2,2417,-30,0,0,20,fdi,FDI
1693963586,3152,60,2,2,8,8,0,44,0,3770,2,4,1,2639501072,2,0,0,0,0,0,0,32,-34,84,1,0,24,2,2417,-34,0,0,20,fdi,FDI
1693963586,3163,266,0,0,13,13,0,48,0,547,2,8,34,628686104,2,0,0,0,0,0,168,32,-28,72,1,0,18,2,2417,-28,0,0,20,fdi,FDI
1693963586,3166,60,2,2,8,8,0,44,0,3771,2,4,17,3605201677,2,0,0,0,0,0,0,32,-34,87,1,0,24,2,2417,-34,0,0,20,fdi,FDI
1693963586,3168,140,0,0,41,41,0,0,0,2067,0,8,0,3115857209,2,0,0,0,0,0,0,32,-54,100,0,1,1,2,2417,-54,0,0,192,fdi,FDI
1693963586,3169,62,1,1,8,8,0,60,0,0,2,12,1,2671372690,2,0,0,0,0,0,0,32,-30,48,1,0,6,2,2417,-30,0,0,20,fdi,FDI
1693963586,3171,117,1,1,8,8,0,44,0,150,2,8,1,2547652502,2,0,0,0,0,0,19,32,-12,69,1,0,54,2,2417,-12,0,0,20,fdi,FDI
1693963586,3173,60,2,2,8,8,0,44,0,3778,2,4,1,951360248,2,0,0,0,0,0,0,32,-32,87,1,0,24,2,2417,-32,0,0,20,fdi,FDI
1693963586,3176,134,0,0,20,20,0,320,0,2068,0,5,0,3565491503,2,0,0,0,0,0,0,32,-28,100,0,1,1,2,2417,-28,0,0,192,fdi,FDI
1693963586,3179,60,2,2,8,8,0,44,0,3780,2,4,17,1547400979,2,0,0,0,0,0,0,32,-34,93,1,0,24,2,2417,-34,0,0,20,fdi,FDI
1693963586,3182,134,0,0,20,20,0,320,0,2069,0,5,0,1069741039,2,0,0,0,0,0,0,32,-64,100,0,1,1,2,2417,-64,0,0,192,fdi,FDI
1693963586,3184,140,0,0,41,41,0,0,0,2070,0,8,0,3548560134,2,0,0,0,0,0,0,32,-86,100,0,1,1,2,2417,-86,0,0,192,fdi,FDI
1693963586,3185,62,1,1,8,8,0,60,0,0,2,12,1,2671372690,2,0,0,0,0,0,0,32,-30,69,1,0,6,2,2417,-30,0,0,20,fdi,FDI
1693963586,3188,134,0,0,20,20,0,320,0,2071,0,5,0,2617756321,2,0,0,0,0,0,0,32,-82,100,0,1,1,2,2417,-82,0,0,192,fdi,FDI
1693963586,3191,134,0,0,20,20,0,320,0,2072,0,5,0,2250428776,2,0,0,0,0,0,0,32,-58,100,0,1,1,2,2417,-58,0,0,192,fdi,FDI
1693963586,3194,60,2,2,8,8,0,44,0,3788,2,4,9,1718823474,2,0,0,0,0,0,0,32,-36,75,1,0,24,2,2417,-36,0,0,20,fdi,FDI
1693963586,3195,60,2,2,8,8,0,44,0,3788,2,4,9,1718823474,2,0,0,0,0,0,0,32,-34,72,1,0,24,2,2417,-34,0,0,20,fdi,FDI
1693963586,3196,60,2,2,8,8,0,314,0,3788,2,4,9,581941613,2,0,0,0,0,0,0,32,-34,100,0,1,1,2,2417,-34,0,0,192,fdi,FDI
1693963586,3198,60,2,2,8,8,0,44,0,3789,2,4,17,763034889,2,0,0,0,0,0,0,32,-36,78,1,0,24,2,2417,-36,0,0,20,fdi,FDI
1693963586,3199,269,0,0,13,13,0,48,0,549,2,8,34,457628035,2,0,0,0,0,0,171,32,-28,78,1,0,18,2,2417,-28,0,0,20,fdi,FDI
1693963586,3201,100,0,0,13,13,0,48,0,550,2,8,34,3758178888,2,0,0,0,0,0,2,32,-28,81,1,0,18,2,2417,-28,0,0,20,fdi,FDI
1693963586,3203,140,0,0,41,41,0,0,0,2073,0,8,0,191691788,2,0,0,0,0,0,0,32,-80,100,0,1,1,2,2417,-80,0,0,192,fdi,FDI
1693963586,3204,62,1,1,8,8,0,60,0,0,2,12,1,2671372690,2,0,0,0,0,0,0,32,-30,57,1,0,6,2,2417,-30,0,0,20,fdi,FDI
1693963586,3208,269,0,0,13,13,0,48,0,551,2,8,34,591291774,2,0,0,0,0,0,171,32,-30,84,1,0,18,2,2417,-30,0,0,20,fdi,FDI
1693963586,3210,60,2,2,8,8,0,44,0,3790,2,4,1,4081995190,2,0,0,0,0,0,0,32,-34,93,1,0,24,2,2417,-34,0,0,20,fdi,FDI
1693963586,3212,140,0,0,41,41,0,0,0,2074,0,8,0,996606347,2,0,0,0,0,0,0,32,-30,100,0,1,1,2,2417,-30,0,0,192,fdi,FDI
1693963586,3213,62,1,1,8,8,0,60,0,0,2,12,1,2671372690,2,0,0,0,0,0,0,32,-26,39,1,0,6,2,2417,-26,0,0,20,fdi,FDI
1693963586,3215,60,2,2,8,8,0,44,0,3791,2,4,1,3112984551,2,0,0,0,0,0,0,32,-34,90,1,0,24,2,2417,-34,0,0,20,fdi,FDI
1693963586,3218,117,1,1,8,8,0,44,0,151,2,8,1,3861282572,2,0,0,0,0,0,19,32,-12,78,1,0,54,2,2417,-12,0,0,20,fdi,FDI
1693963586,3220,60,2,2,8,8,0,44,0,3792,2,4,17,3678734464,2,0,0,0,0,0,0,32,-42,84,1,0,24,2,2417,-42,0,0,20,fdi,FDI
1693963586,3222,267,0,0,13,13,0,48,0,552,2,8,34,459884093,2,0,0,0,0,0,169,32,-30,78,1,0,18,2,2417,-30,0,0,20,fdi,FDI
1693963586,3224,111,0,0,13,13,0,48,0,553,2,8,34,3253425100,2,0,0,0,0,0,13,32,-30,78,1,0,18,2,2417,-30,0,0,20,fdi,FDI
1693963586,3226,140,0,0,41,41,0,0,0,2075,0,8,0,2349548739,2,0,0,0,0,0,0,32,-54,100,0,1,1,2,2417,-54,0,0,192,fdi,FDI
1693963586,3227,62,1,1,8,8,0,60,0,0,2,12,1,2671372690,2,0,0,0,0,0,0,32,-30,48,1,0,6,2,2417,-30,0,0,20,fdi,FDI
1693963586,3229,60,2,2,8,8,0,44,0,3793,2,4,1,2432015517,2,0,0,0,0,0,0,32,-36,87,1,0,24,2,2417,-36,0,0,20,fdi,FDI
1693963586,3231,268,0,0,13,13,0,48,0,554,2,8,34,2383747937,2,0,0,0,0,0,170,32,-32,75,1,0,18,2,2417,-32,0,0,20,fdi,FDI
1693963586,3233,100,0,0,13,13,0,48,0,555,2,8,34,3100677250,2,0,0,0,0,0,2,32,-32,81,1,0,18,2,2417,-32,0,0,20,fdi,FDI
1693963586,3235,140,0,0,41,41,0,0,0,2076,0,8,0,1001768007,2,0,0,0,0,0,0,32,-82,100,0,1,1,2,2417,-82,0,0,192,fdi,FDI
1693963586,3236,62,1,1,8,8,0,60,0,0,2,12,1,2671372690,2,0,0,0,0,0,0,32,-28,42,1,0,6,2,2417,-28,0,0,20,fdi,FDI
1693963586,3238,60,2,2,8,8,0,44,0,3794,2,4,1,1337174638,2,0,0,0,0,0,0,32,-36,87,1,0,24,2,2417,-36,0,0,20,fdi,FDI
1693963586,3240,270,0,0,13,13,0,48,0,556,2,8,34,367204943,2,0,0,0,0,0,172,32,-32,81,1,0,18,2,2417,-32,0,0,20,fdi,FDI
1693963586,3242,140,0,0,41,41,0,0,0,2077,0,8,0,2195104218,2,0,0,0,0,0,0,32,-54,100,0,1,1,2,2417,-54,0,0,192,fdi,FDI
1693963586,3243,62,1,1,8,8,0,60,0,0,2,12,1,2671372690,2,0,0,0,0,0,0,32,-30,51,1,0,6,2,2417,-30,0,0,20,fdi,FDI
1693963586,3245,60,2,2,8,8,0,44,0,3795,2,4,1,91338815,2,0,0,0,0,0,0,32,-36,90,1,0,24,2,2417,-36,0,0,20,fdi,FDI
1693963587,3247,269,0,0,13,13,0,48,0,557,2,8,34,1718887490,2,0,0,0,0,0,171,32,-32,78,1,0,18,2,2417,-32,0,0,20,fdi,FDI
1693963587,3249,117,1,1,8,8,0,44,0,152,2,8,1,480990270,2,0,0,0,0,0,19,32,-12,72,1,0,54,2,2417,-12,0,0,20,fdi,FDI
1693963587,3251,140,0,0,41,41,0,0,0,2078,0,8,0,1549249209,2,0,0,0,0,0,0,32,-24,100,0,1,1,2,2417,-24,0,0,192,fdi,FDI
1693963587,3252,62,1,1,8,8,0,60,0,0,2,12,1,2671372690,2,0,0,0,0,0,0,32,-26,39,1,0,6,2,2417,-26,0,0,20,fdi,FDI
1693963587,3254,60,2,2,8,8,0,44,0,3796,2,4,1,709804489,2,0,0,0,0,0,0,32,-36,93,1,0,24,2,2417,-36,0,0,20,fdi,FDI
1693963587,3256,269,0,0,13,13,0,48,0,558,2,8,34,1172821087,2,0,0,0,0,0,171,32,-34,84,1,0,18,2,2417,-34,0,0,20,fdi,FDI
1693963587,3257,100,0,0,13,13,0,48,0,559,2,8,34,2462106362,2,0,0,0,0,0,2,32,-36,84,1,0,18,2,2417,-36,0,0,20,fdi,FDI
1693963587,3259,140,0,0,41,41,0,0,0,2079,0,8,0,2015811702,2,0,0,0,0,0,0,32,-80,100,0,1,1,2,2417,-80,0,0,192,fdi,FDI
1693963587,3260,62,1,1,8,8,0,60,0,0,2,12,1,2671372690,2,0,0,0,0,0,0,32,-30,63,1,0,6,2,2417,-30,0,0,20,fdi,FDI
1693963587,3262,60,2,2,8,8,0,44,0,3797,2,4,1,1619841944,2,0,0,0,0,0,0,32,-34,84,1,0,24,2,2417,-34,0,0,20,fdi,FDI
1693963587,3264,267,0,0,13,13,0,48,0,560,2,8,34,440026774,2,0,0,0,0,0,169,32,-32,78,1,0,18,2,2417,-32,0,0,20,fdi,FDI
1693963587,3266,140,0,0,41,41,0,0,0,2080,0,8,0,822282406,2,0,0,0,0,0,0,32,-82,100,0,1,1,2,2417,-82,0,0,192,fdi,FDI
1693963587,3267,62,1,1,8,8,0,60,0,0,2,12,1,2671372690,2,0,0,0,0,0,0,32,-30,45,1,0,6,2,2417,-30,0,0,20,fdi,FDI
1693963587,3269,60,2,2,8,8,0,44,0,3798,2,4,1,3217745259,2,0,0,0,0,0,0,32,-32,93,1,0,24,2,2417,-32,0,0,20,fdi,FDI
1693963587,3271,117,1,1,8,8,0,44,0,153,2,8,1,1615662895,2,0,0,0,0,0,19,32,-12,75,1,0,54,2,2417,-12,0,0,20,fdi,FDI
1693963587,3279,268,0,0,13,13,0,48,0,561,2,8,34,3830400757,2,0,0,0,0,0,170,32,-34,78,1,0,18,2,2417,-34,0,0,20,fdi,FDI
1693963587,3281,140,0,0,41,41,0,0,0,2081,0,8,0,462759382,2,0,0,0,0,0,0,32,-80,100,0,1,1,2,2417,-80,0,0,192,fdi,FDI
1693963587,3282,62,1,1,8,8,0,60,0,0,2,12,1,2671372690,2,0,0,0,0,0,0,32,-30,51,1,0,6,2,2417,-30,0,0,20,fdi,FDI
1693963587,3284,60,2,2,8,8,0,44,0,3799,2,4,1,4111005498,2,0,0,0,0,0,0,32,-36,93,1,0,24,2,2417,-36,0,0,20,fdi,FDI
1693963587,3292,110,0,0,13,13,0,48,0,563,2,8,34,3644791064,2,0,0,0,0,0,12,32,-32,93,1,0,18,2,2417,-32,0,0,20,fdi,FDI
1693963587,3295,140,0,0,41,41,0,0,0,2082,0,8,0,3353997319,2,0,0,0,0,0,0,32,-70,100,0,1,1,2,2417,-70,0,0,192,fdi,FDI
1693963587,3296,62,1,1,8,8,0,60,0,0,2,12,1,2671372690,2,0,0,0,0,0,0,32,-30,42,1,0,6,2,2417,-30,0,0,20,fdi,FDI
1693963587,3297,60,2,2,8,8,0,344,0,233,2,4,17,3143293571,2,0,0,0,0,0,0,32,-34,84,1,0,24,2,2417,-34,0,0,20,fdi,FDI
1693963587,3299,60,2,2,8,8,0,344,0,234,2,4,1,1701734972,2,0,0,0,0,0,0,32,-34,93,1,0,24,2,2417,-34,0,0,20,fdi,FDI
1693963587,3301,267,0,0,13,13,0,48,0,565,2,8,34,695700455,2,0,0,0,0,0,169,32,-32,75,1,0,18,2,2417,-32,0,0,20,fdi,FDI
1693963587,3303,140,0,0,41,41,0,0,0,2083,0,8,0,2262285547,2,0,0,0,0,0,0,32,-80,100,0,1,1,2,2417,-80,0,0,192,fdi,FDI
1693963587,3304,62,1,1,8,8,0,60,0,0,2,12,1,2671372690,2,0,0,0,0,0,0,32,-30,69,1,0,6,2,2417,-30,0,0,20,fdi,FDI
1693963587,3306,60,2,2,8,8,0,44,0,3801,2,4,1,2876638422,2,0,0,0,0,0,0,32,-34,93,1,0,24,2,2417,-34,0,0,20,fdi,FDI
1693963587,3308,117,1,1,8,8,0,44,0,154,2,8,1,2210595267,2,0,0,0,0,0,19,32,-10,72,1,0,54,2,2417,-10,0,0,20,fdi,FDI
1693963587,3310,267,0,0,13,13,0,48,0,566,2,8,34,1523120083,2,0,0,0,0,0,169,32,-32,81,1,0,18,2,2417,-32,0,0,20,fdi,FDI
1693963587,3312,140,0,0,41,41,0,0,0,2084,0,8,0,1066296272,2,0,0,0,0,0,0,32,-80,100,0,1,1,2,2417,-80,0,0,192,fdi,FDI
1693963587,3313,62,1,1,8,8,0,60,0,0,2,12,1,2671372690,2,0,0,0,0,0,0,32,-28,60,1,0,6,2,2417,-28,0,0,20,fdi,FDI
1693963587,3315,60,2,2,8,8,0,44,0,3802,2,4,1,1949315621,2,0,0,0,0,0,0,32,-34,96,1,0,24,2,2417,-34,0,0,20,fdi,FDI
1693963587,3317,111,0,0,13,13,0,48,0,567,2,8,34,482554119,2,0,0,0,0,0,13,32,-32,87,1,0,18,2,2417,-32,0,0,20,fdi,FDI
1693963587,3318,111,0,0,13,13,0,48,0,567,2,8,42,1266164443,2,0,0,0,0,0,13,32,-32,75,1,0,18,2,2417,-32,0,0,20,fdi,FDI
1693963587,3319,111,0,0,13,13,0,48,0,567,2,8,42,1266164443,2,0,0,0,0,0,13,32,-34,84,1,0,12,2,2417,-34,0,0,20,fdi,FDI
1693963587,3321,267,0,0,13,13,0,48,0,568,2,8,34,4070121221,2,0,0,0,0,0,169,32,-34,84,1,0,18,2,2417,-34,0,0,20,fdi,FDI
1693963587,3323,140,0,0,41,41,0,0,0,2085,0,8,0,3328912689,2,0,0,0,0,0,0,32,-84,100,0,1,1,2,2417,-84,0,0,192,fdi,FDI
1693963587,3324,62,1,1,8,8,0,60,0,0,2,12,1,2671372690,2,0,0,0,0,0,0,32,-30,63,1,0,6,2,2417,-30,0,0,20,fdi,FDI
1693963587,3326,60,2,2,8,8,0,44,0,3803,2,4,1,1056055412,2,0,0,0,0,0,0,32,-32,93,1,0,24,2,2417,-32,0,0,20,fdi,FDI
1693963587,3332,98,0,0,20,20,0,44,0,1,2,8,34,3555708744,2,0,0,0,0,0,0,32,-50,72,1,0,54,2,2417,-50,0,0,20,fdi,FDI
1693963587,3333,98,0,0,20,20,0,44,0,1,2,8,42,2338826802,2,0,0,0,0,0,0,32,-50,57,1,0,54,2,2417,-50,0,0,20,fdi,FDI
1693963587,3334,98,0,0,20,20,0,44,0,1,2,8,42,2338826802,2,0,0,0,0,0,0,32,-50,100,1,0,48,2,2417,-50,0,0,20,fdi,FDI
1693963587,3336,268,0,0,13,13,0,48,0,569,2,8,34,1946922780,2,0,0,0,0,0,170,32,-32,78,1,0,18,2,2417,-32,0,0,20,fdi,FDI
1693963587,3338,140,0,0,41,41,0,0,0,2086,0,8,0,3054404768,2,0,0,0,0,0,0,32,-80,100,0,1,1,2,2417,-80,0,0,192,fdi,FDI
1693963587,3339,62,1,1,8,8,0,60,0,0,2,12,1,2671372690,2,0,0,0,0,0,0,32,-30,51,1,0,6,2,2417,-30,0,0,20,fdi,FDI
1693963587,3341,60,2,2,8,8,0,44,0,3804,2,4,1,298670466,2,0,0,0,0,0,0,32,-36,96,1,0,24,2,2417,-36,0,0,20,fdi,FDI
1693963587,3343,267,0,0,13,13,0,48,0,570,2,8,34,2198900832,2,0,0,0,0,0,169,32,-32,81,1,0,18,2,2417,-32,0,0,20,fdi,FDI
1693963588,3345,140,0,0,41,41,0,0,0,2087,0,8,0,559279075,2,0,0,0,0,0,0,32,-80,100,0,1,1,2,2417,-80,0,0,192,fdi,FDI
1693963588,3346,62,1,1,8,8,0,60,0,0,2,12,1,2671372690,2,0,0,0,0,0,0,32,-30,48,1,0,6,2,2417,-30,0,0,20,fdi,FDI
1693963588,3348,60,2,2,8,8,0,44,0,3805,2,4,1,1527729107,2,0,0,0,0,0,0,32,-34,90,1,0,24,2,2417,-34,0,0,20,fdi,FDI
1693963588,3351,100,0,0,13,13,0,48,0,571,2,8,34,1881047675,2,0,0,0,0,0,2,32,-32,84,1,0,18,2,2417,-32,0,0,20,fdi,FDI
1693963588,3353,267,0,0,13,13,0,48,0,572,2,8,34,890874418,2,0,0,0,0,0,169,32,-32,87,1,0,18,2,2417,-32,0,0,20,fdi,FDI
1693963588,3355,60,2,2,8,8,0,344,0,235,2,4,17,786365985,2,0,0,0,0,0,0,32,-34,84,1,0,24,2,2417,-34,0,0,20,fdi,FDI
1693963588,3357,60,2,2,8,8,0,344,0,236,2,4,1,9634203,2,0,0,0,0,0,0,32,-36,100,1,0,24,2,2417,-36,0,0,20,fdi,FDI
1693963588,3359,60,2,2,8,8,0,344,0,237,2,4,1,1246827466,2,0,0,0,0,0,0,32,-32,90,1,0,24,2,2417,-32,0,0,20,fdi,FDI
1693963588,3361,60,2,2,8,8,0,344,0,238,2,4,1,2501322041,2,0,0,0,0,0,0,32,-36,87,1,0,24,2,2417,-36,0,0,20,fdi,FDI
1693963588,3363,62,1,1,8,8,0,60,0,0,2,12,1,2671372690,2,0,0,0,0,0,0,32,-30,54,1,0,6,2,2417,-30,0,0,20,fdi,FDI
1693963588,3365,60,2,2,8,8,0,44,0,3806,2,4,1,2219408672,2,0,0,0,0,0,0,32,-36,90,1,0,24,2,2417,-36,0,0,20,fdi,FDI
1693963588,3368,134,0,0,10,10,0,320,0,2089,0,5,0,1140561647,2,0,0,0,0,0,0,32,-84,100,0,1,1,2,2417,-84,0,0,192,fdi,FDI
1693963588,3369,134,0,0,10,10,0,320,0,2089,0,5,8,3357325431,2,0,0,0,0,0,0,32,-84,100,0,1,1,2,2417,-84,0,0,192,fdi,FDI
1693963588,3370,134,0,0,10,10,0,320,0,2089,0,5,8,3307945132,2,0,0,0,0,0,0,32,-82,100,0,1,1,2,2417,-82,0,0,192,fdi,FDI
1693963588,3371,269,0,0,13,13,0,48,0,573,2,8,34,2770128476,2,0,0,0,0,0,171,32,-32,84,1,0,18,2,2417,-32,0,0,20,fdi,FDI
1693963588,3373,140,0,0,41,41,0,0,0,2090,0,8,0,1526629886,2,0,0,0,0,0,0,32,-82,100,0,1,1,2,2417,-82,0,0,192,fdi,FDI
1693963588,3374,62,1,1,8,8,0,60,0,0,2,12,1,2671372690,2,0,0,0,0,0,0,32,-30,45,1,0,6,2,2417,-30,0,0,20,fdi,FDI
1693963588,3376,60,2,2,8,8,0,44,0,3807,2,4,1,3465244529,2,0,0,0,0,0,0,32,-32,93,1,0,24,2,2417,-32,0,0,20,fdi,FDI
1693963588,3379,269,0,0,13,13,0,48,0,574,2,8,34,3577591300,2,0,0,0,0,0,171,32,-32,81,1,0,18,2,2417,-32,0,0,20,fdi,FDI
1693963588,3382,140,0,0,41,41,0,0,0,2091,0,8,0,237067009,2,0,0,0,0,0,0,32,-54,100,0,1,1,2,2417,-54,0,0,192,fdi,FDI
1693963588,3383,62,1,1,8,8,0,60,0,0,2,12,1,2671372690,2,0,0,0,0,0,0,32,-28,36,1,0,6,2,2417,-28,0,0,20,fdi,FDI
1693963588,3384,60,2,2,8,8,0,44,0,3808,2,4,1,1128193910,2,0,0,0,0,0,0,32,-34,66,1,0,24,2,2417,-34,0,0,20,fdi,FDI
1693963588,3386,62,1,1,8,8,0,60,0,0,2,12,1,2671372690,2,0,0,0,0,0,0,32,-10,63,1,0,6,2,2417,-10,0,0,20,fdi,FDI
1693963588,3388,100,0,0,13,13,0,48,0,575,2,8,34,1359806758,2,0,0,0,0,0,2,32,-32,78,1,0,18,2,2417,-32,0,0,20,fdi,FDI
1693963588,3389,269,0,0,13,13,0,48,0,576,2,8,34,1836159544,2,0,0,0,0,0,171,32,-32,81,1,0,18,2,2417,-32,0,0,20,fdi,FDI
1693963588,3391,140,0,0,41,41,0,0,0,2092,0,8,0,2697389586,2,0,0,0,0,0,0,32,-54,100,0,1,1,2,2417,-54,0,0,192,fdi,FDI
1693963588,3392,62,1,1,8,8,0,60,0,0,2,12,1,2671372690,2,0,0,0,0,0,0,32,-30,42,1,0,6,2,2417,-30,0,0,20,fdi,FDI
1693963588,3394,60,2,2,8,8,0,44,0,3809,2,4,1,167562535,2,0,0,0,0,0,0,32,-34,84,1,0,24,2,2417,-34,0,0,20,fdi,FDI
1693963588,3396,270,0,0,13,13,0,48,0,577,2,8,34,436831010,2,0,0,0,0,0,172,32,-32,90,1,0,18,2,2417,-32,0,0,20,fdi,FDI
1693963588,3398,117,1,1,8,8,0,44,0,156,2,8,1,1855900018,2,0,0,0,0,0,19,32,-10,81,1,0,54,2,2417,-10,0,0,20,fdi,FDI
1693963588,3400,140,0,0,41,41,0,0,0,2093,0,8,0,169528968,2,0,0,0,0,0,0,32,-78,100,0,1,1,2,2417,-78,0,0,192,fdi,FDI
1693963588,3401,62,1,1,8,8,0,60,0,0,2,12,1,2671372690,2,0,0,0,0,0,0,32,-30,42,1,0,6,2,2417,-30,0,0,20,fdi,FDI
1693963588,3403,60,2,2,8,8,0,44,0,3810,2,4,1,3602578388,2,0,0,0,0,0,0,32,-34,90,1,0,24,2,2417,-34,0,0,20,fdi,FDI
1693963588,3405,269,0,0,13,13,0,48,0,578,2,8,34,615208161,2,0,0,0,0,0,171,32,-32,72,1,0,18,2,2417,-32,0,0,20,fdi,FDI
1693963588,3407,140,0,0,41,41,0,0,0,2094,0,8,0,982664443,2,0,0,0,0,0,0,32,-80,100,0,1,1,2,2417,-80,0,0,192,fdi,FDI
1693963588,3408,62,1,1,8,8,0,60,0,0,2,12,1,2671372690,2,0,0,0,0,0,0,32,-30,45,1,0,6,2,2417,-30,0,0,20,fdi,FDI
1693963588,3410,60,2,2,8,8,0,44,0,3811,2,4,1,2625169797,2,0,0,0,0,0,0,32,-36,87,1,0,24,2,2417,-36,0,0,20,fdi,FDI
1693963588,3412,100,0,0,13,13,0,48,0,579,2,8,34,1793477846,2,0,0,0,0,0,2,32,-30,78,1,0,18,2,2417,-30,0,0,20,fdi,FDI
1693963588,3414,269,0,0,13,13,0,48,0,580,2,8,34,3557163225,2,0,0,0,0,0,171,32,-30,84,1,0,18,2,2417,-30,0,0,20,fdi,FDI
1693963588,3416,140,0,0,41,41,0,0,0,2095,0,8,0,169200438,2,0,0,0,0,0,0,32,-84,100,0,1,1,2,2417,-84,0,0,192,fdi,FDI
1693963588,3417,60,2,2,8,8,0,44,0,3812,2,4,1,3007811699,2,0,0,0,0,0,0,32,-34,54,1,0,24,2,2417,-34,0,0,20,fdi,FDI
1693963588,3419,62,1,1,8,8,0,60,0,0,2,12,1,2671372690,2,0,0,0,0,0,0,32,-28,39,1,0,6,2,2417,-28,0,0,20,fdi,FDI
1693963588,3420,62,1,1,8,8,0,60,0,0,2,12,1,2671372690,2,0,0,0,0,0,0,32,-10,63,1,0,6,2,2417,-10,0,0,20,fdi,FDI
1693963588,3422,269,0,0,13,13,0,48,0,581,2,8,34,1815404556,2,0,0,0,0,0,171,32,-30,75,1,0,18,2,2417,-30,0,0,20,fdi,FDI
1693963588,3424,111,0,0,13,13,0,48,0,582,2,8,34,3914418532,2,0,0,0,0,0,13,32,-32,81,1,0,18,2,2417,-32,0,0,20,fdi,FDI
1693963588,3426,60,2,2,8,8,0,344,0,239,2,4,17,3735531812,2,0,0,0,0,0,0,32,-34,93,1,0,24,2,2417,-34,0,0,20,fdi,FDI
1693963588,3428,117,1,1,8,8,0,44,0,157,2,8,1,1566937146,2,0,0,0,0,0,19,32,-10,66,1,0,54,2,2417,-10,0,0,20,fdi,FDI
1693963588,3430,60,2,2,8,8,0,344,0,240,2,4,1,3161384515,2,0,0,0,0,0,0,32,-34,78,1,0,24,2,2417,-34,0,0,20,fdi,FDI
1693963588,3432,140,0,0,41,41,0,0,0,2096,0,8,0,3320964123,2,0,0,0,0,0,0,32,-54,100,0,1,1,2,2417,-54,0,0,192,fdi,FDI
1693963588,3433,62,1,1,8,8,0,60,0,0,2,12,1,2671372690,2,0,0,0,0,0,0,32,-30,45,1,0,6,2,2417,-30,0,0,20,fdi,FDI
1693963588,3435,60,2,2,8,8,0,44,0,3813,2,4,1,4186276386,2,0,0,0,0,0,0,32,-34,90,1,0,24,2,2417,-34,0,0,20,fdi,FDI
1693963588,3437,269,0,0,13,13,0,48,0,583,2,8,34,3449446239,2,0,0,0,0,0,171,32,-30,90,1,0,18,2,2417,-30,0,0,20,fdi,FDI
1693963588,3439,140,0,0,41,41,0,0,0,2097,0,8,0,2450692731,2,0,0,0,0,0,0,32,-68,100,0,1,1,2,2417,-68,0,0,192,fdi,FDI
1693963588,3440,62,1,1,8,8,0,60,0,0,2,12,1,2671372690,2,0,0,0,0,0,0,32,-28,60,1,0,6,2,2417,-28,0,0,20,fdi,FDI
1693963588,3442,269,0,0,13,13,0,48,0,584,2,8,34,537702393,2,0,0,0,0,0,171,32,-32,81,1,0,18,2,2417,-32,0,0,20,fdi,FDI
1693963589,3444,140,0,0,41,41,0,0,0,2098,0,8,0,4134121858,2,0,0,0,0,0,0,32,-72,100,0,1,1,2,2417,-72,0,0,192,fdi,FDI
1693963589,3445,60,2,2,8,8,0,44,0,3815,2,4,1,1812047488,2,0,0,0,0,0,0,32,-34,96,1,0,24,2,2417,-34,0,0,20,fdi,FDI
1693963589,3447,268,0,0,13,13,0,48,0,585,2,8,34,411616437,2,0,0,0,0,0,170,32,-32,69,1,0,18,2,2417,-32,0,0,20,fdi,FDI
1693963589,3449,140,0,0,41,41,0,0,0,2099,0,8,0,1543252253,2,0,0,0,0,0,0,32,-80,100,0,1,1,2,2417,-80,0,0,192,fdi,FDI
1693963589,3450,62,1,1,8,8,0,60,0,0,2,12,1,2671372690,2,0,0,0,0,0,0,32,-30,63,1,0,6,2,2417,-30,0,0,20,fdi,FDI
1693963589,3452,100,0,0,13,13,0,48,0,586,2,8,34,1076947722,2,0,0,0,0,0,2,32,-30,54,1,0,18,2,2417,-30,0,0,20,fdi,FDI
1693963589,3454,267,0,0,13,13,0,48,0,587,2,8,34,2327292404,2,0,0,0,0,0,169,32,-30,75,1,0,18,2,2417,-30,0,0,20,fdi,FDI
1693963589,3456,140,0,0,41,41,0,0,0,2100,0,8,0,833111835,2,0,0,0,0,0,0,32,-80,100,0,1,1,2,2417,-80,0,0,192,fdi,FDI
1693963589,3457,62,1,1,8,8,0,60,0,0,2,12,1,2671372690,2,0,0,0,0,0,0,32,-28,48,1,0,6,2,2417,-28,0,0,20,fdi,FDI
1693963589,3459,60,2,2,8,8,0,44,0,3817,2,4,1,847205740,2,0,0,0,0,0,0,32,-34,90,1,0,24,2,2417,-34,0,0,20,fdi,FDI
1693963589,3461,269,0,0,13,13,0,48,0,588,2,8,34,2781799688,2,0,0,0,0,0,171,32,-28,87,1,0,18,2,2417,-28,0,0,20,fdi,FDI
1693963589,3463,117,1,1,8,8,0,44,0,158,2,8,1,4263751637,2,0,0,0,0,0,19,32,-10,66,1,0,54,2,2417,-10,0,0,20,fdi,FDI
1693963589,3465,140,0,0,41,41,0,0,0,2101,0,8,0,107378899,2,0,0,0,0,0,0,32,-80,100,0,1,1,2,2417,-80,0,0,192,fdi,FDI
1693963589,3466,62,1,1,8,8,0,60,0,0,2,12,1,2671372690,2,0,0,0,0,0,0,32,-30,57,1,0,6,2,2417,-30,0,0,20,fdi,FDI
1693963589,3468,60,2,2,8,8,0,44,0,3818,2,4,1,3979961247,2,0,0,0,0,0,0,32,-36,84,1,0,24,2,2417,-36,0,0,20,fdi,FDI
1693963589,3469,269,0,0,13,13,0,48,0,589,2,8,34,410591002,2,0,0,0,0,0,171,32,-28,75,1,0,18,2,2417,-28,0,0,20,fdi,FDI
1693963589,3471,140,0,0,41,41,0,0,0,2102,0,8,0,1120011851,2,0,0,0,0,0,0,32,-54,100,0,1,1,2,2417,-54,0,0,192,fdi,FDI
1693963589,3472,62,1,1,8,8,0,60,0,0,2,12,1,2671372690,2,0,0,0,0,0,0,32,-28,54,1,0,6,2,2417,-28,0,0,20,fdi,FDI
1693963589,3474,60,2,2,8,8,0,44,0,3819,2,4,1,2818273742,2,0,0,0,0,0,0,32,-34,93,1,0,24,2,2417,-34,0,0,20,fdi,FDI
1693963589,3476,100,0,0,13,13,0,48,0,590,2,8,34,1780530546,2,0,0,0,0,0,2,32,-28,78,1,0,18,2,2417,-28,0,0,20,fdi,FDI
1693963589,3478,268,0,0,13,13,0,48,0,591,2,8,34,424216806,2,0,0,0,0,0,170,32,-28,81,1,0,18,2,2417,-28,0,0,20,fdi,FDI
1693963589,3480,110,0,0,13,13,0,48,0,592,2,8,34,109895854,2,0,0,0,0,0,12,32,-28,84,1,0,18,2,2417,-28,0,0,20,fdi,FDI
1693963589,3482,140,0,0,41,41,0,0,0,2103,0,8,0,3780689409,2,0,0,0,0,0,0,32,-80,100,0,1,1,2,2417,-80,0,0,192,fdi,FDI
1693963589,3483,62,1,1,8,8,0,60,0,0,2,12,1,2671372690,2,0,0,0,0,0,0,32,-30,66,1,0,6,2,2417,-30,0,0,20,fdi,FDI
1693963589,3485,60,2,2,8,8,0,44,0,3820,2,4,1,2294548536,2,0,0,0,0,0,0,32,-34,90,1,0,24,2,2417,-34,0,0,20,fdi,FDI
1693963589,3487,267,0,0,13,13,0,48,0,593,2,8,34,686266482,2,0,0,0,0,0,169,32,-30,87,1,0,18,2,2417,-30,0,0,20,fdi,FDI
1693963589,3489,117,1,1,8,8,0,44,0,159,2,8,1,2230576288,2,0,0,0,0,0,19,32,-12,84,1,0,54,2,2417,-12,0,0,20,fdi,FDI
1693963589,3491,140,0,0,41,41,0,0,0,2104,0,8,0,66812195,2,0,0,0,0,0,0,32,-80,100,0,1,1,2,2417,-80,0,0,192,fdi,FDI
1693963589,3492,62,1,1,8,8,0,60,0,0,2,12,1,2671372690,2,0,0,0,0,0,0,32,-28,39,1,0,6,2,2417,-28,0,0,20,fdi,FDI
1693963589,3494,60,2,2,8,8,0,44,0,3821,2,4,1,3255179881,2,0,0,0,0,0,0,32,-34,96,1,0,24,2,2417,-34,0,0,20,fdi,FDI
1693963589,3500,140,0,0,41,41,0,0,0,2105,0,8,0,2467695933,2,0,0,0,0,0,0,32,-82,100,0,1,1,2,2417,-82,0,0,192,fdi,FDI
1693963589,3501,62,1,1,8,8,0,60,0,0,2,12,1,2671372690,2,0,0,0,0,0,0,32,-28,48,1,0,6,2,2417,-28,0,0,20,fdi,FDI
1693963589,3503,60,2,2,8,8,0,44,0,3822,2,4,1,490744986,2,0,0,0,0,0,0,32,-34,90,1,0,24,2,2417,-34,0,0,20,fdi,FDI
1693963589,3505,111,0,0,13,13,0,48,0,595,2,8,34,4178188448,2,0,0,0,0,0,13,32,-30,81,1,0,18,2,2417,-30,0,0,20,fdi,FDI
1693963589,3507,269,0,0,13,13,0,48,0,596,2,8,34,2377078911,2,0,0,0,0,0,171,32,-32,78,1,0,18,2,2417,-32,0,0,20,fdi,FDI
1693963589,3509,100,0,0,13,13,0,48,0,597,2,8,34,2031960949,2,0,0,0,0,0,2,32,-32,72,1,0,18,2,2417,-32,0,0,20,fdi,FDI
1693963589,3511,140,0,0,41,41,0,0,0,2106,0,8,0,1145518920,2,0,0,0,0,0,0,32,-78,100,0,1,1,2,2417,-78,0,0,192,fdi,FDI
1693963589,3512,62,1,1,8,8,0,60,0,0,2,12,1,2671372690,2,0,0,0,0,0,0,32,-30,45,1,0,6,2,2417,-30,0,0,20,fdi,FDI
1693963589,3514,60,2,2,8,8,0,44,0,3823,2,4,1,1468153547,2,0,0,0,0,0,0,32,-34,90,1,0,24,2,2417,-34,0,0,20,fdi,FDI
1693963589,3516,269,0,0,13,13,0,48,0,598,2,8,34,773985225,2,0,0,0,0,0,171,32,-32,69,1,0,18,2,2417,-32,0,0,20,fdi,FDI
1693963589,3517,117,1,1,8,8,0,44,0,160,2,8,1,2174916304,2,0,0,0,0,0,19,32,-12,84,1,0,54,2,2417,-12,0,0,20,fdi,FDI
1693963589,3519,140,0,0,41,41,0,0,0,2107,0,8,0,3912948925,2,0,0,0,0,0,0,32,-80,100,0,1,1,2,2417,-80,0,0,192,fdi,FDI
1693963589,3520,60,2,2,8,8,0,44,0,3824,2,4,1,876212192,2,0,0,0,0,0,0,32,-36,90,1,0,24,2,2417,-36,0,0,20,fdi,FDI
1693963589,3522,267,0,0,13,13,0,48,0,599,2,8,34,1781336563,2,0,0,0,0,0,169,32,-32,81,1,0,18,2,2417,-32,0,0,20,fdi,FDI
1693963590,3524,60,2,2,8,8,0,344,0,242,2,4,17,681067693,2,0,0,0,0,0,0,32,-34,81,1,0,24,2,2417,-34,0,0,20,fdi,FDI
1693963590,3525,60,2,2,8,8,0,344,0,243,2,4,1,1663619248,2,0,0,0,0,0,0,32,-34,78,1,0,24,2,2417,-34,0,0,20,fdi,FDI
1693963590,3526,60,2,2,8,8,0,344,0,244,2,4,1,1276619078,2,0,0,0,0,0,0,32,-34,45,1,0,24,2,2417,-34,0,0,20,fdi,FDI
1693963590,3527,60,2,2,8,8,0,360,0,244,2,4,9,1841705698,2,0,0,0,0,0,0,32,-34,42,1,0,6,2,2417,-34,0,0,20,fdi,FDI
1693963590,3528,60,2,2,8,8,0,344,0,245,2,4,1,114670359,2,0,0,0,0,0,0,32,-34,45,1,0,24,2,2417,-34,0,0,20,fdi,FDI
1693963590,3529,60,2,2,8,8,0,360,0,245,2,4,9,654581939,2,0,0,0,0,0,0,32,-32,54,1,0,6,2,2417,-32,0,0,20,fdi,FDI
1693963590,3530,60,2,2,8,8,0,360,0,245,2,4,9,654581939,2,0,0,0,0,0,0,32,-36,63,1,0,6,2,2417,-36,0,0,20,fdi,FDI
1693963590,3531,140,0,0,41,41,0,0,0,2108,0,8,0,231009198,2,0,0,0,0,0,0,32,-36,100,0,1,1,2,2417,-36,0,0,192,fdi,FDI
1693963590,3532,60,2,2,8,8,0,344,0,246,2,4,1,3650325988,2,0,0,0,0,0,0,32,-34,42,1,0,24,2,2417,-34,0,0,20,fdi,FDI
1693963590,3534,62,1,1,8,8,0,60,0,0,2,12,1,2671372690,2,0,0,0,0,0,0,32,-30,48,1,0,6,2,2417,-30,0,0,20,fdi,FDI
1693963590,3536,62,1,1,8,8,0,60,0,0,2,12,1,2671372690,2,0,0,0,0,0,0,32,-8,54,1,0,6,2,2417,-8,0,0,20,fdi,FDI
1693963590,3537,62,1,1,8,8,0,60,0,0,2,12,1,2671372690,2,0,0,0,0,0,0,32,-8,45,1,0,6,2,2417,-8,0,0,20,fdi,FDI
1693963590,3539,60,2,2,8,8,0,344,0,247,2,4,17,2451773945,2,0,0,0,0,0,0,32,-34,87,1,0,24,2,2417,-34,0,0,20,fdi,FDI
1693963590,3541,267,0,0,13,13,0,48,0,600,2,8,34,1088830978,2,0,0,0,0,0,169,32,-36,78,1,0,18,2,2417,-36,0,0,20,fdi,FDI
1693963590,3543,100,0,0,13,13,0,48,0,601,2,8,34,2193996351,2,0,0,0,0,0,2,32,-32,78,1,0,18,2,2417,-32,0,0,20,fdi,FDI
1693963590,3545,140,0,0,41,41,0,0,0,2109,0,8,0,882137653,2,0,0,0,0,0,0,32,-74,100,0,1,1,2,2417,-74,0,0,192,fdi,FDI
1693963590,3546,62,1,1,8,8,0,60,0,0,2,12,1,2671372690,2,0,0,0,0,0,0,32,-30,51,1,0,6,2,2417,-30,0,0,20,fdi,FDI
1693963590,3548,60,2,2,8,8,0,44,0,3826,2,4,1,2713570114,2,0,0,0,0,0,0,32,-34,93,1,0,24,2,2417,-34,0,0,20,fdi,FDI
1693963590,3550,266,0,0,13,13,0,48,0,602,2,8,34,2807173633,2,0,0,0,0,0,168,32,-32,81,1,0,18,2,2417,-32,0,0,20,fdi,FDI
1693963590,3553,134,0,0,2,2,0,320,0,2110,0,5,0,39920099,2,0,0,0,0,0,0,32,-84,100,0,1,1,2,2417,-84,0,0,192,fdi,FDI
1693963590,3554,134,0,0,2,2,0,320,0,2110,0,5,8,2729946352,2,0,0,0,0,0,0,32,-68,100,0,1,1,2,2417,-68,0,0,192,fdi,FDI
1693963590,3556,117,1,1,8,8,0,44,0,161,2,8,1,4000490671,2,0,0,0,0,0,19,32,-12,81,1,0,54,2,2417,-12,0,0,20,fdi,FDI
1693963590,3560,140,0,0,41,41,0,0,0,2111,0,8,0,105468906,2,0,0,0,0,0,0,32,-80,100,0,1,1,2,2417,-80,0,0,192,fdi,FDI
1693963590,3561,62,1,1,8,8,0,60,0,0,2,12,1,2671372690,2,0,0,0,0,0,0,32,-28,57,1,0,6,2,2417,-28,0,0,20,fdi,FDI
1693963590,3563,60,2,2,8,8,0,44,0,3827,2,4,1,3951024403,2,0,0,0,0,0,0,32,-36,84,1,0,24,2,2417,-36,0,0,20,fdi,FDI
1693963590,3565,267,0,0,13,13,0,48,0,603,2,8,34,3838534838,2,0,0,0,0,0,169,32,-32,90,1,0,18,2,2417,-32,0,0,20,fdi,FDI
1693963590,3573,140,0,0,41,41,0,0,0,2112,0,8,0,4236825634,2,0,0,0,0,0,0,32,-54,100,0,1,1,2,2417,-54,0,0,192,fdi,FDI
1693963590,3574,62,1,1,8,8,0,60,0,0,2,12,1,2671372690,2,0,0,0,0,0,0,32,-30,54,1,0,6,2,2417,-30,0,0,20,fdi,FDI
1693963590,3576,60,2,2,8,8,0,44,0,3828,2,4,1,3292569829,2,0,0,0,0,0,0,32,-34,84,1,0,24,2,2417,-34,0,0,20,fdi,FDI
1693963590,3578,267,0,0,13,13,0,48,0,604,2,8,42,746043766,2,0,0,0,0,0,169,32,-32,84,1,0,18,2,2417,-32,0,0,20,fdi,FDI
1693963590,3580,100,0,0,13,13,0,48,0,605,2,8,34,419144347,2,0,0,0,0,0,2,32,-32,93,1,0,18,2,2417,-32,0,0,20,fdi,FDI
1693963590,3582,140,0,0,41,41,0,0,0,2113,0,8,0,3592354130,2,0,0,0,0,0,0,32,-80,100,0,1,1,2,2417,-80,0,0,192,fdi,FDI
1693963590,3583,62,1,1,8,8,0,60,0,0,2,12,1,2671372690,2,0,0,0,0,0,0,32,-28,57,1,0,6,2,2417,-28,0,0,20,fdi,FDI
1693963590,3585,60,2,2,8,8,0,44,0,3829,2,4,1,2390930100,2,0,0,0,0,0,0,32,-34,87,1,0,24,2,2417,-34,0,0,20,fdi,FDI
1693963590,3587,267,0,0,13,13,0,48,0,606,2,8,34,1996213354,2,0,0,0,0,0,169,32,-32,84,1,0,18,2,2417,-32,0,0,20,fdi,FDI
1693963590,3589,117,1,1,8,8,0,44,0,162,2,8,1,1523007351,2,0,0,0,0,0,19,32,-12,78,1,0,54,2,2417,-12,0,0,20,fdi,FDI
1693963590,3591,140,0,0,41,41,0,0,0,2114,0,8,0,4012354480,2,0,0,0,0,0,0,32,-80,100,0,1,1,2,2417,-80,0,0,192,fdi,FDI
1693963590,3592,62,1,1,8,8,0,60,0,0,2,12,1,2671372690,2,0,0,0,0,0,0,32,-30,54,1,0,6,2,2417,-30,0,0,20,fdi,FDI
1693963590,3594,60,2,2,8,8,0,44,0,3830,2,4,1,1371833415,2,0,0,0,0,0,0,32,-34,96,1,0,24,2,2417,-34,0,0,20,fdi,FDI
1693963590,3596,266,0,0,13,13,0,48,0,607,2,8,34,370121660,2,0,0,0,0,0,168,32,-32,90,1,0,18,2,2417,-32,0,0,20,fdi,FDI
1693963590,3598,140,0,0,41,41,0,0,0,2115,0,8,0,1447349805,2,0,0,0,0,0,0,32,-80,100,0,1,1,2,2417,-80,0,0,192,fdi,FDI
1693963590,3599,62,1,1,8,8,0,60,0,0,2,12,1,2671372690,2,0,0,0,0,0,0,32,-30,33,1,0,6,2,2417,-30,0,0,20,fdi,FDI
1693963590,3601,60,2,2,8,8,0,44,0,3831,2,4,1,453416470,2,0,0,0,0,0,0,32,-36,87,1,0,24,2,2417,-36,0,0,20,fdi,FDI
1693963590,3603,266,0,0,13,13,0,48,0,608,2,8,34,2130614078,2,0,0,0,0,0,168,32,-32,90,1,0,18,2,2417,-32,0,0,20,fdi,FDI
1693963590,3605,100,0,0,13,13,0,48,0,609,2,8,42,3718577486,2,0,0,0,0,0,2,32,-32,78,1,0,12,2,2417,-32,0,0,20,fdi,FDI
1693963590,3607,140,0,0,41,41,0,0,0,2116,0,8,0,2733105366,2,0,0,0,0,0,0,32,-68,100,0,1,1,2,2417,-68,0,0,192,fdi,FDI
1693963590,3608,60,2,2,8,8,0,44,0,3832,2,4,1,263878571,2,0,0,0,0,0,0,32,-36,84,1,0,24,2,2417,-36,0,0,20,fdi,FDI
1693963590,3610,111,0,0,13,13,0,48,0,610,2,8,34,4236520765,2,0,0,0,0,0,13,32,-32,84,1,0,18,2,2417,-32,0,0,20,fdi,FDI
1693963590,3611,111,0,0,13,13,0,48,0,610,2,8,42,2873048801,2,0,0,0,0,0,13,32,-32,84,1,0,18,2,2417,-32,0,0,20,fdi,FDI
1693963590,3613,62,1,1,8,8,0,60,0,0,2,12,1,2671372690,2,0,0,0,0,0,0,32,-28,51,1,0,6,2,2417,-28,0,0,20,fdi,FDI
1693963590,3615,266,0,0,13,13,0,48,0,611,2,8,34,3593241734,2,0,0,0,0,0,168,32,-32,87,1,0,18,2,2417,-32,0,0,20,fdi,FDI
1693963590,3618,134,0,0,27,27,0,320,0,2117,0,5,0,3732019186,2,0,0,0,0,0,0,32,-56,100,0,1,1,2,2417,-56,0,0,192,fdi,FDI
1693963590,3620,117,1,1,8,8,0,44,0,163,2,8,1,3255469299,2,0,0,0,0,0,19,32,-12,81,1,0,54,2,2417,-12,0,0,20,fdi,FDI
1693963590,3622,140,0,0,41,41,0,0,0,2118,0,8,0,2523342425,2,0,0,0,0,0,0,32,-56,100,0,1,1,2,2417,-56,0,0,192,fdi,FDI
1693963590,3623,62,1,1,8,8,0,60,0,0,2,12,1,2671372690,2,0,0,0,0,0,0,32,-30,51,1,0,6,2,2417,-30,0,0,20,fdi,FDI
1693963590,3625,60,2,2,8,8,0,44,0,3833,2,4,1,1165518330,2,0,0,0,0,0,0,32,-34,87,1,0,24,2,2417,-34,0,0,20,fdi,FDI
1693963590,3626,267,0,0,13,13,0,48,0,612,2,8,34,195788334,2,0,0,0,0,0,169,32,-32,84,1,0,18,2,2417,-32,0,0,20,fdi,FDI
1693963590,3628,140,0,0,41,41,0,0,0,2119,0,8,0,2094357205,2,0,0,0,0,0,0,32,-80,100,0,1,1,2,2417,-80,0,0,192,fdi,FDI
1693963590,3629,62,1,1,8,8,0,60,0,0,2,12,1,2671372690,2,0,0,0,0,0,0,32,-30,54,1,0,6,2,2417,-30,0,0,20,fdi,FDI
1693963590,3631,60,2,2,8,8,0,44,0,3834,2,4,1,2587775753,2,0,0,0,0,0,0,32,-36,84,1,0,24,2,2417,-36,0,0,20,fdi,FDI
1693963591,3633,267,0,0,13,13,0,48,0,613,2,8,34,339035814,2,0,0,0,0,0,169,32,-32,84,1,0,18,2,2417,-32,0,0,20,fdi,FDI
1693963591,3635,100,0,0,13,13,0,48,0,614,2,8,34,9993119,2,0,0,0,0,0,2,32,-32,87,1,0,18,2,2417,-32,0,0,20,fdi,FDI
1693963591,3637,140,0,0,41,41,0,0,0,2120,0,8,0,3506411102,2,0,0,0,0,0,0,32,-78,100,0,1,1,2,2417,-78,0,0,192,fdi,FDI
1693963591,3638,62,1,1,8,8,0,60,0,0,2,12,1,2671372690,2,0,0,0,0,0,0,32,-30,63,1,0,6,2,2417,-30,0,0,20,fdi,FDI
1693963591,3640,60,2,2,8,8,0,44,0,3835,2,4,1,3506192728,2,0,0,0,0,0,0,32,-34,90,1,0,24,2,2417,-34,0,0,20,fdi,FDI
1693963591,3642,268,0,0,13,13,0,48,0,615,2,8,34,3115990878,2,0,0,0,0,0,170,32,-32,69,1,0,18,2,2417,-32,0,0,20,fdi,FDI
1693963591,3648,117,1,1,8,8,0,44,0,164,2,8,1,1093153197,2,0,0,0,0,0,19,32,-12,84,1,0,54,2,2417,-12,0,0,20,fdi,FDI
1693963591,3650,140,0,0,41,41,0,0,0,2121,0,8,0,1038886333,2,0,0,0,0,0,0,32,-80,100,0,1,1,2,2417,-80,0,0,192,fdi,FDI
1693963591,3651,62,1,1,8,8,0,60,0,0,2,12,1,2671372690,2,0,0,0,0,0,0,32,-28,45,1,0,6,2,2417,-28,0,0,20,fdi,FDI
1693963591,3653,60,2,2,8,8,0,44,0,3836,2,4,1,4290984110,2,0,0,0,0,0,0,32,-34,90,1,0,24,2,2417,-34,0,0,20,fdi,FDI
1693963591,3656,134,0,0,16,16,0,320,0,2122,0,5,0,3509676125,2,0,0,0,0,0,0,32,-78,100,0,1,1,2,2417,-78,0,0,192,fdi,FDI
1693963591,3658,264,0,0,13,13,0,48,0,616,2,8,34,79490692,2,0,0,0,0,0,166,32,-32,84,1,0,18,2,2417,-32,0,0,20,fdi,FDI
1693963591,3661,140,0,0,41,41,0,0,0,2123,0,8,0,3650215826,2,0,0,0,0,0,0,32,-78,100,0,1,1,2,2417,-78,0,0,192,fdi,FDI
1693963591,3662,60,2,2,8,8,0,44,0,3837,2,4,1,3036752639,2,0,0,0,0,0,0,32,-34,93,1,0,24,2,2417,-34,0,0,20,fdi,FDI
1693963591,3664,134,2,2,8,8,0,44,0,0,2,8,1,1675693762,2,0,0,0,0,0,0,32,-34,93,1,0,54,2,2417,-34,0,0,20,fdi,FDI
1693963591,3666,267,0,0,13,13,0,48,0,617,2,8,34,417618702,2,0,0,0,0,0,169,32,-32,75,1,0,18,2,2417,-32,0,0,20,fdi,FDI
1693963591,3668,62,1,1,8,8,0,60,0,0,2,12,1,2671372690,2,0,0,0,0,0,0,32,-30,42,1,0,6,2,2417,-30,0,0,20,fdi,FDI
1693963591,3671,100,0,0,13,13,0,48,0,618,2,8,34,3720672449,2,0,0,0,0,0,2,32,-32,72,1,0,18,2,2417,-32,0,0,20,fdi,FDI
1693963591,3673,60,2,2,8,8,0,344,0,249,2,4,17,3428706837,2,0,0,0,0,0,0,32,-34,84,1,0,24,2,2417,-34,0,0,20,fdi,FDI
1693963591,3676,60,2,2,8,8,0,344,0,250,2,4,1,308894378,2,0,0,0,0,0,0,32,-34,84,1,0,24,2,2417,-34,0,0,20,fdi,FDI
1693963591,3678,140,0,0,41,41,0,0,0,2124,0,8,0,4087416987,2,0,0,0,0,0,0,32,-80,100,0,1,1,2,2417,-80,0,0,192,fdi,FDI
1693963591,3679,62,1,1,8,8,0,60,0,0,2,12,1,2671372690,2,0,0,0,0,0,0,32,-30,45,1,0,6,2,2417,-30,0,0,20,fdi,FDI
1693963591,3681,60,2,2,8,8,0,44,0,3838,2,4,1,1783045132,2,0,0,0,0,0,0,32,-34,84,1,0,24,2,2417,-34,0,0,20,fdi,FDI
1693963591,3684,266,0,0,13,13,0,48,0,620,2,8,34,4289855557,2,0,0,0,0,0,168,32,-32,69,1,0,18,2,2417,-32,0,0,20,fdi,FDI
1693963591,3686,110,0,0,13,13,0,48,0,621,2,8,34,94297482,2,0,0,0,0,0,12,32,-32,66,1,0,18,2,2417,-32,0,0,20,fdi,FDI
1693963591,3689,134,0,0,3,3,0,320,0,2125,0,5,0,1223005871,2,0,0,0,0,0,0,32,-68,100,0,1,1,2,2417,-68,0,0,192,fdi,FDI
1693963591,3690,134,0,0,3,3,0,320,0,2125,0,5,8,751826541,2,0,0,0,0,0,0,32,-68,100,0,1,1,2,2417,-68,0,0,192,fdi,FDI
1693963591,3691,134,0,0,3,3,0,320,0,2125,0,5,8,203770502,2,0,0,0,0,0,0,32,-62,100,0,1,1,2,2417,-62,0,0,192,fdi,FDI
1693963591,3692,117,1,1,8,8,0,44,0,165,2,8,1,660813669,2,0,0,0,0,0,19,32,-10,78,1,0,54,2,2417,-10,0,0,20,fdi,FDI
1693963591,3694,140,0,0,41,41,0,0,0,2126,0,8,0,1783313367,2,0,0,0,0,0,0,32,-84,100,0,1,1,2,2417,-84,0,0,192,fdi,FDI
1693963591,3695,60,2,2,8,8,0,44,0,3839,2,4,1,545590877,2,0,0,0,0,0,0,32,-36,84,1,0,24,2,2417,-36,0,0,20,fdi,FDI
1693963591,3698,134,0,0,4,4,0,320,0,2127,0,5,8,1742823965,2,0,0,0,0,0,0,32,-28,100,0,1,1,2,2417,-28,0,0,192,fdi,FDI
1693963591,3699,134,0,0,4,4,0,320,0,2127,0,5,8,2436954891,2,0,0,0,0,0,0,32,-28,100,0,1,1,2,2417,-28,0,0,192,fdi,FDI
1693963591,3700,267,0,0,13,13,0,48,0,622,2,8,42,1208140329,2,0,0,0,0,0,169,32,-30,72,1,0,12,2,2417,-30,0,0,20,fdi,FDI
1693963591,3703,140,0,0,41,41,0,0,0,2128,0,8,0,212247899,2,0,0,0,0,0,0,32,-82,100,0,1,1,2,2417,-82,0,0,192,fdi,FDI
1693963591,3704,62,1,1,8,8,0,60,0,0,2,12,1,2671372690,2,0,0,0,0,0,0,32,-28,42,1,0,6,2,2417,-28,0,0,20,fdi,FDI
1693963591,3706,60,2,2,8,8,0,44,0,3840,2,4,1,3107054101,2,0,0,0,0,0,0,32,-36,81,1,0,24,2,2417,-36,0,0,20,fdi,FDI
1693963591,3709,100,0,0,13,13,0,48,0,623,2,8,34,1918499629,2,0,0,0,0,0,2,32,-28,69,1,0,18,2,2417,-28,0,0,20,fdi,FDI
1693963591,3712,140,0,0,41,41,0,0,0,2129,0,8,0,2617100824,2,0,0,0,0,0,0,32,-84,100,0,1,1,2,2417,-84,0,0,192,fdi,FDI
1693963591,3713,62,1,1,8,8,0,60,0,0,2,12,1,2671372690,2,0,0,0,0,0,0,32,-26,48,1,0,6,2,2417,-26,0,0,20,fdi,FDI
1693963591,3715,60,2,2,8,8,0,44,0,3841,2,4,1,4092850244,2,0,0,0,0,0,0,32,-34,87,1,0,24,2,2417,-34,0,0,20,fdi,FDI
1693963591,3719,111,0,0,13,13,0,48,0,625,2,8,34,200794136,2,0,0,0,0,0,13,32,-28,36,1,0,18,2,2417,-28,0,0,20,fdi,FDI
1693963591,3721,268,0,0,13,13,0,48,0,626,2,8,34,2279279756,2,0,0,0,0,0,170,32,-32,45,1,0,18,2,2417,-32,0,0,20,fdi,FDI
1693963591,3723,140,0,0,41,41,0,0,0,2130,0,8,0,2560797878,2,0,0,0,0,0,0,32,-76,100,0,1,1,2,2417,-76,0,0,192,fdi,FDI
1693963591,3724,62,1,1,8,8,0,60,0,0,2,12,1,2671372690,2,0,0,0,0,0,0,32,-28,48,1,0,6,2,2417,-28,0,0,20,fdi,FDI
1693963591,3726,60,2,2,8,8,0,44,0,3842,2,4,1,750110391,2,0,0,0,0,0,0,32,-34,87,1,0,24,2,2417,-34,0,0,20,fdi,FDI
1693963591,3728,266,0,0,13,13,0,48,0,627,2,8,34,3346823418,2,0,0,0,0,0,168,32,-30,78,1,0,18,2,2417,-30,0,0,20,fdi,FDI
1693963591,3731,62,1,1,8,8,0,60,0,0,2,12,1,2671372690,2,0,0,0,0,0,0,32,-30,45,1,0,6,2,2417,-30,0,0,20,fdi,FDI
1693963591,3733,60,2,2,8,8,0,44,0,3843,2,4,1,1719129318,2,0,0,0,0,0,0,32,-36,90,1,0,24,2,2417,-36,0,0,20,fdi,FDI
1693963591,3736,265,0,0,13,13,0,48,0,628,2,8,34,4040790103,2,0,0,0,0,0,167,32,-30,78,1,0,18,2,2417,-30,0,0,20,fdi,FDI
1693963592,3739,140,0,0,41,41,0,0,0,2132,0,8,0,2681316885,2,0,0,0,0,0,0,32,-54,100,0,1,1,2,2417,-54,0,0,192,fdi,FDI
1693963592,3740,62,1,1,8,8,0,60,0,0,2,12,1,2671372690,2,0,0,0,0,0,0,32,-30,45,1,0,6,2,2417,-30,0,0,20,fdi,FDI
1693963592,3742,60,2,2,8,8,0,44,0,3844,2,4,1,1229499664,2,0,0,0,0,0,0,32,-36,84,1,0,24,2,2417,-36,0,0,20,fdi,FDI
1693963592,3745,60,2,2,8,8,0,344,0,251,2,4,17,1507446455,2,0,0,0,0,0,0,32,-36,100,1,0,24,2,2417,-36,0,0,20,fdi,FDI
1693963592,3747,60,2,2,8,8,0,344,0,252,2,4,1,2006200589,2,0,0,0,0,0,0,32,-34,84,1,0,24,2,2417,-34,0,0,20,fdi,FDI
1693963592,3749,60,2,2,8,8,0,344,0,254,2,4,1,3792704943,2,0,0,0,0,0,0,32,-36,81,1,0,24,2,2417,-36,0,0,20,fdi,FDI
1693963592,3751,265,0,0,13,13,0,48,0,629,2,8,34,552484448,2,0,0,0,0,0,167,32,-30,69,1,0,18,2,2417,-30,0,0,20,fdi,FDI
1693963592,3753,140,0,0,41,41,0,0,0,2133,0,8,0,4224614604,2,0,0,0,0,0,0,32,-54,100,0,1,1,2,2417,-54,0,0,192,fdi,FDI
1693963592,3754,62,1,1,8,8,0,60,0,0,2,12,1,2671372690,2,0,0,0,0,0,0,32,-30,63,1,0,6,2,2417,-30,0,0,20,fdi,FDI
1693963592,3756,60,2,2,8,8,0,44,0,3845,2,4,1,59424577,2,0,0,0,0,0,0,32,-34,100,1,0,24,2,2417,-34,0,0,20,fdi,FDI
1693963592,3758,266,0,0,13,13,0,48,0,630,2,8,34,834926587,2,0,0,0,0,0,168,32,-32,90,1,0,18,2,2417,-32,0,0,20,fdi,FDI
1693963592,3761,134,0,0,31,31,0,320,0,2134,0,5,0,124622336,2,0,0,0,0,0,0,32,-10,100,0,1,1,2,2417,-10,0,0,192,fdi,FDI
1693963592,3762,134,0,0,31,31,0,320,0,2134,0,5,8,3934464796,2,0,0,0,0,0,0,32,-10,100,0,1,1,2,2417,-10,0,0,192,fdi,FDI
1693963592,3763,140,0,0,41,41,0,0,0,2135,0,8,0,1607975916,2,0,0,0,0,0,0,32,-78,100,0,1,1,2,2417,-78,0,0,192,fdi,FDI
1693963592,3764,62,1,1,8,8,0,60,0,0,2,12,1,2671372690,2,0,0,0,0,0,0,32,-30,45,1,0,6,2,2417,-30,0,0,20,fdi,FDI
1693963592,3766,134,2,2,8,8,0,44,0,1,2,8,1,3575348279,2,0,0,0,0,0,0,32,-34,87,1,0,54,2,2417,-34,0,0,20,fdi,FDI
1693963592,3768,140,0,0,41,41,0,0,0,2136,0,8,0,4007382899,2,0,0,0,0,0,0,32,-80,100,0,1,1,2,2417,-80,0,0,192,fdi,FDI
1693963592,3769,62,1,1,8,8,0,60,0,0,2,12,1,2671372690,2,0,0,0,0,0,0,32,-30,51,1,0,6,2,2417,-30,0,0,20,fdi,FDI
1693963592,3771,60,2,2,8,8,0,44,0,3847,2,4,1,2517539811,2,0,0,0,0,0,0,32,-34,87,1,0,24,2,2417,-34,0,0,20,fdi,FDI
1693963592,3773,267,0,0,13,13,0,48,0,632,2,8,34,2742100007,2,0,0,0,0,0,169,32,-32,81,1,0,18,2,2417,-32,0,0,20,fdi,FDI
1693963592,3775,140,0,0,41,41,0,0,0,2137,0,8,0,3730587838,2,0,0,0,0,0,0,32,-78,100,0,1,1,2,2417,-78,0,0,192,fdi,FDI
1693963592,3776,62,1,1,8,8,0,60,0,0,2,12,1,2671372690,2,0,0,0,0,0,0,32,-30,39,1,0,6,2,2417,-30,0,0,20,fdi,FDI
1693963592,3777,60,2,2,8,8,0,44,0,3848,2,4,1,2192734814,2,0,0,0,0,0,0,32,-34,93,1,0,24,2,2417,-34,0,0,20,fdi,FDI
1693963592,3779,266,0,0,13,13,0,48,0,633,2,8,34,3061282606,2,0,0,0,0,0,168,32,-30,66,1,0,18,2,2417,-30,0,0,20,fdi,FDI
1693963592,3782,134,0,0,31,31,0,320,0,2138,0,5,0,489708729,2,0,0,0,0,0,0,32,-72,100,0,1,1,2,2417,-72,0,0,192,fdi,FDI
1693963592,3786,140,0,0,41,41,0,0,0,2139,0,8,0,120606862,2,0,0,0,0,0,0,32,-78,100,0,1,1,2,2417,-78,0,0,192,fdi,FDI
1693963592,3787,62,1,1,8,8,0,60,0,0,2,12,1,2671372690,2,0,0,0,0,0,0,32,-30,45,1,0,6,2,2417,-30,0,0,20,fdi,FDI
1693963592,3789,60,2,2,8,8,0,44,0,3849,2,4,1,3362809871,2,0,0,0,0,0,0,32,-36,81,1,0,24,2,2417,-36,0,0,20,fdi,FDI
1693963592,3792,266,0,0,13,13,0,48,0,634,2,8,34,3727361365,2,0,0,0,0,0,168,32,-30,78,1,0,18,2,2417,-30,0,0,20,fdi,FDI
1693963592,3795,140,0,0,41,41,0,0,0,2140,0,8,0,4261927843,2,0,0,0,0,0,0,32,-76,100,0,1,1,2,2417,-76,0,0,192,fdi,FDI
1693963592,3796,62,1,1,8,8,0,60,0,0,2,12,1,2671372690,2,0,0,0,0,0,0,32,-32,42,1,0,6,2,2417,-32,0,0,20,fdi,FDI
1693963592,3797,60,2,2,8,8,0,344,0,256,2,4,1,828828598,2,0,0,0,0,0,0,32,-34,100,1,0,24,2,2417,-34,0,0,20,fdi,FDI
1693963592,3799,267,0,0,13,13,0,48,0,635,2,8,34,2822657313,2,0,0,0,0,0,169,32,-30,78,1,0,18,2,2417,-30,0,0,20,fdi,FDI
1693963592,3801,140,0,0,41,41,0,0,0,2141,0,8,0,668319561,2,0,0,0,0,0,0,32,-54,100,0,1,1,2,2417,-54,0,0,192,fdi,FDI
1693963592,3802,62,1,1,8,8,0,60,0,0,2,12,1,2671372690,2,0,0,0,0,0,0,32,-28,45,1,0,6,2,2417,-28,0,0,20,fdi,FDI
1693963592,3804,60,2,2,8,8,0,44,0,3851,2,4,1,1576291501,2,0,0,0,0,0,0,32,-36,84,1,0,24,2,2417,-36,0,0,20,fdi,FDI
1693963592,3806,111,0,0,13,13,0,48,0,636,2,8,34,3957080857,2,0,0,0,0,0,13,32,-30,69,1,0,18,2,2417,-30,0,0,20,fdi,FDI
1693963592,3808,266,0,0,13,13,0,48,0,637,2,8,34,2293974440,2,0,0,0,0,0,168,32,-30,90,1,0,18,2,2417,-30,0,0,20,fdi,FDI
1693963592,3810,140,0,0,41,41,0,0,0,2142,0,8,0,228911341,2,0,0,0,0,0,0,32,-76,100,0,1,1,2,2417,-76,0,0,192,fdi,FDI
1693963592,3811,62,1,1,8,8,0,60,0,0,2,12,1,2671372690,2,0,0,0,0,0,0,32,-30,45,1,0,6,2,2417,-30,0,0,20,fdi,FDI
1693963592,3813,60,2,2,8,8,0,44,0,3852,2,4,1,1925920091,2,0,0,0,0,0,0,32,-36,84,1,0,24,2,2417,-36,0,0,20,fdi,FDI
1693963592,3815,266,0,0,13,13,0,48,0,638,2,8,34,1056617853,2,0,0,0,0,0,168,32,-30,69,1,0,18,2,2417,-30,0,0,20,fdi,FDI
1693963592,3817,140,0,0,41,41,0,0,0,2143,0,8,0,3133713829,2,0,0,0,0,0,0,32,-54,100,0,1,1,2,2417,-54,0,0,192,fdi,FDI
1693963592,3818,62,1,1,8,8,0,60,0,0,2,12,1,2671372690,2,0,0,0,0,0,0,32,-30,57,1,0,6,2,2417,-30,0,0,20,fdi,FDI
1693963592,3819,267,0,0,13,13,0,48,0,639,2,8,34,334508327,2,0,0,0,0,0,169,32,-30,72,1,0,18,2,2417,-30,0,0,20,fdi,FDI
1693963593,3821,140,0,0,41,41,0,0,0,2144,0,8,0,3010156041,2,0,0,0,0,0,0,32,-80,100,0,1,1,2,2417,-80,0,0,192,fdi,FDI
1693963593,3822,62,1,1,8,8,0,60,0,0,2,12,1,2671372690,2,0,0,0,0,0,0,32,-30,48,1,0,6,2,2417,-30,0,0,20,fdi,FDI
1693963593,3824,60,2,2,8,8,0,44,0,3854,2,4,1,3880718841,2,0,0,0,0,0,0,32,-34,87,1,0,24,2,2417,-34,0,0,20,fdi,FDI
1693963593,3826,266,0,0,13,13,0,48,0,640,2,8,34,1003324861,2,0,0,0,0,0,168,32,-30,78,1,0,18,2,2417,-30,0,0,20,fdi,FDI
1693963593,3829,140,0,0,41,41,0,0,0,2145,0,8,0,3083170215,2,0,0,0,0,0,0,32,-72,100,0,1,1,2,2417,-72,0,0,192,fdi,FDI
1693963593,3830,62,1,1,8,8,0,60,0,0,2,12,1,2671372690,2,0,0,0,0,0,0,32,-30,45,1,0,6,2,2417,-30,0,0,20,fdi,FDI
1693963593,3832,60,2,2,8,8,0,44,0,3855,2,4,1,2911699880,2,0,0,0,0,0,0,32,-34,84,1,0,24,2,2417,-34,0,0,20,fdi,FDI
1693963593,3834,268,0,0,13,13,0,48,0,641,2,8,34,3361730593,2,0,0,0,0,0,170,32,-30,72,1,0,18,2,2417,-30,0,0,20,fdi,FDI
1693963593,3836,140,0,0,41,41,0,0,0,2146,0,8,0,1414893787,2,0,0,0,0,0,0,32,-78,100,0,1,1,2,2417,-78,0,0,192,fdi,FDI
1693963593,3837,62,1,1,8,8,0,60,0,0,2,12,1,2671372690,2,0,0,0,0,0,0,32,-30,42,1,0,6,2,2417,-30,0,0,20,fdi,FDI
1693963593,3839,60,2,2,8,8,0,44,0,3856,2,4,1,3459699331,2,0,0,0,0,0,0,32,-36,87,1,0,24,2,2417,-36,0,0,20,fdi,FDI
1693963593,3841,134,2,2,8,8,0,44,0,2,2,8,1,482021015,2,0,0,0,0,0,0,32,-34,90,1,0,54,2,2417,-34,0,0,20,fdi,FDI
1693963593,3843,267,0,0,13,13,0,48,0,642,2,8,34,961361558,2,0,0,0,0,0,169,32,-30,75,1,0,18,2,2417,-30,0,0,20,fdi,FDI
1693963593,3845,140,0,0,41,41,0,0,0,2147,0,8,0,2914049594,2,0,0,0,0,0,0,32,-78,100,0,1,1,2,2417,-78,0,0,192,fdi,FDI
1693963593,3846,62,1,1,8,8,0,60,0,0,2,12,1,2671372690,2,0,0,0,0,0,0,32,-30,54,1,0,6,2,2417,-30,0,0,20,fdi,FDI
1693963593,3848,60,2,2,8,8,0,44,0,3857,2,4,1,2230632658,2,0,0,0,0,0,0,32,-34,93,1,0,24,2,2417,-34,0,0,20,fdi,FDI
1693963593,3850,268,0,0,13,13,0,48,0,643,2,8,34,1780193613,2,0,0,0,0,0,170,32,-30,81,1,0,18,2,2417,-30,0,0,20,fdi,FDI
1693963593,3852,140,0,0,41,41,0,0,0,2148,0,8,0,664368818,2,0,0,0,0,0,0,32,-68,100,0,1,1,2,2417,-68,0,0,192,fdi,FDI
1693963593,3853,60,2,2,8,8,0,44,0,3858,2,4,1,1538455073,2,0,0,0,0,0,0,32,-34,90,1,0,24,2,2417,-34,0,0,20,fdi,FDI
1693963593,3855,62,1,1,8,8,0,60,0,0,2,12,1,2671372690,2,0,0,0,0,0,0,32,-30,66,1,0,6,2,2417,-30,0,0,20,fdi,FDI
1693963593,3857,110,0,0,13,13,0,48,0,644,2,8,34,2237731356,2,0,0,0,0,0,12,32,-30,78,1,0,18,2,2417,-30,0,0,20,fdi,FDI
1693963593,3859,268,0,0,13,13,0,48,0,645,2,8,34,2907085898,2,0,0,0,0,0,170,32,-28,69,1,0,18,2,2417,-28,0,0,20,fdi,FDI
1693963593,3861,140,0,0,41,41,0,0,0,2149,0,8,0,1832425638,2,0,0,0,0,0,0,32,-54,100,0,1,1,2,2417,-54,0,0,192,fdi,FDI
1693963593,3862,62,1,1,8,8,0,60,0,0,2,12,1,2671372690,2,0,0,0,0,0,0,32,-30,45,1,0,6,2,2417,-30,0,0,20,fdi,FDI
1693963593,3864,60,2,2,8,8,0,44,0,3859,2,4,1,292611184,2,0,0,0,0,0,0,32,-34,90,1,0,24,2,2417,-34,0,0,20,fdi,FDI
1693963593,3866,267,0,0,13,13,0,48,0,646,2,8,34,3609660351,2,0,0,0,0,0,169,32,-30,81,1,0,18,2,2417,-30,0,0,20,fdi,FDI
1693963593,3868,140,0,0,41,41,0,0,0,2150,0,8,0,2112630848,2,0,0,0,0,0,0,32,-84,100,0,1,1,2,2417,-84,0,0,192,fdi,FDI
1693963593,3869,62,1,1,8,8,0,60,0,0,2,12,1,2671372690,2,0,0,0,0,0,0,32,-30,54,1,0,6,2,2417,-30,0,0,20,fdi,FDI
1693963593,3871,60,2,2,8,8,0,44,0,3860,2,4,1,1045405062,2,0,0,0,0,0,0,32,-36,93,1,0,24,2,2417,-36,0,0,20,fdi,FDI
1693963593,3875,267,0,0,13,13,0,48,0,647,2,8,34,2702751142,2,0,0,0,0,0,169,32,-28,81,1,0,18,2,2417,-28,0,0,20,fdi,FDI
1693963593,3877,140,0,0,41,41,0,0,0,2151,0,8,0,3297727965,2,0,0,0,0,0,0,32,-54,100,0,1,1,2,2417,-54,0,0,192,fdi,FDI
1693963593,3879,60,2,2,8,8,0,44,0,3861,2,4,1,1955434455,2,0,0,0,0,0,0,32,-34,90,1,0,24,2,2417,-34,0,0,20,fdi,FDI
1693963593,3881,269,0,0,13,13,0,48,0,648,2,8,34,1633601320,2,0,0,0,0,0,171,32,-28,84,1,0,18,2,2417,-28,0,0,20,fdi,FDI
1693963593,3883,111,0,0,13,13,0,48,0,649,2,8,34,372486663,2,0,0,0,0,0,13,32,-28,66,1,0,18,2,2417,-28,0,0,20,fdi,FDI
1693963593,3885,140,0,0,41,41,0,0,0,2152,0,8,0,3899907171,2,0,0,0,0,0,0,32,-80,100,0,1,1,2,2417,-80,0,0,192,fdi,FDI
1693963593,3886,62,1,1,8,8,0,60,0,0,2,12,1,2671372690,2,0,0,0,0,0,0,32,-30,36,1,0,6,2,2417,-30,0,0,20,fdi,FDI
1693963593,3888,60,2,2,8,8,0,44,0,3862,2,4,1,2882255140,2,0,0,0,0,0,0,32,-36,90,1,0,24,2,2417,-36,0,0,20,fdi,FDI
1693963593,3890,266,0,0,13,13,0,48,0,650,2,8,34,897657928,2,0,0,0,0,0,168,32,-28,78,1,0,18,2,2417,-28,0,0,20,fdi,FDI
1693963593,3892,140,0,0,41,41,0,0,0,2153,0,8,0,95245719,2,0,0,0,0,0,0,32,-78,100,0,1,1,2,2417,-78,0,0,192,fdi,FDI
1693963593,3893,62,1,1,8,8,0,60,0,0,2,12,1,2671372690,2,0,0,0,0,0,0,32,-30,54,1,0,6,2,2417,-30,0,0,20,fdi,FDI
1693963593,3895,60,2,2,8,8,0,44,0,3863,2,4,1,3775507317,2,0,0,0,0,0,0,32,-34,93,1,0,24,2,2417,-34,0,0,20,fdi,FDI
1693963594,3897,269,0,0,13,13,0,48,0,651,2,8,34,1606661981,2,0,0,0,0,0,171,32,-28,72,1,0,18,2,2417,-28,0,0,20,fdi,FDI
1693963594,3899,140,0,0,41,41,0,0,0,2154,0,8,0,3355819573,2,0,0,0,0,0,0,32,-54,100,0,1,1,2,2417,-54,0,0,192,fdi,FDI
1693963594,3900,62,1,1,8,8,0,60,0,0,2,12,1,2671372690,2,0,0,0,0,0,0,32,-30,54,1,0,6,2,2417,-30,0,0,20,fdi,FDI
1693963594,3902,60,2,2,8,8,0,44,0,3864,2,4,1,4122299080,2,0,0,0,0,0,0,32,-34,93,1,0,24,2,2417,-34,0,0,20,fdi,FDI
1693963594,3904,60,2,2,8,8,0,344,0,262,2,4,1,1419477009,2,0,0,0,0,0,0,32,-34,90,1,0,24,2,2417,-34,0,0,20,fdi,FDI
1693963594,3906,268,0,0,13,13,0,48,0,652,2,8,34,1109160423,2,0,0,0,0,0,170,32,-28,72,1,0,18,2,2417,-28,0,0,20,fdi,FDI
1693963594,3908,140,0,0,41,41,0,0,0,2155,0,8,0,3801322309,2,0,0,0,0,0,0,32,-82,100,0,1,1,2,2417,-82,0,0,192,fdi,FDI
1693963594,3909,62,1,1,8,8,0,60,0,0,2,12,1,2671372690,2,0,0,0,0,0,0,32,-28,54,1,0,6,2,2417,-28,0,0,20,fdi,FDI
1693963594,3911,60,2,2,8,8,0,44,0,3865,2,4,1,3212269721,2,0,0,0,0,0,0,32,-34,93,1,0,24,2,2417,-34,0,0,20,fdi,FDI
1693963594,3913,267,0,0,13,13,0,48,0,653,2,8,34,791382563,2,0,0,0,0,0,169,32,-26,72,1,0,18,2,2417,-26,0,0,20,fdi,FDI
1693963594,3915,140,0,0,41,41,0,0,0,2156,0,8,0,356730839,2,0,0,0,0,0,0,32,-54,100,0,1,1,2,2417,-54,0,0,192,fdi,FDI
1693963594,3916,62,1,1,8,8,0,60,0,0,2,12,1,2671372690,2,0,0,0,0,0,0,32,-30,45,1,0,6,2,2417,-30,0,0,20,fdi,FDI
1693963594,3918,60,2,2,8,8,0,44,0,3866,2,4,1,1613852266,2,0,0,0,0,0,0,32,-36,84,1,0,24,2,2417,-36,0,0,20,fdi,FDI
1693963594,3920,134,2,2,8,8,0,44,0,3,2,8,1,2518094126,2,0,0,0,0,0,0,32,-34,93,1,0,54,2,2417,-34,0,0,20,fdi,FDI
1693963594,3922,140,0,0,41,41,0,0,0,2157,0,8,0,1907629668,2,0,0,0,0,0,0,32,-84,100,0,1,1,2,2417,-84,0,0,192,fdi,FDI
1693963594,3923,62,1,1,8,8,0,60,0,0,2,12,1,2671372690,2,0,0,0,0,0,0,32,-30,54,1,0,6,2,2417,-30,0,0,20,fdi,FDI
1693963594,3925,60,2,2,8,8,0,44,0,3867,2,4,1,720600123,2,0,0,0,0,0,0,32,-34,93,1,0,24,2,2417,-34,0,0,20,fdi,FDI
1693963594,3927,266,0,0,13,13,0,48,0,655,2,8,34,4013888538,2,0,0,0,0,0,168,32,-28,75,1,0,18,2,2417,-28,0,0,20,fdi,FDI
1693963594,3929,140,0,0,41,41,0,0,0,2158,0,8,0,1385562914,2,0,0,0,0,0,0,32,-84,100,0,1,1,2,2417,-84,0,0,192,fdi,FDI
1693963594,3930,62,1,1,8,8,0,60,0,0,2,12,1,2671372690,2,0,0,0,0,0,0,32,-30,48,1,0,6,2,2417,-30,0,0,20,fdi,FDI
1693963594,3932,60,2,2,8,8,0,44,0,3868,2,4,1,97256909,2,0,0,0,0,0,0,32,-34,96,1,0,24,2,2417,-34,0,0,20,fdi,FDI
1693963594,3934,265,0,0,13,13,0,48,0,656,2,8,34,4130122266,2,0,0,0,0,0,167,32,-26,72,1,0,18,2,2417,-26,0,0,20,fdi,FDI
1693963594,3936,140,0,0,41,41,0,0,0,2159,0,8,0,4065020984,2,0,0,0,0,0,0,32,-48,100,0,1,1,2,2417,-48,0,0,192,fdi,FDI
1693963594,3937,266,0,0,13,13,0,48,0,657,2,8,34,145166491,2,0,0,0,0,0,168,32,-26,78,1,0,18,2,2417,-26,0,0,20,fdi,FDI
1693963594,3940,140,0,0,41,41,0,0,0,2160,0,8,0,744906135,2,0,0,0,0,0,0,32,-76,100,0,1,1,2,2417,-76,0,0,192,fdi,FDI
1693963594,3941,62,1,1,8,8,0,60,0,0,2,12,1,2671372690,2,0,0,0,0,0,0,32,-30,51,1,0,6,2,2417,-30,0,0,20,fdi,FDI
1693963594,3943,60,2,2,8,8,0,44,0,3870,2,4,1,2420646255,2,0,0,0,0,0,0,32,-36,87,1,0,24,2,2417,-36,0,0,20,fdi,FDI
1693963594,3946,266,0,0,13,13,0,48,0,658,2,8,34,1911542794,2,0,0,0,0,0,168,32,-26,81,1,0,18,2,2417,-26,0,0,20,fdi,FDI
1693963594,3948,111,0,0,13,13,0,48,0,659,2,8,34,364842988,2,0,0,0,0,0,13,32,-26,81,1,0,18,2,2417,-26,0,0,20,fdi,FDI
1693963594,3950,268,0,0,13,13,0,48,0,660,2,8,34,4227179502,2,0,0,0,0,0,170,32,-28,78,1,0,18,2,2417,-28,0,0,20,fdi,FDI
1693963594,3952,140,0,0,41,41,0,0,0,2161,0,8,0,863247502,2,0,0,0,0,0,0,32,-10,100,0,1,1,2,2417,-10,0,0,192,fdi,FDI
1693963594,3953,62,1,1,8,8,0,60,0,0,2,12,1,2671372690,2,0,0,0,0,0,0,32,-28,54,1,0,6,2,2417,-28,0,0,20,fdi,FDI
1693963594,3955,60,2,2,8,8,0,44,0,3871,2,4,1,3666490174,2,0,0,0,0,0,0,32,-36,87,1,0,24,2,2417,-36,0,0,20,fdi,FDI
1693963594,3957,267,0,0,13,13,0,48,0,661,2,8,34,3549155013,2,0,0,0,0,0,169,32,-28,87,1,0,18,2,2417,-28,0,0,20,fdi,FDI
1693963594,3959,140,0,0,41,41,0,0,0,2162,0,8,0,2658006619,2,0,0,0,0,0,0,32,-8,100,0,1,1,2,2417,-8,0,0,192,fdi,FDI
1693963594,3960,62,1,1,8,8,0,60,0,0,2,12,1,2671372690,2,0,0,0,0,0,0,32,-30,33,1,0,6,2,2417,-30,0,0,20,fdi,FDI
1693963594,3962,60,2,2,8,8,0,44,0,3872,2,4,1,1463780153,2,0,0,0,0,0,0,32,-34,93,1,0,24,2,2417,-34,0,0,20,fdi,FDI
1693963594,3970,267,0,0,13,13,0,48,0,662,2,8,34,2397709835,2,0,0,0,0,0,169,32,-26,90,1,0,18,2,2417,-26,0,0,20,fdi,FDI
1693963594,3972,140,0,0,41,41,0,0,0,2163,0,8,0,3235327936,2,0,0,0,0,0,0,32,-8,100,0,1,1,2,2417,-8,0,0,192,fdi,FDI
1693963594,3973,62,1,1,8,8,0,60,0,0,2,12,1,2671372690,2,0,0,0,0,0,0,32,-30,45,1,0,6,2,2417,-30,0,0,20,fdi,FDI
1693963594,3975,60,2,2,8,8,0,44,0,3873,2,4,1,503157096,2,0,0,0,0,0,0,32,-34,96,1,0,24,2,2417,-34,0,0,20,fdi,FDI
1693963595,3978,266,0,0,13,13,0,48,0,663,2,8,34,2155473547,2,0,0,0,0,0,168,32,-26,72,1,0,18,2,2417,-26,0,0,20,fdi,FDI
1693963595,3980,140,0,0,41,41,0,0,0,2164,0,8,0,2039410939,2,0,0,0,0,0,0,32,-8,100,0,1,1,2,2417,-8,0,0,192,fdi,FDI
1693963595,3981,62,1,1,8,8,0,60,0,0,2,12,1,2671372690,2,0,0,0,0,0,0,32,-30,51,1,0,6,2,2417,-30,0,0,20,fdi,FDI
1693963595,3983,60,2,2,8,8,0,44,0,3874,2,4,1,3267078043,2,0,0,0,0,0,0,32,-34,84,1,0,24,2,2417,-34,0,0,20,fdi,FDI
1693963595,3986,140,0,0,41,41,0,0,0,2165,0,8,0,496096802,2,0,0,0,0,0,0,32,-8,100,0,1,1,2,2417,-8,0,0,192,fdi,FDI
1693963595,3987,62,1,1,8,8,0,60,0,0,2,12,1,2671372690,2,0,0,0,0,0,0,32,-30,60,1,0,6,2,2417,-30,0,0,20,fdi,FDI
1693963595,3989,60,2,2,8,8,0,44,0,3875,2,4,1,2289677770,2,0,0,0,0,0,0,32,-34,84,1,0,24,2,2417,-34,0,0,20,fdi,FDI
1693963595,3991,60,2,2,8,8,0,344,0,263,2,4,17,522916876,2,0,0,0,0,0,0,32,-36,100,1,0,24,2,2417,-36,0,0,20,fdi,FDI
1693963595,3993,60,2,2,8,8,0,344,0,264,2,4,1,182809597,2,0,0,0,0,0,0,32,-34,81,1,0,24,2,2417,-34,0,0,20,fdi,FDI
1693963595,3995,267,0,0,13,13,0,48,0,665,2,8,34,1187407748,2,0,0,0,0,0,169,32,-28,81,1,0,18,2,2417,-28,0,0,20,fdi,FDI
1693963595,3997,140,0,0,41,41,0,0,0,2166,0,8,0,4027455371,2,0,0,0,0,0,0,32,-8,100,0,1,1,2,2417,-8,0,0,192,fdi,FDI
1693963595,3998,62,1,1,8,8,0,60,0,0,2,12,1,2671372690,2,0,0,0,0,0,0,32,-30,69,1,0,6,2,2417,-30,0,0,20,fdi,FDI
1693963595,3999,134,2,2,8,8,0,44,0,4,2,8,1,687150319,2,0,0,0,0,0,0,32,-34,93,1,0,54,2,2417,-34,0,0,20,fdi,FDI
1693963595,4002,140,0,0,41,41,0,0,0,2167,0,8,0,2599841517,2,0,0,0,0,0,0,32,-76,100,0,1,1,2,2417,-76,0,0,192,fdi,FDI
1693963595,4003,62,1,1,8,8,0,60,0,0,2,12,1,2671372690,2,0,0,0,0,0,0,32,-30,57,1,0,6,2,2417,-30,0,0,20,fdi,FDI
1693963595,4005,60,2,2,8,8,0,44,0,3877,2,4,1,3984907885,2,0,0,0,0,0,0,32,-36,81,1,0,24,2,2417,-36,0,0,20,fdi,FDI
1693963595,4007,110,0,0,13,13,0,48,0,667,2,8,34,1123315993,2,0,0,0,0,0,12,32,-28,81,1,0,18,2,2417,-28,0,0,20,fdi,FDI
1693963595,4009,268,0,0,13,13,0,48,0,668,2,8,34,4086333567,2,0,0,0,0,0,170,32,-28,84,1,0,18,2,2417,-28,0,0,20,fdi,FDI
1693963595,4011,140,0,0,41,41,0,0,0,2168,0,8,0,403061451,2,0,0,0,0,0,0,32,-80,100,0,1,1,2,2417,-80,0,0,192,fdi,FDI
1693963595,4012,62,1,1,8,8,0,60,0,0,2,12,1,2671372690,2,0,0,0,0,0,0,32,-30,48,1,0,6,2,2417,-30,0,0,20,fdi,FDI
1693963595,4014,60,2,2,8,8,0,44,0,3878,2,4,1,851634334,2,0,0,0,0,0,0,32,-34,87,1,0,24,2,2417,-34,0,0,20,fdi,FDI
1693963595,4016,266,0,0,13,13,0,48,0,669,2,8,34,3558816310,2,0,0,0,0,0,168,32,-28,75,1,0,18,2,2417,-28,0,0,20,fdi,FDI
1693963595,4018,140,0,0,41,41,0,0,0,2169,0,8,0,2707775318,2,0,0,0,0,0,0,32,-10,100,0,1,1,2,2417,-10,0,0,192,fdi,FDI
1693963595,4019,62,1,1,8,8,0,60,0,0,2,12,1,2671372690,2,0,0,0,0,0,0,32,-30,39,1,0,6,2,2417,-30,0,0,20,fdi,FDI
1693963595,4020,62,1,1,8,8,0,60,0,0,2,12,1,2671372690,2,0,0,0,0,0,0,32,-10,69,1,0,6,2,2417,-10,0,0,20,fdi,FDI
1693963595,4022,268,0,0,13,13,0,48,0,670,2,8,34,737132747,2,0,0,0,0,0,170,32,-28,75,1,0,18,2,2417,-28,0,0,20,fdi,FDI
1693963595,4024,140,0,0,41,41,0,0,0,2170,0,8,0,2673967620,2,0,0,0,0,0,0,32,-54,100,0,1,1,2,2417,-54,0,0,192,fdi,FDI
1693963595,4025,62,1,1,8,8,0,60,0,0,2,12,1,2671372690,2,0,0,0,0,0,0,32,-30,54,1,0,6,2,2417,-30,0,0,20,fdi,FDI
1693963595,4027,60,2,2,8,8,0,44,0,3880,2,4,1,1824267122,2,0,0,0,0,0,0,32,-34,81,1,0,24,2,2417,-34,0,0,20,fdi,FDI
1693963595,4030,266,0,0,13,13,0,48,0,672,2,8,34,1825058097,2,0,0,0,0,0,168,32,-26,48,1,0,18,2,2417,-26,0,0,20,fdi,FDI
1693963595,4032,62,1,1,8,8,0,60,0,0,2,12,1,2671372690,2,0,0,0,0,0,0,32,-28,39,1,0,6,2,2417,-28,0,0,20,fdi,FDI
1693963595,4034,60,2,2,8,8,0,44,0,3881,2,4,1,645794083,2,0,0,0,0,0,0,32,-34,90,1,0,24,2,2417,-34,0,0,20,fdi,FDI
1693963595,4039,266,0,0,13,13,0,48,0,673,2,8,34,2887953134,2,0,0,0,0,0,168,32,-28,81,1,0,18,2,2417,-28,0,0,20,fdi,FDI
1693963595,4041,140,0,0,41,41,0,0,0,2172,0,8,0,2445043485,2,0,0,0,0,0,0,32,-78,100,0,1,1,2,2417,-78,0,0,192,fdi,FDI
1693963595,4042,62,1,1,8,8,0,60,0,0,2,12,1,2671372690,2,0,0,0,0,0,0,32,-26,54,1,0,6,2,2417,-26,0,0,20,fdi,FDI
1693963595,4044,60,2,2,8,8,0,44,0,3882,2,4,1,4181213136,2,0,0,0,0,0,0,32,-34,93,1,0,24,2,2417,-34,0,0,20,fdi,FDI
1693963595,4051,265,0,0,13,13,0,48,0,674,2,8,34,2683284942,2,0,0,0,0,0,167,32,-30,81,1,0,18,2,2417,-30,0,0,20,fdi,FDI
1693963596,4053,140,0,0,41,41,0,0,0,2173,0,8,0,1920731150,2,0,0,0,0,0,0,32,-82,100,0,1,1,2,2417,-82,0,0,192,fdi,FDI
1693963596,4054,62,1,1,8,8,0,60,0,0,2,12,1,2671372690,2,0,0,0,0,0,0,32,-30,51,1,0,6,2,2417,-30,0,0,20,fdi,FDI
1693963596,4056,60,2,2,8,8,0,44,0,3883,2,4,1,3019517313,2,0,0,0,0,0,0,32,-36,90,1,0,24,2,2417,-36,0,0,20,fdi,FDI
1693963596,4058,60,2,2,8,8,0,344,0,265,2,4,17,1096148960,2,0,0,0,0,0,0,32,-34,81,1,0,24,2,2417,-34,0,0,20,fdi,FDI
1693963596,4060,60,2,2,8,8,0,344,0,266,2,4,1,2673956703,2,0,0,0,0,0,0,32,-34,51,1,0,24,2,2417,-34,0,0,20,fdi,FDI
1693963596,4062,60,2,2,8,8,0,344,0,268,2,4,1,4204543224,2,0,0,0,0,0,0,32,-34,60,1,0,24,2,2417,-34,0,0,20,fdi,FDI
1693963596,4064,140,0,0,41,41,0,0,0,2174,0,8,0,3747996379,2,0,0,0,0,0,0,32,-82,100,0,1,1,2,2417,-82,0,0,192,fdi,FDI
1693963596,4065,62,1,1,8,8,0,60,0,0,2,12,1,2671372690,2,0,0,0,0,0,0,32,-30,45,1,0,6,2,2417,-30,0,0,20,fdi,FDI
1693963596,4067,60,2,2,8,8,0,44,0,3884,2,4,1,2630177911,2,0,0,0,0,0,0,32,-32,90,1,0,24,2,2417,-32,0,0,20,fdi,FDI
1693963596,4069,266,0,0,13,13,0,48,0,676,2,8,34,1774508986,2,0,0,0,0,0,168,32,-28,81,1,0,18,2,2417,-28,0,0,20,fdi,FDI
1693963596,4071,140,0,0,41,41,0,0,0,2175,0,8,0,3146955624,2,0,0,0,0,0,0,32,-54,100,0,1,1,2,2417,-54,0,0,192,fdi,FDI
1693963596,4072,62,1,1,8,8,0,60,0,0,2,12,1,2671372690,2,0,0,0,0,0,0,32,-28,48,1,0,6,2,2417,-28,0,0,20,fdi,FDI
1693963596,4074,60,2,2,8,8,0,44,0,3885,2,4,1,3590800934,2,0,0,0,0,0,0,32,-36,81,1,0,24,2,2417,-36,0,0,20,fdi,FDI
1693963596,4076,264,0,0,13,13,0,48,0,677,2,8,34,2739090705,2,0,0,0,0,0,166,32,-30,78,1,0,18,2,2417,-30,0,0,20,fdi,FDI
1693963596,4078,140,0,0,41,41,0,0,0,2176,0,8,0,139199468,2,0,0,0,0,0,0,32,-80,100,0,1,1,2,2417,-80,0,0,192,fdi,FDI
1693963596,4079,62,1,1,8,8,0,60,0,0,2,12,1,2671372690,2,0,0,0,0,0,0,32,-28,60,1,0,6,2,2417,-28,0,0,20,fdi,FDI
1693963596,4081,60,2,2,8,8,0,44,0,3886,2,4,1,155283669,2,0,0,0,0,0,0,32,-34,90,1,0,24,2,2417,-34,0,0,20,fdi,FDI
1693963596,4083,265,0,0,13,13,0,48,0,678,2,8,34,3972198161,2,0,0,0,0,0,167,32,-30,90,1,0,18,2,2417,-30,0,0,20,fdi,FDI
1693963596,4085,140,0,0,41,41,0,0,0,2177,0,8,0,3516819206,2,0,0,0,0,0,0,32,-82,100,0,1,1,2,2417,-82,0,0,192,fdi,FDI
1693963596,4086,60,2,2,8,8,0,44,0,3887,2,4,1,1132683908,2,0,0,0,0,0,0,32,-34,81,1,0,24,2,2417,-34,0,0,20,fdi,FDI
1693963596,4087,62,1,1,8,8,0,60,0,0,2,12,1,2671372690,2,0,0,0,0,0,0,32,-30,60,1,0,6,2,2417,-30,0,0,20,fdi,FDI
1693963596,4088,62,1,1,8,8,0,60,0,0,2,12,1,2671372690,2,0,0,0,0,0,0,32,-10,51,1,0,6,2,2417,-10,0,0,20,fdi,FDI
1693963596,4089,62,1,1,8,8,0,60,0,0,2,12,1,2671372690,2,0,0,0,0,0,0,32,-30,27,1,0,6,2,2417,-30,0,0,20,fdi,FDI
1693963596,4090,60,2,2,8,8,0,44,0,3887,2,4,9,1127883170,2,0,0,0,0,0,0,32,-34,96,1,0,24,2,2417,-34,0,0,20,fdi,FDI
1693963596,4091,62,1,1,8,8,0,60,0,0,2,12,1,2671372690,2,0,0,0,0,0,0,32,-10,36,1,0,6,2,2417,-10,0,0,20,fdi,FDI
1693963596,4092,62,1,1,8,8,0,60,0,0,2,12,1,2671372690,2,0,0,0,0,0,0,32,-30,42,1,0,6,2,2417,-30,0,0,20,fdi,FDI
1693963596,4094,60,2,2,8,8,0,44,0,3887,2,4,9,1127883170,2,0,0,0,0,0,0,32,-34,100,1,0,24,2,2417,-34,0,0,20,fdi,FDI
1693963596,4096,60,2,2,8,8,0,344,0,269,2,4,17,2972494053,2,0,0,0,0,0,0,32,-36,100,1,0,24,2,2417,-36,0,0,20,fdi,FDI
1693963596,4098,60,2,2,8,8,0,344,0,270,2,4,1,1863850074,2,0,0,0,0,0,0,32,-34,84,1,0,24,2,2417,-34,0,0,20,fdi,FDI
1693963596,4101,267,0,0,13,13,0,48,0,679,2,8,34,3856640485,2,0,0,0,0,0,169,32,-30,69,1,0,18,2,2417,-30,0,0,20,fdi,FDI
1693963596,4103,140,0,0,41,41,0,0,0,2178,0,8,0,556230331,2,0,0,0,0,0,0,32,-84,100,0,1,1,2,2417,-84,0,0,192,fdi,FDI
1693963596,4104,60,2,2,8,8,0,44,0,3888,2,4,1,540586927,2,0,0,0,0,0,0,32,-32,90,1,0,24,2,2417,-32,0,0,20,fdi,FDI
1693963596,4108,140,0,0,41,41,0,0,0,2179,0,8,0,2521506803,2,0,0,0,0,0,0,32,-80,100,0,1,1,2,2417,-80,0,0,192,fdi,FDI
1693963596,4109,62,1,1,8,8,0,60,0,0,2,12,1,2671372690,2,0,0,0,0,0,0,32,-30,45,1,0,6,2,2417,-30,0,0,20,fdi,FDI
1693963596,4111,60,2,2,8,8,0,44,0,3889,2,4,1,1794810366,2,0,0,0,0,0,0,32,-32,93,1,0,24,2,2417,-32,0,0,20,fdi,FDI
1693963596,4114,102,1,1,8,8,0,44,0,166,2,8,1,1388289937,2,0,0,0,0,0,4,32,-14,69,1,0,54,2,2417,-14,0,0,20,fdi,FDI
1693963596,4116,267,0,0,13,13,0,48,0,681,2,8,34,4047041432,2,0,0,0,0,0,169,32,-30,75,1,0,18,2,2417,-30,0,0,20,fdi,FDI
1693963596,4117,267,0,0,13,13,0,48,0,681,2,8,42,2405114394,2,0,0,0,0,0,169,32,-30,81,1,0,18,2,2417,-30,0,0,20,fdi,FDI
1693963596,4119,140,0,0,41,41,0,0,0,2180,0,8,0,1637611361,2,0,0,0,0,0,0,32,-84,100,0,1,1,2,2417,-84,0,0,192,fdi,FDI
1693963596,4120,62,1,1,8,8,0,60,0,0,2,12,1,2671372690,2,0,0,0,0,0,0,32,-28,39,1,0,6,2,2417,-28,0,0,20,fdi,FDI
1693963596,4122,60,2,2,8,8,0,44,0,3890,2,4,1,3049035533,2,0,0,0,0,0,0,32,-32,90,1,0,24,2,2417,-32,0,0,20,fdi,FDI
1693963596,4124,111,0,0,13,13,0,48,0,682,2,8,34,3234669255,2,0,0,0,0,0,13,32,-30,75,1,0,18,2,2417,-30,0,0,20,fdi,FDI
1693963596,4126,267,0,0,13,13,0,48,0,683,2,8,34,2065546697,2,0,0,0,0,0,169,32,-30,78,1,0,18,2,2417,-30,0,0,20,fdi,FDI
1693963596,4128,140,0,0,41,41,0,0,0,2181,0,8,0,2560018154,2,0,0,0,0,0,0,32,-80,100,0,1,1,2,2417,-80,0,0,192,fdi,FDI
1693963596,4129,62,1,1,8,8,0,60,0,0,2,12,1,2671372690,2,0,0,0,0,0,0,32,-30,45,1,0,6,2,2417,-30,0,0,20,fdi,FDI
1693963596,4131,60,2,2,8,8,0,44,0,3891,2,4,1,4286481756,2,0,0,0,0,0,0,32,-32,90,1,0,24,2,2417,-32,0,0,20,fdi,FDI
1693963596,4135,266,0,0,13,13,0,48,0,684,2,8,34,858818437,2,0,0,0,0,0,168,32,-30,81,1,0,18,2,2417,-30,0,0,20,fdi,FDI
1693963596,4137,140,0,0,41,41,0,0,0,2182,0,8,0,2258973107,2,0,0,0,0,0,0,32,-82,100,0,1,1,2,2417,-82,0,0,192,fdi,FDI
1693963596,4138,62,1,1,8,8,0,60,0,0,2,12,1,2671372690,2,0,0,0,0,0,0,32,-30,45,1,0,6,2,2417,-30,0,0,20,fdi,FDI
1693963596,4140,60,2,2,8,8,0,44,0,3892,2,4,1,3493985450,2,0,0,0,0,0,0,32,-32,84,1,0,24,2,2417,-32,0,0,20,fdi,FDI
1693963597,4142,265,0,0,13,13,0,48,0,685,2,8,34,1339497012,2,0,0,0,0,0,167,32,-28,84,1,0,18,2,2417,-28,0,0,20,fdi,FDI
1693963597,4144,140,0,0,41,41,0,0,0,2183,0,8,0,2284669701,2,0,0,0,0,0,0,32,-54,100,0,1,1,2,2417,-54,0,0,192,fdi,FDI
1693963597,4145,62,1,1,8,8,0,60,0,0,2,12,1,2671372690,2,0,0,0,0,0,0,32,-36,45,1,0,6,2,2417,-36,0,0,20,fdi,FDI
1693963597,4147,60,2,2,8,8,0,44,0,3893,2,4,1,2592337659,2,0,0,0,0,0,0,32,-30,93,1,0,24,2,2417,-30,0,0,20,fdi,FDI
1693963597,4149,140,0,0,41,41,0,0,0,2184,0,8,0,1204386842,2,0,0,0,0,0,0,32,-84,100,0,1,1,2,2417,-84,0,0,192,fdi,FDI
1693963597,4150,62,1,1,8,8,0,60,0,0,2,12,1,2671372690,2,0,0,0,0,0,0,32,-42,66,1,0,6,2,2417,-42,0,0,20,fdi,FDI
1693963597,4152,60,2,2,8,8,0,44,0,3894,2,4,1,1170593800,2,0,0,0,0,0,0,32,-32,90,1,0,24,2,2417,-32,0,0,20,fdi,FDI
1693963597,4155,268,0,0,13,13,0,48,0,687,2,8,42,3911947405,2,0,0,0,0,0,170,32,-30,84,1,0,18,2,2417,-30,0,0,20,fdi,FDI
1693963597,4156,268,0,0,13,13,0,48,0,687,2,8,42,3911947405,2,0,0,0,0,0,170,32,-30,78,1,0,12,2,2417,-30,0,0,20,fdi,FDI
1693963597,4158,140,0,0,41,41,0,0,0,2185,0,8,0,758187388,2,0,0,0,0,0,0,32,-88,100,0,1,1,2,2417,-88,0,0,192,fdi,FDI
1693963597,4159,62,1,1,8,8,0,60,0,0,2,12,1,2671372690,2,0,0,0,0,0,0,32,-38,39,1,0,6,2,2417,-38,0,0,20,fdi,FDI
1693963597,4161,60,2,2,8,8,0,44,0,3895,2,4,1,252168793,2,0,0,0,0,0,0,32,-34,87,1,0,24,2,2417,-34,0,0,20,fdi,FDI
1693963597,4164,140,0,0,41,41,0,0,0,2186,0,8,0,1038462362,2,0,0,0,0,0,0,32,-68,100,0,1,1,2,2417,-68,0,0,192,fdi,FDI
1693963597,4165,62,1,1,8,8,0,60,0,0,2,12,1,2671372690,2,0,0,0,0,0,0,32,-32,54,1,0,6,2,2417,-32,0,0,20,fdi,FDI
1693963597,4167,60,2,2,8,8,0,44,0,3896,2,4,1,465251300,2,0,0,0,0,0,0,32,-34,87,1,0,24,2,2417,-34,0,0,20,fdi,FDI
1693963597,4169,266,0,0,13,13,0,48,0,689,2,8,34,2834426350,2,0,0,0,0,0,168,32,-32,72,1,0,18,2,2417,-32,0,0,20,fdi,FDI
1693963597,4171,140,0,0,41,41,0,0,0,2187,0,8,0,2223425543,2,0,0,0,0,0,0,32,-76,100,0,1,1,2,2417,-76,0,0,192,fdi,FDI
1693963597,4172,62,1,1,8,8,0,60,0,0,2,12,1,2671372690,2,0,0,0,0,0,0,32,-30,54,1,0,6,2,2417,-30,0,0,20,fdi,FDI
1693963597,4174,60,2,2,8,8,0,44,0,3897,2,4,1,1366899125,2,0,0,0,0,0,0,32,-32,84,1,0,24,2,2417,-32,0,0,20,fdi,FDI
1693963597,4176,110,0,0,13,13,0,48,0,690,2,8,34,1735886485,2,0,0,0,0,0,12,32,-32,90,1,0,18,2,2417,-32,0,0,20,fdi,FDI
1693963597,4178,140,0,0,41,41,0,0,0,2188,0,8,0,4251839238,2,0,0,0,0,0,0,32,-82,100,0,1,1,2,2417,-82,0,0,192,fdi,FDI
1693963597,4179,62,1,1,8,8,0,60,0,0,2,12,1,2671372690,2,0,0,0,0,0,0,32,-34,39,1,0,6,2,2417,-34,0,0,20,fdi,FDI
1693963597,4181,60,2,2,8,8,0,44,0,3898,2,4,1,2386497350,2,0,0,0,0,0,0,32,-34,90,1,0,24,2,2417,-34,0,0,20,fdi,FDI
1693963597,4183,265,0,0,13,13,0,48,0,692,2,8,34,2596701718,2,0,0,0,0,0,167,32,-32,81,1,0,18,2,2417,-32,0,0,20,fdi,FDI
1693963597,4185,140,0,0,41,41,0,0,0,2189,0,8,0,76064231,2,0,0,0,0,0,0,32,-76,100,0,1,1,2,2417,-76,0,0,192,fdi,FDI
1693963597,4186,62,1,1,8,8,0,60,0,0,2,12,1,2671372690,2,0,0,0,0,0,0,32,-32,39,1,0,6,2,2417,-32,0,0,20,fdi,FDI
1693963597,4188,265,0,0,13,13,0,48,0,693,2,8,34,2939317687,2,0,0,0,0,0,167,32,-30,75,1,0,18,2,2417,-30,0,0,20,fdi,FDI
1693963597,4192,140,0,0,41,41,0,0,0,2190,0,8,0,2602585844,2,0,0,0,0,0,0,32,-68,100,0,1,1,2,2417,-68,0,0,192,fdi,FDI
1693963597,4194,60,2,2,8,8,0,344,0,272,2,4,1,1180818208,2,0,0,0,0,0,0,32,-34,84,1,0,24,2,2417,-34,0,0,20,fdi,FDI
1693963597,4197,265,0,0,13,13,0,48,0,695,2,8,34,736591977,2,0,0,0,0,0,167,32,-32,78,1,0,18,2,2417,-32,0,0,20,fdi,FDI
1693963597,4199,140,0,0,41,41,0,0,0,2191,0,8,0,3820380981,2,0,0,0,0,0,0,32,-82,100,0,1,1,2,2417,-82,0,0,192,fdi,FDI
1693963597,4200,62,1,1,8,8,0,60,0,0,2,12,1,2671372690,2,0,0,0,0,0,0,32,-32,57,1,0,6,2,2417,-32,0,0,20,fdi,FDI
1693963597,4202,60,2,2,8,8,0,44,0,3901,2,4,1,2701162160,2,0,0,0,0,0,0,32,-34,90,1,0,24,2,2417,-34,0,0,20,fdi,FDI
1693963597,4204,267,0,0,13,13,0,48,0,696,2,8,34,3626048033,2,0,0,0,0,0,169,32,-26,81,1,0,18,2,2417,-26,0,0,20,fdi,FDI
1693963597,4206,140,0,0,41,41,0,0,0,2192,0,8,0,831921791,2,0,0,0,0,0,0,32,-68,100,0,1,1,2,2417,-68,0,0,192,fdi,FDI
1693963597,4207,62,1,1,8,8,0,60,0,0,2,12,1,2671372690,2,0,0,0,0,0,0,32,-34,54,1,0,6,2,2417,-34,0,0,20,fdi,FDI
1693963597,4209,60,2,2,8,8,0,44,0,3902,2,4,1,2118533187,2,0,0,0,0,0,0,32,-34,93,1,0,24,2,2417,-34,0,0,20,fdi,FDI
1693963598,4211,267,0,0,13,13,0,48,0,697,2,8,34,4277662261,2,0,0,0,0,0,169,32,-22,75,1,0,18,2,2417,-22,0,0,20,fdi,FDI
1693963598,4212,140,0,0,41,41,0,0,0,2193,0,8,0,1432438732,2,0,0,0,0,0,0,32,-80,100,0,1,1,2,2417,-80,0,0,192,fdi,FDI
1693963598,4213,62,1,1,8,8,0,60,0,0,2,12,1,2671372690,2,0,0,0,0,0,0,32,-32,42,1,0,6,2,2417,-32,0,0,20,fdi,FDI
1693963598,4215,60,2,2,8,8,0,44,0,3903,2,4,1,881086994,2,0,0,0,0,0,0,32,-32,84,1,0,24,2,2417,-32,0,0,20,fdi,FDI
1693963598,4217,60,2,2,8,8,0,344,0,273,2,4,17,231821117,2,0,0,0,0,0,0,32,-32,100,1,0,24,2,2417,-32,0,0,20,fdi,FDI
1693963598,4218,60,2,2,8,8,0,344,0,274,2,4,1,3555065730,2,0,0,0,0,0,0,32,-32,90,1,0,24,2,2417,-32,0,0,20,fdi,FDI
1693963598,4220,60,2,2,8,8,0,344,0,275,2,4,1,2569530835,2,0,0,0,0,0,0,32,-32,84,1,0,24,2,2417,-32,0,0,20,fdi,FDI
1693963598,4222,60,2,2,8,8,0,344,0,276,2,4,1,3055064101,2,0,0,0,0,0,0,32,-32,100,1,0,24,2,2417,-32,0,0,20,fdi,FDI
1693963598,4224,267,0,0,13,13,0,48,0,698,2,8,34,2592146660,2,0,0,0,0,0,169,32,-28,72,1,0,18,2,2417,-28,0,0,20,fdi,FDI
1693963598,4226,140,0,0,41,41,0,0,0,2194,0,8,0,531231238,2,0,0,0,0,0,0,32,-84,100,0,1,1,2,2417,-84,0,0,192,fdi,FDI
1693963598,4227,62,1,1,8,8,0,60,0,0,2,12,1,2671372690,2,0,0,0,0,0,0,32,-32,48,1,0,6,2,2417,-32,0,0,20,fdi,FDI
1693963598,4229,60,2,2,8,8,0,44,0,3904,2,4,1,3193710092,2,0,0,0,0,0,0,32,-32,87,1,0,24,2,2417,-32,0,0,20,fdi,FDI
1693963598,4231,267,0,0,13,13,0,48,0,699,2,8,34,1297785365,2,0,0,0,0,0,169,32,-28,81,1,0,18,2,2417,-28,0,0,20,fdi,FDI
1693963598,4233,140,0,0,41,41,0,0,0,2195,0,8,0,3329988332,2,0,0,0,0,0,0,32,-76,100,0,1,1,2,2417,-76,0,0,192,fdi,FDI
1693963598,4234,62,1,1,8,8,0,60,0,0,2,12,1,2671372690,2,0,0,0,0,0,0,32,-34,45,1,0,6,2,2417,-34,0,0,20,fdi,FDI
1693963598,4236,60,2,2,8,8,0,44,0,3905,2,4,1,4104008797,2,0,0,0,0,0,0,32,-32,90,1,0,24,2,2417,-32,0,0,20,fdi,FDI
1693963598,4238,266,0,0,13,13,0,48,0,700,2,8,34,3624613524,2,0,0,0,0,0,168,32,-28,84,1,0,18,2,2417,-28,0,0,20,fdi,FDI
1693963598,4240,140,0,0,41,41,0,0,0,2196,0,8,0,3973513530,2,0,0,0,0,0,0,32,-78,100,0,1,1,2,2417,-78,0,0,192,fdi,FDI
1693963598,4241,60,2,2,8,8,0,44,0,3906,2,4,1,735576750,2,0,0,0,0,0,0,32,-34,90,1,0,24,2,2417,-34,0,0,20,fdi,FDI
1693963598,4243,62,1,1,8,8,0,60,0,0,2,12,1,2671372690,2,0,0,0,0,0,0,32,-34,45,1,0,6,2,2417,-34,0,0,20,fdi,FDI
1693963598,4245,266,0,0,13,13,0,48,0,701,2,8,34,3274508510,2,0,0,0,0,0,168,32,-24,72,1,0,18,2,2417,-24,0,0,20,fdi,FDI
1693963598,4247,140,0,0,41,41,0,0,0,2197,0,8,0,2251257948,2,0,0,0,0,0,0,32,-66,100,0,1,1,2,2417,-66,0,0,192,fdi,FDI
1693963598,4248,60,2,2,8,8,0,44,0,3907,2,4,1,1629098239,2,0,0,0,0,0,0,32,-32,87,1,0,24,2,2417,-32,0,0,20,fdi,FDI
1693963598,4250,62,1,1,8,8,0,60,0,0,2,12,1,2671372690,2,0,0,0,0,0,0,32,-34,63,1,0,6,2,2417,-34,0,0,20,fdi,FDI
1693963598,4252,266,0,0,13,13,0,48,0,702,2,8,34,1621836262,2,0,0,0,0,0,168,32,-26,75,1,0,18,2,2417,-26,0,0,20,fdi,FDI
1693963598,4254,140,0,0,41,41,0,0,0,2198,0,8,0,4137856679,2,0,0,0,0,0,0,32,-84,100,0,1,1,2,2417,-84,0,0,192,fdi,FDI
1693963598,4255,60,2,2,8,8,0,44,0,3908,2,4,1,1311074569,2,0,0,0,0,0,0,32,-32,84,1,0,24,2,2417,-32,0,0,20,fdi,FDI
1693963598,4257,62,1,1,8,8,0,60,0,0,2,12,1,2671372690,2,0,0,0,0,0,0,32,-34,42,1,0,6,2,2417,-34,0,0,20,fdi,FDI
1693963598,4259,264,0,0,13,13,0,48,0,703,2,8,34,3534062097,2,0,0,0,0,0,166,32,-28,78,1,0,18,2,2417,-28,0,0,20,fdi,FDI
1693963598,4262,140,0,0,41,41,0,0,0,2199,0,8,0,2406692608,2,0,0,0,0,0,0,32,-76,100,0,1,1,2,2417,-76,0,0,192,fdi,FDI
1693963598,4263,62,1,1,8,8,0,60,0,0,2,12,1,2671372690,2,0,0,0,0,0,0,32,-36,48,1,0,6,2,2417,-36,0,0,20,fdi,FDI
1693963598,4265,60,2,2,8,8,0,44,0,3909,2,4,1,82279256,2,0,0,0,0,0,0,32,-32,87,1,0,24,2,2417,-32,0,0,20,fdi,FDI
1693963598,4267,266,0,0,13,13,0,48,0,704,2,8,34,2880245935,2,0,0,0,0,0,168,32,-28,81,1,0,18,2,2417,-28,0,0,20,fdi,FDI
1693963598,4270,62,1,1,8,8,0,60,0,0,2,12,1,2671372690,2,0,0,0,0,0,0,32,-36,45,1,0,6,2,2417,-36,0,0,20,fdi,FDI
1693963598,4272,60,2,2,8,8,0,44,0,3910,2,4,1,3684781483,2,0,0,0,0,0,0,32,-32,63,1,0,24,2,2417,-32,0,0,20,fdi,FDI
1693963598,4274,111,0,0,13,13,0,48,0,705,2,8,34,2402552176,2,0,0,0,0,0,13,32,-30,81,1,0,18,2,2417,-30,0,0,20,fdi,FDI
1693963598,4276,265,0,0,13,13,0,48,0,706,2,8,34,3348660409,2,0,0,0,0,0,167,32,-30,75,1,0,18,2,2417,-30,0,0,20,fdi,FDI
1693963598,4278,140,0,0,41,41,0,0,0,2201,0,8,0,3886527084,2,0,0,0,0,0,0,32,-80,100,0,1,1,2,2417,-80,0,0,192,fdi,FDI
1693963598,4279,62,1,1,8,8,0,60,0,0,2,12,1,2671372690,2,0,0,0,0,0,0,32,-36,45,1,0,6,2,2417,-36,0,0,20,fdi,FDI
1693963598,4281,60,2,2,8,8,0,44,0,3911,2,4,1,2439208954,2,0,0,0,0,0,0,32,-32,84,1,0,24,2,2417,-32,0,0,20,fdi,FDI
1693963598,4284,265,0,0,13,13,0,48,0,707,2,8,34,1021295283,2,0,0,0,0,0,167,32,-28,72,1,0,18,2,2417,-28,0,0,20,fdi,FDI
1693963598,4287,140,0,0,41,41,0,0,0,2202,0,8,0,171471813,2,0,0,0,0,0,0,32,-76,100,0,1,1,2,2417,-76,0,0,192,fdi,FDI
1693963598,4288,62,1,1,8,8,0,60,0,0,2,12,1,2671372690,2,0,0,0,0,0,0,32,-36,45,1,0,6,2,2417,-36,0,0,20,fdi,FDI
1693963598,4290,60,2,2,8,8,0,44,0,3912,2,4,1,2246032967,2,0,0,0,0,0,0,32,-32,87,1,0,24,2,2417,-32,0,0,20,fdi,FDI
1693963599,4292,265,0,0,13,13,0,48,0,708,2,8,34,381064782,2,0,0,0,0,0,167,32,-28,78,1,0,18,2,2417,-28,0,0,20,fdi,FDI
1693963599,4294,60,2,2,8,8,0,344,0,277,2,4,17,4255645752,2,0,0,0,0,0,0,32,-32,84,1,0,24,2,2417,-32,0,0,20,fdi,FDI
1693963599,4297,60,2,2,8,8,0,344,0,279,2,4,1,1767809750,2,0,0,0,0,0,0,32,-32,100,1,0,24,2,2417,-32,0,0,20,fdi,FDI
1693963599,4299,140,0,0,41,41,0,0,0,2203,0,8,0,1623198371,2,0,0,0,0,0,0,32,-82,100,0,1,1,2,2417,-82,0,0,192,fdi,FDI
1693963599,4300,62,1,1,8,8,0,60,0,0,2,12,1,2671372690,2,0,0,0,0,0,0,32,-36,66,1,0,6,2,2417,-36,0,0,20,fdi,FDI
1693963599,4302,60,2,2,8,8,0,44,0,3913,2,4,1,3474828310,2,0,0,0,0,0,0,32,-32,84,1,0,24,2,2417,-32,0,0,20,fdi,FDI
1693963599,4304,265,0,0,13,13,0,48,0,709,2,8,34,3749270082,2,0,0,0,0,0,167,32,-30,75,1,0,18,2,2417,-30,0,0,20,fdi,FDI
1693963599,4306,140,0,0,41,41,0,0,0,2204,0,8,0,2372563986,2,0,0,0,0,0,0,32,-68,100,0,1,1,2,2417,-68,0,0,192,fdi,FDI
1693963599,4307,60,2,2,8,8,0,44,0,3914,2,4,1,274438885,2,0,0,0,0,0,0,32,-32,84,1,0,24,2,2417,-32,0,0,20,fdi,FDI
1693963599,4309,264,0,0,13,13,0,48,0,710,2,8,34,1254440042,2,0,0,0,0,0,166,32,-30,84,1,0,18,2,2417,-30,0,0,20,fdi,FDI
1693963599,4311,140,0,0,41,41,0,0,0,2205,0,8,0,3383363498,2,0,0,0,0,0,0,32,-84,100,0,1,1,2,2417,-84,0,0,192,fdi,FDI
1693963599,4312,62,1,1,8,8,0,60,0,0,2,12,1,2671372690,2,0,0,0,0,0,0,32,-36,51,1,0,6,2,2417,-36,0,0,20,fdi,FDI
1693963599,4314,60,2,2,8,8,0,44,0,3915,2,4,1,1520011444,2,0,0,0,0,0,0,32,-32,90,1,0,24,2,2417,-32,0,0,20,fdi,FDI
1693963599,4316,267,0,0,13,13,0,48,0,711,2,8,42,2403421847,2,0,0,0,0,0,169,32,-32,78,1,0,18,2,2417,-32,0,0,20,fdi,FDI
1693963599,4317,267,0,0,13,13,0,48,0,711,2,8,42,2403421847,2,0,0,0,0,0,169,32,-32,72,1,0,12,2,2417,-32,0,0,20,fdi,FDI
1693963599,4325,140,0,0,41,41,0,0,0,2206,0,8,0,1783935680,2,0,0,0,0,0,0,32,-84,100,0,1,1,2,2417,-84,0,0,192,fdi,FDI
1693963599,4326,62,1,1,8,8,0,60,0,0,2,12,1,2671372690,2,0,0,0,0,0,0,32,-34,39,1,0,6,2,2417,-34,0,0,20,fdi,FDI
1693963599,4328,60,2,2,8,8,0,44,0,3916,2,4,1,1973875010,2,0,0,0,0,0,0,32,-32,87,1,0,24,2,2417,-32,0,0,20,fdi,FDI
1693963599,4330,266,0,0,13,13,0,48,0,712,2,8,34,1481352301,2,0,0,0,0,0,168,32,-32,72,1,0,18,2,2417,-32,0,0,20,fdi,FDI
1693963599,4332,110,0,0,13,13,0,48,0,713,2,8,34,3536674923,2,0,0,0,0,0,12,32,-34,66,1,0,18,2,2417,-34,0,0,20,fdi,FDI
1693963599,4334,140,0,0,41,41,0,0,0,2207,0,8,0,2477915169,2,0,0,0,0,0,0,32,-84,100,0,1,1,2,2417,-84,0,0,192,fdi,FDI
1693963599,4335,62,1,1,8,8,0,60,0,0,2,12,1,2671372690,2,0,0,0,0,0,0,32,-34,63,1,0,6,2,2417,-34,0,0,20,fdi,FDI
1693963599,4337,60,2,2,8,8,0,44,0,3917,2,4,1,1063576339,2,0,0,0,0,0,0,32,-32,87,1,0,24,2,2417,-32,0,0,20,fdi,FDI
1693963599,4339,267,0,0,13,13,0,48,0,714,2,8,34,2784588542,2,0,0,0,0,0,169,32,-36,81,1,0,18,2,2417,-36,0,0,20,fdi,FDI
1693963599,4340,267,0,0,13,13,0,48,0,714,2,8,42,3684344700,2,0,0,0,0,0,169,32,-34,81,1,0,18,2,2417,-34,0,0,20,fdi,FDI
1693963599,4341,267,0,0,13,13,0,48,0,714,2,8,42,3684344700,2,0,0,0,0,0,169,32,-36,78,1,0,12,2,2417,-36,0,0,20,fdi,FDI
1693963599,4343,140,0,0,41,41,0,0,0,2208,0,8,0,117444831,2,0,0,0,0,0,0,32,-54,100,0,1,1,2,2417,-54,0,0,192,fdi,FDI
1693963599,4344,62,1,1,8,8,0,60,0,0,2,12,1,2671372690,2,0,0,0,0,0,0,32,-36,45,1,0,6,2,2417,-36,0,0,20,fdi,FDI
1693963599,4346,60,2,2,8,8,0,44,0,3918,2,4,1,3760379360,2,0,0,0,0,0,0,32,-32,84,1,0,24,2,2417,-32,0,0,20,fdi,FDI
1693963599,4348,271,0,0,13,13,0,48,0,715,2,8,34,3787266503,2,0,0,0,0,0,173,32,-36,81,1,0,18,2,2417,-36,0,0,20,fdi,FDI
1693963599,4351,140,0,0,41,41,0,0,0,2209,0,8,0,1327165398,2,0,0,0,0,0,0,32,-84,100,0,1,1,2,2417,-84,0,0,192,fdi,FDI
1693963599,4352,62,1,1,8,8,0,60,0,0,2,12,1,2671372690,2,0,0,0,0,0,0,32,-36,39,1,0,6,2,2417,-36,0,0,20,fdi,FDI
1693963599,4354,60,2,2,8,8,0,44,0,3919,2,4,1,2866857905,2,0,0,0,0,0,0,32,-32,90,1,0,24,2,2417,-32,0,0,20,fdi,FDI
1693963599,4356,140,0,0,41,41,0,0,0,2210,0,8,0,4260391283,2,0,0,0,0,0,0,32,-86,100,0,1,1,2,2417,-86,0,0,192,fdi,FDI
1693963599,4357,62,1,1,8,8,0,60,0,0,2,12,1,2671372690,2,0,0,0,0,0,0,32,-34,45,1,0,6,2,2417,-34,0,0,20,fdi,FDI
1693963599,4359,60,2,2,8,8,0,44,0,3920,2,4,1,3378189978,2,0,0,0,0,0,0,32,-32,87,1,0,24,2,2417,-32,0,0,20,fdi,FDI
1693963599,4361,111,0,0,13,13,0,48,0,717,2,8,34,731900546,2,0,0,0,0,0,13,32,-36,69,1,0,18,2,2417,-36,0,0,20,fdi,FDI
1693963599,4363,268,0,0,13,13,0,48,0,718,2,8,34,1071422298,2,0,0,0,0,0,170,32,-36,84,1,0,18,2,2417,-36,0,0,20,fdi,FDI
1693963599,4366,140,0,0,41,41,0,0,0,2211,0,8,0,2567385280,2,0,0,0,0,0,0,32,-72,100,0,1,1,2,2417,-72,0,0,192,fdi,FDI
1693963599,4367,62,1,1,8,8,0,60,0,0,2,12,1,2671372690,2,0,0,0,0,0,0,32,-34,51,1,0,6,2,2417,-34,0,0,20,fdi,FDI
1693963599,4369,60,2,2,8,8,0,44,0,3921,2,4,1,2207843531,2,0,0,0,0,0,0,32,-32,90,1,0,24,2,2417,-32,0,0,20,fdi,FDI
1693963599,4371,267,0,0,13,13,0,48,0,719,2,8,34,1176867467,2,0,0,0,0,0,169,32,-32,90,1,0,18,2,2417,-32,0,0,20,fdi,FDI
1693963600,4373,140,0,0,41,41,0,0,0,2212,0,8,0,1613806573,2,0,0,0,0,0,0,32,-84,100,0,1,1,2,2417,-84,0,0,192,fdi,FDI
1693963600,4374,62,1,1,8,8,0,60,0,0,2,12,1,2671372690,2,0,0,0,0,0,0,32,-36,54,1,0,6,2,2417,-36,0,0,20,fdi,FDI
1693963600,4376,60,2,2,8,8,0,44,0,3922,2,4,1,1558131256,2,0,0,0,0,0,0,32,-32,90,1,0,24,2,2417,-32,0,0,20,fdi,FDI
1693963600,4378,266,0,0,13,13,0,48,0,720,2,8,34,3635933916,2,0,0,0,0,0,168,32,-34,69,1,0,18,2,2417,-34,0,0,20,fdi,FDI
1693963600,4380,60,2,2,8,8,0,344,0,280,2,4,17,2089862439,2,0,0,0,0,0,0,32,-32,81,1,0,24,2,2417,-32,0,0,20,fdi,FDI
1693963600,4382,60,2,2,8,8,0,344,0,281,2,4,1,924864826,2,0,0,0,0,0,0,32,-32,75,1,0,24,2,2417,-32,0,0,20,fdi,FDI
1693963600,4384,60,2,2,8,8,0,344,0,282,2,4,1,3899025353,2,0,0,0,0,0,0,32,-32,78,1,0,24,2,2417,-32,0,0,20,fdi,FDI
1693963600,4386,60,2,2,8,8,0,344,0,283,2,4,1,2728687000,2,0,0,0,0,0,0,32,-32,84,1,0,24,2,2417,-32,0,0,20,fdi,FDI
1693963600,4388,140,0,0,41,41,0,0,0,2213,0,8,0,1145162018,2,0,0,0,0,0,0,32,-54,100,0,1,1,2,2417,-54,0,0,192,fdi,FDI
1693963600,4389,62,1,1,8,8,0,60,0,0,2,12,1,2671372690,2,0,0,0,0,0,0,32,-34,48,1,0,6,2,2417,-34,0,0,20,fdi,FDI
1693963600,4391,60,2,2,8,8,0,44,0,3923,2,4,1,371007593,2,0,0,0,0,0,0,32,-32,90,1,0,24,2,2417,-32,0,0,20,fdi,FDI
1693963600,4393,264,0,0,13,13,0,48,0,721,2,8,34,3155933838,2,0,0,0,0,0,166,32,-34,72,1,0,18,2,2417,-34,0,0,20,fdi,FDI
1693963600,4394,140,0,0,41,41,0,0,0,2214,0,8,0,4252115664,2,0,0,0,0,0,0,32,-78,100,0,1,1,2,2417,-78,0,0,192,fdi,FDI
1693963600,4395,62,1,1,8,8,0,60,0,0,2,12,1,2671372690,2,0,0,0,0,0,0,32,-36,51,1,0,6,2,2417,-36,0,0,20,fdi,FDI
1693963600,4397,60,2,2,8,8,0,44,0,3924,2,4,1,958552479,2,0,0,0,0,0,0,32,-32,90,1,0,24,2,2417,-32,0,0,20,fdi,FDI
1693963600,4399,264,0,0,13,13,0,48,0,722,2,8,34,2318033966,2,0,0,0,0,0,166,32,-30,75,1,0,18,2,2417,-30,0,0,20,fdi,FDI
1693963600,4401,62,1,1,8,8,0,60,0,0,2,12,1,2671372690,2,0,0,0,0,0,0,32,-32,48,1,0,6,2,2417,-32,0,0,20,fdi,FDI
1693963600,4403,60,2,2,8,8,0,44,0,3925,2,4,1,1944079310,2,0,0,0,0,0,0,32,-32,81,1,0,24,2,2417,-32,0,0,20,fdi,FDI
1693963600,4405,60,2,2,8,8,0,344,0,284,2,4,17,2364115490,2,0,0,0,0,0,0,32,-32,81,1,0,24,2,2417,-32,0,0,20,fdi,FDI
1693963600,4408,60,2,2,8,8,0,344,0,285,2,4,1,3344506431,2,0,0,0,0,0,0,32,-32,63,1,0,24,2,2417,-32,0,0,20,fdi,FDI
1693963600,4409,140,0,0,41,41,0,0,0,2216,0,8,0,4127185313,2,0,0,0,0,0,0,32,-62,100,0,1,1,2,2417,-62,0,0,192,fdi,FDI
1693963600,4410,62,1,1,8,8,0,60,0,0,2,12,1,2671372690,2,0,0,0,0,0,0,32,-34,63,1,0,6,2,2417,-34,0,0,20,fdi,FDI
1693963600,4412,60,2,2,8,8,0,44,0,3926,2,4,1,2896592189,2,0,0,0,0,0,0,32,-32,87,1,0,24,2,2417,-32,0,0,20,fdi,FDI
1693963600,4414,264,0,0,13,13,0,48,0,724,2,8,34,2936087605,2,0,0,0,0,0,166,32,-34,75,1,0,18,2,2417,-34,0,0,20,fdi,FDI
1693963600,4416,140,0,0,41,41,0,0,0,2217,0,8,0,1419900200,2,0,0,0,0,0,0,32,-68,100,0,1,1,2,2417,-68,0,0,192,fdi,FDI
1693963600,4417,62,1,1,8,8,0,60,0,0,2,12,1,2671372690,2,0,0,0,0,0,0,32,-32,33,1,0,6,2,2417,-32,0,0,20,fdi,FDI
1693963600,4418,60,2,2,8,8,0,44,0,3927,2,4,1,3865341804,2,0,0,0,0,0,0,32,-32,54,1,0,24,2,2417,-32,0,0,20,fdi,FDI
1693963600,4420,62,1,1,8,8,0,60,0,0,2,12,1,2671372690,2,0,0,0,0,0,0,32,-8,45,1,0,6,2,2417,-8,0,0,20,fdi,FDI
1693963600,4422,60,2,2,8,8,0,44,0,3927,2,4,9,3873254474,2,0,0,0,0,0,0,32,-32,54,1,0,24,2,2417,-32,0,0,20,fdi,FDI
1693963600,4423,60,2,2,8,8,0,314,0,3927,2,4,9,2718023445,2,0,0,0,0,0,0,32,-58,100,0,1,1,2,2417,-58,0,0,192,fdi,FDI
1693963600,4425,264,0,0,13,13,0,48,0,725,2,8,34,1141235572,2,0,0,0,0,0,166,32,-34,72,1,0,18,2,2417,-34,0,0,20,fdi,FDI
1693963600,4427,140,0,0,41,41,0,0,0,2218,0,8,0,314646387,2,0,0,0,0,0,0,32,-76,100,0,1,1,2,2417,-76,0,0,192,fdi,FDI
1693963600,4428,62,1,1,8,8,0,60,0,0,2,12,1,2671372690,2,0,0,0,0,0,0,32,-34,54,1,0,6,2,2417,-34,0,0,20,fdi,FDI
1693963600,4430,60,2,2,8,8,0,44,0,3928,2,4,1,4074278609,2,0,0,0,0,0,0,32,-32,90,1,0,24,2,2417,-32,0,0,20,fdi,FDI
1693963600,4433,134,0,0,1,1,0,320,0,2219,0,5,0,2792758257,2,0,0,0,0,0,0,32,-68,100,0,1,1,2,2417,-68,0,0,192,fdi,FDI
1693963600,4434,134,0,0,1,1,0,320,0,2219,0,5,8,3761577161,2,0,0,0,0,0,0,32,-86,100,0,1,1,2,2417,-86,0,0,192,fdi,FDI
1693963600,4435,134,0,0,1,1,0,320,0,2219,0,5,8,516873940,2,0,0,0,0,0,0,32,-24,100,0,1,1,2,2417,-24,0,0,192,fdi,FDI
1693963600,4436,266,0,0,13,13,0,48,0,726,2,8,34,1427433757,2,0,0,0,0,0,168,32,-34,81,1,0,18,2,2417,-34,0,0,20,fdi,FDI
1693963600,4438,134,0,0,1,1,0,320,0,2220,0,5,0,1346368574,2,0,0,0,0,0,0,32,-68,100,0,1,1,2,2417,-68,0,0,192,fdi,FDI
1693963600,4439,134,0,0,1,1,0,320,0,2220,0,5,8,612100442,2,0,0,0,0,0,0,32,-68,100,0,1,1,2,2417,-68,0,0,192,fdi,FDI
1693963600,4440,134,0,0,1,1,0,320,0,2220,0,5,8,630599451,2,0,0,0,0,0,0,32,-66,100,0,1,1,2,2417,-66,0,0,192,fdi,FDI
1693963600,4442,140,0,0,41,41,0,0,0,2221,0,8,0,907836124,2,0,0,0,0,0,0,32,-74,100,0,1,1,2,2417,-74,0,0,192,fdi,FDI
1693963600,4443,62,1,1,8,8,0,60,0,0,2,12,1,2671372690,2,0,0,0,0,0,0,32,-34,45,1,0,6,2,2417,-34,0,0,20,fdi,FDI
1693963600,4445,60,2,2,8,8,0,44,0,3929,2,4,1,3088751744,2,0,0,0,0,0,0,32,-32,87,1,0,24,2,2417,-32,0,0,20,fdi,FDI
1693963600,4448,264,0,0,13,13,0,48,0,727,2,8,34,1075869820,2,0,0,0,0,0,166,32,-36,75,1,0,18,2,2417,-36,0,0,20,fdi,FDI
1693963600,4450,140,0,0,41,41,0,0,0,2222,0,8,0,2395481691,2,0,0,0,0,0,0,32,-80,100,0,1,1,2,2417,-80,0,0,192,fdi,FDI
1693963600,4451,62,1,1,8,8,0,60,0,0,2,12,1,2671372690,2,0,0,0,0,0,0,32,-34,63,1,0,6,2,2417,-34,0,0,20,fdi,FDI
1693963600,4453,60,2,2,8,8,0,44,0,3930,2,4,1,1734126195,2,0,0,0,0,0,0,32,-32,84,1,0,24,2,2417,-32,0,0,20,fdi,FDI
1693963600,4456,140,0,0,41,41,0,0,0,2223,0,8,0,1806061112,2,0,0,0,0,0,0,32,-54,100,0,1,1,2,2417,-54,0,0,192,fdi,FDI
1693963600,4457,62,1,1,8,8,0,60,0,0,2,12,1,2671372690,2,0,0,0,0,0,0,32,-34,54,1,0,6,2,2417,-34,0,0,20,fdi,FDI
1693963600,4459,60,2,2,8,8,0,44,0,3931,2,4,1,765376546,2,0,0,0,0,0,0,32,-32,87,1,0,24,2,2417,-32,0,0,20,fdi,FDI
1693963600,4462,262,0,0,13,13,0,48,0,731,2,8,34,4159957999,2,0,0,0,0,0,164,32,-34,81,1,0,18,2,2417,-34,0,0,20,fdi,FDI
1693963601,4466,140,0,0,41,41,0,0,0,2224,0,8,0,2958877565,2,0,0,0,0,0,0,32,-78,100,0,1,1,2,2417,-78,0,0,192,fdi,FDI
1693963601,4467,62,1,1,8,8,0,60,0,0,2,12,1,2671372690,2,0,0,0,0,0,0,32,-32,39,1,0,6,2,2417,-32,0,0,20,fdi,FDI
1693963601,4469,60,2,2,8,8,0,44,0,3932,2,4,1,44155348,2,0,0,0,0,0,0,32,-32,87,1,0,24,2,2417,-32,0,0,20,fdi,FDI
1693963601,4471,263,0,0,13,13,0,48,0,732,2,8,34,3167398594,2,0,0,0,0,0,165,32,-32,78,1,0,18,2,2417,-32,0,0,20,fdi,FDI
1693963601,4475,140,0,0,41,41,0,0,0,2225,0,8,0,4103901381,2,0,0,0,0,0,0,32,-54,100,0,1,1,2,2417,-54,0,0,192,fdi,FDI
1693963601,4476,62,1,1,8,8,0,60,0,0,2,12,1,2671372690,2,0,0,0,0,0,0,32,-34,51,1,0,6,2,2417,-34,0,0,20,fdi,FDI
1693963601,4478,60,2,2,8,8,0,44,0,3933,2,4,1,1214501765,2,0,0,0,0,0,0,32,-32,87,1,0,24,2,2417,-32,0,0,20,fdi,FDI
1693963601,4480,263,0,0,13,13,0,48,0,733,2,8,34,2655071419,2,0,0,0,0,0,165,32,-34,75,1,0,18,2,2417,-34,0,0,20,fdi,FDI
1693963601,4483,140,0,0,41,41,0,0,0,2226,0,8,0,1153589123,2,0,0,0,0,0,0,32,-58,100,0,1,1,2,2417,-58,0,0,192,fdi,FDI
1693963601,4484,62,1,1,8,8,0,60,0,0,2,12,1,2671372690,2,0,0,0,0,0,0,32,-32,57,1,0,6,2,2417,-32,0,0,20,fdi,FDI
1693963601,4486,60,2,2,8,8,0,44,0,3934,2,4,1,2535843190,2,0,0,0,0,0,0,32,-32,87,1,0,24,2,2417,-32,0,0,20,fdi,FDI
1693963601,4488,140,0,0,41,41,0,0,0,2227,0,8,0,3173454178,2,0,0,0,0,0,0,32,-78,100,0,1,1,2,2417,-78,0,0,192,fdi,FDI
1693963601,4489,62,1,1,8,8,0,60,0,0,2,12,1,2671372690,2,0,0,0,0,0,0,32,-34,63,1,0,6,2,2417,-34,0,0,20,fdi,FDI
1693963601,4491,60,2,2,8,8,0,44,0,3935,2,4,1,3722966823,2,0,0,0,0,0,0,32,-32,90,1,0,24,2,2417,-32,0,0,20,fdi,FDI
1693963601,4493,263,0,0,13,13,0,48,0,735,2,8,34,133257156,2,0,0,0,0,0,165,32,-34,69,1,0,18,2,2417,-34,0,0,20,fdi,FDI
1693963601,4494,140,0,0,41,41,0,0,0,2228,0,8,0,221798025,2,0,0,0,0,0,0,32,-84,100,0,1,1,2,2417,-84,0,0,192,fdi,FDI
1693963601,4495,60,2,2,8,8,0,44,0,3936,2,4,1,1347569440,2,0,0,0,0,0,0,32,-32,84,1,0,24,2,2417,-32,0,0,20,fdi,FDI
1693963601,4497,262,0,0,13,13,0,48,0,736,2,8,34,2247175144,2,0,0,0,0,0,164,32,-32,78,1,0,18,2,2417,-32,0,0,20,fdi,FDI
1693963601,4499,140,0,0,41,41,0,0,0,2229,0,8,0,3658311132,2,0,0,0,0,0,0,32,-72,100,0,1,1,2,2417,-72,0,0,192,fdi,FDI
1693963601,4500,62,1,1,8,8,0,60,0,0,2,12,1,2671372690,2,0,0,0,0,0,0,32,-32,39,1,0,6,2,2417,-32,0,0,20,fdi,FDI
1693963601,4502,60,2,2,8,8,0,44,0,3937,2,4,1,445666673,2,0,0,0,0,0,0,32,-32,90,1,0,24,2,2417,-32,0,0,20,fdi,FDI
1693963601,4504,262,0,0,13,13,0,48,0,738,2,8,34,513418859,2,0,0,0,0,0,164,32,-32,81,1,0,18,2,2417,-32,0,0,20,fdi,FDI
1693963601,4505,60,2,2,8,8,0,344,0,286,2,4,17,426618496,2,0,0,0,0,0,0,32,-32,84,1,0,24,2,2417,-32,0,0,20,fdi,FDI
1693963601,4507,60,2,2,8,8,0,344,0,287,2,4,1,1390230173,2,0,0,0,0,0,0,32,-30,84,1,0,24,2,2417,-30,0,0,20,fdi,FDI
1693963601,4509,140,0,0,41,41,0,0,0,2230,0,8,0,2915631906,2,0,0,0,0,0,0,32,-56,100,0,1,1,2,2417,-56,0,0,192,fdi,FDI
1693963601,4510,62,1,1,8,8,0,60,0,0,2,12,1,2671372690,2,0,0,0,0,0,0,32,-32,54,1,0,6,2,2417,-32,0,0,20,fdi,FDI
1693963601,4512,60,2,2,8,8,0,44,0,3938,2,4,1,3319161730,2,0,0,0,0,0,0,32,-32,96,1,0,24,2,2417,-32,0,0,20,fdi,FDI
1693963601,4514,140,0,0,41,41,0,0,0,2231,0,8,0,3558382213,2,0,0,0,0,0,0,32,-56,100,0,1,1,2,2417,-56,0,0,192,fdi,FDI
1693963601,4515,60,2,2,8,8,0,44,0,3939,2,4,1,2400481747,2,0,0,0,0,0,0,32,-32,87,1,0,24,2,2417,-32,0,0,20,fdi,FDI
1693963601,4517,263,0,0,13,13,0,48,0,740,2,8,34,2777498003,2,0,0,0,0,0,165,32,-32,78,1,0,18,2,2417,-32,0,0,20,fdi,FDI
1693963601,4519,111,0,0,13,13,0,48,0,741,2,8,34,4234900523,2,0,0,0,0,0,13,32,-34,75,1,0,18,2,2417,-34,0,0,20,fdi,FDI
1693963601,4521,263,0,0,13,13,0,48,0,742,2,8,34,420466622,2,0,0,0,0,0,165,32,-32,75,1,0,18,2,2417,-32,0,0,20,fdi,FDI
1693963601,4523,140,0,0,41,41,0,0,0,2232,0,8,0,2974848802,2,0,0,0,0,0,0,32,-80,100,0,1,1,2,2417,-80,0,0,192,fdi,FDI
1693963601,4524,62,1,1,8,8,0,60,0,0,2,12,1,2671372690,2,0,0,0,0,0,0,32,-32,54,1,0,6,2,2417,-32,0,0,20,fdi,FDI
1693963601,4526,60,2,2,8,8,0,44,0,3940,2,4,1,2687174693,2,0,0,0,0,0,0,32,-32,90,1,0,24,2,2417,-32,0,0,20,fdi,FDI
1693963601,4528,140,0,0,41,41,0,0,0,2233,0,8,0,3450331179,2,0,0,0,0,0,0,32,-68,100,0,1,1,2,2417,-68,0,0,192,fdi,FDI
1693963601,4529,62,1,1,8,8,0,60,0,0,2,12,1,2671372690,2,0,0,0,0,0,0,32,-32,54,1,0,6,2,2417,-32,0,0,20,fdi,FDI
1693963601,4531,60,2,2,8,8,0,44,0,3941,2,4,9,3931134290,2,0,0,0,0,0,0,32,-32,57,1,0,24,2,2417,-32,0,0,20,fdi,FDI
1693963601,4533,262,0,0,13,13,0,48,0,743,2,8,34,2392615600,2,0,0,0,0,0,164,32,-34,78,1,0,18,2,2417,-34,0,0,20,fdi,FDI
1693963602,4535,140,0,0,41,41,0,0,0,2234,0,8,0,1364450880,2,0,0,0,0,0,0,32,-54,100,0,1,1,2,2417,-54,0,0,192,fdi,FDI
1693963602,4536,62,1,1,8,8,0,60,0,0,2,12,1,2671372690,2,0,0,0,0,0,0,32,-32,45,1,0,6,2,2417,-32,0,0,20,fdi,FDI
1693963602,4538,60,2,2,8,8,0,44,0,3942,2,4,1,900672647,2,0,0,0,0,0,0,32,-32,93,1,0,24,2,2417,-32,0,0,20,fdi,FDI
1693963602,4540,263,0,0,13,13,0,48,0,744,2,8,34,2671551164,2,0,0,0,0,0,165,32,-34,78,1,0,18,2,2417,-34,0,0,20,fdi,FDI
1693963602,4542,60,2,2,8,8,0,344,0,288,2,4,17,3726249174,2,0,0,0,0,0,0,32,-34,90,1,0,24,2,2417,-34,0,0,20,fdi,FDI
1693963602,4544,60,2,2,8,8,0,344,0,289,2,4,1,2510985419,2,0,0,0,0,0,0,32,-32,100,1,0,24,2,2417,-32,0,0,20,fdi,FDI
1693963602,4546,60,2,2,8,8,0,344,0,290,2,4,1,1257025080,2,0,0,0,0,0,0,32,-34,90,1,0,24,2,2417,-34,0,0,20,fdi,FDI
1693963602,4548,60,2,2,8,8,0,344,0,291,2,4,1,3062889,2,0,0,0,0,0,0,32,-34,84,1,0,24,2,2417,-34,0,0,20,fdi,FDI
1693963602,4550,262,0,0,13,13,0,48,0,745,2,8,34,1023209878,2,0,0,0,0,0,164,32,-32,69,1,0,18,2,2417,-32,0,0,20,fdi,FDI
1693963602,4551,262,0,0,13,13,0,48,0,745,2,8,42,767634474,2,0,0,0,0,0,164,32,-34,81,1,0,18,2,2417,-34,0,0,20,fdi,FDI
1693963602,4553,140,0,0,41,41,0,0,0,2235,0,8,0,1001105190,2,0,0,0,0,0,0,32,-78,100,0,1,1,2,2417,-78,0,0,192,fdi,FDI
1693963602,4554,263,0,0,13,13,0,48,0,746,2,8,34,4012467545,2,0,0,0,0,0,165,32,-34,72,1,0,18,2,2417,-34,0,0,20,fdi,FDI
1693963602,4556,140,0,0,41,41,0,0,0,2236,0,8,0,3409101745,2,0,0,0,0,0,0,32,-56,100,0,1,1,2,2417,-56,0,0,192,fdi,FDI
1693963602,4557,60,2,2,8,8,0,44,0,3944,2,4,1,1808916331,2,0,0,0,0,0,0,32,-34,84,1,0,24,2,2417,-34,0,0,20,fdi,FDI
1693963602,4559,263,0,0,13,13,0,48,0,747,2,8,34,1049910861,2,0,0,0,0,0,165,32,-32,78,1,0,18,2,2417,-32,0,0,20,fdi,FDI
1693963602,4561,140,0,0,41,41,0,0,0,2237,0,8,0,2481048210,2,0,0,0,0,0,0,32,-54,100,0,1,1,2,2417,-54,0,0,192,fdi,FDI
1693963602,4562,62,1,1,8,8,0,60,0,0,2,12,1,2671372690,2,0,0,0,0,0,0,32,-34,45,1,0,6,2,2417,-34,0,0,20,fdi,FDI
1693963602,4564,60,2,2,8,8,0,44,0,3945,2,4,1,554945850,2,0,0,0,0,0,0,32,-32,87,1,0,24,2,2417,-32,0,0,20,fdi,FDI
1693963602,4566,262,0,0,13,13,0,48,0,748,2,8,34,1502755501,2,0,0,0,0,0,164,32,-30,81,1,0,18,2,2417,-30,0,0,20,fdi,FDI
1693963602,4568,140,0,0,41,41,0,0,0,2238,0,8,0,1888997841,2,0,0,0,0,0,0,32,-80,100,0,1,1,2,2417,-80,0,0,192,fdi,FDI
1693963602,4569,60,2,2,8,8,0,44,0,3946,2,4,1,4267047881,2,0,0,0,0,0,0,32,-32,87,1,0,24,2,2417,-32,0,0,20,fdi,FDI
1693963602,4571,262,0,0,13,13,0,48,0,749,2,8,34,428241393,2,0,0,0,0,0,164,32,-30,78,1,0,18,2,2417,-30,0,0,20,fdi,FDI
1693963602,4573,140,0,0,41,41,0,0,0,2239,0,8,0,856725305,2,0,0,0,0,0,0,32,-78,100,0,1,1,2,2417,-78,0,0,192,fdi,FDI
1693963602,4574,62,1,1,8,8,0,60,0,0,2,12,1,2671372690,2,0,0,0,0,0,0,32,-30,48,1,0,6,2,2417,-30,0,0,20,fdi,FDI
1693963602,4576,60,2,2,8,8,0,44,0,3947,2,4,1,3029854616,2,0,0,0,0,0,0,32,-32,90,1,0,24,2,2417,-32,0,0,20,fdi,FDI
1693963602,4578,263,0,0,13,13,0,48,0,750,2,8,34,991603945,2,0,0,0,0,0,165,32,-30,81,1,0,18,2,2417,-30,0,0,20,fdi,FDI
1693963602,4580,62,1,1,8,8,0,60,0,0,2,12,1,2671372690,2,0,0,0,0,0,0,32,-32,39,1,0,6,2,2417,-32,0,0,20,fdi,FDI
1693963602,4581,60,2,2,8,8,0,44,0,3948,2,4,1,2611515502,2,0,0,0,0,0,0,32,-34,90,1,0,24,2,2417,-34,0,0,20,fdi,FDI
1694818249,2,62,0,0,0,0,0,60,0,0,2,12,1,2671372690,2,0,0,0,0,0,0,32,-16,54,1,0,6,2,2417,-16,0,0,20,fdi,FDI
1694818249,4,62,0,0,0,0,0,60,0,0,2,12,17,3341733628,2,0,0,0,0,0,0,32,-16,51,1,0,6,2,2417,-16,0,0,20,fdi,FDI
1694818249,10,62,0,0,0,0,0,60,0,0,2,12,1,2671372690,2,0,0,0,0,0,0,32,-16,45,1,0,6,2,2417,-16,0,0,20,fdi,FDI
1694818249,12,62,0,0,0,0,0,60,0,0,2,12,1,2671372690,2,0,0,0,0,0,0,32,-10,42,1,0,6,2,2417,-10,0,0,20,fdi,FDI
1694818249,14,62,0,0,0,0,0,60,0,0,2,12,1,2671372690,2,0,0,0,0,0,0,32,-10,54,1,0,6,2,2417,-10,0,0,20,fdi,FDI
1694818249,22,62,0,0,0,0,0,60,0,0,2,12,1,2671372690,2,0,0,0,0,0,0,32,-16,54,1,0,6,2,2417,-16,0,0,20,fdi,FDI
1694818249,24,62,0,0,0,0,0,60,0,0,2,12,17,3341733628,2,0,0,0,0,0,0,32,-16,42,1,0,6,2,2417,-16,0,0,20,fdi,FDI
1694818249,27,62,0,0,0,0,0,60,0,0,2,12,1,2671372690,2,0,0,0,0,0,0,32,-16,45,1,0,6,2,2417,-16,0,0,20,fdi,FDI
1694818249,42,62,0,0,0,0,0,60,0,0,2,12,1,2671372690,2,0,0,0,0,0,0,32,-16,54,1,0,6,2,2417,-16,0,0,20,fdi,FDI
1694818249,47,62,0,0,0,0,0,60,0,0,2,12,17,3341733628,2,0,0,0,0,0,0,32,-14,51,1,0,6,2,2417,-14,0,0,20,fdi,FDI
1694818249,52,62,0,0,0,0,0,60,0,0,2,12,1,2671372690,2,0,0,0,0,0,0,32,-16,45,1,0,6,2,2417,-16,0,0,20,fdi,FDI
1694818249,59,62,0,0,0,0,0,60,0,0,2,12,1,2671372690,2,0,0,0,0,0,0,32,-16,54,1,0,6,2,2417,-16,0,0,20,fdi,FDI
1694818249,61,62,0,0,0,0,0,60,0,0,2,12,17,3341733628,2,0,0,0,0,0,0,32,-16,51,1,0,6,2,2417,-16,0,0,20,fdi,FDI
1694818249,65,62,0,0,0,0,0,60,0,0,2,12,1,2671372690,2,0,0,0,0,0,0,32,-16,54,1,0,6,2,2417,-16,0,0,20,fdi,FDI
1694818249,68,62,0,0,0,0,0,60,0,0,2,12,1,2671372690,2,0,0,0,0,0,0,32,-10,48,1,0,6,2,2417,-10,0,0,20,fdi,FDI
1694818249,71,62,0,0,0,0,0,60,0,0,2,12,1,2671372690,2,0,0,0,0,0,0,32,-16,45,1,0,6,2,2417,-16,0,0,20,fdi,FDI
1694818249,73,62,0,0,0,0,0,60,0,0,2,12,17,3341733628,2,0,0,0,0,0,0,32,-16,45,1,0,6,2,2417,-16,0,0,20,fdi,FDI
1694818250,75,62,0,0,0,0,0,60,0,0,2,12,1,2671372690,2,0,0,0,0,0,0,32,-16,45,1,0,6,2,2417,-16,0,0,20,fdi,FDI
1694818250,82,62,0,0,0,0,0,60,0,0,2,12,1,2671372690,2,0,0,0,0,0,0,32,-16,54,1,0,6,2,2417,-16,0,0,20,fdi,FDI
1694818250,84,62,0,0,0,0,0,60,0,0,2,12,17,3341733628,2,0,0,0,0,0,0,32,-16,51,1,0,6,2,2417,-16,0,0,20,fdi,FDI
1694818250,87,62,0,0,0,0,0,60,0,0,2,12,1,2671372690,2,0,0,0,0,0,0,32,-16,45,1,0,6,2,2417,-16,0,0,20,fdi,FDI
1694818250,96,62,0,0,0,0,0,60,0,0,2,12,1,2671372690,2,0,0,0,0,0,0,32,-16,63,1,0,6,2,2417,-16,0,0,20,fdi,FDI
1694818250,98,62,0,0,0,0,0,60,0,0,2,12,17,3341733628,2,0,0,0,0,0,0,32,-16,57,1,0,6,2,2417,-16,0,0,20,fdi,FDI
1694818250,101,62,0,0,0,0,0,60,0,0,2,12,1,2671372690,2,0,0,0,0,0,0,32,-16,45,1,0,6,2,2417,-16,0,0,20,fdi,FDI
1694818250,108,62,0,0,0,0,0,60,0,0,2,12,1,2671372690,2,0,0,0,0,0,0,32,-16,54,1,0,6,2,2417,-16,0,0,20,fdi,FDI
1694818250,110,62,0,0,0,0,0,60,0,0,2,12,17,3341733628,2,0,0,0,0,0,0,32,-16,54,1,0,6,2,2417,-16,0,0,20,fdi,FDI
1694818250,113,62,0,0,0,0,0,60,0,0,2,12,1,2671372690,2,0,0,0,0,0,0,32,-16,45,1,0,6,2,2417,-16,0,0,20,fdi,FDI
1694818250,122,62,0,0,0,0,0,60,0,0,2,12,1,2671372690,2,0,0,0,0,0,0,32,-16,54,1,0,6,2,2417,-16,0,0,20,fdi,FDI
1694818250,124,62,0,0,0,0,0,60,0,0,2,12,17,3341733628,2,0,0,0,0,0,0,32,-18,51,1,0,6,2,2417,-18,0,0,20,fdi,FDI
1694818250,127,62,0,0,0,0,0,60,0,0,2,12,1,2671372690,2,0,0,0,0,0,0,32,-18,45,1,0,6,2,2417,-18,0,0,20,fdi,FDI
1694818250,134,62,0,0,0,0,0,60,0,0,2,12,1,2671372690,2,0,0,0,0,0,0,32,-18,54,1,0,6,2,2417,-18,0,0,20,fdi,FDI
1694818251,136,62,0,0,0,0,0,60,0,0,2,12,17,3341733628,2,0,0,0,0,0,0,32,-18,51,1,0,6,2,2417,-18,0,0,20,fdi,FDI
1694818251,139,62,0,0,0,0,0,60,0,0,2,12,1,2671372690,2,0,0,0,0,0,0,32,-16,45,1,0,6,2,2417,-16,0,0,20,fdi,FDI
1694818251,145,62,0,0,0,0,0,60,0,0,2,12,1,2671372690,2,0,0,0,0,0,0,32,-16,54,1,0,6,2,2417,-16,0,0,20,fdi,FDI
1694818251,147,62,0,0,0,0,0,60,0,0,2,12,17,3341733628,2,0,0,0,0,0,0,32,-16,51,1,0,6,2,2417,-16,0,0,20,fdi,FDI
1694818251,150,62,0,0,0,0,0,60,0,0,2,12,1,2671372690,2,0,0,0,0,0,0,32,-16,45,1,0,6,2,2417,-16,0,0,20,fdi,FDI
1694818251,161,62,0,0,0,0,0,60,0,0,2,12,1,2671372690,2,0,0,0,0,0,0,32,-16,60,1,0,6,2,2417,-16,0,0,20,fdi,FDI
1694818251,163,62,0,0,0,0,0,60,0,0,2,12,17,3341733628,2,0,0,0,0,0,0,32,-16,60,1,0,6,2,2417,-16,0,0,20,fdi,FDI
1694818251,166,62,0,0,0,0,0,60,0,0,2,12,1,2671372690,2,0,0,0,0,0,0,32,-16,45,1,0,6,2,2417,-16,0,0,20,fdi,FDI
1694818251,172,62,0,0,0,0,0,60,0,0,2,12,1,2671372690,2,0,0,0,0,0,0,32,-16,54,1,0,6,2,2417,-16,0,0,20,fdi,FDI
1694818251,174,62,0,0,0,0,0,60,0,0,2,12,17,3341733628,2,0,0,0,0,0,0,32,-16,51,1,0,6,2,2417,-16,0,0,20,fdi,FDI
1694818251,177,62,0,0,0,0,0,60,0,0,2,12,1,2671372690,2,0,0,0,0,0,0,32,-16,45,1,0,6,2,2417,-16,0,0,20,fdi,FDI
1694818251,184,62,0,0,0,0,0,60,0,0,2,12,1,2671372690,2,0,0,0,0,0,0,32,-16,54,1,0,6,2,2417,-16,0,0,20,fdi,FDI
1694818251,186,62,0,0,0,0,0,60,0,0,2,12,17,3341733628,2,0,0,0,0,0,0,32,-16,51,1,0,6,2,2417,-16,0,0,20,fdi,FDI
1694818251,189,62,0,0,0,0,0,60,0,0,2,12,1,2671372690,2,0,0,0,0,0,0,32,-16,45,1,0,6,2,2417,-16,0,0,20,fdi,FDI
1694818252,196,62,0,0,0,0,0,60,0,0,2,12,1,2671372690,2,0,0,0,0,0,0,32,-16,54,1,0,6,2,2417,-16,0,0,20,fdi,FDI
1694818252,198,62,0,0,0,0,0,60,0,0,2,12,17,3341733628,2,0,0,0,0,0,0,32,-16,51,1,0,6,2,2417,-16,0,0,20,fdi,FDI
1694818252,201,62,0,0,0,0,0,60,0,0,2,12,1,2671372690,2,0,0,0,0,0,0,32,-18,45,1,0,6,2,2417,-18,0,0,20,fdi,FDI
1694818252,208,62,0,0,0,0,0,60,0,0,2,12,1,2671372690,2,0,0,0,0,0,0,32,-16,54,1,0,6,2,2417,-16,0,0,20,fdi,FDI
1694818252,220,62,0,0,0,0,0,60,0,0,2,12,1,2671372690,2,0,0,0,0,0,0,32,-18,45,1,0,6,2,2417,-18,0,0,20,fdi,FDI
1694818252,222,62,0,0,0,0,0,60,0,0,2,12,17,3341733628,2,0,0,0,0,0,0,32,-16,45,1,0,6,2,2417,-16,0,0,20,fdi,FDI
1694818252,225,62,0,0,0,0,0,60,0,0,2,12,1,2671372690,2,0,0,0,0,0,0,32,-16,45,1,0,6,2,2417,-16,0,0,20,fdi,FDI
1694818252,232,62,0,0,0,0,0,60,0,0,2,12,1,2671372690,2,0,0,0,0,0,0,32,-14,54,1,0,6,2,2417,-14,0,0,20,fdi,FDI
1694818252,234,62,0,0,0,0,0,60,0,0,2,12,17,3341733628,2,0,0,0,0,0,0,32,-14,51,1,0,6,2,2417,-14,0,0,20,fdi,FDI
1694818252,237,62,0,0,0,0,0,60,0,0,2,12,1,2671372690,2,0,0,0,0,0,0,32,-16,45,1,0,6,2,2417,-16,0,0,20,fdi,FDI
1694818252,244,62,0,0,0,0,0,60,0,0,2,12,1,2671372690,2,0,0,0,0,0,0,32,-16,54,1,0,6,2,2417,-16,0,0,20,fdi,FDI
1694818252,246,62,0,0,0,0,0,60,0,0,2,12,17,3341733628,2,0,0,0,0,0,0,32,-16,54,1,0,6,2,2417,-16,0,0,20,fdi,FDI
1694818252,249,62,0,0,0,0,0,60,0,0,2,12,1,2671372690,2,0,0,0,0,0,0,32,-16,45,1,0,6,2,2417,-16,0,0,20,fdi,FDI
1694818253,257,62,0,0,0,0,0,60,0,0,2,12,1,2671372690,2,0,0,0,0,0,0,32,-18,54,1,0,6,2,2417,-18,0,0,20,fdi,FDI
1694818253,260,62,0,0,0,0,0,60,0,0,2,12,17,3341733628,2,0,0,0,0,0,0,32,-16,54,1,0,6,2,2417,-16,0,0,20,fdi,FDI
1694818253,263,62,0,0,0,0,0,60,0,0,2,12,1,2671372690,2,0,0,0,0,0,0,32,-16,45,1,0,6,2,2417,-16,0,0,20,fdi,FDI
1694818253,271,62,0,0,0,0,0,60,0,0,2,12,1,2671372690,2,0,0,0,0,0,0,32,-18,54,1,0,6,2,2417,-18,0,0,20,fdi,FDI
1694818253,274,62,0,0,0,0,0,60,0,0,2,12,17,3341733628,2,0,0,0,0,0,0,32,-18,51,1,0,6,2,2417,-18,0,0,20,fdi,FDI
1694818253,277,62,0,0,0,0,0,60,0,0,2,12,1,2671372690,2,0,0,0,0,0,0,32,-18,45,1,0,6,2,2417,-18,0,0,20,fdi,FDI
1694818253,288,62,0,0,0,0,0,60,0,0,2,12,1,2671372690,2,0,0,0,0,0,0,32,-16,45,1,0,6,2,2417,-16,0,0,20,fdi,FDI
1694818253,291,62,0,0,0,0,0,60,0,0,2,12,17,3341733628,2,0,0,0,0,0,0,32,-16,63,1,0,6,2,2417,-16,0,0,20,fdi,FDI
1694818253,295,62,0,0,0,0,0,60,0,0,2,12,1,2671372690,2,0,0,0,0,0,0,32,-16,45,1,0,6,2,2417,-16,0,0,20,fdi,FDI
1694818253,302,62,0,0,0,0,0,60,0,0,2,12,1,2671372690,2,0,0,0,0,0,0,32,-10,54,1,0,6,2,2417,-10,0,0,20,fdi,FDI
1694818253,306,62,0,0,0,0,0,60,0,0,2,12,17,3341733628,2,0,0,0,0,0,0,32,-10,51,1,0,6,2,2417,-10,0,0,20,fdi,FDI
1694818253,310,62,0,0,0,0,0,60,0,0,2,12,1,2671372690,2,0,0,0,0,0,0,32,-10,45,1,0,6,2,2417,-10,0,0,20,fdi,FDI
1694818253,318,62,0,0,0,0,0,60,0,0,2,12,1,2671372690,2,0,0,0,0,0,0,32,-12,54,1,0,6,2,2417,-12,0,0,20,fdi,FDI
1694818253,320,62,0,0,0,0,0,60,0,0,2,12,17,3341733628,2,0,0,0,0,0,0,32,-12,51,1,0,6,2,2417,-12,0,0,20,fdi,FDI
1694818253,322,62,0,0,0,0,0,60,0,0,2,12,1,2671372690,2,0,0,0,0,0,0,32,-14,45,1,0,6,2,2417,-14,0,0,20,fdi,FDI
1694818253,326,105,0,0,0,0,0,44,0,318,2,8,1,3682591459,2,0,0,0,0,0,7,32,-14,75,1,0,54,2,2417,-14,0,0,20,fdi,FDI
1694818253,329,62,0,0,0,0,0,60,0,0,2,12,1,2671372690,2,0,0,0,0,0,0,32,-14,33,1,0,6,2,2417,-14,0,0,20,fdi,FDI
1694818254,335,101,0,0,0,0,0,44,0,319,2,8,1,3046533845,2,0,0,0,0,0,3,32,-16,72,1,0,54,2,2417,-16,0,0,20,fdi,FDI
1694818254,338,62,0,0,0,0,0,60,0,0,2,12,1,2671372690,2,0,0,0,0,0,0,32,-14,51,1,0,6,2,2417,-14,0,0,20,fdi,FDI
1694818254,344,110,0,0,0,0,0,44,0,320,2,8,1,2929863137,2,0,0,0,0,0,12,32,-14,78,1,0,54,2,2417,-14,0,0,20,fdi,FDI
1694818254,347,62,0,0,0,0,0,60,0,0,2,12,1,2671372690,2,0,0,0,0,0,0,32,-12,45,1,0,6,2,2417,-12,0,0,20,fdi,FDI
1694818254,353,105,0,0,0,0,0,44,0,321,2,8,1,4150298041,2,0,0,0,0,0,7,32,-14,75,1,0,54,2,2417,-14,0,0,20,fdi,FDI
1694818254,356,62,0,0,0,0,0,60,0,0,2,12,1,2671372690,2,0,0,0,0,0,0,32,-12,36,1,0,6,2,2417,-12,0,0,20,fdi,FDI
1694818254,365,62,0,0,0,0,0,60,0,0,2,12,1,2671372690,2,0,0,0,0,0,0,32,-14,57,1,0,6,2,2417,-14,0,0,20,fdi,FDI
1694818254,369,62,0,0,0,0,0,60,0,0,2,12,1,2671372690,2,0,0,0,0,0,0,32,-16,45,1,0,6,2,2417,-16,0,0,20,fdi,FDI
1694818254,376,62,0,0,0,0,0,60,0,0,2,12,1,2671372690,2,0,0,0,0,0,0,32,-14,54,1,0,6,2,2417,-14,0,0,20,fdi,FDI
1694818254,381,62,0,0,0,0,0,60,0,0,2,12,1,2671372690,2,0,0,0,0,0,0,32,-12,63,1,0,6,2,2417,-12,0,0,20,fdi,FDI
1694818254,383,62,0,0,0,0,0,60,0,0,2,12,17,3341733628,2,0,0,0,0,0,0,32,-12,60,1,0,6,2,2417,-12,0,0,20,fdi,FDI
1694818254,387,62,0,0,0,0,0,60,0,0,2,12,1,2671372690,2,0,0,0,0,0,0,32,-14,45,1,0,6,2,2417,-14,0,0,20,fdi,FDI
1694818254,395,62,0,0,0,0,0,60,0,0,2,12,1,2671372690,2,0,0,0,0,0,0,32,-14,54,1,0,6,2,2417,-14,0,0,20,fdi,FDI
1694818254,399,62,0,0,0,0,0,60,0,0,2,12,1,2671372690,2,0,0,0,0,0,0,32,-14,45,1,0,6,2,2417,-14,0,0,20,fdi,FDI
1694818255,406,62,0,0,0,0,0,60,0,0,2,12,1,2671372690,2,0,0,0,0,0,0,32,-16,54,1,0,6,2,2417,-16,0,0,20,fdi,FDI
1694818255,408,62,0,0,0,0,0,60,0,0,2,12,17,3341733628,2,0,0,0,0,0,0,32,-14,51,1,0,6,2,2417,-14,0,0,20,fdi,FDI
1694818255,411,62,0,0,0,0,0,60,0,0,2,12,1,2671372690,2,0,0,0,0,0,0,32,-14,48,1,0,6,2,2417,-14,0,0,20,fdi,FDI
1694818255,418,62,0,0,0,0,0,60,0,0,2,12,1,2671372690,2,0,0,0,0,0,0,32,-12,54,1,0,6,2,2417,-12,0,0,20,fdi,FDI
1694818255,420,62,0,0,0,0,0,60,0,0,2,12,17,3341733628,2,0,0,0,0,0,0,32,-14,51,1,0,6,2,2417,-14,0,0,20,fdi,FDI
1694818255,423,62,0,0,0,0,0,60,0,0,2,12,1,2671372690,2,0,0,0,0,0,0,32,-14,45,1,0,6,2,2417,-14,0,0,20,fdi,FDI
1694818255,432,62,0,0,0,0,0,60,0,0,2,12,1,2671372690,2,0,0,0,0,0,0,32,-16,45,1,0,6,2,2417,-16,0,0,20,fdi,FDI
1694818255,434,62,0,0,0,0,0,60,0,0,2,12,17,3341733628,2,0,0,0,0,0,0,32,-16,63,1,0,6,2,2417,-16,0,0,20,fdi,FDI
1694818255,437,62,0,0,0,0,0,60,0,0,2,12,1,2671372690,2,0,0,0,0,0,0,32,-14,45,1,0,6,2,2417,-14,0,0,20,fdi,FDI
1694818255,444,62,0,0,0,0,0,60,0,0,2,12,1,2671372690,2,0,0,0,0,0,0,32,-16,54,1,0,6,2,2417,-16,0,0,20,fdi,FDI
1694818255,446,62,0,0,0,0,0,60,0,0,2,12,17,3341733628,2,0,0,0,0,0,0,32,-16,51,1,0,6,2,2417,-16,0,0,20,fdi,FDI
1694818255,449,62,0,0,0,0,0,60,0,0,2,12,1,2671372690,2,0,0,0,0,0,0,32,-18,45,1,0,6,2,2417,-18,0,0,20,fdi,FDI
1694818255,456,62,0,0,0,0,0,60,0,0,2,12,1,2671372690,2,0,0,0,0,0,0,32,-16,54,1,0,6,2,2417,-16,0,0,20,fdi,FDI
1694818255,458,62,0,0,0,0,0,60,0,0,2,12,17,3341733628,2,0,0,0,0,0,0,32,-16,54,1,0,6,2,2417,-16,0,0,20,fdi,FDI
1694818256,461,62,0,0,0,0,0,60,0,0,2,12,1,2671372690,2,0,0,0,0,0,0,32,-16,45,1,0,6,2,2417,-16,0,0,20,fdi,FDI
1694818256,466,62,0,0,0,0,0,60,0,0,2,12,1,2671372690,2,0,0,0,0,0,0,32,-16,54,1,0,6,2,2417,-16,0,0,20,fdi,FDI
1694818256,468,62,0,0,0,0,0,60,0,0,2,12,17,3341733628,2,0,0,0,0,0,0,32,-16,51,1,0,6,2,2417,-16,0,0,20,fdi,FDI
1694818256,471,62,0,0,0,0,0,60,0,0,2,12,1,2671372690,2,0,0,0,0,0,0,32,-16,45,1,0,6,2,2417,-16,0,0,20,fdi,FDI
1694818256,486,62,0,0,0,0,0,60,0,0,2,12,1,2671372690,2,0,0,0,0,0,0,32,-14,54,1,0,6,2,2417,-14,0,0,20,fdi,FDI
1694818256,488,62,0,0,0,0,0,60,0,0,2,12,17,3341733628,2,0,0,0,0,0,0,32,-14,42,1,0,6,2,2417,-14,0,0,20,fdi,FDI
1694818256,491,62,0,0,0,0,0,60,0,0,2,12,1,2671372690,2,0,0,0,0,0,0,32,-14,45,1,0,6,2,2417,-14,0,0,20,fdi,FDI
1694818256,498,62,0,0,0,0,0,60,0,0,2,12,1,2671372690,2,0,0,0,0,0,0,32,-18,54,1,0,6,2,2417,-18,0,0,20,fdi,FDI
1694818256,500,62,0,0,0,0,0,60,0,0,2,12,17,3341733628,2,0,0,0,0,0,0,32,-16,51,1,0,6,2,2417,-16,0,0,20,fdi,FDI
1694818256,503,62,0,0,0,0,0,60,0,0,2,12,1,2671372690,2,0,0,0,0,0,0,32,-16,45,1,0,6,2,2417,-16,0,0,20,fdi,FDI
1694818256,510,62,0,0,0,0,0,60,0,0,2,12,1,2671372690,2,0,0,0,0,0,0,32,-14,54,1,0,6,2,2417,-14,0,0,20,fdi,FDI
1694818256,512,62,0,0,0,0,0,60,0,0,2,12,17,3341733628,2,0,0,0,0,0,0,32,-14,51,1,0,6,2,2417,-14,0,0,20,fdi,FDI
1694818256,515,62,0,0,0,0,0,60,0,0,2,12,1,2671372690,2,0,0,0,0,0,0,32,-14,45,1,0,6,2,2417,-14,0,0,20,fdi,FDI
1694818257,526,62,0,0,0,0,0,60,0,0,2,12,1,2671372690,2,0,0,0,0,0,0,32,-12,60,1,0,6,2,2417,-12,0,0,20,fdi,FDI
1694818257,530,62,0,0,0,0,0,60,0,0,2,12,17,3341733628,2,0,0,0,0,0,0,32,-12,42,1,0,6,2,2417,-12,0,0,20,fdi,FDI
1694818257,531,62,0,0,0,0,0,60,0,0,2,12,17,3341733628,2,0,0,0,0,0,0,32,-14,42,1,0,6,2,2417,-14,0,0,20,fdi,FDI
1694818257,534,62,0,0,0,0,0,60,0,0,2,12,1,2671372690,2,0,0,0,0,0,0,32,-10,45,1,0,6,2,2417,-10,0,0,20,fdi,FDI
1694818257,539,62,0,0,0,0,0,60,0,0,2,12,1,2671372690,2,0,0,0,0,0,0,32,-12,54,1,0,6,2,2417,-12,0,0,20,fdi,FDI
1694818257,541,62,0,0,0,0,0,60,0,0,2,12,17,3341733628,2,0,0,0,0,0,0,32,-12,36,1,0,6,2,2417,-12,0,0,20,fdi,FDI
1694818257,544,62,0,0,0,0,0,60,0,0,2,12,1,2671372690,2,0,0,0,0,0,0,32,-12,45,1,0,6,2,2417,-12,0,0,20,fdi,FDI
1694818257,553,62,0,0,0,0,0,60,0,0,2,12,1,2671372690,2,0,0,0,0,0,0,32,-12,45,1,0,6,2,2417,-12,0,0,20,fdi,FDI
1694818257,557,62,0,0,0,0,0,60,0,0,2,12,17,3341733628,2,0,0,0,0,0,0,32,-12,60,1,0,6,2,2417,-12,0,0,20,fdi,FDI
1694818257,560,62,0,0,0,0,0,60,0,0,2,12,1,2671372690,2,0,0,0,0,0,0,32,-12,54,1,0,6,2,2417,-12,0,0,20,fdi,FDI
1694818257,564,62,0,0,0,0,0,60,0,0,2,12,17,3341733628,2,0,0,0,0,0,0,32,-12,48,1,0,6,2,2417,-12,0,0,20,fdi,FDI
1694818257,569,62,0,0,0,0,0,60,0,0,2,12,1,2671372690,2,0,0,0,0,0,0,32,-12,54,1,0,6,2,2417,-12,0,0,20,fdi,FDI
1694818257,581,62,0,0,0,0,0,60,0,0,2,12,1,2671372690,2,0,0,0,0,0,0,32,-14,57,1,0,6,2,2417,-14,0,0,20,fdi,FDI
1694818257,583,62,0,0,0,0,0,60,0,0,2,12,17,3341733628,2,0,0,0,0,0,0,32,-14,42,1,0,6,2,2417,-14,0,0,20,fdi,FDI
1694818257,585,62,0,0,0,0,0,60,0,0,2,12,1,2671372690,2,0,0,0,0,0,0,32,-14,42,1,0,6,2,2417,-14,0,0,20,fdi,FDI
1694818257,587,62,0,0,0,0,0,60,0,0,2,12,17,3341733628,2,0,0,0,0,0,0,32,-14,48,1,0,6,2,2417,-14,0,0,20,fdi,FDI
1694818257,588,62,0,0,0,0,0,60,0,0,2,12,17,3341733628,2,0,0,0,0,0,0,32,-14,60,1,0,6,2,2417,-14,0,0,20,fdi,FDI
1694818257,589,62,0,0,0,0,0,60,0,0,2,12,17,3341733628,2,0,0,0,0,0,0,32,-16,54,1,0,6,2,2417,-16,0,0,20,fdi,FDI
1694818257,590,62,0,0,0,0,0,60,0,0,2,12,17,3341733628,2,0,0,0,0,0,0,32,-14,60,1,0,6,2,2417,-14,0,0,20,fdi,FDI
1694818257,591,62,0,0,0,0,0,60,0,0,2,12,17,3341733628,2,0,0,0,0,0,0,32,-14,57,1,0,6,2,2417,-14,0,0,20,fdi,FDI
1694818257,592,62,0,0,0,0,0,60,0,0,2,12,17,3341733628,2,0,0,0,0,0,0,32,-14,51,1,0,6,2,2417,-14,0,0,20,fdi,FDI
1694818257,593,62,0,0,0,0,0,60,0,0,2,12,17,3341733628,2,0,0,0,0,0,0,32,-14,42,1,0,6,2,2417,-14,0,0,20,fdi,FDI
1694818257,594,62,0,0,0,0,0,60,0,0,2,12,17,3341733628,2,0,0,0,0,0,0,32,-16,48,1,0,6,2,2417,-16,0,0,20,fdi,FDI
1694818257,595,62,0,0,0,0,0,60,0,0,2,12,17,3341733628,2,0,0,0,0,0,0,32,-14,45,1,0,6,2,2417,-14,0,0,20,fdi,FDI
1694818257,596,62,0,0,0,0,0,60,0,0,2,12,17,3341733628,2,0,0,0,0,0,0,32,-14,54,1,0,6,2,2417,-14,0,0,20,fdi,FDI
1694818257,597,62,0,0,0,0,0,60,0,0,2,12,17,3341733628,2,0,0,0,0,0,0,32,-14,42,1,0,6,2,2417,-14,0,0,20,fdi,FDI
1694818257,598,62,0,0,0,0,0,60,0,0,2,12,17,3341733628,2,0,0,0,0,0,0,32,-14,39,1,0,6,2,2417,-14,0,0,20,fdi,FDI
1694818257,603,62,0,0,0,0,0,60,0,0,2,12,1,2671372690,2,0,0,0,0,0,0,32,-14,51,1,0,6,2,2417,-14,0,0,20,fdi,FDI
1694818258,611,62,0,0,0,0,0,60,0,0,2,12,1,2671372690,2,0,0,0,0,0,0,32,-14,51,1,0,6,2,2417,-14,0,0,20,fdi,FDI
1694818258,613,62,0,0,0,0,0,60,0,0,2,12,17,3341733628,2,0,0,0,0,0,0,32,-16,45,1,0,6,2,2417,-16,0,0,20,fdi,FDI
1694818258,614,62,0,0,0,0,0,60,0,0,2,12,17,3341733628,2,0,0,0,0,0,0,32,-14,54,1,0,6,2,2417,-14,0,0,20,fdi,FDI
1694818258,626,62,0,0,0,0,0,60,0,0,2,12,1,2671372690,2,0,0,0,0,0,0,32,-14,42,1,0,6,2,2417,-14,0,0,20,fdi,FDI
1694818258,628,62,0,0,0,0,0,60,0,0,2,12,17,3341733628,2,0,0,0,0,0,0,32,-14,51,1,0,6,2,2417,-14,0,0,20,fdi,FDI
1694818258,631,62,0,0,0,0,0,60,0,0,2,12,1,2671372690,2,0,0,0,0,0,0,32,-14,54,1,0,6,2,2417,-14,0,0,20,fdi,FDI
1694818258,638,118,0,0,0,0,0,44,0,322,2,8,1,1845859051,2,0,0,0,0,0,20,32,-16,100,1,0,54,2,2417,-16,0,0,20,fdi,FDI
1694818258,641,62,0,0,0,0,0,60,0,0,2,12,1,2671372690,2,0,0,0,0,0,0,32,-14,42,1,0,6,2,2417,-14,0,0,20,fdi,FDI
1694818258,645,62,0,0,0,0,0,60,0,0,2,12,17,3341733628,2,0,0,0,0,0,0,32,-12,51,1,0,6,2,2417,-12,0,0,20,fdi,FDI
1694818258,646,62,0,0,0,0,0,60,0,0,2,12,17,3341733628,2,0,0,0,0,0,0,32,-14,51,1,0,6,2,2417,-14,0,0,20,fdi,FDI
1694818258,651,62,0,0,0,0,0,60,0,0,2,12,1,2671372690,2,0,0,0,0,0,0,32,-12,51,1,0,6,2,2417,-12,0,0,20,fdi,FDI
1694818258,661,62,0,0,0,0,0,60,0,0,2,12,1,2671372690,2,0,0,0,0,0,0,32,-14,51,1,0,6,2,2417,-14,0,0,20,fdi,FDI
1694818258,663,62,0,0,0,0,0,60,0,0,2,12,17,3341733628,2,0,0,0,0,0,0,32,-14,42,1,0,6,2,2417,-14,0,0,20,fdi,FDI
1694818258,666,62,0,0,0,0,0,60,0,0,2,12,1,2671372690,2,0,0,0,0,0,0,32,-14,45,1,0,6,2,2417,-14,0,0,20,fdi,FDI
1694818258,673,62,0,0,0,0,0,60,0,0,2,12,1,2671372690,2,0,0,0,0,0,0,32,-14,54,1,0,6,2,2417,-14,0,0,20,fdi,FDI
1694818258,677,62,0,0,0,0,0,60,0,0,2,12,17,3341733628,2,0,0,0,0,0,0,32,-16,42,1,0,6,2,2417,-16,0,0,20,fdi,FDI
1694818258,678,62,0,0,0,0,0,60,0,0,2,12,17,3341733628,2,0,0,0,0,0,0,32,-12,60,1,0,6,2,2417,-12,0,0,20,fdi,FDI
1694818259,694,62,0,0,0,0,0,60,0,0,2,12,1,2671372690,2,0,0,0,0,0,0,32,-14,54,1,0,6,2,2417,-14,0,0,20,fdi,FDI
1694818259,697,62,0,0,0,0,0,60,0,0,2,12,17,3341733628,2,0,0,0,0,0,0,32,-12,51,1,0,6,2,2417,-12,0,0,20,fdi,FDI
1694818259,702,62,0,0,0,0,0,60,0,0,2,12,1,2671372690,2,0,0,0,0,0,0,32,-12,45,1,0,6,2,2417,-12,0,0,20,fdi,FDI
1694818259,710,62,0,0,0,0,0,60,0,0,2,12,1,2671372690,2,0,0,0,0,0,0,32,-14,54,1,0,6,2,2417,-14,0,0,20,fdi,FDI
1694818259,712,62,0,0,0,0,0,60,0,0,2,12,1,2671372690,2,0,0,0,0,0,0,32,-14,45,1,0,6,2,2417,-14,0,0,20,fdi,FDI
1694818259,717,62,0,0,0,0,0,60,0,0,2,12,1,2671372690,2,0,0,0,0,0,0,32,-12,45,1,0,6,2,2417,-12,0,0,20,fdi,FDI
1694818259,735,62,0,0,0,0,0,60,0,0,2,12,1,2671372690,2,0,0,0,0,0,0,32,-14,45,1,0,6,2,2417,-14,0,0,20,fdi,FDI
1694818259,737,62,0,0,0,0,0,60,0,0,2,12,17,3341733628,2,0,0,0,0,0,0,32,-14,60,1,0,6,2,2417,-14,0,0,20,fdi,FDI
1694818259,740,62,0,0,0,0,0,60,0,0,2,12,1,2671372690,2,0,0,0,0,0,0,32,-12,45,1,0,6,2,2417,-12,0,0,20,fdi,FDI
1694818259,747,62,0,0,0,0,0,60,0,0,2,12,1,2671372690,2,0,0,0,0,0,0,32,-14,54,1,0,6,2,2417,-14,0,0,20,fdi,FDI
1694818259,749,62,0,0,0,0,0,60,0,0,2,12,17,3341733628,2,0,0,0,0,0,0,32,-14,51,1,0,6,2,2417,-14,0,0,20,fdi,FDI
1694818259,752,62,0,0,0,0,0,60,0,0,2,12,1,2671372690,2,0,0,0,0,0,0,32,-12,45,1,0,6,2,2417,-12,0,0,20,fdi,FDI
1694818259,759,62,0,0,0,0,0,60,0,0,2,12,1,2671372690,2,0,0,0,0,0,0,32,-14,54,1,0,6,2,2417,-14,0,0,20,fdi,FDI
1694818259,761,62,0,0,0,0,0,60,0,0,2,12,17,3341733628,2,0,0,0,0,0,0,32,-14,51,1,0,6,2,2417,-14,0,0,20,fdi,FDI
1694818259,764,62,0,0,0,0,0,60,0,0,2,12,1,2671372690,2,0,0,0,0,0,0,32,-14,45,1,0,6,2,2417,-14,0,0,20,fdi,FDI
1694818260,773,62,0,0,0,0,0,60,0,0,2,12,1,2671372690,2,0,0,0,0,0,0,32,-14,45,1,0,6,2,2417,-14,0,0,20,fdi,FDI
1694818260,775,62,0,0,0,0,0,60,0,0,2,12,17,3341733628,2,0,0,0,0,0,0,32,-14,60,1,0,6,2,2417,-14,0,0,20,fdi,FDI
1694818260,786,62,0,0,0,0,0,60,0,0,2,12,1,2671372690,2,0,0,0,0,0,0,32,-14,45,1,0,6,2,2417,-14,0,0,20,fdi,FDI
1694818260,788,62,0,0,0,0,0,60,0,0,2,12,17,3341733628,2,0,0,0,0,0,0,32,-14,60,1,0,6,2,2417,-14,0,0,20,fdi,FDI
1694818260,800,62,0,0,0,0,0,60,0,0,2,12,1,2671372690,2,0,0,0,0,0,0,32,-14,45,1,0,6,2,2417,-14,0,0,20,fdi,FDI
1694818260,802,62,0,0,0,0,0,60,0,0,2,12,17,3341733628,2,0,0,0,0,0,0,32,-14,60,1,0,6,2,2417,-14,0,0,20,fdi,FDI
1694818260,805,62,0,0,0,0,0,60,0,0,2,12,1,2671372690,2,0,0,0,0,0,0,32,-14,45,1,0,6,2,2417,-14,0,0,20,fdi,FDI
1694818260,812,62,0,0,0,0,0,60,0,0,2,12,1,2671372690,2,0,0,0,0,0,0,32,-14,54,1,0,6,2,2417,-14,0,0,20,fdi,FDI
1694818260,814,62,0,0,0,0,0,60,0,0,2,12,17,3341733628,2,0,0,0,0,0,0,32,-14,54,1,0,6,2,2417,-14,0,0,20,fdi,FDI
1694818260,817,62,0,0,0,0,0,60,0,0,2,12,1,2671372690,2,0,0,0,0,0,0,32,-14,45,1,0,6,2,2417,-14,0,0,20,fdi,FDI
1694818260,822,62,0,0,0,0,0,60,0,0,2,12,1,2671372690,2,0,0,0,0,0,0,32,-14,54,1,0,6,2,2417,-14,0,0,20,fdi,FDI
1694818260,824,62,0,0,0,0,0,60,0,0,2,12,17,3341733628,2,0,0,0,0,0,0,32,-14,54,1,0,6,2,2417,-14,0,0,20,fdi,FDI
1694818261,827,62,0,0,0,0,0,60,0,0,2,12,1,2671372690,2,0,0,0,0,0,0,32,-14,45,1,0,6,2,2417,-14,0,0,20,fdi,FDI
1694818261,834,62,0,0,0,0,0,60,0,0,2,12,1,2671372690,2,0,0,0,0,0,0,32,-14,54,1,0,6,2,2417,-14,0,0,20,fdi,FDI
1694818261,836,62,0,0,0,0,0,60,0,0,2,12,17,3341733628,2,0,0,0,0,0,0,32,-14,54,1,0,6,2,2417,-14,0,0,20,fdi,FDI
1694818261,839,62,0,0,0,0,0,60,0,0,2,12,1,2671372690,2,0,0,0,0,0,0,32,-14,45,1,0,6,2,2417,-14,0,0,20,fdi,FDI
1694818261,846,62,0,0,0,0,0,60,0,0,2,12,1,2671372690,2,0,0,0,0,0,0,32,-14,54,1,0,6,2,2417,-14,0,0,20,fdi,FDI
1694818261,848,62,0,0,0,0,0,60,0,0,2,12,17,3341733628,2,0,0,0,0,0,0,32,-14,54,1,0,6,2,2417,-14,0,0,20,fdi,FDI
1694818261,851,62,0,0,0,0,0,60,0,0,2,12,1,2671372690,2,0,0,0,0,0,0,32,-12,45,1,0,6,2,2417,-12,0,0,20,fdi,FDI
1694818261,861,62,0,0,0,0,0,60,0,0,2,12,17,3341733628,2,0,0,0,0,0,0,32,-16,63,1,0,6,2,2417,-16,0,0,20,fdi,FDI
1694818261,864,62,0,0,0,0,0,60,0,0,2,12,1,2671372690,2,0,0,0,0,0,0,32,-14,45,1,0,6,2,2417,-14,0,0,20,fdi,FDI
1694818261,871,62,0,0,0,0,0,60,0,0,2,12,1,2671372690,2,0,0,0,0,0,0,32,-12,54,1,0,6,2,2417,-12,0,0,20,fdi,FDI
1694818261,873,62,0,0,0,0,0,60,0,0,2,12,17,3341733628,2,0,0,0,0,0,0,32,-12,54,1,0,6,2,2417,-12,0,0,20,fdi,FDI
1694818261,876,62,0,0,0,0,0,60,0,0,2,12,1,2671372690,2,0,0,0,0,0,0,32,-14,45,1,0,6,2,2417,-14,0,0,20,fdi,FDI
1694818261,883,62,0,0,0,0,0,60,0,0,2,12,17,3341733628,2,0,0,0,0,0,0,32,-14,51,1,0,6,2,2417,-14,0,0,20,fdi,FDI
1694818262,886,62,0,0,0,0,0,60,0,0,2,12,1,2671372690,2,0,0,0,0,0,0,32,-16,45,1,0,6,2,2417,-16,0,0,20,fdi,FDI
1694818262,893,62,0,0,0,0,0,60,0,0,2,12,1,2671372690,2,0,0,0,0,0,0,32,-16,54,1,0,6,2,2417,-16,0,0,20,fdi,FDI
1694818262,895,62,0,0,0,0,0,60,0,0,2,12,17,3341733628,2,0,0,0,0,0,0,32,-14,51,1,0,6,2,2417,-14,0,0,20,fdi,FDI
1694818262,898,62,0,0,0,0,0,60,0,0,2,12,1,2671372690,2,0,0,0,0,0,0,32,-14,45,1,0,6,2,2417,-14,0,0,20,fdi,FDI
1694818262,909,62,0,0,0,0,0,60,0,0,2,12,1,2671372690,2,0,0,0,0,0,0,32,-14,63,1,0,6,2,2417,-14,0,0,20,fdi,FDI
1694818262,914,62,0,0,0,0,0,60,0,0,2,12,1,2671372690,2,0,0,0,0,0,0,32,-14,54,1,0,6,2,2417,-14,0,0,20,fdi,FDI
1694818262,916,62,0,0,0,0,0,60,0,0,2,12,17,3341733628,2,0,0,0,0,0,0,32,-14,42,1,0,6,2,2417,-14,0,0,20,fdi,FDI
1694818262,919,62,0,0,0,0,0,60,0,0,2,12,1,2671372690,2,0,0,0,0,0,0,32,-14,45,1,0,6,2,2417,-14,0,0,20,fdi,FDI
1694818262,928,62,0,0,0,0,0,60,0,0,2,12,1,2671372690,2,0,0,0,0,0,0,32,-14,45,1,0,6,2,2417,-14,0,0,20,fdi,FDI
1694818262,930,62,0,0,0,0,0,60,0,0,2,12,17,3341733628,2,0,0,0,0,0,0,32,-14,60,1,0,6,2,2417,-14,0,0,20,fdi,FDI
1694818262,938,62,0,0,0,0,0,60,0,0,2,12,1,2671372690,2,0,0,0,0,0,0,32,-14,54,1,0,6,2,2417,-14,0,0,20,fdi,FDI
1694818262,940,62,0,0,0,0,0,60,0,0,2,12,17,3341733628,2,0,0,0,0,0,0,32,-14,51,1,0,6,2,2417,-14,0,0,20,fdi,FDI
1694818262,943,62,0,0,0,0,0,60,0,0,2,12,1,2671372690,2,0,0,0,0,0,0,32,-14,45,1,0,6,2,2417,-14,0,0,20,fdi,FDI
1694818263,950,62,0,0,0,0,0,60,0,0,2,12,1,2671372690,2,0,0,0,0,0,0,32,-16,54,1,0,6,2,2417,-16,0,0,20,fdi,FDI
1694818263,952,62,0,0,0,0,0,60,0,0,2,12,17,3341733628,2,0,0,0,0,0,0,32,-14,51,1,0,6,2,2417,-14,0,0,20,fdi,FDI
1694818263,955,62,0,0,0,0,0,60,0,0,2,12,1,2671372690,2,0,0,0,0,0,0,32,-14,45,1,0,6,2,2417,-14,0,0,20,fdi,FDI
1694818263,962,62,0,0,0,0,0,60,0,0,2,12,1,2671372690,2,0,0,0,0,0,0,32,-14,54,1,0,6,2,2417,-14,0,0,20,fdi,FDI
1694818263,964,62,0,0,0,0,0,60,0,0,2,12,17,3341733628,2,0,0,0,0,0,0,32,-14,51,1,0,6,2,2417,-14,0,0,20,fdi,FDI
1694818263,967,62,0,0,0,0,0,60,0,0,2,12,1,2671372690,2,0,0,0,0,0,0,32,-14,45,1,0,6,2,2417,-14,0,0,20,fdi,FDI
1694818263,978,62,0,0,0,0,0,60,0,0,2,12,1,2671372690,2,0,0,0,0,0,0,32,-16,45,1,0,6,2,2417,-16,0,0,20,fdi,FDI
1694818263,980,62,0,0,0,0,0,60,0,0,2,12,17,3341733628,2,0,0,0,0,0,0,32,-16,60,1,0,6,2,2417,-16,0,0,20,fdi,FDI
1694818263,983,62,0,0,0,0,0,60,0,0,2,12,1,2671372690,2,0,0,0,0,0,0,32,-16,45,1,0,6,2,2417,-16,0,0,20,fdi,FDI
1694818263,990,62,0,0,0,0,0,60,0,0,2,12,1,2671372690,2,0,0,0,0,0,0,32,-14,54,1,0,6,2,2417,-14,0,0,20,fdi,FDI
1694818263,992,62,0,0,0,0,0,60,0,0,2,12,17,3341733628,2,0,0,0,0,0,0,32,-12,51,1,0,6,2,2417,-12,0,0,20,fdi,FDI
1694818263,995,62,0,0,0,0,0,60,0,0,2,12,1,2671372690,2,0,0,0,0,0,0,32,-10,45,1,0,6,2,2417,-10,0,0,20,fdi,FDI
1694818263,1002,62,0,0,0,0,0,60,0,0,2,12,1,2671372690,2,0,0,0,0,0,0,32,-12,54,1,0,6,2,2417,-12,0,0,20,fdi,FDI
1694818263,1004,62,0,0,0,0,0,60,0,0,2,12,17,3341733628,2,0,0,0,0,0,0,32,-12,51,1,0,6,2,2417,-12,0,0,20,fdi,FDI
1694818263,1007,62,0,0,0,0,0,60,0,0,2,12,1,2671372690,2,0,0,0,0,0,0,32,-12,45,1,0,6,2,2417,-12,0,0,20,fdi,FDI
1694818264,1014,62,0,0,0,0,0,60,0,0,2,12,1,2671372690,2,0,0,0,0,0,0,32,-12,54,1,0,6,2,2417,-12,0,0,20,fdi,FDI
1694818264,1016,62,0,0,0,0,0,60,0,0,2,12,17,3341733628,2,0,0,0,0,0,0,32,-14,54,1,0,6,2,2417,-14,0,0,20,fdi,FDI
1694818264,1019,62,0,0,0,0,0,60,0,0,2,12,1,2671372690,2,0,0,0,0,0,0,32,-14,45,1,0,6,2,2417,-14,0,0,20,fdi,FDI
1694818264,1029,62,0,0,0,0,0,60,0,0,2,12,1,2671372690,2,0,0,0,0,0,0,32,-16,63,1,0,6,2,2417,-16,0,0,20,fdi,FDI
1694818264,1031,117,0,0,0,0,0,44,0,323,2,8,1,115285094,2,0,0,0,0,0,19,32,-18,84,1,0,54,2,2417,-18,0,0,20,fdi,FDI
1694818264,1038,62,0,0,0,0,0,60,0,0,2,12,1,2671372690,2,0,0,0,0,0,0,32,-16,48,1,0,6,2,2417,-16,0,0,20,fdi,FDI
1694818264,1040,62,0,0,0,0,0,60,0,0,2,12,17,3341733628,2,0,0,0,0,0,0,32,-12,51,1,0,6,2,2417,-12,0,0,20,fdi,FDI
1694818264,1043,62,0,0,0,0,0,60,0,0,2,12,1,2671372690,2,0,0,0,0,0,0,32,-14,45,1,0,6,2,2417,-14,0,0,20,fdi,FDI
1694818264,1048,62,0,0,0,0,0,60,0,0,2,12,1,2671372690,2,0,0,0,0,0,0,32,-12,54,1,0,6,2,2417,-12,0,0,20,fdi,FDI
1694818264,1052,62,0,0,0,0,0,60,0,0,2,12,17,3341733628,2,0,0,0,0,0,0,32,-14,51,1,0,6,2,2417,-14,0,0,20,fdi,FDI
1694818264,1055,62,0,0,0,0,0,60,0,0,2,12,1,2671372690,2,0,0,0,0,0,0,32,-14,45,1,0,6,2,2417,-14,0,0,20,fdi,FDI
1694818264,1065,62,0,0,0,0,0,60,0,0,2,12,1,2671372690,2,0,0,0,0,0,0,32,-16,54,1,0,6,2,2417,-16,0,0,20,fdi,FDI
1694818264,1067,62,0,0,0,0,0,60,0,0,2,12,17,3341733628,2,0,0,0,0,0,0,32,-16,51,1,0,6,2,2417,-16,0,0,20,fdi,FDI
1694818264,1070,62,0,0,0,0,0,60,0,0,2,12,1,2671372690,2,0,0,0,0,0,0,32,-16,45,1,0,6,2,2417,-16,0,0,20,fdi,FDI
1694818265,1077,62,0,0,0,0,0,60,0,0,2,12,1,2671372690,2,0,0,0,0,0,0,32,-12,54,1,0,6,2,2417,-12,0,0,20,fdi,FDI
1694818265,1079,62,0,0,0,0,0,60,0,0,2,12,17,3341733628,2,0,0,0,0,0,0,32,-12,54,1,0,6,2,2417,-12,0,0,20,fdi,FDI
1694818265,1082,62,0,0,0,0,0,60,0,0,2,12,1,2671372690,2,0,0,0,0,0,0,32,-14,45,1,0,6,2,2417,-14,0,0,20,fdi,FDI
1694818265,1089,62,0,0,0,0,0,60,0,0,2,12,1,2671372690,2,0,0,0,0,0,0,32,-14,54,1,0,6,2,2417,-14,0,0,20,fdi,FDI
1694818265,1093,62,0,0,0,0,0,60,0,0,2,12,17,3341733628,2,0,0,0,0,0,0,32,-14,48,1,0,6,2,2417,-14,0,0,20,fdi,FDI
1694818265,1096,62,0,0,0,0,0,60,0,0,2,12,1,2671372690,2,0,0,0,0,0,0,32,-14,45,1,0,6,2,2417,-14,0,0,20,fdi,FDI
1694818265,1106,62,0,0,0,0,0,60,0,0,2,12,1,2671372690,2,0,0,0,0,0,0,32,-14,45,1,0,6,2,2417,-14,0,0,20,fdi,FDI
1694818265,1113,62,0,0,0,0,0,60,0,0,2,12,1,2671372690,2,0,0,0,0,0,0,32,-14,54,1,0,6,2,2417,-14,0,0,20,fdi,FDI
1694818265,1115,117,0,0,0,0,0,44,0,324,2,8,1,2549587612,2,0,0,0,0,0,19,32,-16,96,1,0,54,2,2417,-16,0,0,20,fdi,FDI
1694818265,1120,62,0,0,0,0,0,60,0,0,2,12,1,2671372690,2,0,0,0,0,0,0,32,-14,69,1,0,6,2,2417,-14,0,0,20,fdi,FDI
1694818265,1128,62,0,0,0,0,0,60,0,0,2,12,1,2671372690,2,0,0,0,0,0,0,32,-14,45,1,0,6,2,2417,-14,0,0,20,fdi,FDI
1694818265,1135,62,0,0,0,0,0,60,0,0,2,12,1,2671372690,2,0,0,0,0,0,0,32,-14,54,1,0,6,2,2417,-14,0,0,20,fdi,FDI
1694818265,1137,62,0,0,0,0,0,60,0,0,2,12,17,3341733628,2,0,0,0,0,0,0,32,-14,54,1,0,6,2,2417,-14,0,0,20,fdi,FDI
1694818265,1140,62,0,0,0,0,0,60,0,0,2,12,1,2671372690,2,0,0,0,0,0,0,32,-14,45,1,0,6,2,2417,-14,0,0,20,fdi,FDI
1694818266,1147,62,0,0,0,0,0,60,0,0,2,12,1,2671372690,2,0,0,0,0,0,0,32,-14,54,1,0,6,2,2417,-14,0,0,20,fdi,FDI
1694818266,1149,62,0,0,0,0,0,60,0,0,2,12,17,3341733628,2,0,0,0,0,0,0,32,-14,54,1,0,6,2,2417,-14,0,0,20,fdi,FDI
1694818266,1152,62,0,0,0,0,0,60,0,0,2,12,1,2671372690,2,0,0,0,0,0,0,32,-14,45,1,0,6,2,2417,-14,0,0,20,fdi,FDI
1694818266,1159,62,0,0,0,0,0,60,0,0,2,12,1,2671372690,2,0,0,0,0,0,0,32,-12,54,1,0,6,2,2417,-12,0,0,20,fdi,FDI
1694818266,1161,62,0,0,0,0,0,60,0,0,2,12,17,3341733628,2,0,0,0,0,0,0,32,-14,51,1,0,6,2,2417,-14,0,0,20,fdi,FDI
1694818266,1164,62,0,0,0,0,0,60,0,0,2,12,1,2671372690,2,0,0,0,0,0,0,32,-14,45,1,0,6,2,2417,-14,0,0,20,fdi,FDI
1694818266,1176,62,0,0,0,0,0,60,0,0,2,12,1,2671372690,2,0,0,0,0,0,0,32,-12,60,1,0,6,2,2417,-12,0,0,20,fdi,FDI
1694818266,1178,62,0,0,0,0,0,60,0,0,2,12,17,3341733628,2,0,0,0,0,0,0,32,-14,60,1,0,6,2,2417,-14,0,0,20,fdi,FDI
1694818266,1181,62,0,0,0,0,0,60,0,0,2,12,1,2671372690,2,0,0,0,0,0,0,32,-14,45,1,0,6,2,2417,-14,0,0,20,fdi,FDI
1694818266,1188,62,0,0,0,0,0,60,0,0,2,12,1,2671372690,2,0,0,0,0,0,0,32,-14,54,1,0,6,2,2417,-14,0,0,20,fdi,FDI
1694818266,1189,62,0,0,0,0,0,60,0,0,2,12,1,2671372690,2,0,0,0,0,0,0,32,-12,45,1,0,6,2,2417,-12,0,0,20,fdi,FDI
1694818266,1190,62,0,0,0,0,0,60,0,0,2,12,1,2671372690,2,0,0,0,0,0,0,32,-12,63,1,0,6,2,2417,-12,0,0,20,fdi,FDI
1694818266,1191,62,0,0,0,0,0,60,0,0,2,12,1,2671372690,2,0,0,0,0,0,0,32,-14,54,1,0,6,2,2417,-14,0,0,20,fdi,FDI
1694818266,1192,62,0,0,0,0,0,60,0,0,2,12,1,2671372690,2,0,0,0,0,0,0,32,-14,54,1,0,6,2,2417,-14,0,0,20,fdi,FDI
1694818266,1194,62,0,0,0,0,0,60,0,0,2,12,17,3341733628,2,0,0,0,0,0,0,32,-12,42,1,0,6,2,2417,-12,0,0,20,fdi,FDI
1694818266,1200,62,0,0,0,0,0,60,0,0,2,12,1,2671372690,2,0,0,0,0,0,0,32,-14,45,1,0,6,2,2417,-14,0,0,20,fdi,FDI
1694818266,1209,62,0,0,0,0,0,60,0,0,2,12,1,2671372690,2,0,0,0,0,0,0,32,-14,45,1,0,6,2,2417,-14,0,0,20,fdi,FDI
1694818266,1214,62,0,0,0,0,0,60,0,0,2,12,1,2671372690,2,0,0,0,0,0,0,32,-14,54,1,0,6,2,2417,-14,0,0,20,fdi,FDI
1694818266,1216,62,0,0,0,0,0,60,0,0,2,12,17,3341733628,2,0,0,0,0,0,0,32,-14,42,1,0,6,2,2417,-14,0,0,20,fdi,FDI
1694818266,1218,62,0,0,0,0,0,60,0,0,2,12,1,2671372690,2,0,0,0,0,0,0,32,-14,45,1,0,6,2,2417,-14,0,0,20,fdi,FDI
1694818266,1222,117,0,0,0,0,0,44,0,325,2,8,1,3739995085,2,0,0,0,0,0,19,32,-16,81,1,0,54,2,2417,-16,0,0,20,fdi,FDI
1694818267,1225,62,0,0,0,0,0,60,0,0,2,12,1,2671372690,2,0,0,0,0,0,0,32,-12,57,1,0,6,2,2417,-12,0,0,20,fdi,FDI
1694818267,1230,62,0,0,0,0,0,60,0,0,2,12,1,2671372690,2,0,0,0,0,0,0,32,-12,39,1,0,6,2,2417,-12,0,0,20,fdi,FDI
1694818267,1232,62,0,0,0,0,0,60,0,0,2,12,17,3341733628,2,0,0,0,0,0,0,32,-12,57,1,0,6,2,2417,-12,0,0,20,fdi,FDI
1694818267,1235,62,0,0,0,0,0,60,0,0,2,12,1,2671372690,2,0,0,0,0,0,0,32,-14,45,1,0,6,2,2417,-14,0,0,20,fdi,FDI
1694818267,1242,62,0,0,0,0,0,60,0,0,2,12,1,2671372690,2,0,0,0,0,0,0,32,-14,54,1,0,6,2,2417,-14,0,0,20,fdi,FDI
1694818267,1244,62,0,0,0,0,0,60,0,0,2,12,17,3341733628,2,0,0,0,0,0,0,32,-14,54,1,0,6,2,2417,-14,0,0,20,fdi,FDI
1694818267,1247,62,0,0,0,0,0,60,0,0,2,12,1,2671372690,2,0,0,0,0,0,0,32,-12,45,1,0,6,2,2417,-12,0,0,20,fdi,FDI
1694818267,1262,62,0,0,0,0,0,60,0,0,2,12,1,2671372690,2,0,0,0,0,0,0,32,-12,51,1,0,6,2,2417,-12,0,0,20,fdi,FDI
1694818267,1267,62,0,0,0,0,0,60,0,0,2,12,1,2671372690,2,0,0,0,0,0,0,32,-14,42,1,0,6,2,2417,-14,0,0,20,fdi,FDI
1694818267,1268,62,0,0,0,0,0,60,0,0,2,12,17,3341733628,2,0,0,0,0,0,0,32,-14,39,1,0,6,2,2417,-14,0,0,20,fdi,FDI
1694818267,1270,62,0,0,0,0,0,60,0,0,2,12,1,2671372690,2,0,0,0,0,0,0,32,-14,45,1,0,6,2,2417,-14,0,0,20,fdi,FDI
1694818267,1274,116,0,0,0,0,0,44,0,327,2,8,1,2633120206,2,0,0,0,0,0,18,32,-14,72,1,0,54,2,2417,-14,0,0,20,fdi,FDI
1694818267,1277,62,0,0,0,0,0,60,0,0,2,12,1,2671372690,2,0,0,0,0,0,0,32,-12,60,1,0,6,2,2417,-12,0,0,20,fdi,FDI
1694818267,1282,62,0,0,0,0,0,60,0,0,2,12,1,2671372690,2,0,0,0,0,0,0,32,-14,39,1,0,6,2,2417,-14,0,0,20,fdi,FDI
1694818267,1285,62,0,0,0,0,0,60,0,0,2,12,1,2671372690,2,0,0,0,0,0,0,32,-16,45,1,0,6,2,2417,-16,0,0,20,fdi,FDI
1694818268,1292,62,0,0,0,0,0,60,0,0,2,12,1,2671372690,2,0,0,0,0,0,0,32,-18,54,1,0,6,2,2417,-18,0,0,20,fdi,FDI
1694818268,1294,62,0,0,0,0,0,60,0,0,2,12,17,3341733628,2,0,0,0,0,0,0,32,-16,51,1,0,6,2,2417,-16,0,0,20,fdi,FDI
1694818268,1297,62,0,0,0,0,0,60,0,0,2,12,1,2671372690,2,0,0,0,0,0,0,32,-16,45,1,0,6,2,2417,-16,0,0,20,fdi,FDI
1694818268,1308,62,0,0,0,0,0,60,0,0,2,12,1,2671372690,2,0,0,0,0,0,0,32,-16,63,1,0,6,2,2417,-16,0,0,20,fdi,FDI
1694818268,1310,116,0,0,0,0,0,44,0,328,2,8,1,1746237138,2,0,0,0,0,0,18,32,-18,100,1,0,54,2,2417,-18,0,0,20,fdi,FDI
1694818268,1318,62,0,0,0,0,0,60,0,0,2,12,1,2671372690,2,0,0,0,0,0,0,32,-14,57,1,0,6,2,2417,-14,0,0,20,fdi,FDI
1694818268,1320,62,0,0,0,0,0,60,0,0,2,12,17,3341733628,2,0,0,0,0,0,0,32,-12,60,1,0,6,2,2417,-12,0,0,20,fdi,FDI
1694818268,1323,62,0,0,0,0,0,60,0,0,2,12,1,2671372690,2,0,0,0,0,0,0,32,-12,45,1,0,6,2,2417,-12,0,0,20,fdi,FDI
1694818268,1332,62,0,0,0,0,0,60,0,0,2,12,1,2671372690,2,0,0,0,0,0,0,32,-12,45,1,0,6,2,2417,-12,0,0,20,fdi,FDI
1694818268,1340,62,0,0,0,0,0,60,0,0,2,12,1,2671372690,2,0,0,0,0,0,0,32,-12,54,1,0,6,2,2417,-12,0,0,20,fdi,FDI
1694818268,1342,62,0,0,0,0,0,60,0,0,2,12,1,2671372690,2,0,0,0,0,0,0,32,-12,45,1,0,6,2,2417,-12,0,0,20,fdi,FDI
1694818268,1346,116,0,0,0,0,0,44,0,329,2,8,1,865636997,2,0,0,0,0,0,18,32,-14,66,1,0,54,2,2417,-14,0,0,20,fdi,FDI
1694818269,1354,62,0,0,0,0,0,60,0,0,2,12,1,2671372690,2,0,0,0,0,0,0,32,-10,45,1,0,6,2,2417,-10,0,0,20,fdi,FDI
1694818269,1359,62,0,0,0,0,0,60,0,0,2,12,1,2671372690,2,0,0,0,0,0,0,32,-10,42,1,0,6,2,2417,-10,0,0,20,fdi,FDI
1694818269,1362,62,0,0,0,0,0,60,0,0,2,12,1,2671372690,2,0,0,0,0,0,0,32,-10,45,1,0,6,2,2417,-10,0,0,20,fdi,FDI
1694818269,1366,116,0,0,0,0,0,44,0,330,2,8,1,3019086652,2,0,0,0,0,0,18,32,-12,84,1,0,54,2,2417,-12,0,0,20,fdi,FDI
1694818269,1369,62,0,0,0,0,0,60,0,0,2,12,1,2671372690,2,0,0,0,0,0,0,32,-10,60,1,0,6,2,2417,-10,0,0,20,fdi,FDI
1694818269,1375,62,0,0,0,0,0,60,0,0,2,12,1,2671372690,2,0,0,0,0,0,0,32,-10,39,1,0,6,2,2417,-10,0,0,20,fdi,FDI
1694818269,1377,62,0,0,0,0,0,60,0,0,2,12,17,3341733628,2,0,0,0,0,0,0,32,-10,57,1,0,6,2,2417,-10,0,0,20,fdi,FDI
1694818269,1380,62,0,0,0,0,0,60,0,0,2,12,1,2671372690,2,0,0,0,0,0,0,32,-10,45,1,0,6,2,2417,-10,0,0,20,fdi,FDI
1694818269,1393,62,0,0,0,0,0,60,0,0,2,12,1,2671372690,2,0,0,0,0,0,0,32,-12,63,1,0,6,2,2417,-12,0,0,20,fdi,FDI
1694818269,1395,62,0,0,0,0,0,60,0,0,2,12,17,3341733628,2,0,0,0,0,0,0,32,-12,60,1,0,6,2,2417,-12,0,0,20,fdi,FDI
1694818269,1397,62,0,0,0,0,0,60,0,0,2,12,1,2671372690,2,0,0,0,0,0,0,32,-14,45,1,0,6,2,2417,-14,0,0,20,fdi,FDI
1694818269,1404,62,0,0,0,0,0,60,0,0,2,12,1,2671372690,2,0,0,0,0,0,0,32,-14,60,1,0,6,2,2417,-14,0,0,20,fdi,FDI
1694818269,1409,62,0,0,0,0,0,60,0,0,2,12,1,2671372690,2,0,0,0,0,0,0,32,-16,39,1,0,6,2,2417,-16,0,0,20,fdi,FDI
1694818269,1411,62,0,0,0,0,0,60,0,0,2,12,17,3341733628,2,0,0,0,0,0,0,32,-16,57,1,0,6,2,2417,-16,0,0,20,fdi,FDI
1694818269,1414,62,0,0,0,0,0,60,0,0,2,12,1,2671372690,2,0,0,0,0,0,0,32,-20,45,1,0,6,2,2417,-20,0,0,20,fdi,FDI
1694818269,1423,62,0,0,0,0,0,60,0,0,2,12,17,3341733628,2,0,0,0,0,0,0,32,-14,51,1,0,6,2,2417,-14,0,0,20,fdi,FDI
1694818269,1429,117,0,0,0,0,0,44,0,332,2,8,1,638110030,2,0,0,0,0,0,19,32,-16,93,1,0,54,2,2417,-16,0,0,20,fdi,FDI
1694818270,1434,62,0,0,0,0,0,60,0,0,2,12,1,2671372690,2,0,0,0,0,0,0,32,-18,42,1,0,6,2,2417,-18,0,0,20,fdi,FDI
1694818270,1440,62,0,0,0,0,0,60,0,0,2,12,1,2671372690,2,0,0,0,0,0,0,32,-14,69,1,0,6,2,2417,-14,0,0,20,fdi,FDI
1694818270,1442,62,0,0,0,0,0,60,0,0,2,12,17,3341733628,2,0,0,0,0,0,0,32,-12,48,1,0,6,2,2417,-12,0,0,20,fdi,FDI
1694818270,1447,62,0,0,0,0,0,60,0,0,2,12,1,2671372690,2,0,0,0,0,0,0,32,-14,45,1,0,6,2,2417,-14,0,0,20,fdi,FDI
1694818270,1464,62,0,0,0,0,0,60,0,0,2,12,1,2671372690,2,0,0,0,0,0,0,32,-14,54,1,0,6,2,2417,-14,0,0,20,fdi,FDI
1694818270,1471,62,0,0,0,0,0,60,0,0,2,12,17,3341733628,2,0,0,0,0,0,0,32,-12,48,1,0,6,2,2417,-12,0,0,20,fdi,FDI
1694818270,1473,62,0,0,0,0,0,60,0,0,2,12,1,2671372690,2,0,0,0,0,0,0,32,-12,45,1,0,6,2,2417,-12,0,0,20,fdi,FDI
1694818270,1475,117,0,0,0,0,0,44,0,333,2,8,1,3357987549,2,0,0,0,0,0,19,32,-14,78,1,0,54,2,2417,-14,0,0,20,fdi,FDI
1694818270,1476,117,0,0,0,0,0,44,0,333,2,8,9,689574517,2,0,0,0,0,0,19,32,-14,84,1,0,54,2,2417,-14,0,0,20,fdi,FDI
1694818270,1479,62,0,0,0,0,0,60,0,0,2,12,1,2671372690,2,0,0,0,0,0,0,32,-14,51,1,0,6,2,2417,-14,0,0,20,fdi,FDI
1694818270,1481,62,0,0,0,0,0,60,0,0,2,12,17,3341733628,2,0,0,0,0,0,0,32,-14,30,1,0,6,2,2417,-14,0,0,20,fdi,FDI
1694818270,1484,62,0,0,0,0,0,60,0,0,2,12,1,2671372690,2,0,0,0,0,0,0,32,-14,45,1,0,6,2,2417,-14,0,0,20,fdi,FDI
1694818270,1490,62,0,0,0,0,0,60,0,0,2,12,17,3341733628,2,0,0,0,0,0,0,32,-14,51,1,0,6,2,2417,-14,0,0,20,fdi,FDI
1694818270,1494,62,0,0,0,0,0,60,0,0,2,12,1,2671372690,2,0,0,0,0,0,0,32,-14,45,1,0,6,2,2417,-14,0,0,20,fdi,FDI
1694818270,1510,62,0,0,0,0,0,60,0,0,2,12,1,2671372690,2,0,0,0,0,0,0,32,-14,54,1,0,6,2,2417,-14,0,0,20,fdi,FDI
1694818270,1514,117,0,0,0,0,0,44,0,335,2,8,1,3704632144,2,0,0,0,0,0,19,32,-16,81,1,0,54,2,2417,-16,0,0,20,fdi,FDI
1694818270,1517,62,0,0,0,0,0,60,0,0,2,12,1,2671372690,2,0,0,0,0,0,0,32,-14,45,1,0,6,2,2417,-14,0,0,20,fdi,FDI
1694818270,1522,62,0,0,0,0,0,60,0,0,2,12,1,2671372690,2,0,0,0,0,0,0,32,-14,48,1,0,6,2,2417,-14,0,0,20,fdi,FDI
1694818270,1524,62,0,0,0,0,0,60,0,0,2,12,17,3341733628,2,0,0,0,0,0,0,32,-14,51,1,0,6,2,2417,-14,0,0,20,fdi,FDI
1694818270,1527,62,0,0,0,0,0,60,0,0,2,12,1,2671372690,2,0,0,0,0,0,0,32,-12,45,1,0,6,2,2417,-12,0,0,20,fdi,FDI
1694818271,1538,62,0,0,0,0,0,60,0,0,2,12,17,3341733628,2,0,0,0,0,0,0,32,-14,51,1,0,6,2,2417,-14,0,0,20,fdi,FDI
1694818271,1542,62,0,0,0,0,0,60,0,0,2,12,1,2671372690,2,0,0,0,0,0,0,32,-14,54,1,0,6,2,2417,-14,0,0,20,fdi,FDI
1694818271,1544,62,0,0,0,0,0,60,0,0,2,12,1,2671372690,2,0,0,0,0,0,0,32,-14,54,1,0,6,2,2417,-14,0,0,20,fdi,FDI
1694818271,1549,62,0,0,0,0,0,60,0,0,2,12,1,2671372690,2,0,0,0,0,0,0,32,-14,45,1,0,6,2,2417,-14,0,0,20,fdi,FDI
1694818271,1551,62,0,0,0,0,0,60,0,0,2,12,17,3341733628,2,0,0,0,0,0,0,32,-14,45,1,0,6,2,2417,-14,0,0,20,fdi,FDI
1694818271,1554,62,0,0,0,0,0,60,0,0,2,12,1,2671372690,2,0,0,0,0,0,0,32,-14,45,1,0,6,2,2417,-14,0,0,20,fdi,FDI
1694818271,1565,62,0,0,0,0,0,60,0,0,2,12,1,2671372690,2,0,0,0,0,0,0,32,-14,63,1,0,6,2,2417,-14,0,0,20,fdi,FDI
1694818271,1569,117,0,0,0,0,0,44,0,336,2,8,1,1367368660,2,0,0,0,0,0,19,32,-14,96,1,0,54,2,2417,-14,0,0,20,fdi,FDI
1694818271,1572,62,0,0,0,0,0,60,0,0,2,12,1,2671372690,2,0,0,0,0,0,0,32,-14,42,1,0,6,2,2417,-14,0,0,20,fdi,FDI
1694818271,1579,62,0,0,0,0,0,60,0,0,2,12,1,2671372690,2,0,0,0,0,0,0,32,-14,60,1,0,6,2,2417,-14,0,0,20,fdi,FDI
1694818271,1585,62,0,0,0,0,0,60,0,0,2,12,17,3341733628,2,0,0,0,0,0,0,32,-14,63,1,0,6,2,2417,-14,0,0,20,fdi,FDI
1694818271,1588,62,0,0,0,0,0,60,0,0,2,12,1,2671372690,2,0,0,0,0,0,0,32,-14,45,1,0,6,2,2417,-14,0,0,20,fdi,FDI
1694818271,1589,62,0,0,0,0,0,60,0,0,2,12,1,2671372690,2,0,0,0,0,0,0,32,-14,42,1,0,6,2,2417,-14,0,0,20,fdi,FDI
1694818271,1599,62,0,0,0,0,0,60,0,0,2,12,17,3341733628,2,0,0,0,0,0,0,32,-14,60,1,0,6,2,2417,-14,0,0,20,fdi,FDI
1694818271,1601,62,0,0,0,0,0,60,0,0,2,12,1,2671372690,2,0,0,0,0,0,0,32,-14,45,1,0,6,2,2417,-14,0,0,20,fdi,FDI
1694818271,1605,117,0,0,0,0,0,44,0,338,2,8,1,276020588,2,0,0,0,0,0,19,32,-16,81,1,0,54,2,2417,-16,0,0,20,fdi,FDI
1694818271,1608,62,0,0,0,0,0,60,0,0,2,12,1,2671372690,2,0,0,0,0,0,0,32,-14,60,1,0,6,2,2417,-14,0,0,20,fdi,FDI
1694818271,1619,62,0,0,0,0,0,60,0,0,2,12,1,2671372690,2,0,0,0,0,0,0,32,-14,39,1,0,6,2,2417,-14,0,0,20,fdi,FDI
1694818272,1624,62,0,0,0,0,0,60,0,0,2,12,1,2671372690,2,0,0,0,0,0,0,32,-14,63,1,0,6,2,2417,-14,0,0,20,fdi,FDI
1694818272,1630,62,0,0,0,0,0,60,0,0,2,12,1,2671372690,2,0,0,0,0,0,0,32,-14,45,1,0,6,2,2417,-14,0,0,20,fdi,FDI
1694818272,1639,62,0,0,0,0,0,60,0,0,2,12,1,2671372690,2,0,0,0,0,0,0,32,-14,45,1,0,6,2,2417,-14,0,0,20,fdi,FDI
1694818272,1641,62,0,0,0,0,0,60,0,0,2,12,1,2671372690,2,0,0,0,0,0,0,32,-14,45,1,0,6,2,2417,-14,0,0,20,fdi,FDI
1694818272,1645,117,0,0,0,0,0,44,0,339,2,8,1,2932881753,2,0,0,0,0,0,19,32,-16,72,1,0,54,2,2417,-16,0,0,20,fdi,FDI
1694818272,1649,62,0,0,0,0,0,60,0,0,2,12,1,2671372690,2,0,0,0,0,0,0,32,-14,54,1,0,6,2,2417,-14,0,0,20,fdi,FDI
1694818272,1656,62,0,0,0,0,0,60,0,0,2,12,1,2671372690,2,0,0,0,0,0,0,32,-14,60,1,0,6,2,2417,-14,0,0,20,fdi,FDI
1694818272,1663,62,0,0,0,0,0,60,0,0,2,12,1,2671372690,2,0,0,0,0,0,0,32,-14,45,1,0,6,2,2417,-14,0,0,20,fdi,FDI
1694818272,1665,62,0,0,0,0,0,60,0,0,2,12,17,3341733628,2,0,0,0,0,0,0,32,-14,60,1,0,6,2,2417,-14,0,0,20,fdi,FDI
1694818272,1667,62,0,0,0,0,0,60,0,0,2,12,1,2671372690,2,0,0,0,0,0,0,32,-16,45,1,0,6,2,2417,-16,0,0,20,fdi,FDI
1694818272,1669,117,0,0,0,0,0,44,0,341,2,8,1,2681577664,2,0,0,0,0,0,19,32,-16,84,1,0,54,2,2417,-16,0,0,20,fdi,FDI
1694818272,1674,62,0,0,0,0,0,60,0,0,2,12,1,2671372690,2,0,0,0,0,0,0,32,-14,60,1,0,6,2,2417,-14,0,0,20,fdi,FDI
1694818272,1681,62,0,0,0,0,0,60,0,0,2,12,1,2671372690,2,0,0,0,0,0,0,32,-14,45,1,0,6,2,2417,-14,0,0,20,fdi,FDI
1694818272,1687,62,0,0,0,0,0,60,0,0,2,12,1,2671372690,2,0,0,0,0,0,0,32,-16,42,1,0,6,2,2417,-16,0,0,20,fdi,FDI
1694818272,1691,62,0,0,0,0,0,60,0,0,2,12,17,3341733628,2,0,0,0,0,0,0,32,-16,45,1,0,6,2,2417,-16,0,0,20,fdi,FDI
1694818272,1694,62,0,0,0,0,0,60,0,0,2,12,1,2671372690,2,0,0,0,0,0,0,32,-16,57,1,0,6,2,2417,-16,0,0,20,fdi,FDI
1694818272,1699,62,0,0,0,0,0,60,0,0,2,12,1,2671372690,2,0,0,0,0,0,0,32,-14,51,1,0,6,2,2417,-14,0,0,20,fdi,FDI
1694818272,1703,117,0,0,0,0,0,44,0,342,2,8,1,144678538,2,0,0,0,0,0,19,32,-18,90,1,0,54,2,2417,-18,0,0,20,fdi,FDI
1694818272,1706,62,0,0,0,0,0,60,0,0,2,12,1,2671372690,2,0,0,0,0,0,0,32,-16,45,1,0,6,2,2417,-16,0,0,20,fdi,FDI
1694818273,1727,62,0,0,0,0,0,60,0,0,2,12,1,2671372690,2,0,0,0,0,0,0,32,-16,51,1,0,6,2,2417,-16,0,0,20,fdi,FDI
1694818273,1737,62,0,0,0,0,0,60,0,0,2,12,17,3341733628,2,0,0,0,0,0,0,32,-16,39,1,0,6,2,2417,-16,0,0,20,fdi,FDI
1694818273,1742,62,0,0,0,0,0,60,0,0,2,12,1,2671372690,2,0,0,0,0,0,0,32,-16,45,1,0,6,2,2417,-16,0,0,20,fdi,FDI
1694818273,1754,62,0,0,0,0,0,60,0,0,2,12,1,2671372690,2,0,0,0,0,0,0,32,-16,45,1,0,6,2,2417,-16,0,0,20,fdi,FDI
1694818273,1756,62,0,0,0,0,0,60,0,0,2,12,17,3341733628,2,0,0,0,0,0,0,32,-16,60,1,0,6,2,2417,-16,0,0,20,fdi,FDI
1694818273,1758,62,0,0,0,0,0,60,0,0,2,12,1,2671372690,2,0,0,0,0,0,0,32,-16,45,1,0,6,2,2417,-16,0,0,20,fdi,FDI
1694818273,1762,117,0,0,0,0,0,44,0,343,2,8,1,2421302542,2,0,0,0,0,0,19,32,-18,75,1,0,54,2,2417,-18,0,0,20,fdi,FDI
1694818273,1770,62,0,0,0,0,0,60,0,0,2,12,1,2671372690,2,0,0,0,0,0,0,32,-16,45,1,0,6,2,2417,-16,0,0,20,fdi,FDI
1694818273,1775,62,0,0,0,0,0,60,0,0,2,12,1,2671372690,2,0,0,0,0,0,0,32,-16,45,1,0,6,2,2417,-16,0,0,20,fdi,FDI
1694818273,1782,62,0,0,0,0,0,60,0,0,2,12,1,2671372690,2,0,0,0,0,0,0,32,-16,54,1,0,6,2,2417,-16,0,0,20,fdi,FDI
1694818273,1784,62,0,0,0,0,0,60,0,0,2,12,17,3341733628,2,0,0,0,0,0,0,32,-16,51,1,0,6,2,2417,-16,0,0,20,fdi,FDI
1694818273,1787,62,0,0,0,0,0,60,0,0,2,12,1,2671372690,2,0,0,0,0,0,0,32,-16,45,1,0,6,2,2417,-16,0,0,20,fdi,FDI
1694818273,1789,62,0,0,0,0,0,60,0,0,2,12,1,2671372690,2,0,0,0,0,0,0,32,-12,42,1,0,6,2,2417,-12,0,0,20,fdi,FDI
1694818273,1797,62,0,0,0,0,0,60,0,0,2,12,1,2671372690,2,0,0,0,0,0,0,32,-18,63,1,0,6,2,2417,-18,0,0,20,fdi,FDI
1694818274,1799,62,0,0,0,0,0,60,0,0,2,12,17,3341733628,2,0,0,0,0,0,0,32,-18,60,1,0,6,2,2417,-18,0,0,20,fdi,FDI
1694818274,1802,62,0,0,0,0,0,60,0,0,2,12,1,2671372690,2,0,0,0,0,0,0,32,-18,45,1,0,6,2,2417,-18,0,0,20,fdi,FDI
1694818274,1807,62,0,0,0,0,0,60,0,0,2,12,1,2671372690,2,0,0,0,0,0,0,32,-16,57,1,0,6,2,2417,-16,0,0,20,fdi,FDI
1694818274,1809,62,0,0,0,0,0,60,0,0,2,12,17,3341733628,2,0,0,0,0,0,0,32,-16,51,1,0,6,2,2417,-16,0,0,20,fdi,FDI
1694818274,1812,62,0,0,0,0,0,60,0,0,2,12,1,2671372690,2,0,0,0,0,0,0,32,-14,45,1,0,6,2,2417,-14,0,0,20,fdi,FDI
1694818274,1825,62,0,0,0,0,0,60,0,0,2,12,1,2671372690,2,0,0,0,0,0,0,32,-12,54,1,0,6,2,2417,-12,0,0,20,fdi,FDI
1694818274,1829,117,0,0,0,0,0,44,0,345,2,8,1,1875087605,2,0,0,0,0,0,19,32,-14,75,1,0,54,2,2417,-14,0,0,20,fdi,FDI
1694818274,1834,62,0,0,0,0,0,60,0,0,2,12,1,2671372690,2,0,0,0,0,0,0,32,-12,69,1,0,6,2,2417,-12,0,0,20,fdi,FDI
1694818274,1836,62,0,0,0,0,0,60,0,0,2,12,17,3341733628,2,0,0,0,0,0,0,32,-12,51,1,0,6,2,2417,-12,0,0,20,fdi,FDI
1694818274,1839,62,0,0,0,0,0,60,0,0,2,12,1,2671372690,2,0,0,0,0,0,0,32,-14,45,1,0,6,2,2417,-14,0,0,20,fdi,FDI
1694818274,1850,62,0,0,0,0,0,60,0,0,2,12,1,2671372690,2,0,0,0,0,0,0,32,-14,45,1,0,6,2,2417,-14,0,0,20,fdi,FDI
1694818274,1852,117,0,0,0,0,0,44,0,346,2,8,1,1157177888,2,0,0,0,0,0,19,32,-16,72,1,0,54,2,2417,-16,0,0,20,fdi,FDI
1694818274,1857,62,0,0,0,0,0,60,0,0,2,12,1,2671372690,2,0,0,0,0,0,0,32,-14,60,1,0,6,2,2417,-14,0,0,20,fdi,FDI
1694818274,1860,62,0,0,0,0,0,60,0,0,2,12,17,3341733628,2,0,0,0,0,0,0,32,-14,45,1,0,6,2,2417,-14,0,0,20,fdi,FDI
1694818274,1862,62,0,0,0,0,0,60,0,0,2,12,1,2671372690,2,0,0,0,0,0,0,32,-14,45,1,0,6,2,2417,-14,0,0,20,fdi,FDI
1694818274,1867,62,0,0,0,0,0,60,0,0,2,12,1,2671372690,2,0,0,0,0,0,0,32,-14,57,1,0,6,2,2417,-14,0,0,20,fdi,FDI
1694818275,1869,62,0,0,0,0,0,60,0,0,2,12,17,3341733628,2,0,0,0,0,0,0,32,-14,51,1,0,6,2,2417,-14,0,0,20,fdi,FDI
1694818275,1872,62,0,0,0,0,0,60,0,0,2,12,1,2671372690,2,0,0,0,0,0,0,32,-18,45,1,0,6,2,2417,-18,0,0,20,fdi,FDI
1694818275,1879,62,0,0,0,0,0,60,0,0,2,12,1,2671372690,2,0,0,0,0,0,0,32,-16,54,1,0,6,2,2417,-16,0,0,20,fdi,FDI
1694818275,1881,62,0,0,0,0,0,60,0,0,2,12,17,3341733628,2,0,0,0,0,0,0,32,-16,54,1,0,6,2,2417,-16,0,0,20,fdi,FDI
1694818275,1884,62,0,0,0,0,0,60,0,0,2,12,1,2671372690,2,0,0,0,0,0,0,32,-14,45,1,0,6,2,2417,-14,0,0,20,fdi,FDI
1694818275,1893,62,0,0,0,0,0,60,0,0,2,12,1,2671372690,2,0,0,0,0,0,0,32,-14,45,1,0,6,2,2417,-14,0,0,20,fdi,FDI
1694818275,1897,117,0,0,0,0,0,44,0,347,2,8,1,4227233778,2,0,0,0,0,0,19,32,-16,84,1,0,54,2,2417,-16,0,0,20,fdi,FDI
1694818275,1902,62,0,0,0,0,0,60,0,0,2,12,1,2671372690,2,0,0,0,0,0,0,32,-14,42,1,0,6,2,2417,-14,0,0,20,fdi,FDI
1694818275,1905,62,0,0,0,0,0,60,0,0,2,12,17,3341733628,2,0,0,0,0,0,0,32,-14,42,1,0,6,2,2417,-14,0,0,20,fdi,FDI
1694818275,1909,62,0,0,0,0,0,60,0,0,2,12,1,2671372690,2,0,0,0,0,0,0,32,-14,45,1,0,6,2,2417,-14,0,0,20,fdi,FDI
1694818275,1918,62,0,0,0,0,0,60,0,0,2,12,1,2671372690,2,0,0,0,0,0,0,32,-18,54,1,0,6,2,2417,-18,0,0,20,fdi,FDI
1694818275,1920,62,0,0,0,0,0,60,0,0,2,12,17,3341733628,2,0,0,0,0,0,0,32,-16,54,1,0,6,2,2417,-16,0,0,20,fdi,FDI
1694818275,1923,62,0,0,0,0,0,60,0,0,2,12,1,2671372690,2,0,0,0,0,0,0,32,-16,45,1,0,6,2,2417,-16,0,0,20,fdi,FDI
1694818275,1932,62,0,0,0,0,0,60,0,0,2,12,1,2671372690,2,0,0,0,0,0,0,32,-16,45,1,0,6,2,2417,-16,0,0,20,fdi,FDI
1694818275,1934,62,0,0,0,0,0,60,0,0,2,12,17,3341733628,2,0,0,0,0,0,0,32,-16,60,1,0,6,2,2417,-16,0,0,20,fdi,FDI
1694818275,1937,62,0,0,0,0,0,60,0,0,2,12,1,2671372690,2,0,0,0,0,0,0,32,-16,45,1,0,6,2,2417,-16,0,0,20,fdi,FDI
1694818275,1941,117,0,0,0,0,0,44,0,348,2,8,1,7758246,2,0,0,0,0,0,19,32,-16,60,1,0,54,2,2417,-16,0,0,20,fdi,FDI
1694818275,1944,62,0,0,0,0,0,60,0,0,2,12,1,2671372690,2,0,0,0,0,0,0,32,-16,60,1,0,6,2,2417,-16,0,0,20,fdi,FDI
1694818275,1946,62,0,0,0,0,0,60,0,0,2,12,1,2671372690,2,0,0,0,0,0,0,32,-12,54,1,0,6,2,2417,-12,0,0,20,fdi,FDI
1694818276,1952,62,0,0,0,0,0,60,0,0,2,12,1,2671372690,2,0,0,0,0,0,0,32,-14,45,1,0,6,2,2417,-14,0,0,20,fdi,FDI
1694818276,1956,62,0,0,0,0,0,60,0,0,2,12,17,3341733628,2,0,0,0,0,0,0,32,-14,51,1,0,6,2,2417,-14,0,0,20,fdi,FDI
1694818276,1958,62,0,0,0,0,0,60,0,0,2,12,1,2671372690,2,0,0,0,0,0,0,32,-14,48,1,0,6,2,2417,-14,0,0,20,fdi,FDI
1694818276,1961,62,0,0,0,0,0,60,0,0,2,12,1,2671372690,2,0,0,0,0,0,0,32,-14,66,1,0,6,2,2417,-14,0,0,20,fdi,FDI
1694818276,1963,62,0,0,0,0,0,60,0,0,2,12,17,3341733628,2,0,0,0,0,0,0,32,-14,51,1,0,6,2,2417,-14,0,0,20,fdi,FDI
1694818276,1966,62,0,0,0,0,0,60,0,0,2,12,1,2671372690,2,0,0,0,0,0,0,32,-14,45,1,0,6,2,2417,-14,0,0,20,fdi,FDI
1694818276,1974,62,0,0,0,0,0,60,0,0,2,12,1,2671372690,2,0,0,0,0,0,0,32,-16,63,1,0,6,2,2417,-16,0,0,20,fdi,FDI
1694818276,1980,117,0,0,0,0,0,44,0,349,2,8,1,3163369801,2,0,0,0,0,0,19,32,-16,84,1,0,54,2,2417,-16,0,0,20,fdi,FDI
1694818276,1983,62,0,0,0,0,0,60,0,0,2,12,1,2671372690,2,0,0,0,0,0,0,32,-16,48,1,0,6,2,2417,-16,0,0,20,fdi,FDI
1694818276,1986,62,0,0,0,0,0,60,0,0,2,12,1,2671372690,2,0,0,0,0,0,0,32,-16,57,1,0,6,2,2417,-16,0,0,20,fdi,FDI
1694818276,1993,62,0,0,0,0,0,60,0,0,2,12,17,3341733628,2,0,0,0,0,0,0,32,-14,54,1,0,6,2,2417,-14,0,0,20,fdi,FDI
1694818276,1995,62,0,0,0,0,0,60,0,0,2,12,1,2671372690,2,0,0,0,0,0,0,32,-14,45,1,0,6,2,2417,-14,0,0,20,fdi,FDI
1694818276,1999,117,0,0,0,0,0,44,0,350,2,8,1,2348936952,2,0,0,0,0,0,19,32,-16,75,1,0,54,2,2417,-16,0,0,20,fdi,FDI
1694818276,2002,62,0,0,0,0,0,60,0,0,2,12,1,2671372690,2,0,0,0,0,0,0,32,-14,60,1,0,6,2,2417,-14,0,0,20,fdi,FDI
1694818276,2011,62,0,0,0,0,0,60,0,0,2,12,1,2671372690,2,0,0,0,0,0,0,32,-14,39,1,0,6,2,2417,-14,0,0,20,fdi,FDI
1694818276,2013,62,0,0,0,0,0,60,0,0,2,12,17,3341733628,2,0,0,0,0,0,0,32,-14,57,1,0,6,2,2417,-14,0,0,20,fdi,FDI
1694818276,2014,62,0,0,0,0,0,60,0,0,2,12,17,3341733628,2,0,0,0,0,0,0,32,-14,57,1,0,6,2,2417,-14,0,0,20,fdi,FDI
1694818276,2020,62,0,0,0,0,0,60,0,0,2,12,1,2671372690,2,0,0,0,0,0,0,32,-14,57,1,0,6,2,2417,-14,0,0,20,fdi,FDI
1694818276,2025,62,0,0,0,0,0,60,0,0,2,12,1,2671372690,2,0,0,0,0,0,0,32,-14,51,1,0,6,2,2417,-14,0,0,20,fdi,FDI
1694818277,2027,62,0,0,0,0,0,60,0,0,2,12,17,3341733628,2,0,0,0,0,0,0,32,-14,60,1,0,6,2,2417,-14,0,0,20,fdi,FDI
1694818277,2030,62,0,0,0,0,0,60,0,0,2,12,1,2671372690,2,0,0,0,0,0,0,32,-14,45,1,0,6,2,2417,-14,0,0,20,fdi,FDI
1694818277,2032,117,0,0,0,0,0,44,0,351,2,8,1,2052227956,2,0,0,0,0,0,19,32,-16,81,1,0,54,2,2417,-16,0,0,20,fdi,FDI
1694818277,2037,62,0,0,0,0,0,60,0,0,2,12,1,2671372690,2,0,0,0,0,0,0,32,-14,54,1,0,6,2,2417,-14,0,0,20,fdi,FDI
1694818277,2042,62,0,0,0,0,0,60,0,0,2,12,1,2671372690,2,0,0,0,0,0,0,32,-16,60,1,0,6,2,2417,-16,0,0,20,fdi,FDI
1694818277,2044,62,0,0,0,0,0,60,0,0,2,12,17,3341733628,2,0,0,0,0,0,0,32,-16,51,1,0,6,2,2417,-16,0,0,20,fdi,FDI
1694818277,2047,62,0,0,0,0,0,60,0,0,2,12,1,2671372690,2,0,0,0,0,0,0,32,-16,45,1,0,6,2,2417,-16,0,0,20,fdi,FDI
1694818277,2053,117,0,0,0,0,0,44,0,352,2,8,1,1428218777,2,0,0,0,0,0,19,32,-18,84,1,0,54,2,2417,-18,0,0,20,fdi,FDI
1694818277,2058,62,0,0,0,0,0,60,0,0,2,12,1,2671372690,2,0,0,0,0,0,0,32,-18,39,1,0,6,2,2417,-18,0,0,20,fdi,FDI
1694818277,2060,62,0,0,0,0,0,60,0,0,2,12,17,3341733628,2,0,0,0,0,0,0,32,-16,57,1,0,6,2,2417,-16,0,0,20,fdi,FDI
1694818277,2063,62,0,0,0,0,0,60,0,0,2,12,1,2671372690,2,0,0,0,0,0,0,32,-16,45,1,0,6,2,2417,-16,0,0,20,fdi,FDI
1694818277,2070,117,0,0,0,0,0,44,0,353,2,8,1,2552622589,2,0,0,0,0,0,19,32,-18,81,1,0,54,2,2417,-18,0,0,20,fdi,FDI
1694818277,2075,62,0,0,0,0,0,60,0,0,2,12,1,2671372690,2,0,0,0,0,0,0,32,-16,63,1,0,6,2,2417,-16,0,0,20,fdi,FDI
1694818277,2077,62,0,0,0,0,0,60,0,0,2,12,17,3341733628,2,0,0,0,0,0,0,32,-14,51,1,0,6,2,2417,-14,0,0,20,fdi,FDI
1694818277,2080,62,0,0,0,0,0,60,0,0,2,12,1,2671372690,2,0,0,0,0,0,0,32,-14,48,1,0,6,2,2417,-14,0,0,20,fdi,FDI
1694818278,2089,62,0,0,0,0,0,60,0,0,2,12,1,2671372690,2,0,0,0,0,0,0,32,-14,45,1,0,6,2,2417,-14,0,0,20,fdi,FDI
1694818278,2091,117,0,0,0,0,0,44,0,354,2,8,1,4270866567,2,0,0,0,0,0,19,32,-16,75,1,0,54,2,2417,-16,0,0,20,fdi,FDI
1694818278,2096,62,0,0,0,0,0,60,0,0,2,12,1,2671372690,2,0,0,0,0,0,0,32,-12,60,1,0,6,2,2417,-12,0,0,20,fdi,FDI
1694818278,2098,62,0,0,0,0,0,60,0,0,2,12,17,3341733628,2,0,0,0,0,0,0,32,-12,51,1,0,6,2,2417,-12,0,0,20,fdi,FDI
1694818278,2101,62,0,0,0,0,0,60,0,0,2,12,1,2671372690,2,0,0,0,0,0,0,32,-14,39,1,0,6,2,2417,-14,0,0,20,fdi,FDI
1694818278,2112,62,0,0,0,0,0,60,0,0,2,12,1,2671372690,2,0,0,0,0,0,0,32,-16,63,1,0,6,2,2417,-16,0,0,20,fdi,FDI
1694818278,2114,62,0,0,0,0,0,60,0,0,2,12,17,3341733628,2,0,0,0,0,0,0,32,-16,60,1,0,6,2,2417,-16,0,0,20,fdi,FDI
1694818278,2116,62,0,0,0,0,0,60,0,0,2,12,1,2671372690,2,0,0,0,0,0,0,32,-16,42,1,0,6,2,2417,-16,0,0,20,fdi,FDI
1694818278,2123,62,0,0,0,0,0,60,0,0,2,12,1,2671372690,2,0,0,0,0,0,0,32,-16,54,1,0,6,2,2417,-16,0,0,20,fdi,FDI
1694818278,2131,62,0,0,0,0,0,60,0,0,2,12,1,2671372690,2,0,0,0,0,0,0,32,-14,48,1,0,6,2,2417,-14,0,0,20,fdi,FDI
1694818278,2133,62,0,0,0,0,0,60,0,0,2,12,17,3341733628,2,0,0,0,0,0,0,32,-14,51,1,0,6,2,2417,-14,0,0,20,fdi,FDI
1694818278,2135,62,0,0,0,0,0,60,0,0,2,12,1,2671372690,2,0,0,0,0,0,0,32,-14,45,1,0,6,2,2417,-14,0,0,20,fdi,FDI
1694818278,2139,117,0,0,0,0,0,44,0,356,2,8,1,1794088398,2,0,0,0,0,0,19,32,-16,69,1,0,54,2,2417,-16,0,0,20,fdi,FDI
1694818278,2142,62,0,0,0,0,0,60,0,0,2,12,1,2671372690,2,0,0,0,0,0,0,32,-14,60,1,0,6,2,2417,-14,0,0,20,fdi,FDI
1694818278,2149,62,0,0,0,0,0,60,0,0,2,12,1,2671372690,2,0,0,0,0,0,0,32,-14,45,1,0,6,2,2417,-14,0,0,20,fdi,FDI
1694818278,2154,62,0,0,0,0,0,60,0,0,2,12,1,2671372690,2,0,0,0,0,0,0,32,-12,42,1,0,6,2,2417,-12,0,0,20,fdi,FDI
1694818278,2156,62,0,0,0,0,0,60,0,0,2,12,17,3341733628,2,0,0,0,0,0,0,32,-12,42,1,0,6,2,2417,-12,0,0,20,fdi,FDI
1694818278,2158,62,0,0,0,0,0,60,0,0,2,12,1,2671372690,2,0,0,0,0,0,0,32,-12,45,1,0,6,2,2417,-12,0,0,20,fdi,FDI
1694818278,2161,117,0,0,0,0,0,44,0,357,2,8,1,3259980889,2,0,0,0,0,0,19,32,-14,81,1,0,54,2,2417,-14,0,0,20,fdi,FDI
1694818279,2164,62,0,0,0,0,0,60,0,0,2,12,1,2671372690,2,0,0,0,0,0,0,32,-12,60,1,0,6,2,2417,-12,0,0,20,fdi,FDI
1694818279,2169,62,0,0,0,0,0,60,0,0,2,12,1,2671372690,2,0,0,0,0,0,0,32,-12,39,1,0,6,2,2417,-12,0,0,20,fdi,FDI
1694818279,2171,62,0,0,0,0,0,60,0,0,2,12,17,3341733628,2,0,0,0,0,0,0,32,-12,57,1,0,6,2,2417,-12,0,0,20,fdi,FDI
1694818279,2174,62,0,0,0,0,0,60,0,0,2,12,1,2671372690,2,0,0,0,0,0,0,32,-12,45,1,0,6,2,2417,-12,0,0,20,fdi,FDI
1694818279,2180,62,0,0,0,0,0,60,0,0,2,12,1,2671372690,2,0,0,0,0,0,0,32,-14,54,1,0,6,2,2417,-14,0,0,20,fdi,FDI
1694818279,2185,62,0,0,0,0,0,60,0,0,2,12,1,2671372690,2,0,0,0,0,0,0,32,-14,63,1,0,6,2,2417,-14,0,0,20,fdi,FDI
1694818279,2187,62,0,0,0,0,0,60,0,0,2,12,17,3341733628,2,0,0,0,0,0,0,32,-14,60,1,0,6,2,2417,-14,0,0,20,fdi,FDI
1694818279,2189,62,0,0,0,0,0,60,0,0,2,12,1,2671372690,2,0,0,0,0,0,0,32,-14,45,1,0,6,2,2417,-14,0,0,20,fdi,FDI
1694818279,2193,117,0,0,0,0,0,44,0,358,2,8,1,3662526074,2,0,0,0,0,0,19,32,-14,87,1,0,54,2,2417,-14,0,0,20,fdi,FDI
1694818279,2198,62,0,0,0,0,0,60,0,0,2,12,1,2671372690,2,0,0,0,0,0,0,32,-14,54,1,0,6,2,2417,-14,0,0,20,fdi,FDI
1694818279,2203,62,0,0,0,0,0,60,0,0,2,12,1,2671372690,2,0,0,0,0,0,0,32,-12,45,1,0,6,2,2417,-12,0,0,20,fdi,FDI
1694818279,2205,62,0,0,0,0,0,60,0,0,2,12,17,3341733628,2,0,0,0,0,0,0,32,-12,57,1,0,6,2,2417,-12,0,0,20,fdi,FDI
1694818279,2208,62,0,0,0,0,0,60,0,0,2,12,1,2671372690,2,0,0,0,0,0,0,32,-12,45,1,0,6,2,2417,-12,0,0,20,fdi,FDI
1694818279,2214,62,0,0,0,0,0,60,0,0,2,12,1,2671372690,2,0,0,0,0,0,0,32,-14,54,1,0,6,2,2417,-14,0,0,20,fdi,FDI
1694818279,2218,62,0,0,0,0,0,60,0,0,2,12,1,2671372690,2,0,0,0,0,0,0,32,-12,45,1,0,6,2,2417,-12,0,0,20,fdi,FDI
1694818279,2225,62,0,0,0,0,0,60,0,0,2,12,1,2671372690,2,0,0,0,0,0,0,32,-14,54,1,0,6,2,2417,-14,0,0,20,fdi,FDI
1694818279,2227,62,0,0,0,0,0,60,0,0,2,12,17,3341733628,2,0,0,0,0,0,0,32,-14,54,1,0,6,2,2417,-14,0,0,20,fdi,FDI
1694818280,2230,62,0,0,0,0,0,60,0,0,2,12,1,2671372690,2,0,0,0,0,0,0,32,-14,45,1,0,6,2,2417,-14,0,0,20,fdi,FDI
1694818280,2239,62,0,0,0,0,0,60,0,0,2,12,1,2671372690,2,0,0,0,0,0,0,32,-14,45,1,0,6,2,2417,-14,0,0,20,fdi,FDI
1694818280,2241,62,0,0,0,0,0,60,0,0,2,12,17,3341733628,2,0,0,0,0,0,0,32,-14,60,1,0,6,2,2417,-14,0,0,20,fdi,FDI
1694818280,2245,117,0,0,0,0,0,44,0,359,2,8,1,3671799153,2,0,0,0,0,0,19,32,-16,87,1,0,54,2,2417,-16,0,0,20,fdi,FDI
1694818280,2250,62,0,0,0,0,0,60,0,0,2,12,1,2671372690,2,0,0,0,0,0,0,32,-14,54,1,0,6,2,2417,-14,0,0,20,fdi,FDI
1694818280,2256,62,0,0,0,0,0,60,0,0,2,12,1,2671372690,2,0,0,0,0,0,0,32,-14,45,1,0,6,2,2417,-14,0,0,20,fdi,FDI
1694818280,2258,62,0,0,0,0,0,60,0,0,2,12,17,3341733628,2,0,0,0,0,0,0,32,-14,57,1,0,6,2,2417,-14,0,0,20,fdi,FDI
1694818280,2272,62,0,0,0,0,0,60,0,0,2,12,1,2671372690,2,0,0,0,0,0,0,32,-10,60,1,0,6,2,2417,-10,0,0,20,fdi,FDI
1694818280,2274,62,0,0,0,0,0,60,0,0,2,12,17,3341733628,2,0,0,0,0,0,0,32,-10,57,1,0,6,2,2417,-10,0,0,20,fdi,FDI
1694818280,2276,62,0,0,0,0,0,60,0,0,2,12,1,2671372690,2,0,0,0,0,0,0,32,-12,45,1,0,6,2,2417,-12,0,0,20,fdi,FDI
1694818280,2280,117,0,0,0,0,0,44,0,360,2,8,1,1123567203,2,0,0,0,0,0,19,32,-14,72,1,0,54,2,2417,-14,0,0,20,fdi,FDI
1694818280,2283,62,0,0,0,0,0,60,0,0,2,12,1,2671372690,2,0,0,0,0,0,0,32,-10,60,1,0,6,2,2417,-10,0,0,20,fdi,FDI
1694818280,2289,62,0,0,0,0,0,60,0,0,2,12,17,3341733628,2,0,0,0,0,0,0,32,-14,57,1,0,6,2,2417,-14,0,0,20,fdi,FDI
1694818280,2292,62,0,0,0,0,0,60,0,0,2,12,1,2671372690,2,0,0,0,0,0,0,32,-14,45,1,0,6,2,2417,-14,0,0,20,fdi,FDI
1694818280,2301,62,0,0,0,0,0,60,0,0,2,12,1,2671372690,2,0,0,0,0,0,0,32,-16,45,1,0,6,2,2417,-16,0,0,20,fdi,FDI
1694818281,2303,62,0,0,0,0,0,60,0,0,2,12,1,2671372690,2,0,0,0,0,0,0,32,-16,45,1,0,6,2,2417,-16,0,0,20,fdi,FDI
1694818281,2307,117,0,0,0,0,0,44,0,361,2,8,1,2835914772,2,0,0,0,0,0,19,32,-18,81,1,0,54,2,2417,-18,0,0,20,fdi,FDI
1694818281,2310,62,0,0,0,0,0,60,0,0,2,12,1,2671372690,2,0,0,0,0,0,0,32,-16,60,1,0,6,2,2417,-16,0,0,20,fdi,FDI
1694818281,2316,62,0,0,0,0,0,60,0,0,2,12,1,2671372690,2,0,0,0,0,0,0,32,-18,39,1,0,6,2,2417,-18,0,0,20,fdi,FDI
1694818281,2332,62,0,0,0,0,0,60,0,0,2,12,1,2671372690,2,0,0,0,0,0,0,32,-16,60,1,0,6,2,2417,-16,0,0,20,fdi,FDI
1694818281,2334,62,0,0,0,0,0,60,0,0,2,12,17,3341733628,2,0,0,0,0,0,0,32,-14,60,1,0,6,2,2417,-14,0,0,20,fdi,FDI
1694818281,2336,62,0,0,0,0,0,60,0,0,2,12,1,2671372690,2,0,0,0,0,0,0,32,-14,45,1,0,6,2,2417,-14,0,0,20,fdi,FDI
1694818281,2339,117,0,0,0,0,0,44,0,362,2,8,1,2479734792,2,0,0,0,0,0,19,32,-16,81,1,0,54,2,2417,-16,0,0,20,fdi,FDI
1694818281,2346,62,0,0,0,0,0,60,0,0,2,12,1,2671372690,2,0,0,0,0,0,0,32,-14,54,1,0,6,2,2417,-14,0,0,20,fdi,FDI
1694818281,2351,62,0,0,0,0,0,60,0,0,2,12,1,2671372690,2,0,0,0,0,0,0,32,-14,45,1,0,6,2,2417,-14,0,0,20,fdi,FDI
1694818281,2353,62,0,0,0,0,0,60,0,0,2,12,17,3341733628,2,0,0,0,0,0,0,32,-14,57,1,0,6,2,2417,-14,0,0,20,fdi,FDI
1694818281,2356,62,0,0,0,0,0,60,0,0,2,12,1,2671372690,2,0,0,0,0,0,0,32,-14,45,1,0,6,2,2417,-14,0,0,20,fdi,FDI
1694818281,2360,62,0,0,0,0,0,60,0,0,2,12,1,2671372690,2,0,0,0,0,0,0,32,-14,54,1,0,6,2,2417,-14,0,0,20,fdi,FDI
1694818281,2362,62,0,0,0,0,0,60,0,0,2,12,17,3341733628,2,0,0,0,0,0,0,32,-14,51,1,0,6,2,2417,-14,0,0,20,fdi,FDI
1694818281,2365,62,0,0,0,0,0,60,0,0,2,12,1,2671372690,2,0,0,0,0,0,0,32,-16,45,1,0,6,2,2417,-16,0,0,20,fdi,FDI
1694818282,2375,62,0,0,0,0,0,60,0,0,2,12,17,3341733628,2,0,0,0,0,0,0,32,-14,60,1,0,6,2,2417,-14,0,0,20,fdi,FDI
1694818282,2377,62,0,0,0,0,0,60,0,0,2,12,1,2671372690,2,0,0,0,0,0,0,32,-14,45,1,0,6,2,2417,-14,0,0,20,fdi,FDI
1694818282,2381,117,0,0,0,0,0,44,0,363,2,8,1,1891300297,2,0,0,0,0,0,19,32,-16,90,1,0,54,2,2417,-16,0,0,20,fdi,FDI
1694818282,2387,62,0,0,0,0,0,60,0,0,2,12,1,2671372690,2,0,0,0,0,0,0,32,-14,39,1,0,6,2,2417,-14,0,0,20,fdi,FDI
1694818282,2396,62,0,0,0,0,0,60,0,0,2,12,1,2671372690,2,0,0,0,0,0,0,32,-14,48,1,0,6,2,2417,-14,0,0,20,fdi,FDI
1694818282,2398,62,0,0,0,0,0,60,0,0,2,12,17,3341733628,2,0,0,0,0,0,0,32,-16,51,1,0,6,2,2417,-16,0,0,20,fdi,FDI
1694818282,2403,117,0,0,0,0,0,44,0,364,2,8,1,1213892472,2,0,0,0,0,0,19,32,-16,75,1,0,54,2,2417,-16,0,0,20,fdi,FDI
1694818282,2406,62,0,0,0,0,0,60,0,0,2,12,1,2671372690,2,0,0,0,0,0,0,32,-14,60,1,0,6,2,2417,-14,0,0,20,fdi,FDI
1694818282,2414,62,0,0,0,0,0,60,0,0,2,12,1,2671372690,2,0,0,0,0,0,0,32,-14,48,1,0,6,2,2417,-14,0,0,20,fdi,FDI
1694818282,2416,62,0,0,0,0,0,60,0,0,2,12,17,3341733628,2,0,0,0,0,0,0,32,-14,57,1,0,6,2,2417,-14,0,0,20,fdi,FDI
1694818282,2419,62,0,0,0,0,0,60,0,0,2,12,1,2671372690,2,0,0,0,0,0,0,32,-14,45,1,0,6,2,2417,-14,0,0,20,fdi,FDI
1694818282,2429,62,0,0,0,0,0,60,0,0,2,12,1,2671372690,2,0,0,0,0,0,0,32,-14,45,1,0,6,2,2417,-14,0,0,20,fdi,FDI
1694818282,2431,62,0,0,0,0,0,60,0,0,2,12,17,3341733628,2,0,0,0,0,0,0,32,-14,60,1,0,6,2,2417,-14,0,0,20,fdi,FDI
1694818282,2433,62,0,0,0,0,0,60,0,0,2,12,1,2671372690,2,0,0,0,0,0,0,32,-14,45,1,0,6,2,2417,-14,0,0,20,fdi,FDI
1694818282,2437,117,0,0,0,0,0,44,0,365,2,8,1,531919137,2,0,0,0,0,0,19,32,-16,93,1,0,54,2,2417,-16,0,0,20,fdi,FDI
1694818282,2440,62,0,0,0,0,0,60,0,0,2,12,1,2671372690,2,0,0,0,0,0,0,32,-14,60,1,0,6,2,2417,-14,0,0,20,fdi,FDI
1694818282,2445,62,0,0,0,0,0,60,0,0,2,12,1,2671372690,2,0,0,0,0,0,0,32,-14,39,1,0,6,2,2417,-14,0,0,20,fdi,FDI
1694818282,2447,62,0,0,0,0,0,60,0,0,2,12,17,3341733628,2,0,0,0,0,0,0,32,-12,57,1,0,6,2,2417,-12,0,0,20,fdi,FDI
1694818283,2459,62,0,0,0,0,0,60,0,0,2,12,1,2671372690,2,0,0,0,0,0,0,32,-12,45,1,0,6,2,2417,-12,0,0,20,fdi,FDI
1694818283,2465,62,0,0,0,0,0,60,0,0,2,12,17,3341733628,2,0,0,0,0,0,0,32,-14,60,1,0,6,2,2417,-14,0,0,20,fdi,FDI
1694818283,2467,62,0,0,0,0,0,60,0,0,2,12,1,2671372690,2,0,0,0,0,0,0,32,-14,45,1,0,6,2,2417,-14,0,0,20,fdi,FDI
1694818283,2471,117,0,0,0,0,0,44,0,366,2,8,1,4293935941,2,0,0,0,0,0,19,32,-16,78,1,0,54,2,2417,-16,0,0,20,fdi,FDI
1694818283,2474,62,0,0,0,0,0,60,0,0,2,12,1,2671372690,2,0,0,0,0,0,0,32,-14,60,1,0,6,2,2417,-14,0,0,20,fdi,FDI
1694818283,2479,62,0,0,0,0,0,60,0,0,2,12,1,2671372690,2,0,0,0,0,0,0,32,-14,39,1,0,6,2,2417,-14,0,0,20,fdi,FDI
1694818283,2483,62,0,0,0,0,0,60,0,0,2,12,1,2671372690,2,0,0,0,0,0,0,32,-14,45,1,0,6,2,2417,-14,0,0,20,fdi,FDI
1694818283,2492,62,0,0,0,0,0,60,0,0,2,12,1,2671372690,2,0,0,0,0,0,0,32,-14,60,1,0,6,2,2417,-14,0,0,20,fdi,FDI
1694818283,2494,62,0,0,0,0,0,60,0,0,2,12,17,3341733628,2,0,0,0,0,0,0,32,-14,60,1,0,6,2,2417,-14,0,0,20,fdi,FDI
1694818283,2497,62,0,0,0,0,0,60,0,0,2,12,1,2671372690,2,0,0,0,0,0,0,32,-14,45,1,0,6,2,2417,-14,0,0,20,fdi,FDI
1694818283,2501,117,0,0,0,0,0,44,0,367,2,8,1,2734101570,2,0,0,0,0,0,19,32,-16,72,1,0,54,2,2417,-16,0,0,20,fdi,FDI
1694818283,2507,62,0,0,0,0,0,60,0,0,2,12,1,2671372690,2,0,0,0,0,0,0,32,-14,45,1,0,6,2,2417,-14,0,0,20,fdi,FDI
1694818283,2514,62,0,0,0,0,0,60,0,0,2,12,17,3341733628,2,0,0,0,0,0,0,32,-14,51,1,0,6,2,2417,-14,0,0,20,fdi,FDI
1694818284,2517,62,0,0,0,0,0,60,0,0,2,12,1,2671372690,2,0,0,0,0,0,0,32,-14,45,1,0,6,2,2417,-14,0,0,20,fdi,FDI
1694818284,2524,62,0,0,0,0,0,60,0,0,2,12,1,2671372690,2,0,0,0,0,0,0,32,-14,54,1,0,6,2,2417,-14,0,0,20,fdi,FDI
1694818284,2529,62,0,0,0,0,0,60,0,0,2,12,17,3341733628,2,0,0,0,0,0,0,32,-14,54,1,0,6,2,2417,-14,0,0,20,fdi,FDI
1694818284,2540,62,0,0,0,0,0,60,0,0,2,12,1,2671372690,2,0,0,0,0,0,0,32,-14,63,1,0,6,2,2417,-14,0,0,20,fdi,FDI
1694818284,2542,62,0,0,0,0,0,60,0,0,2,12,17,3341733628,2,0,0,0,0,0,0,32,-14,60,1,0,6,2,2417,-14,0,0,20,fdi,FDI
1694818284,2545,62,0,0,0,0,0,60,0,0,2,12,1,2671372690,2,0,0,0,0,0,0,32,-14,45,1,0,6,2,2417,-14,0,0,20,fdi,FDI
1694818284,2549,117,0,0,0,0,0,44,0,368,2,8,1,1659535733,2,0,0,0,0,0,19,32,-16,90,1,0,54,2,2417,-16,0,0,20,fdi,FDI
1694818284,2554,62,0,0,0,0,0,60,0,0,2,12,1,2671372690,2,0,0,0,0,0,0,32,-14,39,1,0,6,2,2417,-14,0,0,20,fdi,FDI
1694818284,2556,62,0,0,0,0,0,60,0,0,2,12,17,3341733628,2,0,0,0,0,0,0,32,-14,57,1,0,6,2,2417,-14,0,0,20,fdi,FDI
1694818284,2559,62,0,0,0,0,0,60,0,0,2,12,1,2671372690,2,0,0,0,0,0,0,32,-14,45,1,0,6,2,2417,-14,0,0,20,fdi,FDI
1694818284,2568,62,0,0,0,0,0,60,0,0,2,12,1,2671372690,2,0,0,0,0,0,0,32,-14,45,1,0,6,2,2417,-14,0,0,20,fdi,FDI
1694818284,2571,62,0,0,0,0,0,60,0,0,2,12,17,3341733628,2,0,0,0,0,0,0,32,-14,60,1,0,6,2,2417,-14,0,0,20,fdi,FDI
1694818284,2575,62,0,0,0,0,0,60,0,0,2,12,1,2671372690,2,0,0,0,0,0,0,32,-14,45,1,0,6,2,2417,-14,0,0,20,fdi,FDI
1694818284,2579,117,0,0,0,0,0,44,0,369,2,8,1,2867184272,2,0,0,0,0,0,19,32,-16,75,1,0,54,2,2417,-16,0,0,20,fdi,FDI
1694818285,2589,62,0,0,0,0,0,60,0,0,2,12,1,2671372690,2,0,0,0,0,0,0,32,-14,42,1,0,6,2,2417,-14,0,0,20,fdi,FDI
1694818285,2591,62,0,0,0,0,0,60,0,0,2,12,17,3341733628,2,0,0,0,0,0,0,32,-14,42,1,0,6,2,2417,-14,0,0,20,fdi,FDI
1694818285,2594,62,0,0,0,0,0,60,0,0,2,12,1,2671372690,2,0,0,0,0,0,0,32,-14,45,1,0,6,2,2417,-14,0,0,20,fdi,FDI
1694818285,2598,117,0,0,0,0,0,44,0,370,2,8,1,2464749867,2,0,0,0,0,0,19,32,-16,84,1,0,54,2,2417,-16,0,0,20,fdi,FDI
1694818285,2603,62,0,0,0,0,0,60,0,0,2,12,1,2671372690,2,0,0,0,0,0,0,32,-14,54,1,0,6,2,2417,-14,0,0,20,fdi,FDI
1694818285,2605,62,0,0,0,0,0,60,0,0,2,12,17,3341733628,2,0,0,0,0,0,0,32,-14,51,1,0,6,2,2417,-14,0,0,20,fdi,FDI
1694818285,2608,62,0,0,0,0,0,60,0,0,2,12,1,2671372690,2,0,0,0,0,0,0,32,-14,45,1,0,6,2,2417,-14,0,0,20,fdi,FDI
1694818285,2620,117,0,0,0,0,0,44,0,371,2,8,1,1924739333,2,0,0,0,0,0,19,32,-14,100,1,0,54,2,2417,-14,0,0,20,fdi,FDI
1694818285,2624,62,0,0,0,0,0,60,0,0,2,12,1,2671372690,2,0,0,0,0,0,0,32,-14,48,1,0,6,2,2417,-14,0,0,20,fdi,FDI
1694818285,2626,62,0,0,0,0,0,60,0,0,2,12,17,3341733628,2,0,0,0,0,0,0,32,-14,51,1,0,6,2,2417,-14,0,0,20,fdi,FDI
1694818285,2629,62,0,0,0,0,0,60,0,0,2,12,1,2671372690,2,0,0,0,0,0,0,32,-14,45,1,0,6,2,2417,-14,0,0,20,fdi,FDI
1694818285,2635,62,0,0,0,0,0,60,0,0,2,12,1,2671372690,2,0,0,0,0,0,0,32,-12,54,1,0,6,2,2417,-12,0,0,20,fdi,FDI
1694818285,2642,62,0,0,0,0,0,60,0,0,2,12,1,2671372690,2,0,0,0,0,0,0,32,-14,54,1,0,6,2,2417,-14,0,0,20,fdi,FDI
1694818285,2644,62,0,0,0,0,0,60,0,0,2,12,17,3341733628,2,0,0,0,0,0,0,32,-14,42,1,0,6,2,2417,-14,0,0,20,fdi,FDI
1694818285,2645,62,0,0,0,0,0,60,0,0,2,12,17,3341733628,2,0,0,0,0,0,0,32,-14,42,1,0,6,2,2417,-14,0,0,20,fdi,FDI
1694818285,2648,62,0,0,0,0,0,60,0,0,2,12,1,2671372690,2,0,0,0,0,0,0,32,-14,45,1,0,6,2,2417,-14,0,0,20,fdi,FDI
1694818286,2652,117,0,0,0,0,0,44,0,372,2,8,1,1783068226,2,0,0,0,0,0,19,32,-16,72,1,0,54,2,2417,-16,0,0,20,fdi,FDI
1694818286,2657,62,0,0,0,0,0,60,0,0,2,12,1,2671372690,2,0,0,0,0,0,0,32,-14,54,1,0,6,2,2417,-14,0,0,20,fdi,FDI
1694818286,2669,62,0,0,0,0,0,60,0,0,2,12,1,2671372690,2,0,0,0,0,0,0,32,-14,63,1,0,6,2,2417,-14,0,0,20,fdi,FDI
1694818286,2671,117,0,0,0,0,0,44,0,373,2,8,1,3306889406,2,0,0,0,0,0,19,32,-16,84,1,0,54,2,2417,-16,0,0,20,fdi,FDI
1694818286,2678,62,0,0,0,0,0,60,0,0,2,12,1,2671372690,2,0,0,0,0,0,0,32,-14,48,1,0,6,2,2417,-14,0,0,20,fdi,FDI
1694818286,2684,62,0,0,0,0,0,60,0,0,2,12,1,2671372690,2,0,0,0,0,0,0,32,-14,51,1,0,6,2,2417,-14,0,0,20,fdi,FDI
1694818286,2687,62,0,0,0,0,0,60,0,0,2,12,1,2671372690,2,0,0,0,0,0,0,32,-14,51,1,0,6,2,2417,-14,0,0,20,fdi,FDI
1694818286,2690,62,0,0,0,0,0,60,0,0,2,12,1,2671372690,2,0,0,0,0,0,0,32,-14,54,1,0,6,2,2417,-14,0,0,20,fdi,FDI
1694818286,2693,62,0,0,0,0,0,60,0,0,2,12,17,3341733628,2,0,0,0,0,0,0,32,-14,48,1,0,6,2,2417,-14,0,0,20,fdi,FDI
1694818286,2696,62,0,0,0,0,0,60,0,0,2,12,1,2671372690,2,0,0,0,0,0,0,32,-14,45,1,0,6,2,2417,-14,0,0,20,fdi,FDI
1694818286,2700,117,0,0,0,0,0,44,0,374,2,8,1,8428178,2,0,0,0,0,0,19,32,-14,78,1,0,54,2,2417,-14,0,0,20,fdi,FDI
1694818286,2707,62,0,0,0,0,0,60,0,0,2,12,1,2671372690,2,0,0,0,0,0,0,32,-14,45,1,0,6,2,2417,-14,0,0,20,fdi,FDI
1694818286,2715,62,0,0,0,0,0,60,0,0,2,12,1,2671372690,2,0,0,0,0,0,0,32,-14,45,1,0,6,2,2417,-14,0,0,20,fdi,FDI
1694818287,2717,62,0,0,0,0,0,60,0,0,2,12,17,3341733628,2,0,0,0,0,0,0,32,-14,60,1,0,6,2,2417,-14,0,0,20,fdi,FDI
1694818287,2720,62,0,0,0,0,0,60,0,0,2,12,1,2671372690,2,0,0,0,0,0,0,32,-14,45,1,0,6,2,2417,-14,0,0,20,fdi,FDI
1694818287,2724,117,0,0,0,0,0,44,0,375,2,8,1,3878430167,2,0,0,0,0,0,19,32,-16,78,1,0,54,2,2417,-16,0,0,20,fdi,FDI
1694818287,2729,62,0,0,0,0,0,60,0,0,2,12,1,2671372690,2,0,0,0,0,0,0,32,-14,54,1,0,6,2,2417,-14,0,0,20,fdi,FDI
1694818287,2732,62,0,0,0,0,0,60,0,0,2,12,1,2671372690,2,0,0,0,0,0,0,32,-14,45,1,0,6,2,2417,-14,0,0,20,fdi,FDI
1694818287,2744,62,0,0,0,0,0,60,0,0,2,12,1,2671372690,2,0,0,0,0,0,0,32,-14,45,1,0,6,2,2417,-14,0,0,20,fdi,FDI
1694818287,2745,62,0,0,0,0,0,60,0,0,2,12,1,2671372690,2,0,0,0,0,0,0,32,-14,63,1,0,6,2,2417,-14,0,0,20,fdi,FDI
1694818287,2747,117,0,0,0,0,0,44,0,376,2,8,1,2131711685,2,0,0,0,0,0,19,32,-14,90,1,0,54,2,2417,-14,0,0,20,fdi,FDI
1694818287,2756,62,0,0,0,0,0,60,0,0,2,12,1,2671372690,2,0,0,0,0,0,0,32,-14,48,1,0,6,2,2417,-14,0,0,20,fdi,FDI
1694818287,2760,62,0,0,0,0,0,60,0,0,2,12,17,3341733628,2,0,0,0,0,0,0,32,-14,51,1,0,6,2,2417,-14,0,0,20,fdi,FDI
1694818287,2763,62,0,0,0,0,0,60,0,0,2,12,1,2671372690,2,0,0,0,0,0,0,32,-14,45,1,0,6,2,2417,-14,0,0,20,fdi,FDI
1694818287,2772,62,0,0,0,0,0,60,0,0,2,12,1,2671372690,2,0,0,0,0,0,0,32,-14,45,1,0,6,2,2417,-14,0,0,20,fdi,FDI
1694818287,2776,117,0,0,0,0,0,44,0,377,2,8,1,2700325143,2,0,0,0,0,0,19,32,-16,75,1,0,54,2,2417,-16,0,0,20,fdi,FDI
1694818287,2781,62,0,0,0,0,0,60,0,0,2,12,1,2671372690,2,0,0,0,0,0,0,32,-14,60,1,0,6,2,2417,-14,0,0,20,fdi,FDI
1694818287,2784,62,0,0,0,0,0,60,0,0,2,12,1,2671372690,2,0,0,0,0,0,0,32,-14,45,1,0,6,2,2417,-14,0,0,20,fdi,FDI
1694818287,2794,62,0,0,0,0,0,60,0,0,2,12,1,2671372690,2,0,0,0,0,0,0,32,-14,45,1,0,6,2,2417,-14,0,0,20,fdi,FDI
1694818288,2796,117,0,0,0,0,0,44,0,378,2,8,1,3217359463,2,0,0,0,0,0,19,32,-16,81,1,0,54,2,2417,-16,0,0,20,fdi,FDI
1694818288,2806,62,0,0,0,0,0,60,0,0,2,12,1,2671372690,2,0,0,0,0,0,0,32,-14,60,1,0,6,2,2417,-14,0,0,20,fdi,FDI
1694818288,2818,62,0,0,0,0,0,60,0,0,2,12,17,3341733628,2,0,0,0,0,0,0,32,-14,51,1,0,6,2,2417,-14,0,0,20,fdi,FDI
1694818288,2821,62,0,0,0,0,0,60,0,0,2,12,1,2671372690,2,0,0,0,0,0,0,32,-12,45,1,0,6,2,2417,-12,0,0,20,fdi,FDI
1694818288,2832,62,0,0,0,0,0,60,0,0,2,12,1,2671372690,2,0,0,0,0,0,0,32,-14,63,1,0,6,2,2417,-14,0,0,20,fdi,FDI
1694818288,2834,117,0,0,0,0,0,44,0,379,2,8,1,1483324706,2,0,0,0,0,0,19,32,-16,81,1,0,54,2,2417,-16,0,0,20,fdi,FDI
1694818288,2839,62,0,0,0,0,0,60,0,0,2,12,1,2671372690,2,0,0,0,0,0,0,32,-14,42,1,0,6,2,2417,-14,0,0,20,fdi,FDI
1694818288,2841,62,0,0,0,0,0,60,0,0,2,12,17,3341733628,2,0,0,0,0,0,0,32,-14,42,1,0,6,2,2417,-14,0,0,20,fdi,FDI
1694818288,2844,62,0,0,0,0,0,60,0,0,2,12,1,2671372690,2,0,0,0,0,0,0,32,-14,45,1,0,6,2,2417,-14,0,0,20,fdi,FDI
1694818288,2856,62,0,0,0,0,0,60,0,0,2,12,1,2671372690,2,0,0,0,0,0,0,32,-14,63,1,0,6,2,2417,-14,0,0,20,fdi,FDI
1694818288,2858,117,0,0,0,0,0,44,0,380,2,8,1,194507174,2,0,0,0,0,0,19,32,-16,93,1,0,54,2,2417,-16,0,0,20,fdi,FDI
1694818288,2863,62,0,0,0,0,0,60,0,0,2,12,1,2671372690,2,0,0,0,0,0,0,32,-14,42,1,0,6,2,2417,-14,0,0,20,fdi,FDI
1694818288,2865,62,0,0,0,0,0,60,0,0,2,12,17,3341733628,2,0,0,0,0,0,0,32,-14,42,1,0,6,2,2417,-14,0,0,20,fdi,FDI
1694818288,2868,62,0,0,0,0,0,60,0,0,2,12,1,2671372690,2,0,0,0,0,0,0,32,-14,45,1,0,6,2,2417,-14,0,0,20,fdi,FDI
1694818288,2881,62,0,0,0,0,0,60,0,0,2,12,1,2671372690,2,0,0,0,0,0,0,32,-12,45,1,0,6,2,2417,-12,0,0,20,fdi,FDI
1694818288,2888,62,0,0,0,0,0,60,0,0,2,12,1,2671372690,2,0,0,0,0,0,0,32,-12,54,1,0,6,2,2417,-12,0,0,20,fdi,FDI
1694818289,2892,117,0,0,0,0,0,44,0,381,2,8,1,1166722310,2,0,0,0,0,0,19,32,-16,90,1,0,54,2,2417,-16,0,0,20,fdi,FDI
1694818289,2902,62,0,0,0,0,0,60,0,0,2,12,17,3341733628,2,0,0,0,0,0,0,32,-14,51,1,0,6,2,2417,-14,0,0,20,fdi,FDI
1694818289,2906,62,0,0,0,0,0,60,0,0,2,12,1,2671372690,2,0,0,0,0,0,0,32,-18,45,1,0,6,2,2417,-18,0,0,20,fdi,FDI
1694818289,2910,62,0,0,0,0,0,60,0,0,2,12,1,2671372690,2,0,0,0,0,0,0,32,-14,57,1,0,6,2,2417,-14,0,0,20,fdi,FDI
1694818289,2915,62,0,0,0,0,0,60,0,0,2,12,1,2671372690,2,0,0,0,0,0,0,32,-12,45,1,0,6,2,2417,-12,0,0,20,fdi,FDI
1694818289,2917,62,0,0,0,0,0,60,0,0,2,12,17,3341733628,2,0,0,0,0,0,0,32,-14,60,1,0,6,2,2417,-14,0,0,20,fdi,FDI
1694818289,2920,62,0,0,0,0,0,60,0,0,2,12,1,2671372690,2,0,0,0,0,0,0,32,-14,45,1,0,6,2,2417,-14,0,0,20,fdi,FDI
1694818289,2929,62,0,0,0,0,0,60,0,0,2,12,1,2671372690,2,0,0,0,0,0,0,32,-16,45,1,0,6,2,2417,-16,0,0,20,fdi,FDI
1694818289,2931,62,0,0,0,0,0,60,0,0,2,12,17,3341733628,2,0,0,0,0,0,0,32,-16,63,1,0,6,2,2417,-16,0,0,20,fdi,FDI
1694818289,2934,62,0,0,0,0,0,60,0,0,2,12,1,2671372690,2,0,0,0,0,0,0,32,-16,45,1,0,6,2,2417,-16,0,0,20,fdi,FDI
1694818289,2944,62,0,0,0,0,0,60,0,0,2,12,1,2671372690,2,0,0,0,0,0,0,32,-14,45,1,0,6,2,2417,-14,0,0,20,fdi,FDI
1694818289,2946,62,0,0,0,0,0,60,0,0,2,12,17,3341733628,2,0,0,0,0,0,0,32,-14,60,1,0,6,2,2417,-14,0,0,20,fdi,FDI
1694818289,2948,62,0,0,0,0,0,60,0,0,2,12,1,2671372690,2,0,0,0,0,0,0,32,-14,45,1,0,6,2,2417,-14,0,0,20,fdi,FDI
1694818289,2952,117,0,0,0,0,0,44,0,382,2,8,1,499820952,2,0,0,0,0,0,19,32,-16,78,1,0,54,2,2417,-16,0,0,20,fdi,FDI
1694818289,2955,62,0,0,0,0,0,60,0,0,2,12,1,2671372690,2,0,0,0,0,0,0,32,-14,60,1,0,6,2,2417,-14,0,0,20,fdi,FDI
1694818289,2960,62,0,0,0,0,0,60,0,0,2,12,1,2671372690,2,0,0,0,0,0,0,32,-16,39,1,0,6,2,2417,-16,0,0,20,fdi,FDI
1694818289,2963,62,0,0,0,0,0,60,0,0,2,12,1,2671372690,2,0,0,0,0,0,0,32,-18,45,1,0,6,2,2417,-18,0,0,20,fdi,FDI
1694818290,2976,62,0,0,0,0,0,60,0,0,2,12,1,2671372690,2,0,0,0,0,0,0,32,-14,63,1,0,6,2,2417,-14,0,0,20,fdi,FDI
1694818290,2978,62,0,0,0,0,0,60,0,0,2,12,17,3341733628,2,0,0,0,0,0,0,32,-14,60,1,0,6,2,2417,-14,0,0,20,fdi,FDI
1694818290,2980,62,0,0,0,0,0,60,0,0,2,12,1,2671372690,2,0,0,0,0,0,0,32,-14,45,1,0,6,2,2417,-14,0,0,20,fdi,FDI
1694818290,2984,117,0,0,0,0,0,44,0,383,2,8,1,4200994525,2,0,0,0,0,0,19,32,-14,57,1,0,54,2,2417,-14,0,0,20,fdi,FDI
1694818290,2985,117,0,0,0,0,0,44,0,383,2,8,9,458937973,2,0,0,0,0,0,19,32,-16,84,1,0,54,2,2417,-16,0,0,20,fdi,FDI
1694818290,2990,62,0,0,0,0,0,60,0,0,2,12,1,2671372690,2,0,0,0,0,0,0,32,-14,36,1,0,6,2,2417,-14,0,0,20,fdi,FDI
1694818290,2995,62,0,0,0,0,0,60,0,0,2,12,1,2671372690,2,0,0,0,0,0,0,32,-14,51,1,0,6,2,2417,-14,0,0,20,fdi,FDI
1694818290,2998,62,0,0,0,0,0,60,0,0,2,12,1,2671372690,2,0,0,0,0,0,0,32,-14,45,1,0,6,2,2417,-14,0,0,20,fdi,FDI
1694818290,3008,62,0,0,0,0,0,60,0,0,2,12,1,2671372690,2,0,0,0,0,0,0,32,-16,63,1,0,6,2,2417,-16,0,0,20,fdi,FDI
1694818290,3010,62,0,0,0,0,0,60,0,0,2,12,17,3341733628,2,0,0,0,0,0,0,32,-14,60,1,0,6,2,2417,-14,0,0,20,fdi,FDI
1694818290,3012,62,0,0,0,0,0,60,0,0,2,12,1,2671372690,2,0,0,0,0,0,0,32,-14,45,1,0,6,2,2417,-14,0,0,20,fdi,FDI
1694818290,3016,117,0,0,0,0,0,44,0,384,2,8,1,1681117850,2,0,0,0,0,0,19,32,-16,81,1,0,54,2,2417,-16,0,0,20,fdi,FDI
1694818290,3019,62,0,0,0,0,0,60,0,0,2,12,1,2671372690,2,0,0,0,0,0,0,32,-16,60,1,0,6,2,2417,-16,0,0,20,fdi,FDI
1694818290,3024,62,0,0,0,0,0,60,0,0,2,12,1,2671372690,2,0,0,0,0,0,0,32,-18,39,1,0,6,2,2417,-18,0,0,20,fdi,FDI
1694818290,3026,62,0,0,0,0,0,60,0,0,2,12,17,3341733628,2,0,0,0,0,0,0,32,-16,57,1,0,6,2,2417,-16,0,0,20,fdi,FDI
1694818290,3029,62,0,0,0,0,0,60,0,0,2,12,1,2671372690,2,0,0,0,0,0,0,32,-16,45,1,0,6,2,2417,-16,0,0,20,fdi,FDI
1694818291,3040,62,0,0,0,0,0,60,0,0,2,12,1,2671372690,2,0,0,0,0,0,0,32,-16,45,1,0,6,2,2417,-16,0,0,20,fdi,FDI
1694818291,3044,117,0,0,0,0,0,44,0,385,2,8,1,2838945022,2,0,0,0,0,0,19,32,-14,90,1,0,54,2,2417,-14,0,0,20,fdi,FDI
1694818291,3047,62,0,0,0,0,0,60,0,0,2,12,1,2671372690,2,0,0,0,0,0,0,32,-12,60,1,0,6,2,2417,-12,0,0,20,fdi,FDI
1694818291,3053,62,0,0,0,0,0,60,0,0,2,12,1,2671372690,2,0,0,0,0,0,0,32,-14,51,1,0,6,2,2417,-14,0,0,20,fdi,FDI
1694818291,3055,62,0,0,0,0,0,60,0,0,2,12,17,3341733628,2,0,0,0,0,0,0,32,-14,48,1,0,6,2,2417,-14,0,0,20,fdi,FDI
1694818291,3058,62,0,0,0,0,0,60,0,0,2,12,1,2671372690,2,0,0,0,0,0,0,32,-16,45,1,0,6,2,2417,-16,0,0,20,fdi,FDI
1694818291,3067,62,0,0,0,0,0,60,0,0,2,12,1,2671372690,2,0,0,0,0,0,0,32,-16,45,1,0,6,2,2417,-16,0,0,20,fdi,FDI
1694818291,3069,62,0,0,0,0,0,60,0,0,2,12,17,3341733628,2,0,0,0,0,0,0,32,-16,63,1,0,6,2,2417,-16,0,0,20,fdi,FDI
1694818291,3071,62,0,0,0,0,0,60,0,0,2,12,1,2671372690,2,0,0,0,0,0,0,32,-16,45,1,0,6,2,2417,-16,0,0,20,fdi,FDI
1694818291,3075,117,0,0,0,0,0,44,0,386,2,8,1,3075921305,2,0,0,0,0,0,19,32,-18,93,1,0,54,2,2417,-18,0,0,20,fdi,FDI
1694818291,3080,62,0,0,0,0,0,60,0,0,2,12,1,2671372690,2,0,0,0,0,0,0,32,-16,57,1,0,6,2,2417,-16,0,0,20,fdi,FDI
1694818291,3085,62,0,0,0,0,0,60,0,0,2,12,17,3341733628,2,0,0,0,0,0,0,32,-18,51,1,0,6,2,2417,-18,0,0,20,fdi,FDI
1694818291,3088,62,0,0,0,0,0,60,0,0,2,12,1,2671372690,2,0,0,0,0,0,0,32,-18,45,1,0,6,2,2417,-18,0,0,20,fdi,FDI
1694818291,3095,62,0,0,0,0,0,60,0,0,2,12,1,2671372690,2,0,0,0,0,0,0,32,-18,54,1,0,6,2,2417,-18,0,0,20,fdi,FDI
1694818291,3097,62,0,0,0,0,0,60,0,0,2,12,17,3341733628,2,0,0,0,0,0,0,32,-18,54,1,0,6,2,2417,-18,0,0,20,fdi,FDI
1694818291,3100,62,0,0,0,0,0,60,0,0,2,12,1,2671372690,2,0,0,0,0,0,0,32,-16,45,1,0,6,2,2417,-16,0,0,20,fdi,FDI
1694818292,3105,62,0,0,0,0,0,60,0,0,2,12,17,3341733628,2,0,0,0,0,0,0,32,-12,51,1,0,6,2,2417,-12,0,0,20,fdi,FDI
1694818292,3108,62,0,0,0,0,0,60,0,0,2,12,1,2671372690,2,0,0,0,0,0,0,32,-14,45,1,0,6,2,2417,-14,0,0,20,fdi,FDI
1694818292,3118,62,0,0,0,0,0,60,0,0,2,12,1,2671372690,2,0,0,0,0,0,0,32,-14,54,1,0,6,2,2417,-14,0,0,20,fdi,FDI
1694818292,3120,62,0,0,0,0,0,60,0,0,2,12,17,3341733628,2,0,0,0,0,0,0,32,-14,51,1,0,6,2,2417,-14,0,0,20,fdi,FDI
1694818292,3123,62,0,0,0,0,0,60,0,0,2,12,1,2671372690,2,0,0,0,0,0,0,32,-14,45,1,0,6,2,2417,-14,0,0,20,fdi,FDI
1694818292,3137,62,0,0,0,0,0,60,0,0,2,12,1,2671372690,2,0,0,0,0,0,0,32,-14,54,1,0,6,2,2417,-14,0,0,20,fdi,FDI
1694818292,3144,62,0,0,0,0,0,60,0,0,2,12,1,2671372690,2,0,0,0,0,0,0,32,-14,66,1,0,6,2,2417,-14,0,0,20,fdi,FDI
1694818292,3146,62,0,0,0,0,0,60,0,0,2,12,17,3341733628,2,0,0,0,0,0,0,32,-14,48,1,0,6,2,2417,-14,0,0,20,fdi,FDI
1694818292,3150,62,0,0,0,0,0,60,0,0,2,12,1,2671372690,2,0,0,0,0,0,0,32,-12,45,1,0,6,2,2417,-12,0,0,20,fdi,FDI
1694818292,3159,62,0,0,0,0,0,60,0,0,2,12,1,2671372690,2,0,0,0,0,0,0,32,-12,54,1,0,6,2,2417,-12,0,0,20,fdi,FDI
1694818292,3161,62,0,0,0,0,0,60,0,0,2,12,17,3341733628,2,0,0,0,0,0,0,32,-12,57,1,0,6,2,2417,-12,0,0,20,fdi,FDI
1694818292,3166,117,0,0,0,0,0,44,0,389,2,8,1,1220543885,2,0,0,0,0,0,19,32,-12,75,1,0,54,2,2417,-12,0,0,20,fdi,FDI
1694818292,3169,62,0,0,0,0,0,60,0,0,2,12,1,2671372690,2,0,0,0,0,0,0,32,-12,60,1,0,6,2,2417,-12,0,0,20,fdi,FDI
1694818292,3175,62,0,0,0,0,0,60,0,0,2,12,1,2671372690,2,0,0,0,0,0,0,32,-12,39,1,0,6,2,2417,-12,0,0,20,fdi,FDI
1694818293,3177,62,0,0,0,0,0,60,0,0,2,12,17,3341733628,2,0,0,0,0,0,0,32,-12,57,1,0,6,2,2417,-12,0,0,20,fdi,FDI
1694818293,3180,62,0,0,0,0,0,60,0,0,2,12,1,2671372690,2,0,0,0,0,0,0,32,-12,45,1,0,6,2,2417,-12,0,0,20,fdi,FDI
1694818293,3192,62,0,0,0,0,0,60,0,0,2,12,1,2671372690,2,0,0,0,0,0,0,32,-12,45,1,0,6,2,2417,-12,0,0,20,fdi,FDI
1694818293,3194,62,0,0,0,0,0,60,0,0,2,12,17,3341733628,2,0,0,0,0,0,0,32,-12,60,1,0,6,2,2417,-12,0,0,20,fdi,FDI
1694818293,3202,62,0,0,0,0,0,60,0,0,2,12,1,2671372690,2,0,0,0,0,0,0,32,-12,45,1,0,6,2,2417,-12,0,0,20,fdi,FDI
1694818293,3206,117,0,0,0,0,0,44,0,390,2,8,1,2742473691,2,0,0,0,0,0,19,32,-14,84,1,0,54,2,2417,-14,0,0,20,fdi,FDI
1694818293,3214,62,0,0,0,0,0,60,0,0,2,12,1,2671372690,2,0,0,0,0,0,0,32,-12,54,1,0,6,2,2417,-12,0,0,20,fdi,FDI
1694818293,3216,62,0,0,0,0,0,60,0,0,2,12,17,3341733628,2,0,0,0,0,0,0,32,-12,51,1,0,6,2,2417,-12,0,0,20,fdi,FDI
1694818293,3219,62,0,0,0,0,0,60,0,0,2,12,1,2671372690,2,0,0,0,0,0,0,32,-12,45,1,0,6,2,2417,-12,0,0,20,fdi,FDI
1694818293,3231,62,0,0,0,0,0,60,0,0,2,12,1,2671372690,2,0,0,0,0,0,0,32,-14,60,1,0,6,2,2417,-14,0,0,20,fdi,FDI
1694818293,3233,62,0,0,0,0,0,60,0,0,2,12,17,3341733628,2,0,0,0,0,0,0,32,-18,60,1,0,6,2,2417,-18,0,0,20,fdi,FDI
1694818293,3242,117,0,0,0,0,0,44,0,391,2,8,1,3309163795,2,0,0,0,0,0,19,32,-16,87,1,0,54,2,2417,-16,0,0,20,fdi,FDI
1694818293,3247,62,0,0,0,0,0,60,0,0,2,12,1,2671372690,2,0,0,0,0,0,0,32,-14,57,1,0,6,2,2417,-14,0,0,20,fdi,FDI
1694818293,3249,62,0,0,0,0,0,60,0,0,2,12,17,3341733628,2,0,0,0,0,0,0,32,-16,51,1,0,6,2,2417,-16,0,0,20,fdi,FDI
1694818293,3252,62,0,0,0,0,0,60,0,0,2,12,1,2671372690,2,0,0,0,0,0,0,32,-16,45,1,0,6,2,2417,-16,0,0,20,fdi,FDI
1694818293,3259,62,0,0,0,0,0,60,0,0,2,12,1,2671372690,2,0,0,0,0,0,0,32,-18,54,1,0,6,2,2417,-18,0,0,20,fdi,FDI
1694818294,3261,62,0,0,0,0,0,60,0,0,2,12,17,3341733628,2,0,0,0,0,0,0,32,-16,54,1,0,6,2,2417,-16,0,0,20,fdi,FDI
1694818294,3264,62,0,0,0,0,0,60,0,0,2,12,1,2671372690,2,0,0,0,0,0,0,32,-18,45,1,0,6,2,2417,-18,0,0,20,fdi,FDI
1694818294,3271,62,0,0,0,0,0,60,0,0,2,12,1,2671372690,2,0,0,0,0,0,0,32,-14,54,1,0,6,2,2417,-14,0,0,20,fdi,FDI
1694818294,3280,62,0,0,0,0,0,60,0,0,2,12,1,2671372690,2,0,0,0,0,0,0,32,-10,48,1,0,6,2,2417,-10,0,0,20,fdi,FDI
1694818294,3282,62,0,0,0,0,0,60,0,0,2,12,17,3341733628,2,0,0,0,0,0,0,32,-14,42,1,0,6,2,2417,-14,0,0,20,fdi,FDI
1694818294,3286,62,0,0,0,0,0,60,0,0,2,12,1,2671372690,2,0,0,0,0,0,0,32,-14,45,1,0,6,2,2417,-14,0,0,20,fdi,FDI
1694818294,3290,117,0,0,0,0,0,44,0,392,2,8,1,326758116,2,0,0,0,0,0,19,32,-14,81,1,0,54,2,2417,-14,0,0,20,fdi,FDI
1694818294,3300,62,0,0,0,0,0,60,0,0,2,12,17,3341733628,2,0,0,0,0,0,0,32,-12,57,1,0,6,2,2417,-12,0,0,20,fdi,FDI
1694818294,3303,62,0,0,0,0,0,60,0,0,2,12,1,2671372690,2,0,0,0,0,0,0,32,-14,45,1,0,6,2,2417,-14,0,0,20,fdi,FDI
1694818294,3314,117,0,0,0,0,0,44,0,393,2,8,1,1856075797,2,0,0,0,0,0,19,32,-14,81,1,0,54,2,2417,-14,0,0,20,fdi,FDI
1694818294,3319,62,0,0,0,0,0,60,0,0,2,12,1,2671372690,2,0,0,0,0,0,0,32,-10,60,1,0,6,2,2417,-10,0,0,20,fdi,FDI
1694818294,3322,62,0,0,0,0,0,60,0,0,2,12,1,2671372690,2,0,0,0,0,0,0,32,-12,45,1,0,6,2,2417,-12,0,0,20,fdi,FDI
1694818295,3333,117,0,0,0,0,0,44,0,394,2,8,1,4122419053,2,0,0,0,0,0,19,32,-14,78,1,0,54,2,2417,-14,0,0,20,fdi,FDI
1694818295,3337,62,0,0,0,0,0,60,0,0,2,12,1,2671372690,2,0,0,0,0,0,0,32,-12,60,1,0,6,2,2417,-12,0,0,20,fdi,FDI
1694818295,3341,62,0,0,0,0,0,60,0,0,2,12,17,3341733628,2,0,0,0,0,0,0,32,-12,42,1,0,6,2,2417,-12,0,0,20,fdi,FDI
1694818295,3345,62,0,0,0,0,0,60,0,0,2,12,1,2671372690,2,0,0,0,0,0,0,32,-12,60,1,0,6,2,2417,-12,0,0,20,fdi,FDI
1694818295,3346,62,0,0,0,0,0,60,0,0,2,12,1,2671372690,2,0,0,0,0,0,0,32,-16,51,1,0,6,2,2417,-16,0,0,20,fdi,FDI
1694818295,3349,62,0,0,0,0,0,60,0,0,2,12,1,2671372690,2,0,0,0,0,0,0,32,-14,36,1,0,6,2,2417,-14,0,0,20,fdi,FDI
1694818295,3352,62,0,0,0,0,0,60,0,0,2,12,1,2671372690,2,0,0,0,0,0,0,32,-14,48,1,0,6,2,2417,-14,0,0,20,fdi,FDI
1694818295,3354,62,0,0,0,0,0,60,0,0,2,12,17,3341733628,2,0,0,0,0,0,0,32,-14,42,1,0,6,2,2417,-14,0,0,20,fdi,FDI
1694818295,3357,62,0,0,0,0,0,60,0,0,2,12,1,2671372690,2,0,0,0,0,0,0,32,-14,45,1,0,6,2,2417,-14,0,0,20,fdi,FDI
1694818295,3361,117,0,0,0,0,0,44,0,395,2,8,1,1552786933,2,0,0,0,0,0,19,32,-16,72,1,0,54,2,2417,-16,0,0,20,fdi,FDI
1694818295,3368,62,0,0,0,0,0,60,0,0,2,12,1,2671372690,2,0,0,0,0,0,0,32,-14,54,1,0,6,2,2417,-14,0,0,20,fdi,FDI
1694818295,3378,62,0,0,0,0,0,60,0,0,2,12,1,2671372690,2,0,0,0,0,0,0,32,-14,42,1,0,6,2,2417,-14,0,0,20,fdi,FDI
1694818295,3380,62,0,0,0,0,0,60,0,0,2,12,17,3341733628,2,0,0,0,0,0,0,32,-14,42,1,0,6,2,2417,-14,0,0,20,fdi,FDI
1694818295,3381,62,0,0,0,0,0,60,0,0,2,12,17,3341733628,2,0,0,0,0,0,0,32,-14,51,1,0,6,2,2417,-14,0,0,20,fdi,FDI
1694818295,3384,62,0,0,0,0,0,60,0,0,2,12,1,2671372690,2,0,0,0,0,0,0,32,-14,45,1,0,6,2,2417,-14,0,0,20,fdi,FDI
1694818295,3388,117,0,0,0,0,0,44,0,396,2,8,1,979119010,2,0,0,0,0,0,19,32,-16,81,1,0,54,2,2417,-16,0,0,20,fdi,FDI
1694818295,3393,62,0,0,0,0,0,60,0,0,2,12,1,2671372690,2,0,0,0,0,0,0,32,-16,48,1,0,6,2,2417,-16,0,0,20,fdi,FDI
1694818295,3395,62,0,0,0,0,0,60,0,0,2,12,17,3341733628,2,0,0,0,0,0,0,32,-14,51,1,0,6,2,2417,-14,0,0,20,fdi,FDI
1694818295,3404,62,0,0,0,0,0,60,0,0,2,12,1,2671372690,2,0,0,0,0,0,0,32,-14,54,1,0,6,2,2417,-14,0,0,20,fdi,FDI
1694818295,3406,62,0,0,0,0,0,60,0,0,2,12,17,3341733628,2,0,0,0,0,0,0,32,-14,54,1,0,6,2,2417,-14,0,0,20,fdi,FDI
1694818296,3409,62,0,0,0,0,0,60,0,0,2,12,1,2671372690,2,0,0,0,0,0,0,32,-14,45,1,0,6,2,2417,-14,0,0,20,fdi,FDI
1694818296,3418,62,0,0,0,0,0,60,0,0,2,12,1,2671372690,2,0,0,0,0,0,0,32,-14,45,1,0,6,2,2417,-14,0,0,20,fdi,FDI
1694818296,3423,62,0,0,0,0,0,60,0,0,2,12,1,2671372690,2,0,0,0,0,0,0,32,-14,54,1,0,6,2,2417,-14,0,0,20,fdi,FDI
1694818296,3430,62,0,0,0,0,0,60,0,0,2,12,1,2671372690,2,0,0,0,0,0,0,32,-16,42,1,0,6,2,2417,-16,0,0,20,fdi,FDI
1694818296,3445,117,0,0,0,0,0,44,0,398,2,8,1,3854395587,2,0,0,0,0,0,19,32,-16,84,1,0,54,2,2417,-16,0,0,20,fdi,FDI
1694818296,3451,62,0,0,0,0,0,60,0,0,2,12,1,2671372690,2,0,0,0,0,0,0,32,-14,45,1,0,6,2,2417,-14,0,0,20,fdi,FDI
1694818296,3456,62,0,0,0,0,0,60,0,0,2,12,1,2671372690,2,0,0,0,0,0,0,32,-14,45,1,0,6,2,2417,-14,0,0,20,fdi,FDI
1694818296,3458,62,0,0,0,0,0,60,0,0,2,12,17,3341733628,2,0,0,0,0,0,0,32,-14,45,1,0,6,2,2417,-14,0,0,20,fdi,FDI
1694818296,3460,62,0,0,0,0,0,60,0,0,2,12,1,2671372690,2,0,0,0,0,0,0,32,-14,45,1,0,6,2,2417,-14,0,0,20,fdi,FDI
1694818296,3464,117,0,0,0,0,0,44,0,399,2,8,1,2213965323,2,0,0,0,0,0,19,32,-16,78,1,0,54,2,2417,-16,0,0,20,fdi,FDI
1694818296,3467,62,0,0,0,0,0,60,0,0,2,12,1,2671372690,2,0,0,0,0,0,0,32,-14,60,1,0,6,2,2417,-14,0,0,20,fdi,FDI
1694818296,3472,62,0,0,0,0,0,60,0,0,2,12,1,2671372690,2,0,0,0,0,0,0,32,-14,39,1,0,6,2,2417,-14,0,0,20,fdi,FDI
1694818297,3480,62,0,0,0,0,0,60,0,0,2,12,1,2671372690,2,0,0,0,0,0,0,32,-16,42,1,0,6,2,2417,-16,0,0,20,fdi,FDI
1694818297,3488,117,0,0,0,0,0,44,0,400,2,8,1,1092268880,2,0,0,0,0,0,19,32,-16,84,1,0,54,2,2417,-16,0,0,20,fdi,FDI
1694818297,3491,62,0,0,0,0,0,60,0,0,2,12,1,2671372690,2,0,0,0,0,0,0,32,-16,45,1,0,6,2,2417,-16,0,0,20,fdi,FDI
1694818297,3496,62,0,0,0,0,0,60,0,0,2,12,1,2671372690,2,0,0,0,0,0,0,32,-16,48,1,0,6,2,2417,-16,0,0,20,fdi,FDI
1694818297,3498,62,0,0,0,0,0,60,0,0,2,12,17,3341733628,2,0,0,0,0,0,0,32,-16,30,1,0,6,2,2417,-16,0,0,20,fdi,FDI
1694818297,3501,62,0,0,0,0,0,60,0,0,2,12,1,2671372690,2,0,0,0,0,0,0,32,-16,45,1,0,6,2,2417,-16,0,0,20,fdi,FDI
1694818297,3512,62,0,0,0,0,0,60,0,0,2,12,1,2671372690,2,0,0,0,0,0,0,32,-16,63,1,0,6,2,2417,-16,0,0,20,fdi,FDI
1694818297,3514,62,0,0,0,0,0,60,0,0,2,12,1,2671372690,2,0,0,0,0,0,0,32,-16,45,1,0,6,2,2417,-16,0,0,20,fdi,FDI
1694818297,3518,117,0,0,0,0,0,44,0,401,2,8,1,3458510051,2,0,0,0,0,0,19,32,-16,90,1,0,54,2,2417,-16,0,0,20,fdi,FDI
1694818297,3521,62,0,0,0,0,0,60,0,0,2,12,1,2671372690,2,0,0,0,0,0,0,32,-16,60,1,0,6,2,2417,-16,0,0,20,fdi,FDI
1694818297,3526,62,0,0,0,0,0,60,0,0,2,12,1,2671372690,2,0,0,0,0,0,0,32,-16,39,1,0,6,2,2417,-16,0,0,20,fdi,FDI
1694818297,3529,62,0,0,0,0,0,60,0,0,2,12,17,3341733628,2,0,0,0,0,0,0,32,-16,57,1,0,6,2,2417,-16,0,0,20,fdi,FDI
1694818297,3533,62,0,0,0,0,0,60,0,0,2,12,1,2671372690,2,0,0,0,0,0,0,32,-16,48,1,0,6,2,2417,-16,0,0,20,fdi,FDI
1694818297,3536,62,0,0,0,0,0,60,0,0,2,12,1,2671372690,2,0,0,0,0,0,0,32,-14,60,1,0,6,2,2417,-14,0,0,20,fdi,FDI
1694818297,3546,62,0,0,0,0,0,60,0,0,2,12,1,2671372690,2,0,0,0,0,0,0,32,-16,51,1,0,6,2,2417,-16,0,0,20,fdi,FDI
1694818297,3550,117,0,0,0,0,0,44,0,402,2,8,1,1961821318,2,0,0,0,0,0,19,32,-18,100,1,0,54,2,2417,-18,0,0,20,fdi,FDI
1694818297,3553,62,0,0,0,0,0,60,0,0,2,12,1,2671372690,2,0,0,0,0,0,0,32,-16,63,1,0,6,2,2417,-16,0,0,20,fdi,FDI
1694818297,3559,62,0,0,0,0,0,60,0,0,2,12,17,3341733628,2,0,0,0,0,0,0,32,-16,33,1,0,6,2,2417,-16,0,0,20,fdi,FDI
1694818298,3562,62,0,0,0,0,0,60,0,0,2,12,1,2671372690,2,0,0,0,0,0,0,32,-16,45,1,0,6,2,2417,-16,0,0,20,fdi,FDI
1694818298,3568,62,0,0,0,0,0,60,0,0,2,12,17,3341733628,2,0,0,0,0,0,0,32,-16,51,1,0,6,2,2417,-16,0,0,20,fdi,FDI
1694818298,3569,62,0,0,0,0,0,60,0,0,2,12,17,3341733628,2,0,0,0,0,0,0,32,-14,51,1,0,6,2,2417,-14,0,0,20,fdi,FDI
1694818298,3572,62,0,0,0,0,0,60,0,0,2,12,1,2671372690,2,0,0,0,0,0,0,32,-16,60,1,0,6,2,2417,-16,0,0,20,fdi,FDI
1694818298,3579,62,0,0,0,0,0,60,0,0,2,12,1,2671372690,2,0,0,0,0,0,0,32,-16,48,1,0,6,2,2417,-16,0,0,20,fdi,FDI
1694818298,3596,62,0,0,0,0,0,60,0,0,2,12,1,2671372690,2,0,0,0,0,0,0,32,-16,45,1,0,6,2,2417,-16,0,0,20,fdi,FDI
1694818298,3603,62,0,0,0,0,0,60,0,0,2,12,1,2671372690,2,0,0,0,0,0,0,32,-14,48,1,0,6,2,2417,-14,0,0,20,fdi,FDI
1694818298,3607,117,0,0,0,0,0,44,0,403,2,8,1,134832023,2,0,0,0,0,0,19,32,-16,100,1,0,54,2,2417,-16,0,0,20,fdi,FDI
1694818298,3610,62,0,0,0,0,0,60,0,0,2,12,1,2671372690,2,0,0,0,0,0,0,32,-14,48,1,0,6,2,2417,-14,0,0,20,fdi,FDI
1694818298,3614,62,0,0,0,0,0,60,0,0,2,12,17,3341733628,2,0,0,0,0,0,0,32,-16,63,1,0,6,2,2417,-16,0,0,20,fdi,FDI
1694818298,3617,62,0,0,0,0,0,60,0,0,2,12,1,2671372690,2,0,0,0,0,0,0,32,-16,45,1,0,6,2,2417,-16,0,0,20,fdi,FDI
1694818298,3626,62,0,0,0,0,0,60,0,0,2,12,1,2671372690,2,0,0,0,0,0,0,32,-16,51,1,0,6,2,2417,-16,0,0,20,fdi,FDI
1694818298,3628,117,0,0,0,0,0,44,0,404,2,8,1,4163272852,2,0,0,0,0,0,19,32,-16,100,1,0,54,2,2417,-16,0,0,20,fdi,FDI
1694818299,3635,62,0,0,0,0,0,60,0,0,2,12,1,2671372690,2,0,0,0,0,0,0,32,-16,63,1,0,6,2,2417,-16,0,0,20,fdi,FDI
1694818299,3637,62,0,0,0,0,0,60,0,0,2,12,17,3341733628,2,0,0,0,0,0,0,32,-14,63,1,0,6,2,2417,-14,0,0,20,fdi,FDI
1694818299,3640,62,0,0,0,0,0,60,0,0,2,12,1,2671372690,2,0,0,0,0,0,0,32,-16,54,1,0,6,2,2417,-16,0,0,20,fdi,FDI
1694818299,3647,62,0,0,0,0,0,60,0,0,2,12,1,2671372690,2,0,0,0,0,0,0,32,-16,42,1,0,6,2,2417,-16,0,0,20,fdi,FDI
1694818299,3649,62,0,0,0,0,0,60,0,0,2,12,17,3341733628,2,0,0,0,0,0,0,32,-16,54,1,0,6,2,2417,-16,0,0,20,fdi,FDI
1694818299,3652,62,0,0,0,0,0,60,0,0,2,12,1,2671372690,2,0,0,0,0,0,0,32,-16,48,1,0,6,2,2417,-16,0,0,20,fdi,FDI
1694818299,3662,62,0,0,0,0,0,60,0,0,2,12,1,2671372690,2,0,0,0,0,0,0,32,-16,45,1,0,6,2,2417,-16,0,0,20,fdi,FDI
1694818299,3664,117,0,0,0,0,0,44,0,405,2,8,1,1998102311,2,0,0,0,0,0,19,32,-18,100,1,0,54,2,2417,-18,0,0,20,fdi,FDI
1694818299,3669,62,0,0,0,0,0,60,0,0,2,12,1,2671372690,2,0,0,0,0,0,0,32,-16,48,1,0,6,2,2417,-16,0,0,20,fdi,FDI
1694818299,3671,62,0,0,0,0,0,60,0,0,2,12,17,3341733628,2,0,0,0,0,0,0,32,-16,48,1,0,6,2,2417,-16,0,0,20,fdi,FDI
1694818299,3675,62,0,0,0,0,0,60,0,0,2,12,1,2671372690,2,0,0,0,0,0,0,32,-16,42,1,0,6,2,2417,-16,0,0,20,fdi,FDI
1694818299,3686,62,0,0,0,0,0,60,0,0,2,12,1,2671372690,2,0,0,0,0,0,0,32,-16,63,1,0,6,2,2417,-16,0,0,20,fdi,FDI
1694818300,3689,62,0,0,0,0,0,60,0,0,2,12,17,3341733628,2,0,0,0,0,0,0,32,-16,60,1,0,6,2,2417,-16,0,0,20,fdi,FDI
1694818300,3692,62,0,0,0,0,0,60,0,0,2,12,1,2671372690,2,0,0,0,0,0,0,32,-16,48,1,0,6,2,2417,-16,0,0,20,fdi,FDI
1694818300,3698,62,0,0,0,0,0,60,0,0,2,12,1,2671372690,2,0,0,0,0,0,0,32,-16,54,1,0,6,2,2417,-16,0,0,20,fdi,FDI
1694818300,3700,62,0,0,0,0,0,60,0,0,2,12,17,3341733628,2,0,0,0,0,0,0,32,-16,51,1,0,6,2,2417,-16,0,0,20,fdi,FDI
1694818300,3702,62,0,0,0,0,0,60,0,0,2,12,1,2671372690,2,0,0,0,0,0,0,32,-14,45,1,0,6,2,2417,-14,0,0,20,fdi,FDI
1694818300,3714,62,0,0,0,0,0,60,0,0,2,12,1,2671372690,2,0,0,0,0,0,0,32,-16,63,1,0,6,2,2417,-16,0,0,20,fdi,FDI
1694818300,3716,117,0,0,0,0,0,44,0,407,2,8,1,4209332153,2,0,0,0,0,0,19,32,-18,81,1,0,54,2,2417,-18,0,0,20,fdi,FDI
1694818300,3723,62,0,0,0,0,0,60,0,0,2,12,1,2671372690,2,0,0,0,0,0,0,32,-16,48,1,0,6,2,2417,-16,0,0,20,fdi,FDI
1694818300,3725,62,0,0,0,0,0,60,0,0,2,12,17,3341733628,2,0,0,0,0,0,0,32,-14,51,1,0,6,2,2417,-14,0,0,20,fdi,FDI
1694818300,3728,62,0,0,0,0,0,60,0,0,2,12,1,2671372690,2,0,0,0,0,0,0,32,-16,45,1,0,6,2,2417,-16,0,0,20,fdi,FDI
1694818300,3735,62,0,0,0,0,0,60,0,0,2,12,1,2671372690,2,0,0,0,0,0,0,32,-16,54,1,0,6,2,2417,-16,0,0,20,fdi,FDI
1694818300,3737,62,0,0,0,0,0,60,0,0,2,12,17,3341733628,2,0,0,0,0,0,0,32,-16,54,1,0,6,2,2417,-16,0,0,20,fdi,FDI
1694818300,3741,62,0,0,0,0,0,60,0,0,2,12,1,2671372690,2,0,0,0,0,0,0,32,-14,54,1,0,6,2,2417,-14,0,0,20,fdi,FDI
1694818300,3744,62,0,0,0,0,0,60,0,0,2,12,1,2671372690,2,0,0,0,0,0,0,32,-14,51,1,0,6,2,2417,-14,0,0,20,fdi,FDI
1694818300,3747,62,0,0,0,0,0,60,0,0,2,12,1,2671372690,2,0,0,0,0,0,0,32,-16,45,1,0,6,2,2417,-16,0,0,20,fdi,FDI
1694818300,3749,62,0,0,0,0,0,60,0,0,2,12,17,3341733628,2,0,0,0,0,0,0,32,-16,45,1,0,6,2,2417,-16,0,0,20,fdi,FDI
1694818300,3753,62,0,0,0,0,0,60,0,0,2,12,1,2671372690,2,0,0,0,0,0,0,32,-16,60,1,0,6,2,2417,-16,0,0,20,fdi,FDI
1694818300,3754,62,0,0,0,0,0,60,0,0,2,12,1,2671372690,2,0,0,0,0,0,0,32,-14,51,1,0,6,2,2417,-14,0,0,20,fdi,FDI
1694818300,3758,62,0,0,0,0,0,60,0,0,2,12,1,2671372690,2,0,0,0,0,0,0,32,-16,42,1,0,6,2,2417,-16,0,0,20,fdi,FDI
1694818300,3763,62,0,0,0,0,0,60,0,0,2,12,17,3341733628,2,0,0,0,0,0,0,32,-16,45,1,0,6,2,2417,-16,0,0,20,fdi,FDI
1694818300,3766,62,0,0,0,0,0,60,0,0,2,12,1,2671372690,2,0,0,0,0,0,0,32,-16,45,1,0,6,2,2417,-16,0,0,20,fdi,FDI
1694818300,3770,117,0,0,0,0,0,44,0,408,2,8,1,477559151,2,0,0,0,0,0,19,32,-18,100,1,0,54,2,2417,-18,0,0,20,fdi,FDI
1694818301,3775,62,0,0,0,0,0,60,0,0,2,12,1,2671372690,2,0,0,0,0,0,0,32,-14,54,1,0,6,2,2417,-14,0,0,20,fdi,FDI
1694818301,3777,62,0,0,0,0,0,60,0,0,2,12,17,3341733628,2,0,0,0,0,0,0,32,-14,51,1,0,6,2,2417,-14,0,0,20,fdi,FDI
1694818301,3780,62,0,0,0,0,0,60,0,0,2,12,1,2671372690,2,0,0,0,0,0,0,32,-16,45,1,0,6,2,2417,-16,0,0,20,fdi,FDI
1694818301,3789,62,0,0,0,0,0,60,0,0,2,12,1,2671372690,2,0,0,0,0,0,0,32,-16,45,1,0,6,2,2417,-16,0,0,20,fdi,FDI
1694818301,3791,117,0,0,0,0,0,44,0,409,2,8,1,1953684114,2,0,0,0,0,0,19,32,-16,84,1,0,54,2,2417,-16,0,0,20,fdi,FDI
1694818301,3796,62,0,0,0,0,0,60,0,0,2,12,1,2671372690,2,0,0,0,0,0,0,32,-14,60,1,0,6,2,2417,-14,0,0,20,fdi,FDI
1694818301,3798,62,0,0,0,0,0,60,0,0,2,12,17,3341733628,2,0,0,0,0,0,0,32,-16,51,1,0,6,2,2417,-16,0,0,20,fdi,FDI
1694818301,3801,62,0,0,0,0,0,60,0,0,2,12,1,2671372690,2,0,0,0,0,0,0,32,-16,45,1,0,6,2,2417,-16,0,0,20,fdi,FDI
1694818301,3812,62,0,0,0,0,0,60,0,0,2,12,1,2671372690,2,0,0,0,0,0,0,32,-16,63,1,0,6,2,2417,-16,0,0,20,fdi,FDI
1694818301,3814,117,0,0,0,0,0,44,0,410,2,8,1,2737179910,2,0,0,0,0,0,19,32,-18,93,1,0,54,2,2417,-18,0,0,20,fdi,FDI
1694818301,3819,62,0,0,0,0,0,60,0,0,2,12,1,2671372690,2,0,0,0,0,0,0,32,-16,42,1,0,6,2,2417,-16,0,0,20,fdi,FDI
1694818301,3823,62,0,0,0,0,0,60,0,0,2,12,1,2671372690,2,0,0,0,0,0,0,32,-16,45,1,0,6,2,2417,-16,0,0,20,fdi,FDI
1694818301,3830,62,0,0,0,0,0,60,0,0,2,12,1,2671372690,2,0,0,0,0,0,0,32,-16,54,1,0,6,2,2417,-16,0,0,20,fdi,FDI
1694818301,3834,62,0,0,0,0,0,60,0,0,2,12,1,2671372690,2,0,0,0,0,0,0,32,-16,63,1,0,6,2,2417,-16,0,0,20,fdi,FDI
1694818301,3836,62,0,0,0,0,0,60,0,0,2,12,17,3341733628,2,0,0,0,0,0,0,32,-16,60,1,0,6,2,2417,-16,0,0,20,fdi,FDI
1694818302,3842,62,0,0,0,0,0,60,0,0,2,12,1,2671372690,2,0,0,0,0,0,0,32,-16,45,1,0,6,2,2417,-16,0,0,20,fdi,FDI
1694818302,3850,62,0,0,0,0,0,60,0,0,2,12,1,2671372690,2,0,0,0,0,0,0,32,-16,54,1,0,6,2,2417,-16,0,0,20,fdi,FDI
1694818302,3852,62,0,0,0,0,0,60,0,0,2,12,17,3341733628,2,0,0,0,0,0,0,32,-16,51,1,0,6,2,2417,-16,0,0,20,fdi,FDI
1694818302,3855,62,0,0,0,0,0,60,0,0,2,12,1,2671372690,2,0,0,0,0,0,0,32,-16,45,1,0,6,2,2417,-16,0,0,20,fdi,FDI
1694818302,3867,62,0,0,0,0,0,60,0,0,2,12,1,2671372690,2,0,0,0,0,0,0,32,-16,57,1,0,6,2,2417,-16,0,0,20,fdi,FDI
1694818302,3869,62,0,0,0,0,0,60,0,0,2,12,17,3341733628,2,0,0,0,0,0,0,32,-16,60,1,0,6,2,2417,-16,0,0,20,fdi,FDI
1694818302,3871,62,0,0,0,0,0,60,0,0,2,12,1,2671372690,2,0,0,0,0,0,0,32,-16,45,1,0,6,2,2417,-16,0,0,20,fdi,FDI
1694818302,3875,117,0,0,0,0,0,44,0,411,2,8,1,3725579983,2,0,0,0,0,0,19,32,-16,100,1,0,54,2,2417,-16,0,0,20,fdi,FDI
1694818302,3880,62,0,0,0,0,0,60,0,0,2,12,1,2671372690,2,0,0,0,0,0,0,32,-16,54,1,0,6,2,2417,-16,0,0,20,fdi,FDI
1694818302,3885,62,0,0,0,0,0,60,0,0,2,12,1,2671372690,2,0,0,0,0,0,0,32,-16,45,1,0,6,2,2417,-16,0,0,20,fdi,FDI
1694818302,3887,62,0,0,0,0,0,60,0,0,2,12,17,3341733628,2,0,0,0,0,0,0,32,-16,57,1,0,6,2,2417,-16,0,0,20,fdi,FDI
1694818302,3892,62,0,0,0,0,0,60,0,0,2,12,1,2671372690,2,0,0,0,0,0,0,32,-16,54,1,0,6,2,2417,-16,0,0,20,fdi,FDI
1694818302,3895,62,0,0,0,0,0,60,0,0,2,12,17,3341733628,2,0,0,0,0,0,0,32,-16,51,1,0,6,2,2417,-16,0,0,20,fdi,FDI
1694818302,3897,62,0,0,0,0,0,60,0,0,2,12,1,2671372690,2,0,0,0,0,0,0,32,-16,45,1,0,6,2,2417,-16,0,0,20,fdi,FDI
1694818303,3902,62,0,0,0,0,0,60,0,0,2,12,17,3341733628,2,0,0,0,0,0,0,32,-16,51,1,0,6,2,2417,-16,0,0,20,fdi,FDI
1694818303,3905,62,0,0,0,0,0,60,0,0,2,12,1,2671372690,2,0,0,0,0,0,0,32,-16,45,1,0,6,2,2417,-16,0,0,20,fdi,FDI
1694818303,3914,62,0,0,0,0,0,60,0,0,2,12,1,2671372690,2,0,0,0,0,0,0,32,-16,45,1,0,6,2,2417,-16,0,0,20,fdi,FDI
1694818303,3920,62,0,0,0,0,0,60,0,0,2,12,1,2671372690,2,0,0,0,0,0,0,32,-14,54,1,0,6,2,2417,-14,0,0,20,fdi,FDI
1694818303,3923,62,0,0,0,0,0,60,0,0,2,12,17,3341733628,2,0,0,0,0,0,0,32,-14,42,1,0,6,2,2417,-14,0,0,20,fdi,FDI
1694818303,3926,62,0,0,0,0,0,60,0,0,2,12,1,2671372690,2,0,0,0,0,0,0,32,-14,45,1,0,6,2,2417,-14,0,0,20,fdi,FDI
1694818303,3930,117,0,0,0,0,0,44,0,412,2,8,1,3101579416,2,0,0,0,0,0,19,32,-16,84,1,0,54,2,2417,-16,0,0,20,fdi,FDI
1694818303,3933,62,0,0,0,0,0,60,0,0,2,12,1,2671372690,2,0,0,0,0,0,0,32,-14,60,1,0,6,2,2417,-14,0,0,20,fdi,FDI
1694818303,3940,62,0,0,0,0,0,60,0,0,2,12,1,2671372690,2,0,0,0,0,0,0,32,-14,48,1,0,6,2,2417,-14,0,0,20,fdi,FDI
1694818303,3948,62,0,0,0,0,0,60,0,0,2,12,17,3341733628,2,0,0,0,0,0,0,32,-14,57,1,0,6,2,2417,-14,0,0,20,fdi,FDI
1694818303,3955,62,0,0,0,0,0,60,0,0,2,12,1,2671372690,2,0,0,0,0,0,0,32,-14,45,1,0,6,2,2417,-14,0,0,20,fdi,FDI
1694818303,3961,62,0,0,0,0,0,60,0,0,2,12,1,2671372690,2,0,0,0,0,0,0,32,-14,54,1,0,6,2,2417,-14,0,0,20,fdi,FDI
1694818303,3963,62,0,0,0,0,0,60,0,0,2,12,17,3341733628,2,0,0,0,0,0,0,32,-14,54,1,0,6,2,2417,-14,0,0,20,fdi,FDI
1694818303,3968,62,0,0,0,0,0,60,0,0,2,12,1,2671372690,2,0,0,0,0,0,0,32,-14,45,1,0,6,2,2417,-14,0,0,20,fdi,FDI
1694818303,3977,62,0,0,0,0,0,60,0,0,2,12,17,3341733628,2,0,0,0,0,0,0,32,-14,51,1,0,6,2,2417,-14,0,0,20,fdi,FDI
1694818304,3981,62,0,0,0,0,0,60,0,0,2,12,1,2671372690,2,0,0,0,0,0,0,32,-14,45,1,0,6,2,2417,-14,0,0,20,fdi,FDI
1694818304,3992,62,0,0,0,0,0,60,0,0,2,12,1,2671372690,2,0,0,0,0,0,0,32,-14,45,1,0,6,2,2417,-14,0,0,20,fdi,FDI
1694818304,3994,62,0,0,0,0,0,60,0,0,2,12,17,3341733628,2,0,0,0,0,0,0,32,-14,60,1,0,6,2,2417,-14,0,0,20,fdi,FDI
1694818304,3999,62,0,0,0,0,0,60,0,0,2,12,1,2671372690,2,0,0,0,0,0,0,32,-14,45,1,0,6,2,2417,-14,0,0,20,fdi,FDI
1694818304,4003,117,0,0,0,0,0,44,0,413,2,8,1,622440093,2,0,0,0,0,0,19,32,-16,78,1,0,54,2,2417,-16,0,0,20,fdi,FDI
1694818304,4006,62,0,0,0,0,0,60,0,0,2,12,1,2671372690,2,0,0,0,0,0,0,32,-14,60,1,0,6,2,2417,-14,0,0,20,fdi,FDI
1694818304,4014,62,0,0,0,0,0,60,0,0,2,12,1,2671372690,2,0,0,0,0,0,0,32,-14,45,1,0,6,2,2417,-14,0,0,20,fdi,FDI
1694818304,4016,62,0,0,0,0,0,60,0,0,2,12,17,3341733628,2,0,0,0,0,0,0,32,-14,57,1,0,6,2,2417,-14,0,0,20,fdi,FDI
1694818304,4019,62,0,0,0,0,0,60,0,0,2,12,1,2671372690,2,0,0,0,0,0,0,32,-14,45,1,0,6,2,2417,-14,0,0,20,fdi,FDI
1694818304,4034,62,0,0,0,0,0,60,0,0,2,12,1,2671372690,2,0,0,0,0,0,0,32,-12,51,1,0,6,2,2417,-12,0,0,20,fdi,FDI
1694818304,4035,62,0,0,0,0,0,60,0,0,2,12,1,2671372690,2,0,0,0,0,0,0,32,-14,45,1,0,6,2,2417,-14,0,0,20,fdi,FDI
1694818304,4038,62,0,0,0,0,0,60,0,0,2,12,1,2671372690,2,0,0,0,0,0,0,32,-12,54,1,0,6,2,2417,-12,0,0,20,fdi,FDI
1694818304,4040,117,0,0,0,0,0,44,0,414,2,8,1,724932115,2,0,0,0,0,0,19,32,-14,72,1,0,54,2,2417,-14,0,0,20,fdi,FDI
1694818304,4043,62,0,0,0,0,0,60,0,0,2,12,1,2671372690,2,0,0,0,0,0,0,32,-12,51,1,0,6,2,2417,-12,0,0,20,fdi,FDI
1694818304,4048,62,0,0,0,0,0,60,0,0,2,12,1,2671372690,2,0,0,0,0,0,0,32,-12,51,1,0,6,2,2417,-12,0,0,20,fdi,FDI
1694818304,4050,62,0,0,0,0,0,60,0,0,2,12,17,3341733628,2,0,0,0,0,0,0,32,-12,42,1,0,6,2,2417,-12,0,0,20,fdi,FDI
1694818304,4053,62,0,0,0,0,0,60,0,0,2,12,1,2671372690,2,0,0,0,0,0,0,32,-12,45,1,0,6,2,2417,-12,0,0,20,fdi,FDI
1694818304,4064,62,0,0,0,0,0,60,0,0,2,12,1,2671372690,2,0,0,0,0,0,0,32,-14,63,1,0,6,2,2417,-14,0,0,20,fdi,FDI
1694818305,4066,62,0,0,0,0,0,60,0,0,2,12,17,3341733628,2,0,0,0,0,0,0,32,-14,60,1,0,6,2,2417,-14,0,0,20,fdi,FDI
1694818305,4069,62,0,0,0,0,0,60,0,0,2,12,1,2671372690,2,0,0,0,0,0,0,32,-14,45,1,0,6,2,2417,-14,0,0,20,fdi,FDI
1694818305,4077,62,0,0,0,0,0,60,0,0,2,12,1,2671372690,2,0,0,0,0,0,0,32,-14,54,1,0,6,2,2417,-14,0,0,20,fdi,FDI
1694818305,4079,62,0,0,0,0,0,60,0,0,2,12,17,3341733628,2,0,0,0,0,0,0,32,-14,51,1,0,6,2,2417,-14,0,0,20,fdi,FDI
1694818305,4082,62,0,0,0,0,0,60,0,0,2,12,1,2671372690,2,0,0,0,0,0,0,32,-14,45,1,0,6,2,2417,-14,0,0,20,fdi,FDI
1694818305,4090,62,0,0,0,0,0,60,0,0,2,12,17,3341733628,2,0,0,0,0,0,0,32,-14,51,1,0,6,2,2417,-14,0,0,20,fdi,FDI
1694818305,4093,62,0,0,0,0,0,60,0,0,2,12,1,2671372690,2,0,0,0,0,0,0,32,-14,45,1,0,6,2,2417,-14,0,0,20,fdi,FDI
1694818305,4102,62,0,0,0,0,0,60,0,0,2,12,1,2671372690,2,0,0,0,0,0,0,32,-14,45,1,0,6,2,2417,-14,0,0,20,fdi,FDI
1694818305,4105,62,0,0,0,0,0,60,0,0,2,12,17,3341733628,2,0,0,0,0,0,0,32,-14,63,1,0,6,2,2417,-14,0,0,20,fdi,FDI
1694818305,4109,62,0,0,0,0,0,60,0,0,2,12,1,2671372690,2,0,0,0,0,0,0,32,-14,45,1,0,6,2,2417,-14,0,0,20,fdi,FDI
1694818305,4116,62,0,0,0,0,0,60,0,0,2,12,1,2671372690,2,0,0,0,0,0,0,32,-14,54,1,0,6,2,2417,-14,0,0,20,fdi,FDI
1694818305,4118,62,0,0,0,0,0,60,0,0,2,12,17,3341733628,2,0,0,0,0,0,0,32,-14,51,1,0,6,2,2417,-14,0,0,20,fdi,FDI
1694818305,4121,62,0,0,0,0,0,60,0,0,2,12,1,2671372690,2,0,0,0,0,0,0,32,-14,45,1,0,6,2,2417,-14,0,0,20,fdi,FDI
1694818305,4128,62,0,0,0,0,0,60,0,0,2,12,1,2671372690,2,0,0,0,0,0,0,32,-14,54,1,0,6,2,2417,-14,0,0,20,fdi,FDI
1694818306,4136,62,0,0,0,0,0,60,0,0,2,12,17,3341733628,2,0,0,0,0,0,0,32,-14,51,1,0,6,2,2417,-14,0,0,20,fdi,FDI
1694818306,4139,62,0,0,0,0,0,60,0,0,2,12,1,2671372690,2,0,0,0,0,0,0,32,-14,45,1,0,6,2,2417,-14,0,0,20,fdi,FDI
1694818306,4146,62,0,0,0,0,0,60,0,0,2,12,1,2671372690,2,0,0,0,0,0,0,32,-14,54,1,0,6,2,2417,-14,0,0,20,fdi,FDI
1694818306,4148,62,0,0,0,0,0,60,0,0,2,12,17,3341733628,2,0,0,0,0,0,0,32,-14,51,1,0,6,2,2417,-14,0,0,20,fdi,FDI
1694818306,4151,62,0,0,0,0,0,60,0,0,2,12,1,2671372690,2,0,0,0,0,0,0,32,-14,45,1,0,6,2,2417,-14,0,0,20,fdi,FDI
1694818306,4162,62,0,0,0,0,0,60,0,0,2,12,1,2671372690,2,0,0,0,0,0,0,32,-14,45,1,0,6,2,2417,-14,0,0,20,fdi,FDI
1694818306,4166,62,0,0,0,0,0,60,0,0,2,12,17,3341733628,2,0,0,0,0,0,0,32,-14,42,1,0,6,2,2417,-14,0,0,20,fdi,FDI
1694818306,4169,62,0,0,0,0,0,60,0,0,2,12,1,2671372690,2,0,0,0,0,0,0,32,-14,45,1,0,6,2,2417,-14,0,0,20,fdi,FDI
1694818306,4177,62,0,0,0,0,0,60,0,0,2,12,1,2671372690,2,0,0,0,0,0,0,32,-14,54,1,0,6,2,2417,-14,0,0,20,fdi,FDI
1694818306,4180,62,0,0,0,0,0,60,0,0,2,12,1,2671372690,2,0,0,0,0,0,0,32,-14,45,1,0,6,2,2417,-14,0,0,20,fdi,FDI
1694818306,4187,62,0,0,0,0,0,60,0,0,2,12,1,2671372690,2,0,0,0,0,0,0,32,-14,54,1,0,6,2,2417,-14,0,0,20,fdi,FDI
1694818306,4191,62,0,0,0,0,0,60,0,0,2,12,1,2671372690,2,0,0,0,0,0,0,32,-14,45,1,0,6,2,2417,-14,0,0,20,fdi,FDI
1694818307,4199,62,0,0,0,0,0,60,0,0,2,12,1,2671372690,2,0,0,0,0,0,0,32,-14,54,1,0,6,2,2417,-14,0,0,20,fdi,FDI
1694818307,4202,62,0,0,0,0,0,60,0,0,2,12,17,3341733628,2,0,0,0,0,0,0,32,-14,51,1,0,6,2,2417,-14,0,0,20,fdi,FDI
1694818307,4205,62,0,0,0,0,0,60,0,0,2,12,1,2671372690,2,0,0,0,0,0,0,32,-14,45,1,0,6,2,2417,-14,0,0,20,fdi,FDI
1694818307,4210,62,0,0,0,0,0,60,0,0,2,12,1,2671372690,2,0,0,0,0,0,0,32,-14,54,1,0,6,2,2417,-14,0,0,20,fdi,FDI
1694818307,4212,62,0,0,0,0,0,60,0,0,2,12,17,3341733628,2,0,0,0,0,0,0,32,-14,51,1,0,6,2,2417,-14,0,0,20,fdi,FDI
1694818307,4215,62,0,0,0,0,0,60,0,0,2,12,1,2671372690,2,0,0,0,0,0,0,32,-14,45,1,0,6,2,2417,-14,0,0,20,fdi,FDI
1694818307,4224,62,0,0,0,0,0,60,0,0,2,12,1,2671372690,2,0,0,0,0,0,0,32,-14,45,1,0,6,2,2417,-14,0,0,20,fdi,FDI
1694818307,4226,62,0,0,0,0,0,60,0,0,2,12,17,3341733628,2,0,0,0,0,0,0,32,-14,60,1,0,6,2,2417,-14,0,0,20,fdi,FDI
1694818307,4229,62,0,0,0,0,0,60,0,0,2,12,1,2671372690,2,0,0,0,0,0,0,32,-14,45,1,0,6,2,2417,-14,0,0,20,fdi,FDI
1694818307,4234,62,0,0,0,0,0,60,0,0,2,12,1,2671372690,2,0,0,0,0,0,0,32,-14,54,1,0,6,2,2417,-14,0,0,20,fdi,FDI
1694818307,4236,62,0,0,0,0,0,60,0,0,2,12,17,3341733628,2,0,0,0,0,0,0,32,-14,51,1,0,6,2,2417,-14,0,0,20,fdi,FDI
1694818307,4239,62,0,0,0,0,0,60,0,0,2,12,1,2671372690,2,0,0,0,0,0,0,32,-14,45,1,0,6,2,2417,-14,0,0,20,fdi,FDI
1694818307,4246,62,0,0,0,0,0,60,0,0,2,12,1,2671372690,2,0,0,0,0,0,0,32,-14,54,1,0,6,2,2417,-14,0,0,20,fdi,FDI
1694818307,4248,62,0,0,0,0,0,60,0,0,2,12,17,3341733628,2,0,0,0,0,0,0,32,-14,51,1,0,6,2,2417,-14,0,0,20,fdi,FDI
1694818307,4251,62,0,0,0,0,0,60,0,0,2,12,1,2671372690,2,0,0,0,0,0,0,32,-14,45,1,0,6,2,2417,-14,0,0,20,fdi,FDI
1694818308,4258,62,0,0,0,0,0,60,0,0,2,12,1,2671372690,2,0,0,0,0,0,0,32,-14,54,1,0,6,2,2417,-14,0,0,20,fdi,FDI
1694818308,4260,62,0,0,0,0,0,60,0,0,2,12,17,3341733628,2,0,0,0,0,0,0,32,-12,51,1,0,6,2,2417,-12,0,0,20,fdi,FDI
1694818308,4263,62,0,0,0,0,0,60,0,0,2,12,1,2671372690,2,0,0,0,0,0,0,32,-14,45,1,0,6,2,2417,-14,0,0,20,fdi,FDI
1694818308,4268,62,0,0,0,0,0,60,0,0,2,12,1,2671372690,2,0,0,0,0,0,0,32,-14,57,1,0,6,2,2417,-14,0,0,20,fdi,FDI
1694818308,4276,62,0,0,0,0,0,60,0,0,2,12,1,2671372690,2,0,0,0,0,0,0,32,-14,45,1,0,6,2,2417,-14,0,0,20,fdi,FDI
1694818308,4285,62,0,0,0,0,0,60,0,0,2,12,1,2671372690,2,0,0,0,0,0,0,32,-14,45,1,0,6,2,2417,-14,0,0,20,fdi,FDI
1694818308,4287,62,0,0,0,0,0,60,0,0,2,12,17,3341733628,2,0,0,0,0,0,0,32,-14,60,1,0,6,2,2417,-14,0,0,20,fdi,FDI
1694818308,4290,62,0,0,0,0,0,60,0,0,2,12,1,2671372690,2,0,0,0,0,0,0,32,-14,45,1,0,6,2,2417,-14,0,0,20,fdi,FDI
1694818308,4297,62,0,0,0,0,0,60,0,0,2,12,1,2671372690,2,0,0,0,0,0,0,32,-14,54,1,0,6,2,2417,-14,0,0,20,fdi,FDI
1694818308,4300,62,0,0,0,0,0,60,0,0,2,12,1,2671372690,2,0,0,0,0,0,0,32,-14,45,1,0,6,2,2417,-14,0,0,20,fdi,FDI
1694818308,4307,62,0,0,0,0,0,60,0,0,2,12,1,2671372690,2,0,0,0,0,0,0,32,-14,54,1,0,6,2,2417,-14,0,0,20,fdi,FDI
1694818308,4309,62,0,0,0,0,0,60,0,0,2,12,17,3341733628,2,0,0,0,0,0,0,32,-14,54,1,0,6,2,2417,-14,0,0,20,fdi,FDI
1694818309,4312,62,0,0,0,0,0,60,0,0,2,12,1,2671372690,2,0,0,0,0,0,0,32,-14,45,1,0,6,2,2417,-14,0,0,20,fdi,FDI
1694818309,4318,62,0,0,0,0,0,60,0,0,2,12,1,2671372690,2,0,0,0,0,0,0,32,-14,54,1,0,6,2,2417,-14,0,0,20,fdi,FDI
1694818309,4324,62,0,0,0,0,0,60,0,0,2,12,1,2671372690,2,0,0,0,0,0,0,32,-12,63,1,0,6,2,2417,-12,0,0,20,fdi,FDI
1694818309,4326,62,0,0,0,0,0,60,0,0,2,12,17,3341733628,2,0,0,0,0,0,0,32,-14,60,1,0,6,2,2417,-14,0,0,20,fdi,FDI
1694818309,4331,62,0,0,0,0,0,60,0,0,2,12,1,2671372690,2,0,0,0,0,0,0,32,-14,45,1,0,6,2,2417,-14,0,0,20,fdi,FDI
1694818309,4340,62,0,0,0,0,0,60,0,0,2,12,1,2671372690,2,0,0,0,0,0,0,32,-14,54,1,0,6,2,2417,-14,0,0,20,fdi,FDI
1694818309,4342,62,0,0,0,0,0,60,0,0,2,12,17,3341733628,2,0,0,0,0,0,0,32,-14,51,1,0,6,2,2417,-14,0,0,20,fdi,FDI
1694818309,4346,62,0,0,0,0,0,60,0,0,2,12,1,2671372690,2,0,0,0,0,0,0,32,-12,45,1,0,6,2,2417,-12,0,0,20,fdi,FDI
1694818309,4364,62,0,0,0,0,0,60,0,0,2,12,17,3341733628,2,0,0,0,0,0,0,32,-14,57,1,0,6,2,2417,-14,0,0,20,fdi,FDI
1694818309,4370,62,0,0,0,0,0,60,0,0,2,12,1,2671372690,2,0,0,0,0,0,0,32,-12,45,1,0,6,2,2417,-12,0,0,20,fdi,FDI
1694818309,4377,62,0,0,0,0,0,60,0,0,2,12,1,2671372690,2,0,0,0,0,0,0,32,-14,54,1,0,6,2,2417,-14,0,0,20,fdi,FDI
1694818309,4379,62,0,0,0,0,0,60,0,0,2,12,17,3341733628,2,0,0,0,0,0,0,32,-16,51,1,0,6,2,2417,-16,0,0,20,fdi,FDI
1694818309,4381,62,0,0,0,0,0,60,0,0,2,12,1,2671372690,2,0,0,0,0,0,0,32,-14,45,1,0,6,2,2417,-14,0,0,20,fdi,FDI
1694818309,4384,102,0,0,0,0,0,44,0,415,2,8,1,4203333955,2,0,0,0,0,0,4,32,-14,75,1,0,54,2,2417,-14,0,0,20,fdi,FDI
1694818309,4387,62,0,0,0,0,0,60,0,0,2,12,1,2671372690,2,0,0,0,0,0,0,32,-14,33,1,0,6,2,2417,-14,0,0,20,fdi,FDI
1694818310,4398,62,0,0,0,0,0,60,0,0,2,12,1,2671372690,2,0,0,0,0,0,0,32,-14,54,1,0,6,2,2417,-14,0,0,20,fdi,FDI
1694818310,4400,62,0,0,0,0,0,60,0,0,2,12,17,3341733628,2,0,0,0,0,0,0,32,-12,39,1,0,6,2,2417,-12,0,0,20,fdi,FDI
1694818310,4403,62,0,0,0,0,0,60,0,0,2,12,1,2671372690,2,0,0,0,0,0,0,32,-12,45,1,0,6,2,2417,-12,0,0,20,fdi,FDI
1694818310,4415,62,0,0,0,0,0,60,0,0,2,12,1,2671372690,2,0,0,0,0,0,0,32,-12,45,1,0,6,2,2417,-12,0,0,20,fdi,FDI
1694818310,4425,62,0,0,0,0,0,60,0,0,2,12,1,2671372690,2,0,0,0,0,0,0,32,-10,54,1,0,6,2,2417,-10,0,0,20,fdi,FDI
1694818310,4427,62,0,0,0,0,0,60,0,0,2,12,17,3341733628,2,0,0,0,0,0,0,32,-12,42,1,0,6,2,2417,-12,0,0,20,fdi,FDI
1694818310,4433,62,0,0,0,0,0,60,0,0,2,12,1,2671372690,2,0,0,0,0,0,0,32,-12,45,1,0,6,2,2417,-12,0,0,20,fdi,FDI
1694818310,4448,62,0,0,0,0,0,60,0,0,2,12,1,2671372690,2,0,0,0,0,0,0,32,-14,45,1,0,6,2,2417,-14,0,0,20,fdi,FDI
1694818310,4455,62,0,0,0,0,0,60,0,0,2,12,1,2671372690,2,0,0,0,0,0,0,32,-12,54,1,0,6,2,2417,-12,0,0,20,fdi,FDI
1694818310,4457,62,0,0,0,0,0,60,0,0,2,12,17,3341733628,2,0,0,0,0,0,0,32,-12,51,1,0,6,2,2417,-12,0,0,20,fdi,FDI
1694818310,4467,62,0,0,0,0,0,60,0,0,2,12,1,2671372690,2,0,0,0,0,0,0,32,-12,54,1,0,6,2,2417,-12,0,0,20,fdi,FDI
1694818310,4469,62,0,0,0,0,0,60,0,0,2,12,17,3341733628,2,0,0,0,0,0,0,32,-12,51,1,0,6,2,2417,-12,0,0,20,fdi,FDI
1694818311,4472,62,0,0,0,0,0,60,0,0,2,12,1,2671372690,2,0,0,0,0,0,0,32,-12,45,1,0,6,2,2417,-12,0,0,20,fdi,FDI
1694818311,4479,62,0,0,0,0,0,60,0,0,2,12,1,2671372690,2,0,0,0,0,0,0,32,-12,54,1,0,6,2,2417,-12,0,0,20,fdi,FDI
1694818311,4481,62,0,0,0,0,0,60,0,0,2,12,17,3341733628,2,0,0,0,0,0,0,32,-12,51,1,0,6,2,2417,-12,0,0,20,fdi,FDI
1694818311,4484,62,0,0,0,0,0,60,0,0,2,12,1,2671372690,2,0,0,0,0,0,0,32,-12,45,1,0,6,2,2417,-12,0,0,20,fdi,FDI
1694818311,4490,62,0,0,0,0,0,60,0,0,2,12,17,3341733628,2,0,0,0,0,0,0,32,-14,51,1,0,6,2,2417,-14,0,0,20,fdi,FDI
1694818311,4500,62,0,0,0,0,0,60,0,0,2,12,1,2671372690,2,0,0,0,0,0,0,32,-14,42,1,0,6,2,2417,-14,0,0,20,fdi,FDI
1694818311,4509,62,0,0,0,0,0,60,0,0,2,12,17,3341733628,2,0,0,0,0,0,0,32,-14,45,1,0,6,2,2417,-14,0,0,20,fdi,FDI
1694818311,4512,62,0,0,0,0,0,60,0,0,2,12,1,2671372690,2,0,0,0,0,0,0,32,-14,45,1,0,6,2,2417,-14,0,0,20,fdi,FDI
1694818311,4519,62,0,0,0,0,0,60,0,0,2,12,1,2671372690,2,0,0,0,0,0,0,32,-14,54,1,0,6,2,2417,-14,0,0,20,fdi,FDI
1694818311,4521,62,0,0,0,0,0,60,0,0,2,12,17,3341733628,2,0,0,0,0,0,0,32,-14,54,1,0,6,2,2417,-14,0,0,20,fdi,FDI
1694818311,4528,62,0,0,0,0,0,60,0,0,2,12,1,2671372690,2,0,0,0,0,0,0,32,-12,57,1,0,6,2,2417,-12,0,0,20,fdi,FDI
1694818311,4530,62,0,0,0,0,0,60,0,0,2,12,17,3341733628,2,0,0,0,0,0,0,32,-14,51,1,0,6,2,2417,-14,0,0,20,fdi,FDI
1694818312,4533,62,0,0,0,0,0,60,0,0,2,12,1,2671372690,2,0,0,0,0,0,0,32,-14,45,1,0,6,2,2417,-14,0,0,20,fdi,FDI
1694818312,4540,62,0,0,0,0,0,60,0,0,2,12,17,3341733628,2,0,0,0,0,0,0,32,-14,51,1,0,6,2,2417,-14,0,0,20,fdi,FDI
1694818312,4542,62,0,0,0,0,0,60,0,0,2,12,1,2671372690,2,0,0,0,0,0,0,32,-14,45,1,0,6,2,2417,-14,0,0,20,fdi,FDI
1694818312,4549,62,0,0,0,0,0,60,0,0,2,12,1,2671372690,2,0,0,0,0,0,0,32,-14,54,1,0,6,2,2417,-14,0,0,20,fdi,FDI
1694818312,4553,62,0,0,0,0,0,60,0,0,2,12,17,3341733628,2,0,0,0,0,0,0,32,-14,48,1,0,6,2,2417,-14,0,0,20,fdi,FDI
1694818312,4556,62,0,0,0,0,0,60,0,0,2,12,1,2671372690,2,0,0,0,0,0,0,32,-14,45,1,0,6,2,2417,-14,0,0,20,fdi,FDI
1694818312,4565,62,0,0,0,0,0,60,0,0,2,12,1,2671372690,2,0,0,0,0,0,0,32,-14,51,1,0,6,2,2417,-14,0,0,20,fdi,FDI
1694818312,4567,62,0,0,0,0,0,60,0,0,2,12,17,3341733628,2,0,0,0,0,0,0,32,-14,33,1,0,6,2,2417,-14,0,0,20,fdi,FDI
1694818312,4570,62,0,0,0,0,0,60,0,0,2,12,1,2671372690,2,0,0,0,0,0,0,32,-14,63,1,0,6,2,2417,-14,0,0,20,fdi,FDI
1694818312,4575,62,0,0,0,0,0,60,0,0,2,12,17,3341733628,2,0,0,0,0,0,0,32,-14,42,1,0,6,2,2417,-14,0,0,20,fdi,FDI
1694818312,4588,62,0,0,0,0,0,60,0,0,2,12,1,2671372690,2,0,0,0,0,0,0,32,-14,54,1,0,6,2,2417,-14,0,0,20,fdi,FDI
1694818312,4590,62,0,0,0,0,0,60,0,0,2,12,17,3341733628,2,0,0,0,0,0,0,32,-12,48,1,0,6,2,2417,-12,0,0,20,fdi,FDI
1694818313,4593,62,0,0,0,0,0,60,0,0,2,12,1,2671372690,2,0,0,0,0,0,0,32,-12,45,1,0,6,2,2417,-12,0,0,20,fdi,FDI
1694818313,4600,62,0,0,0,0,0,60,0,0,2,12,1,2671372690,2,0,0,0,0,0,0,32,-12,54,1,0,6,2,2417,-12,0,0,20,fdi,FDI
1694818313,4602,62,0,0,0,0,0,60,0,0,2,12,17,3341733628,2,0,0,0,0,0,0,32,-14,51,1,0,6,2,2417,-14,0,0,20,fdi,FDI
1694818313,4605,62,0,0,0,0,0,60,0,0,2,12,1,2671372690,2,0,0,0,0,0,0,32,-14,45,1,0,6,2,2417,-14,0,0,20,fdi,FDI
1694818313,4612,62,0,0,0,0,0,60,0,0,2,12,1,2671372690,2,0,0,0,0,0,0,32,-14,54,1,0,6,2,2417,-14,0,0,20,fdi,FDI
1694818313,4614,62,0,0,0,0,0,60,0,0,2,12,17,3341733628,2,0,0,0,0,0,0,32,-12,51,1,0,6,2,2417,-12,0,0,20,fdi,FDI
1694818313,4619,62,0,0,0,0,0,60,0,0,2,12,1,2671372690,2,0,0,0,0,0,0,32,-14,45,1,0,6,2,2417,-14,0,0,20,fdi,FDI
1694818313,4629,62,0,0,0,0,0,60,0,0,2,12,1,2671372690,2,0,0,0,0,0,0,32,-14,45,1,0,6,2,2417,-14,0,0,20,fdi,FDI
1694818313,4631,62,0,0,0,0,0,60,0,0,2,12,17,3341733628,2,0,0,0,0,0,0,32,-14,63,1,0,6,2,2417,-14,0,0,20,fdi,FDI
1694818313,4633,62,0,0,0,0,0,60,0,0,2,12,1,2671372690,2,0,0,0,0,0,0,32,-14,45,1,0,6,2,2417,-14,0,0,20,fdi,FDI
1694818313,4640,62,0,0,0,0,0,60,0,0,2,12,1,2671372690,2,0,0,0,0,0,0,32,-14,54,1,0,6,2,2417,-14,0,0,20,fdi,FDI
1694818313,4644,62,0,0,0,0,0,60,0,0,2,12,1,2671372690,2,0,0,0,0,0,0,32,-14,45,1,0,6,2,2417,-14,0,0,20,fdi,FDI
1694818313,4649,62,0,0,0,0,0,60,0,0,2,12,1,2671372690,2,0,0,0,0,0,0,32,-12,54,1,0,6,2,2417,-12,0,0,20,fdi,FDI
1694818313,4651,62,0,0,0,0,0,60,0,0,2,12,17,3341733628,2,0,0,0,0,0,0,32,-14,51,1,0,6,2,2417,-14,0,0,20,fdi,FDI
1694818314,4654,62,0,0,0,0,0,60,0,0,2,12,1,2671372690,2,0,0,0,0,0,0,32,-14,45,1,0,6,2,2417,-14,0,0,20,fdi,FDI
